{
  "1": 2516.0117494911083, 
  "3": 1.0972111638358446, 
  "2": 2.985417259992351, 
  "4": 0.39941287435295086
}