{
  "1": 0.002039163332345328, 
  "3": 0.0009342593556511517, 
  "2": 0.001156621796642844, 
  "4": 0.001013546919753405
}