{
  "1": [
    0.00021913487427632666, 
    0.23391099504765406, 
    0.36013557859176776, 
    0.25236696751356574, 
    0.222144291044088, 
    0.1869638995154487, 
    0.14148591902747382
  ], 
  "3": [
    0.00015517203025459836, 
    0.23830195342646318, 
    0.2942013787981272, 
    0.3211384831169146, 
    0.3003136255563641, 
    0.28998545115226937, 
    0.28054947190082563
  ], 
  "2": [
    0.00019371071137684904, 
    0.3352116053471924, 
    0.310746355690644, 
    0.33189014439950393, 
    0.2814861070583319, 
    0.24756506193383487, 
    0.1995202378197606
  ], 
  "5": [
    9.203525655715442e-05, 
    0.2475860272296258, 
    0.469437572984592, 
    0.39658940274958887, 
    0.4606790306377832, 
    0.3153075173861827, 
    0.28347379154979074
  ], 
  "4": [
    0.00014571649665743246, 
    0.20830788434976952, 
    0.26033969618633046, 
    0.2653835729182032, 
    0.2959114105210917, 
    0.2737626225835978, 
    0.2677528714122545
  ], 
  "7": [
    3.327311627270108e-05, 
    0.1122673549348949, 
    0.25477254642505476, 
    0.419804196024112, 
    0.3951290293669815, 
    0.39640778032274393, 
    0.40599407090547585
  ], 
  "6": [
    5.039720626793496e-05, 
    0.14209528453774925, 
    0.27539738696608956, 
    0.4542853150058073, 
    0.3896156758788325, 
    0.382851464930625, 
    0.383769149581367
  ]
}