{
  "1": [
    -0.28450901333333334, 
    0.7296164866314255, 
    0.03136616025063314, 
    -0.0550165390691454, 
    -0.008134205198132412, 
    -0.08881308539944914, 
    -0.03502466915507267
  ], 
  "3": [
    -0.46953774000000004, 
    -0.2748369493603004, 
    -0.1913294493798547, 
    -0.1356883015352212, 
    0.09746272881285921, 
    -0.33638687155647445, 
    -0.06324818836481605
  ], 
  "2": [
    -0.49912097999999994, 
    -0.14561490078909015, 
    0.4196406806574823, 
    -0.04618025276461258, 
    0.034354212635841354, 
    0.042795910812672054, 
    0.024791490404554316
  ], 
  "5": [
    -0.26063502, 
    0.05537647284149241, 
    -0.0010793141925234588, 
    0.2788110057925222, 
    -0.07591760257840602, 
    -0.25563527031680455, 
    -0.04062496323945205
  ], 
  "4": [
    -0.6091453533333333, 
    -0.02018141423427521, 
    -0.2111028839963952, 
    0.06228150443553301, 
    -0.005764228750878175, 
    0.3693474259641873, 
    0.10246601440259387
  ], 
  "7": [
    -0.033392253333333316, 
    -0.026033080517888454, 
    0.005126230633878348, 
    -0.05717489771944712, 
    -0.2653242882525504, 
    -0.1075565771349868, 
    0.45809086076235783
  ], 
  "6": [
    -0.09676096000000001, 
    -0.07357714701601126, 
    0.0017703918286769021, 
    -0.06521832948515416, 
    -0.2942339035577039, 
    0.07330767906336098, 
    -0.41166489084945196
  ]
}