{
  "1": 0.0025974685450705537, 
  "3": 0.0010037979530900356, 
  "2": 0.002031237651894397, 
  "4": 0.0009100867750532974
}