{
  "V_11": 86.78468681350445, 
  "V_12": 155.91476143873564, 
  "V_13": 146.78437222548203, 
  "V_14": 190.24831779591648, 
  "V_15": 81.5521452832861, 
  "V_16": 29.90782512273964, 
  "V_17": 10.40853337553807, 
  "V_21": 155.91476143873564, 
  "V_22": 275.7480304791883, 
  "V_23": 258.74373353862404, 
  "V_24": 335.32637912565326, 
  "V_25": 143.08738396562939, 
  "V_26": 52.938203673661974, 
  "V_27": 18.196155378716398, 
  "V_31": 146.78437222548203, 
  "V_32": 258.74373353862404, 
  "V_33": 242.72582743133339, 
  "V_34": 314.85859582321604, 
  "V_35": 134.15108248850427, 
  "V_36": 49.63401388525486, 
  "V_37": 17.11777288850782, 
  "V_41": 190.24831779591648, 
  "V_42": 335.32637912565326, 
  "V_43": 314.85859582321604, 
  "V_44": 406.72308236571513, 
  "V_45": 173.29517340007894, 
  "V_46": 64.10842745589518, 
  "V_47": 21.96346838969223, 
  "V_51": 81.5521452832861, 
  "V_52": 143.08738396562939, 
  "V_53": 134.15108248850427, 
  "V_54": 173.29517340007894, 
  "V_55": 73.82647403142485, 
  "V_56": 27.176461784005127, 
  "V_57": 9.27712803640975, 
  "V_61": 29.90782512273964, 
  "V_62": 52.938203673661974, 
  "V_63": 49.63401388525486, 
  "V_64": 64.10842745589518, 
  "V_65": 27.176461784005127, 
  "V_66": 9.97220305978701, 
  "V_67": 3.379808321926174, 
  "V_71": 10.40853337553807, 
  "V_72": 18.196155378716398, 
  "V_73": 17.11777288850782, 
  "V_74": 21.96346838969223, 
  "V_75": 9.27712803640975, 
  "V_76": 3.379808321926174, 
  "V_77": 1.127680998567295
}