{
  "1": 277.36788027258569, 
  "2": 0.26436564669335061, 
  "3": 0.094077419912743251, 
  "4": -0.020360771891412298, 
  "5": -0.41261973672346353, 
  "6": -0.48229692451735712, 
  "7": -2.5692996005848983
}