{
  "1": [
    0.001331316109383061, 
    0.06796033225371746, 
    0.18313515144376838, 
    0.14296923124555314, 
    0.12491942497659325, 
    0.12017342705497319, 
    0.09618787396638755
  ], 
  "3": [
    0.0008058691264293172, 
    0.1224218190308652, 
    0.4068330150426692, 
    0.3711386666731105, 
    0.31819687875407227, 
    0.3071898852515616, 
    0.27564740109653985
  ], 
  "2": [
    0.0009964981263423738, 
    0.1618610802790997, 
    0.3215196481781368, 
    0.30347856846966975, 
    0.3077842921876932, 
    0.2905467447074389, 
    0.22704076445715973
  ], 
  "5": [
    0.00047300933278607293, 
    0.07586618463551709, 
    0.3689251586849748, 
    0.37539666986356546, 
    0.41600849515809796, 
    0.3307543854941056, 
    0.37750228509434625
  ], 
  "4": [
    0.0007598101985345847, 
    0.12597607313519996, 
    0.3452422881203803, 
    0.3315698901594225, 
    0.2978597287961064, 
    0.2660555676706293, 
    0.2536674300232319
  ], 
  "7": [
    0.0001340508160691358, 
    0.027322200779406895, 
    0.18666169494857068, 
    0.26261165449481616, 
    0.42209906567719346, 
    0.4881243694480725, 
    0.3885009201201208
  ], 
  "6": [
    0.00024636081073630236, 
    0.04921656656991612, 
    0.33503034956238037, 
    0.3891078826044694, 
    0.4523676747305175, 
    0.3692468662648088, 
    0.34631460400998987
  ]
}