{
  "dV_11": 1.286534961629218, 
  "dV_12": 0.7348759814363005, 
  "dV_13": 0.56186684573991, 
  "dV_14": 0.5380878203966164, 
  "dV_15": 0.29155144479448364, 
  "dV_16": 0.1594433479689184, 
  "dV_17": 0.08964284117404143, 
  "dV_21": 0.7348759814363005, 
  "dV_22": 0.8389496286532472, 
  "dV_23": 0.45407704616444555, 
  "dV_24": 0.43485487000173606, 
  "dV_25": 0.23546266044968706, 
  "dV_26": 0.12876369699523219, 
  "dV_27": 0.0724279148812244, 
  "dV_31": 0.56186684573991, 
  "dV_32": 0.45407704616444555, 
  "dV_33": 0.4908394220029023, 
  "dV_34": 0.3331024411413567, 
  "dV_35": 0.18024974395222726, 
  "dV_36": 0.09848195070239682, 
  "dV_37": 0.05539480958786812, 
  "dV_41": 0.5380878203966164, 
  "dV_42": 0.43485487000173606, 
  "dV_43": 0.3331024411413567, 
  "dV_44": 0.4495205261188768, 
  "dV_45": 0.17299356034002442, 
  "dV_46": 0.09439494433289886, 
  "dV_47": 0.053043742205527405, 
  "dV_51": 0.29155144479448364, 
  "dV_52": 0.23546266044968706, 
  "dV_53": 0.18024974395222726, 
  "dV_54": 0.17299356034002442, 
  "dV_55": 0.13221141628743424, 
  "dV_56": 0.051200268684828236, 
  "dV_57": 0.028785107042558197, 
  "dV_61": 0.1594433479689184, 
  "dV_62": 0.12876369699523219, 
  "dV_63": 0.09848195070239682, 
  "dV_64": 0.09439494433289886, 
  "dV_65": 0.051200268684828236, 
  "dV_66": 0.03954072027633743, 
  "dV_67": 0.015756854230059462, 
  "dV_71": 0.08964284117404143, 
  "dV_72": 0.0724279148812244, 
  "dV_73": 0.05539480958786812, 
  "dV_74": 0.053043742205527405, 
  "dV_75": 0.028785107042558197, 
  "dV_76": 0.015756854230059462, 
  "dV_77": 0.012547014967466505
}