{
  "1": 1100.243837703307, 
  "3": 0.0032915625188726055, 
  "2": 0.30316538526155073, 
  "4": -0.05610468942492978
}