{
  "1": 0.026302281024172047, 
  "3": 0.0029160251772745688, 
  "2": 0.01743720233197544, 
  "4": 0.012075193310221355
}