{
  "1": [
    -0.2839972466666666, 
    0.8179565998972789, 
    -0.1593429870467288, 
    0.06479798961708683, 
    -0.09273654863654873, 
    -0.07151522085757406, 
    0.0021308883067396324
  ], 
  "3": [
    -0.47006807333333345, 
    -0.06732014087607208, 
    0.4668428348736222, 
    0.34412898156858657, 
    -0.04377678247678299, 
    0.07446499030381384, 
    -0.013448051123283076
  ], 
  "2": [
    -0.5006714, 
    0.0330245285787661, 
    0.29359612144156183, 
    -0.3995959409079826, 
    0.000822188922188616, 
    -0.020906619263089756, 
    0.1104416765896641
  ], 
  "5": [
    -0.25944097999999993, 
    -0.25203111013280427, 
    -0.15093139962142324, 
    0.03603702658443989, 
    -0.35751074481074635, 
    -0.4472400818789055, 
    -0.15126640469953076
  ], 
  "4": [
    -0.6083895066666667, 
    -0.23593177048939779, 
    -0.4367558438184318, 
    0.019247047141213957, 
    0.29973703703703647, 
    0.10648237448825679, 
    -0.026866698420258597
  ], 
  "7": [
    -0.03292288666666659, 
    -0.09949185560202518, 
    -0.12721472367590908, 
    0.04490349116755562, 
    -0.15570202760202842, 
    0.01352217625511716, 
    0.6257347146145908
  ], 
  "6": [
    -0.09580386666666665, 
    -0.05189353584268832, 
    -0.12653107300597524, 
    -0.027486822758788564, 
    -0.3965058978058976, 
    0.48619127343244983, 
    -0.1522417559736447
  ]
}