{
  "1": 1100.243428527032, 
  "3": 0.003177738397355249, 
  "2": 0.3054362996217094, 
  "4": -0.055942744628257594
}