{
  "1": [
    -0.28673625310605455, 
    0.6153515839300051, 
    -0.15492681844862957, 
    -0.6993854734835623, 
    0.03725459496656913, 
    0.1492957740287228, 
    -0.04801308911281587
  ], 
  "2": [
    -0.5075158030994282, 
    0.29539897518212455, 
    0.6990311856815976, 
    0.3355105793870263, 
    0.03795679864185939, 
    0.1508488048672742, 
    0.17250833932487777
  ], 
  "3": [
    -0.4725640973753021, 
    0.07163394994893925, 
    -0.6842573227706118, 
    0.4141509905784017, 
    -0.007977306754457663, 
    0.13725363594601306, 
    0.3360363467258146
  ], 
  "4": [
    -0.6028052933786301, 
    -0.6872454009914492, 
    0.0674221032638752, 
    -0.38522861726741026, 
    0.03462235589940895, 
    -0.08559205844428974, 
    -0.053366670532749204
  ], 
  "5": [
    -0.2527547794153199, 
    0.14844795428885524, 
    -0.11703420521328617, 
    0.2773259918259881, 
    -0.005074474532657708, 
    -0.20277723129567876, 
    -0.88449260007887
  ], 
  "6": [
    -0.09208283671064978, 
    0.18537456451568884, 
    0.010810120055780994, 
    -0.025706750243702295, 
    -0.1319477949144725, 
    -0.9327615410852627, 
    0.262535736995332
  ], 
  "7": [
    -0.033981694655297615, 
    -0.015610424243834003, 
    0.028024894481681474, 
    -0.028283162665493997, 
    -0.9891779722401242, 
    0.13277104661202543, 
    -0.030249223108581132
  ]
}