{
  "1": [
    0.0003657151687777037, 
    0.35276037383880904, 
    0.5335860466740159, 
    0.4456346171330893, 
    0.16360563742297535, 
    0.14628497115943978, 
    0.11895994458059175
  ], 
  "3": [
    0.00026337392140235504, 
    0.4822065135634872, 
    0.35251422056703224, 
    0.27448472715286487, 
    0.2600970764262132, 
    0.16698369075635602, 
    0.1443495780508715
  ], 
  "2": [
    0.0003217167224022693, 
    0.5197807684332141, 
    0.3526980723534614, 
    0.25990829292567796, 
    0.17959087720222014, 
    0.13704811820245252, 
    0.1248721960613866
  ], 
  "5": [
    0.00014673483261437486, 
    0.14558002562325437, 
    0.19910015647258275, 
    0.27949057798684707, 
    0.6558829303386253, 
    0.333553162746656, 
    0.29792294161592353
  ], 
  "4": [
    0.0002489075291202005, 
    0.33186490477337033, 
    0.42838793252624524, 
    0.32310683996920236, 
    0.14024073056605663, 
    0.12240096169338438, 
    0.10356397928422896
  ], 
  "7": [
    4.325354243640492e-05, 
    0.03223595966769289, 
    0.04120301658893907, 
    0.13592989823001603, 
    0.4199496004807622, 
    0.35283048254259647, 
    0.795135990504462
  ], 
  "6": [
    7.433813318247212e-05, 
    0.09315769896041337, 
    0.12965625868234992, 
    0.1960415476349286, 
    0.37947945518301923, 
    0.3162866087096886, 
    0.38879770219884147
  ]
}