{
  "1": 0.000680471832652243, 
  "3": 4.9819482531275785e-05, 
  "2": 0.0008249293034525982, 
  "4": 0.00014069628828078742
}