{
  "V_11": 17.55012066867907, 
  "V_12": 31.205949042851262, 
  "V_13": 28.95499304133014, 
  "V_14": 36.728994790982675, 
  "V_15": 15.526904957215548, 
  "V_16": 5.664877979384397, 
  "V_17": 2.0734743295593767, 
  "V_21": 31.205949042851262, 
  "V_22": 54.793653256441644, 
  "V_23": 51.36159501987926, 
  "V_24": 65.25857406442275, 
  "V_25": 27.4139838162863, 
  "V_26": 9.987914234808732, 
  "V_27": 3.673091214920598, 
  "V_31": 28.95499304133014, 
  "V_32": 51.36159501987926, 
  "V_33": 47.45148631772722, 
  "V_34": 60.846983947168376, 
  "V_35": 25.455630028763455, 
  "V_36": 9.294447145732398, 
  "V_37": 3.4383706568799672, 
  "V_41": 36.728994790982675, 
  "V_42": 65.25857406442275, 
  "V_43": 60.846983947168376, 
  "V_44": 77.67094720241582, 
  "V_45": 32.51926993236497, 
  "V_46": 11.812016129926738, 
  "V_47": 4.371254639179172, 
  "V_51": 15.526904957215548, 
  "V_52": 27.4139838162863, 
  "V_53": 25.455630028763455, 
  "V_54": 32.51926993236497, 
  "V_55": 13.597872649106614, 
  "V_56": 4.986650575927089, 
  "V_57": 1.8349271935207565, 
  "V_61": 5.664877979384397, 
  "V_62": 9.987914234808732, 
  "V_63": 9.294447145732398, 
  "V_64": 11.812016129926738, 
  "V_65": 4.986650575927089, 
  "V_66": 1.8228713883756746, 
  "V_67": 0.6723217321240178, 
  "V_71": 2.0734743295593767, 
  "V_72": 3.673091214920598, 
  "V_73": 3.4383706568799672, 
  "V_74": 4.371254639179172, 
  "V_75": 1.8349271935207565, 
  "V_76": 0.6723217321240178, 
  "V_77": 0.2899795440643826
}