{
  "1": 0.000279379883891534, 
  "3": 1.3636006474817471e-08, 
  "2": 5.3424359790905217e-08, 
  "4": 8.159460132520289e-10
}