{
  "1": [
    -0.4581984982664966, 
    0.7062878337552082, 
    0.3852396121423553, 
    -0.36729737516171773, 
    -0.08795401912388126, 
    0.012442473314672638, 
    -0.001996719648075486
  ], 
  "2": [
    -0.5213983902532755, 
    0.18520646400932622, 
    -0.7607014396010754, 
    0.21964311655519428, 
    -0.008618664304186431, 
    0.25337877435708345, 
    -0.0515501774984254
  ], 
  "3": [
    -0.4309464365261251, 
    -0.16979884543089369, 
    0.35006399801456756, 
    0.6592249613219964, 
    -0.37967685755384667, 
    -0.2843813030390067, 
    0.05747979575293314
  ], 
  "4": [
    -0.5237388139211056, 
    -0.47078349738997555, 
    0.21873390765742431, 
    -0.17193549613881107, 
    0.637804212126074, 
    0.11137288772298588, 
    0.08634861354234341
  ], 
  "5": [
    -0.2229534208275186, 
    -0.30707191539414985, 
    -0.2673231903608163, 
    -0.5316383871539392, 
    -0.33894180994054846, 
    -0.6111866744298735, 
    -0.11604674312780255
  ], 
  "6": [
    -0.08627983799139799, 
    -0.31280007326458, 
    0.17462350240201505, 
    -0.17970194307228357, 
    -0.4488734938499173, 
    0.613254354281416, 
    -0.5043386077433875
  ], 
  "7": [
    -0.03206618410497352, 
    -0.15572496651461276, 
    -0.024070319158616866, 
    -0.19436566581356735, 
    -0.3533724889844075, 
    0.3045286224305216, 
    0.8477937865300355
  ]
}