{
  "1": 0.002594146653909022, 
  "3": 0.0017521612839762695, 
  "2": 0.002940864576436281, 
  "4": 0.0014052394783320627
}