{
  "1": [
    5.7488623156752534e-05, 
    0.18699112638851834, 
    0.2890516809087123, 
    0.23357775345672532, 
    0.21674211337987065, 
    0.1461915633523079, 
    0.1140947670656596
  ], 
  "3": [
    4.4960883731000233e-05, 
    0.19568414530893444, 
    0.3924188667073886, 
    0.3359011478979167, 
    0.3449661482532786, 
    0.24967719570904554, 
    0.2372849227599431
  ], 
  "2": [
    5.131429001381175e-05, 
    0.253972870491124, 
    0.29589192677302395, 
    0.3410682455935346, 
    0.29115448589129894, 
    0.20417110672053668, 
    0.17495352785371773
  ], 
  "5": [
    2.95055360800828e-05, 
    0.1349083393293124, 
    0.35490068262866165, 
    0.32523522119458054, 
    0.3460324683221202, 
    0.24785834727447112, 
    0.3525063168896346
  ], 
  "4": [
    4.579233512945434e-05, 
    0.1753410606309826, 
    0.25162277406644684, 
    0.34381384555544564, 
    0.2274388259601366, 
    0.21533181197836465, 
    0.20447105070809357
  ], 
  "7": [
    3.328995510685338e-05, 
    0.05946429937982778, 
    0.14305968292873683, 
    0.24125117400929777, 
    0.3271062134469703, 
    0.4947387509156827, 
    0.3348671590309599
  ], 
  "6": [
    2.2909072430937716e-05, 
    0.11981542487737727, 
    0.20911423413348396, 
    0.3121223858704286, 
    0.32779790279734855, 
    0.34496934622231196, 
    0.39640541189505374
  ]
}