{
  "1": [
    -0.45819868666666663, 
    0.641201378685721, 
    0.26796396032589415, 
    -0.18594376845077568, 
    -0.07484963506958599, 
    0.020862222512974885, 
    0.011771011462205818
  ], 
  "3": [
    -0.4309464933333333, 
    -0.13899336821978422, 
    0.1684001275239111, 
    0.397404488084542, 
    -0.20130563942155016, 
    -0.1604593266169485, 
    0.030603399938042074
  ], 
  "2": [
    -0.5213981866666666, 
    0.14151141189493824, 
    -0.5258812610697825, 
    0.06741082873400923, 
    -0.007030033093068513, 
    0.1313874351258232, 
    -0.02935398079306043
  ], 
  "5": [
    -0.2229547, 
    -0.28091676562342693, 
    -0.07551232731137168, 
    -0.3259349463055641, 
    -0.19444004261299289, 
    -0.3899386933577565, 
    -0.09663711276332082
  ], 
  "4": [
    -0.5237389066666667, 
    -0.4142628258025542, 
    0.16403733616719793, 
    -0.06555924785008452, 
    0.3824262432567203, 
    0.06985718958524142, 
    0.048373179987608504
  ], 
  "7": [
    -0.03206496666666657, 
    -0.1396552245815299, 
    0.009377123627346875, 
    -0.12189517391862421, 
    -0.21811142390860824, 
    0.1548259714771692, 
    0.598703825898389
  ], 
  "6": [
    -0.08629087999999993, 
    -0.2736557210425681, 
    0.1096729649309246, 
    -0.11931381936422421, 
    -0.29245195611768343, 
    0.42271049326180865, 
    -0.30440972738537725
  ]
}