{
  "1": 4983.403707717718, 
  "3": 0.6241217815961211, 
  "2": 1.5598224415254265, 
  "4": 0.349118721066925
}