{
  "1": [
    4.5874542816845903e-05, 
    0.028841624757181977, 
    0.10723545510631383, 
    0.2657520064215718, 
    0.24022051847005427, 
    0.19869834272439008, 
    0.15112335906163546
  ], 
  "3": [
    3.7594419654610466e-05, 
    0.028522600933855547, 
    0.17495063635032548, 
    0.5810575017199847, 
    0.2808653565904142, 
    0.31167019803692586, 
    0.2593876027299023
  ], 
  "2": [
    4.2894057591453334e-05, 
    0.038676270337071265, 
    0.14401063803987404, 
    0.33952762476658943, 
    0.3759918430329894, 
    0.29091235797364423, 
    0.2566082756751873
  ], 
  "5": [
    2.8590518924261464e-05, 
    0.005473367238104595, 
    0.13922973139732298, 
    0.2740340627071861, 
    0.37534298780747033, 
    0.35025346939170166, 
    0.2763916460705882
  ], 
  "4": [
    3.720465381652156e-05, 
    0.005206226271374725, 
    0.1721496320034724, 
    0.3921098062102025, 
    0.2448185546246182, 
    0.23450761168219011, 
    0.19587435228881284
  ], 
  "7": [
    0.0, 
    0.011970192596023948, 
    0.12808230878626298, 
    0.3457429405604462, 
    0.5855959988709931, 
    0.472743235941267, 
    0.28068575429642617
  ], 
  "6": [
    1.1545263796378795e-06, 
    0.010499425938651689, 
    0.09502874100349264, 
    0.14114914076411517, 
    0.2987882955834966, 
    0.38112135149106824, 
    0.30181210880126375
  ]
}