{
  "1": [
    -0.4222445866666666, 
    0.3908644846856628, 
    -0.47193263436005495, 
    0.11835696780394075, 
    0.05490589767359724, 
    -0.1170237341772144, 
    -0.002370427843050153
  ], 
  "3": [
    -0.44806186, 
    0.07679872292674148, 
    0.19677877328517415, 
    0.026143448662501966, 
    -0.22941252372754176, 
    -0.14658192145407345, 
    0.09288630015517634
  ], 
  "2": [
    -0.5644444133333334, 
    0.2358338699855226, 
    0.18013046051971557, 
    -0.19015384430562146, 
    0.024195801880545646, 
    0.26331808666017475, 
    0.011326402128131045
  ], 
  "5": [
    -0.19591606666666664, 
    -0.2801131547001327, 
    -0.4467982977157942, 
    0.09588732980938693, 
    -0.08403786253476378, 
    0.24878862382343442, 
    -0.3194759476834407
  ], 
  "4": [
    -0.5085036866666666, 
    -0.38505460876599806, 
    0.25743958730477245, 
    0.06639811789203891, 
    0.1588120116540855, 
    -0.15948302499188458, 
    -0.0501578881253232
  ], 
  "7": [
    -0.025566666666666623, 
    -0.1599106876155708, 
    -0.44100714691816373, 
    -0.20777354637193657, 
    0.008604418840771781, 
    -0.193634939954559, 
    -0.1468180078327053
  ], 
  "6": [
    -0.06883331333333331, 
    -0.21820177502136737, 
    -0.3292682552422996, 
    -0.023221432003844095, 
    0.02087337218028524, 
    0.05475146867900079, 
    0.6515366437596983
  ]
}