{
  "1": 901.2529991039589, 
  "3": 0.20915327069890113, 
  "2": 0.5326482499374096, 
  "4": 0.10187371896760147
}