{
  "P_1": 253.62272159396878, 
  "P_2": 204.466459544965, 
  "P_3": 115.24607449851912, 
  "P_4": 97.40181613489499, 
  "P_5": 28.798329122885182, 
  "P_6": 8.785768084607074, 
  "P_7": 3.1434005480487297
}