{
  "P_1": 2190.0569230082174, 
  "P_2": 1408.2651373704894, 
  "P_3": 830.4332352625938, 
  "P_4": 756.6550225080385, 
  "P_5": 251.0284694533762, 
  "P_6": 85.10357520543052, 
  "P_7": 30.200582886745266
}