{
  "1": 0.0005669167955823112, 
  "3": 0.00012112810619043678, 
  "2": 0.0004710174051084027, 
  "4": 0.00011132005504656652
}