{
  "dV_11": 0.15890195725358744, 
  "dV_12": 0.11380057221295353, 
  "dV_13": 0.08708290954946818, 
  "dV_14": 0.08742773945317495, 
  "dV_15": 0.04162016902739302, 
  "dV_16": 0.021116062361462507, 
  "dV_17": 0.014893719293784167, 
  "dV_21": 0.11380057221295353, 
  "dV_22": 0.1573873283968078, 
  "dV_23": 0.08749133760038585, 
  "dV_24": 0.08741121596644799, 
  "dV_25": 0.04183724014266492, 
  "dV_26": 0.02134730279289441, 
  "dV_27": 0.015077459351528053, 
  "dV_31": 0.08708290954946818, 
  "dV_32": 0.08749133760038585, 
  "dV_33": 0.09206438749863449, 
  "dV_34": 0.06735765376820313, 
  "dV_35": 0.03216817903500364, 
  "dV_36": 0.016400514385271122, 
  "dV_37": 0.011571251663736307, 
  "dV_41": 0.08742773945317495, 
  "dV_42": 0.08741121596644799, 
  "dV_43": 0.06735765376820313, 
  "dV_44": 0.09116777781215467, 
  "dV_45": 0.032605266516001076, 
  "dV_46": 0.0166431608639619, 
  "dV_47": 0.01172063445103842, 
  "dV_51": 0.04162016902739302, 
  "dV_52": 0.04183724014266492, 
  "dV_53": 0.03216817903500364, 
  "dV_54": 0.032605266516001076, 
  "dV_55": 0.021600016303645823, 
  "dV_56": 0.007962810549496324, 
  "dV_57": 0.005587610860049948, 
  "dV_61": 0.021116062361462507, 
  "dV_62": 0.02134730279289441, 
  "dV_63": 0.016400514385271122, 
  "dV_64": 0.0166431608639619, 
  "dV_65": 0.007962810549496324, 
  "dV_66": 0.005977730501306322, 
  "dV_67": 0.0028516847517095403, 
  "dV_71": 0.014893719293784167, 
  "dV_72": 0.015077459351528053, 
  "dV_73": 0.011571251663736307, 
  "dV_74": 0.01172063445103842, 
  "dV_75": 0.005587610860049948, 
  "dV_76": 0.0028516847517095403, 
  "dV_77": 0.0037596769562469852
}