{
  "1": [
    -0.28551578000000005, 
    0.7393510506303788, 
    0.12927567739133358, 
    0.2887449321841387, 
    0.1071414522641572, 
    0.019518306697490585, 
    -0.024076206261510025
  ], 
  "3": [
    -0.47122751333333335, 
    0.10061665666066327, 
    0.08809273662757676, 
    -0.8183622168771281, 
    -0.10200729802782992, 
    -0.03809980567561206, 
    0.014089593169261795
  ], 
  "2": [
    -0.50401442, 
    -0.2563228537122278, 
    0.41395949016070316, 
    0.28563877196499027, 
    -0.23760289318250122, 
    0.231715029986263, 
    -0.00805407332998503
  ], 
  "5": [
    -0.25593366, 
    0.04412193315989586, 
    -0.47225005178577706, 
    0.1859236787599383, 
    -0.5611079020255594, 
    -0.18475371394109988, 
    -0.13085182990122252
  ], 
  "4": [
    -0.6059055266666667, 
    -0.23993221266093098, 
    -0.19716559754101182, 
    0.2031332531569452, 
    0.4299953248573425, 
    -0.16020919690421145, 
    0.075433688263854
  ], 
  "7": [
    -0.031889333333333256, 
    0.07318664532052559, 
    -0.2649525141157993, 
    -0.011135351105765913, 
    -0.026172486401708574, 
    0.1966496699835826, 
    0.5785817143813827
  ], 
  "6": [
    -0.09356759999999992, 
    0.02595588686545275, 
    -0.4092578430389895, 
    -0.11842186810984155, 
    0.22589190442820437, 
    0.3599328475223645, 
    -0.2817505809475969
  ]
}