{
  "1": 0.0007124687575094192, 
  "3": 9.721508883461273e-08, 
  "2": 2.028969109899769e-07, 
  "4": 1.0138163835311886e-08
}