{
  "1": [
    -0.4262110874106413, 
    0.5351011250480937, 
    -0.6261673462497409, 
    -0.22706741935900954, 
    0.2966149071694967, 
    -0.016876394896765002, 
    0.010025998041973112
  ], 
  "2": [
    -0.5663908660718829, 
    0.42025397335719716, 
    0.4122047836820082, 
    0.3055622214776349, 
    -0.457585723752053, 
    0.09584818781774748, 
    -0.14399777822387302
  ], 
  "3": [
    -0.4469721493567131, 
    -0.192669299661482, 
    0.5349710782944906, 
    -0.45456841103977125, 
    0.474284657552339, 
    -0.10936267493849225, 
    0.1826521630902164
  ], 
  "4": [
    -0.5045253384427342, 
    -0.6023874202596117, 
    -0.32496105824767174, 
    0.4953236570889352, 
    0.044331213845379774, 
    -0.10558061218418172, 
    0.13610966880679817
  ], 
  "5": [
    -0.19255184535794395, 
    -0.3186559038985158, 
    -0.21359948567524797, 
    -0.634601819600895, 
    -0.633981964000623, 
    0.018511759977807372, 
    -0.10374090853046974
  ], 
  "6": [
    -0.06952084555932866, 
    -0.17480340341336317, 
    0.0034141912712164282, 
    -0.0017618738414095791, 
    0.26614618544927393, 
    0.24562166256941131, 
    -0.9129250068509501
  ], 
  "7": [
    -0.036141599981629226, 
    -0.07045215253206794, 
    -0.023906690035268574, 
    -0.019276323402370153, 
    0.05437634269891773, 
    0.9522332516078272, 
    0.28823986603016005
  ]
}