{
  "1": [
    0.00014277777610303684, 
    0.05579080016925956, 
    0.21830830463361503, 
    0.26128225728452176, 
    0.16107617146073405, 
    0.1513187871378075, 
    0.11214287946771387
  ], 
  "3": [
    0.00011612236008303741, 
    0.05194511220319176, 
    0.28998784279800033, 
    0.3188382720414625, 
    0.20968956427274926, 
    0.21689566006552857, 
    0.18587200640915713
  ], 
  "2": [
    0.00013356231536526634, 
    0.05831595554128564, 
    0.22818310000455247, 
    0.21207952499795177, 
    0.16933150676235614, 
    0.20713018978658665, 
    0.15834217759970692
  ], 
  "5": [
    6.157340697174832e-05, 
    0.032753070917124386, 
    0.26268554505834846, 
    0.292052436243484, 
    0.25297586478453954, 
    0.17946872076382106, 
    0.1814002893874544
  ], 
  "4": [
    0.00011587889247911512, 
    0.031106263063090542, 
    0.23607096761872537, 
    0.20645820674129187, 
    0.1539476159310665, 
    0.1268181890416931, 
    0.14027848528056272
  ], 
  "7": [
    3.2085507980291324e-05, 
    0.017285686245856326, 
    0.1817038875047664, 
    0.20402871846057927, 
    0.24923814478986814, 
    0.49913105841924665, 
    0.6570007881493201
  ], 
  "6": [
    3.4278742380605225e-05, 
    0.023568102199136912, 
    0.061948210214804206, 
    0.18575543284440724, 
    0.24766921464408803, 
    0.617468331182924, 
    0.4578837543284393
  ]
}