{
  "V_11": 65.78567816776871, 
  "V_12": 87.35135985478244, 
  "V_13": 68.76592093811561, 
  "V_14": 77.41667825574268, 
  "V_15": 29.485163133419263, 
  "V_16": 10.639035547512446, 
  "V_17": 5.532896455160763, 
  "V_21": 87.35135985478244, 
  "V_22": 115.99324802784145, 
  "V_23": 91.32755410247961, 
  "V_24": 103.02008378093815, 
  "V_25": 39.33258800992864, 
  "V_26": 14.187382615052236, 
  "V_27": 7.385382705109438, 
  "V_31": 68.76592093811561, 
  "V_32": 91.32755410247961, 
  "V_33": 72.18235413020098, 
  "V_34": 81.5531057983923, 
  "V_35": 31.097357761825645, 
  "V_36": 11.219663879652774, 
  "V_37": 5.830790857639284, 
  "V_41": 77.41667825574268, 
  "V_42": 103.02008378093815, 
  "V_43": 81.5531057983923, 
  "V_44": 92.1819686139262, 
  "V_45": 35.21638768762397, 
  "V_46": 12.7136057435794, 
  "V_47": 6.597473549694425, 
  "V_51": 29.485163133419263, 
  "V_52": 39.33258800992864, 
  "V_53": 31.097357761825645, 
  "V_54": 35.21638768762397, 
  "V_55": 13.49182083547363, 
  "V_56": 4.877493156919247, 
  "V_57": 2.5241880019959053, 
  "V_61": 10.639035547512446, 
  "V_62": 14.187382615052236, 
  "V_63": 11.219663879652774, 
  "V_64": 12.7136057435794, 
  "V_65": 4.877493156919247, 
  "V_66": 1.9481309217741813, 
  "V_67": 0.9266980116314336, 
  "V_71": 5.532896455160763, 
  "V_72": 7.385382705109438, 
  "V_73": 5.830790857639284, 
  "V_74": 6.597473549694425, 
  "V_75": 2.5241880019959053, 
  "V_76": 0.9266980116314336, 
  "V_77": 0.7209298093636929
}