{
  "1": 1784.7414328483653, 
  "2": 0.49717190401244277, 
  "3": 0.19465978813751353, 
  "4": 0.12125553782767406, 
  "5": 0.091853634746646359, 
  "6": 0.0280512736913376, 
  "7": -0.20803877739905924
}