{
  "1": 0.000804971211950191, 
  "3": 0.00014303391164920172, 
  "2": 0.0007038933570250759, 
  "4": 0.00029960128923698455
}