{
  "dV_11": 0.21747591676521533, 
  "dV_12": 0.15805989866718817, 
  "dV_13": 0.12148759622846142, 
  "dV_14": 0.12249248244911734, 
  "dV_15": 0.05702442246759202, 
  "dV_16": 0.027149308221927623, 
  "dV_17": 0.014543795673787979, 
  "dV_21": 0.15805989866718817, 
  "dV_22": 0.22147237832982358, 
  "dV_23": 0.12329806366626833, 
  "dV_24": 0.12332805268147667, 
  "dV_25": 0.057866823364861396, 
  "dV_26": 0.02783493176176211, 
  "dV_27": 0.015010396334363267, 
  "dV_31": 0.12148759622846142, 
  "dV_32": 0.12329806366626833, 
  "dV_33": 0.13071431729641633, 
  "dV_34": 0.09526302375007477, 
  "dV_35": 0.044636340345122934, 
  "dV_36": 0.021489361451776767, 
  "dV_37": 0.011582499355738188, 
  "dV_41": 0.12249248244911734, 
  "dV_42": 0.12332805268147667, 
  "dV_43": 0.09526302375007477, 
  "dV_44": 0.12966176844949132, 
  "dV_45": 0.045320102020119823, 
  "dV_46": 0.02186725367171466, 
  "dV_47": 0.011815893779950227, 
  "dV_51": 0.05702442246759202, 
  "dV_52": 0.057866823364861396, 
  "dV_53": 0.044636340345122934, 
  "dV_54": 0.045320102020119823, 
  "dV_55": 0.02951567040110403, 
  "dV_56": 0.010210836852056983, 
  "dV_57": 0.00545562007474272, 
  "dV_61": 0.027149308221927623, 
  "dV_62": 0.02783493176176211, 
  "dV_63": 0.021489361451776767, 
  "dV_64": 0.02186725367171466, 
  "dV_65": 0.010210836852056983, 
  "dV_66": 0.0067945406383402625, 
  "dV_67": 0.002583968967525889, 
  "dV_71": 0.014543795673787979, 
  "dV_72": 0.015010396334363267, 
  "dV_73": 0.011582499355738188, 
  "dV_74": 0.011815893779950227, 
  "dV_75": 0.00545562007474272, 
  "dV_76": 0.002583968967525889, 
  "dV_77": 0.002250446510827845
}