{
  "V_11": 318.3906810043342, 
  "V_12": 425.84857639796184, 
  "V_13": 337.99706739609366, 
  "V_14": 383.23131472810167, 
  "V_15": 146.93206270752677, 
  "V_16": 51.04467344038363, 
  "V_17": 18.27374585856445, 
  "V_21": 425.84857639796184, 
  "V_22": 568.9996125958427, 
  "V_23": 451.77202107008526, 
  "V_24": 512.2011358202142, 
  "V_25": 196.37085982283313, 
  "V_26": 68.24863398988344, 
  "V_27": 24.414450886784653, 
  "V_31": 337.99706739609366, 
  "V_32": 451.77202107008526, 
  "V_33": 358.9377581064188, 
  "V_34": 406.9478498266592, 
  "V_35": 156.07100523465476, 
  "V_36": 54.210440479676535, 
  "V_37": 19.385053332689697, 
  "V_41": 383.23131472810167, 
  "V_42": 512.2011358202142, 
  "V_43": 406.9478498266592, 
  "V_44": 461.6266491224944, 
  "V_45": 177.01250934409725, 
  "V_46": 61.524037582335964, 
  "V_47": 22.017063947553797, 
  "V_51": 146.93206270752677, 
  "V_52": 196.37085982283313, 
  "V_53": 156.07100523465476, 
  "V_54": 177.01250934409725, 
  "V_55": 68.01560324537634, 
  "V_56": 23.638933203782674, 
  "V_57": 8.456711941112088, 
  "V_61": 51.04467344038363, 
  "V_62": 68.24863398988344, 
  "V_63": 54.210440479676535, 
  "V_64": 61.524037582335964, 
  "V_65": 23.638933203782674, 
  "V_66": 8.260707203973537, 
  "V_67": 2.9530830423342302, 
  "V_71": 18.27374585856445, 
  "V_72": 24.414450886784653, 
  "V_73": 19.385053332689697, 
  "V_74": 22.017063947553797, 
  "V_75": 8.456711941112088, 
  "V_76": 2.9530830423342302, 
  "V_77": 1.235374930940611
}