{
  "1": 1784.7397747513621, 
  "3": 0.19906094115440007, 
  "2": 0.5017032821713191, 
  "4": 0.13401710948264375
}