{
  "1": [
    -0.42241138666666667, 
    -0.2648987798779881, 
    0.45104192246119545, 
    -0.06389588566478957, 
    0.03317920268403407, 
    -0.03787128565634719, 
    -0.016425210051496494
  ], 
  "3": [
    -0.4484034933333334, 
    0.1421581791512488, 
    0.027047386371546172, 
    0.23346185217265794, 
    -0.13621088217880303, 
    0.31945353071064847, 
    -0.024629221357494208
  ], 
  "2": [
    -0.5645949266666666, 
    -0.34488541187452043, 
    -0.3512525301037109, 
    -0.02026732351667376, 
    0.05835175448983631, 
    -0.039624293632553785, 
    -0.04138575521740826
  ], 
  "5": [
    -0.19497776666666664, 
    0.24461053772043848, 
    -0.015142298322545579, 
    -0.2375427457773916, 
    -0.018021199921058252, 
    0.07856128610698009, 
    -0.32560358152321095
  ], 
  "4": [
    -0.50846758, 
    0.3683700070006995, 
    -0.009218779146655393, 
    -0.0918165872672153, 
    0.0012730096704160667, 
    -0.23034444144022329, 
    0.2229412436597361
  ], 
  "7": [
    -0.024233333333333325, 
    0.05203115978264496, 
    -0.005454792232198779, 
    0.02608848707954404, 
    0.2847511308466547, 
    0.1564865981704296, 
    0.07312838889534141
  ], 
  "6": [
    -0.06776653333333331, 
    0.0975787212054538, 
    0.05067908401197195, 
    0.38546017756604617, 
    0.14874860469705947, 
    -0.10130438916677889, 
    -0.15196164091841843
  ]
}