{
  "1": 210.84841463400957, 
  "3": 0.04732820487718332, 
  "2": 0.0969923366846246, 
  "4": 0.004196057192921201
}