{
  "1": [
    -0.28763090666666663, 
    0.20084375794048873, 
    0.2799244704458345, 
    0.41271578293894245, 
    -0.42857078970331536, 
    0.25029342475029603, 
    -0.11443229219484165
  ], 
  "3": [
    -0.47262616666666674, 
    0.22316829822801748, 
    0.05063360903772436, 
    -0.5219404834940092, 
    -0.3177759307737067, 
    0.05367057728119185, 
    0.08656281986275904
  ], 
  "2": [
    -0.5082966, 
    0.4418670812437311, 
    -0.3860456795104579, 
    0.19492660677768092, 
    0.3286435063990694, 
    0.00509234128999501, 
    0.11255042084981265
  ], 
  "5": [
    -0.2514735466666666, 
    -0.3996104045469739, 
    -0.44623414699751024, 
    0.07320855243938089, 
    -0.34427690517742826, 
    -0.33286482139833923, 
    -0.23410574654362312
  ], 
  "4": [
    -0.60250318, 
    -0.4167374122367112, 
    0.3750911909084793, 
    0.02518796377446651, 
    0.310283827806865, 
    -0.13789498899610608, 
    -0.016845908122908426
  ], 
  "7": [
    -0.031246219999999995, 
    -0.26812038783015757, 
    -0.09728162194875901, 
    0.0865293309962022, 
    -0.11685636998254816, 
    0.13082297274420185, 
    0.8165656120068965
  ], 
  "6": [
    -0.09110960666666663, 
    -0.30606352390504776, 
    -0.208033904915607, 
    -0.08113332602979868, 
    0.10637003344968012, 
    0.6887274250888779, 
    -0.23826175506202932
  ]
}