{
  "1": 1110.6325347081931, 
  "2": 0.4045299831785204, 
  "3": 0.16429922844175576, 
  "4": 0.085978362953440773, 
  "5": 0.0074474588217131096, 
  "6": -0.031504681047726586, 
  "7": -0.10104519668473846
}