{
  "1": 0.0015599120412989943, 
  "3": 0.0012949258576777489, 
  "2": 0.0019237330774704913, 
  "4": 0.0007756526260341315
}