{
  "1": [
    0.0001590692923682917, 
    0.4534393902967527, 
    0.51135674066182, 
    0.3299010227545318, 
    0.26818766572611213, 
    0.21037564640223358, 
    0.14847534584129016
  ], 
  "3": [
    0.00011666579766512987, 
    0.32332869401678793, 
    0.29724527104437026, 
    0.4666409047425984, 
    0.3591868912284548, 
    0.2486488300480228, 
    0.168831768329635
  ], 
  "2": [
    0.00014071135329866445, 
    0.29702829382700974, 
    0.4160408109218726, 
    0.31211958950678936, 
    0.23199565715559523, 
    0.16586277432893484, 
    0.13431921132455227
  ], 
  "5": [
    6.879536914880764e-05, 
    0.22526126210237038, 
    0.3345789195329651, 
    0.42658768497014904, 
    0.5192480763644215, 
    0.40789083205106935, 
    0.2548384821053761
  ], 
  "4": [
    0.00010971163725284886, 
    0.30639171232958506, 
    0.32799775686458105, 
    0.3786526924736642, 
    0.28853314448896566, 
    0.21168238599089248, 
    0.17346210686063435
  ], 
  "7": [
    1.1695932811548318e-05, 
    0.053435714913266895, 
    0.09610013312772095, 
    0.18407669866929458, 
    0.3385214278036976, 
    0.32334781083019815, 
    0.7470909770471831
  ], 
  "6": [
    3.788519732698396e-05, 
    0.16963666306578046, 
    0.25499307875158467, 
    0.3208932696055563, 
    0.36895069245958534, 
    0.6110503514261557, 
    0.4437606604440531
  ]
}