{
  "V_11": 89.31917205221113, 
  "V_12": 157.65818852102316, 
  "V_13": 147.95207479779089, 
  "V_14": 191.5372609287291, 
  "V_15": 81.81035026025242, 
  "V_16": 30.407066986823704, 
  "V_17": 10.496265427984559, 
  "V_21": 157.65818852102316, 
  "V_22": 279.1861929731581, 
  "V_23": 261.4434413026318, 
  "V_24": 338.4096126627102, 
  "V_25": 144.50642495020858, 
  "V_26": 53.5514064531109, 
  "V_27": 18.560416830233287, 
  "V_31": 147.95207479779089, 
  "V_32": 261.4434413026318, 
  "V_33": 245.24433261565784, 
  "V_34": 317.30394004361773, 
  "V_35": 135.66157500982573, 
  "V_36": 50.24090741444841, 
  "V_37": 17.40295752384017, 
  "V_41": 191.5372609287291, 
  "V_42": 338.4096126627102, 
  "V_43": 317.30394004361773, 
  "V_44": 410.86035419675824, 
  "V_45": 175.48673413636607, 
  "V_46": 64.99855836501185, 
  "V_47": 22.559414095576162, 
  "V_51": 81.81035026025242, 
  "V_52": 144.50642495020858, 
  "V_53": 135.66157500982573, 
  "V_54": 175.48673413636607, 
  "V_55": 75.01895301587176, 
  "V_56": 27.78583353472432, 
  "V_57": 9.622407883076924, 
  "V_61": 30.407066986823704, 
  "V_62": 53.5514064531109, 
  "V_63": 50.24090741444841, 
  "V_64": 64.99855836501185, 
  "V_65": 27.78583353472432, 
  "V_66": 10.289160839563738, 
  "V_67": 3.5766482238381134, 
  "V_71": 10.496265427984559, 
  "V_72": 18.560416830233287, 
  "V_73": 17.40295752384017, 
  "V_74": 22.559414095576162, 
  "V_75": 9.622407883076924, 
  "V_76": 3.5766482238381134, 
  "V_77": 1.2440741706345895
}