{
  "1": 1110.6311709035886, 
  "3": 0.21199264480828683, 
  "2": 0.4707347399004139, 
  "4": 0.0774011129135808
}