{
  "1": 0.0005046237507998194, 
  "3": 0.0005804408627328935, 
  "2": 0.0003157083635580955, 
  "4": 0.00024187985114949853
}