{
  "1": 901.5164903690735, 
  "3": 0.22235354760282786, 
  "2": 0.45221498230868507, 
  "4": 0.14069480016830893
}