{
  "1": [
    -0.4221333, 
    0.3449348948948953, 
    0.38606075463874756, 
    0.019416132442330133, 
    -0.1596450289739802, 
    -0.16447852134423258, 
    0.01112498079474837
  ], 
  "3": [
    -0.44811744666666664, 
    0.0610085018351686, 
    -0.015167558135519245, 
    -0.3477348321818254, 
    0.04767665416808702, 
    0.13174196185286077, 
    0.02824851595781855
  ], 
  "2": [
    -0.5645686866666666, 
    0.36824543877210514, 
    -0.3333169586399926, 
    0.14603864914863932, 
    -0.07494739612922734, 
    -0.01627334786557673, 
    -0.044026754661638315
  ], 
  "5": [
    -0.19576717999999999, 
    -0.4749321855188525, 
    -0.055044424864378994, 
    -0.009195956506965704, 
    -0.07602184221489983, 
    -0.32604376021798426, 
    0.3637480201131364
  ], 
  "4": [
    -0.50846898, 
    -0.504007781114448, 
    0.08756244428319672, 
    0.14120331860912883, 
    0.23879537552550822, 
    0.17837845958219828, 
    -0.06621701236119823
  ], 
  "7": [
    -0.025566619999999957, 
    -0.28810110777444126, 
    -0.0013975294564804615, 
    0.010403922679049804, 
    -0.34511836154982567, 
    0.3881037783832876, 
    -0.0036871220057265843
  ], 
  "6": [
    -0.06883307333333331, 
    -0.35218956289622966, 
    -0.02476480080163057, 
    -0.07390576131687206, 
    -0.1362948717948715, 
    -0.2499856312443225, 
    -0.43505420071233786
  ]
}