{"mode1_error": [2.107209669648398e-06, 1.8439987792797601e-06, 2.2309204474677806e-06, 1.8964512499469221e-06, 5.853415326537716e-06, 2.206816468153692e-05, 0.00010031252506881036], "mode1": [0.02405847485195238, 0.042596424672501736, 0.05991046184845187, 0.08055412883484421, 0.10468102558931813, 0.12117370286171616, 0.1287570798965973]}