{"mode1_error": [3.6672421148093873e-06, 3.2084014814164186e-06, 3.946862185053512e-06, 4.1109185561792126e-06, 1.530487549914959e-05, 7.107918905165122e-05, 0.00039859826311154287], "mode1": [0.03891545795539703, 0.0684724828021155, 0.09557145819577441, 0.127831849028245, 0.16598312989144817, 0.19215166409315468, 0.2037395879023902]}