{
  "1": 0.0017539571912526628, 
  "3": 1.2077067105060314e-07, 
  "2": 9.819161409957111e-07, 
  "4": 1.0298591812535439e-07
}