{
  "1": [
    5.268356063861754e-09, 
    0.0, 
    5.268356063861754e-09, 
    5.268356063861754e-09, 
    0.0, 
    3.725290298461914e-09, 
    0.0
  ], 
  "3": [
    0.0, 
    2.3283064365386963e-10, 
    0.0, 
    0.0, 
    7.450580596923828e-09, 
    0.0, 
    2.634178031930877e-09
  ], 
  "2": [
    7.450580596923828e-09, 
    0.0, 
    0.0, 
    5.268356063861754e-09, 
    0.0, 
    0.0, 
    0.0
  ], 
  "5": [
    2.634178031930877e-09, 
    0.0, 
    7.450580596923828e-09, 
    5.268356063861754e-09, 
    0.0, 
    0.0, 
    0.0
  ], 
  "4": [
    0.0, 
    5.268356063861754e-09, 
    0.0, 
    0.0, 
    5.268356063861754e-09, 
    0.0, 
    2.634178031930877e-09
  ], 
  "7": [
    0.0, 
    2.634178031930877e-09, 
    0.0, 
    0.0, 
    0.0, 
    0.0, 
    0.0
  ], 
  "6": [
    0.0, 
    5.268356063861754e-09, 
    0.0, 
    0.0, 
    0.0, 
    0.0, 
    0.0
  ]
}