{
  "1": 3750.9896420633122, 
  "2": 1.0923774755008568, 
  "3": 0.34673959805809762, 
  "4": 0.099191240033267777, 
  "5": 0.04774644753758505, 
  "6": 0.016680285651050175, 
  "7": -0.25766272928151757
}