{
  "1": 0.001877630519492299, 
  "3": 0.001422586232918925, 
  "2": 0.0010862604224307426, 
  "4": 0.0010322178562311422
}