{
  "1": [
    -0.4183223866666666, 
    -0.33272752868961825, 
    -0.30862208556946785, 
    0.12893846885401808, 
    -0.23097415413533992, 
    -0.09325209557945094, 
    0.006508347785871455
  ], 
  "3": [
    -0.44841932000000007, 
    -0.16602608753669607, 
    -0.223074418604651, 
    -0.25492526866381393, 
    0.08590215121136185, 
    0.22984727837514907, 
    -0.04665502370216206
  ], 
  "2": [
    -0.5609231466666666, 
    -0.31069051908193274, 
    0.4237580649970191, 
    -0.09158955777460705, 
    0.0005324456975775603, 
    -0.08966485543608084, 
    0.04677897637491811
  ], 
  "5": [
    -0.1998220933333333, 
    0.4885078863090477, 
    -0.1289953562909953, 
    -0.20941839277223104, 
    0.042266436925647896, 
    -0.3201897108721629, 
    -0.17127808609858491
  ], 
  "4": [
    -0.5136198066666667, 
    0.4994119629036564, 
    0.017345714072748996, 
    0.322014683785068, 
    0.148666927736007, 
    0.06527606690561545, 
    0.04577786642001007
  ], 
  "7": [
    -0.024033333333333236, 
    0.22318413397384615, 
    -0.01906790399522943, 
    -0.12000148359486487, 
    -0.09909313909774416, 
    0.08714553405017952, 
    0.664491066404594
  ], 
  "6": [
    -0.07056810666666667, 
    0.40280186816119606, 
    0.1241702593917714, 
    -0.12632049453162109, 
    -0.34882357978279205, 
    0.20681031780167233, 
    -0.18835126604231653
  ]
}