{
  "1": 170.23059513223296, 
  "2": 0.087265810710153865, 
  "3": 0.015228962805176931, 
  "4": 0.0071581519646309434, 
  "5": 0.00031451467997583405, 
  "6": -0.0065785731419870895, 
  "7": -0.030899356880414671, 
  "8": -0.05185677721996327, 
  "9": -0.14360141191676692, 
  "10": -0.16825636728710733, 
  "11": -0.30152074435905374
}