{
  "1": [
    -0.4213357551264514, 
    0.38203805139213737, 
    0.2522079282765815, 
    0.34558184215699417, 
    -0.4490391861449186, 
    0.48522938491604584, 
    0.23749465961653543
  ], 
  "2": [
    -0.5635823702246391, 
    0.5642930367057946, 
    0.0009503587833728003, 
    -0.12151396061978978, 
    0.38556525091119, 
    -0.36136490156349504, 
    -0.2644552515989835
  ], 
  "3": [
    -0.4483783579086767, 
    -0.23473989992847852, 
    -0.8104241174833813, 
    -0.16926883560330244, 
    -0.1897678188566098, 
    0.11443689454019867, 
    0.09647388625745351
  ], 
  "4": [
    -0.5100127826005225, 
    -0.5752576586309909, 
    0.5058467220200038, 
    -0.299946198593323, 
    0.10757730258959966, 
    -0.04826415130175322, 
    0.221843763058585
  ], 
  "5": [
    -0.19620843522554185, 
    -0.3526277949593055, 
    0.04268730548047117, 
    0.5632298884199017, 
    -0.2494678973336392, 
    -0.23758837162654858, 
    -0.631999453147425
  ], 
  "6": [
    -0.06828089652024237, 
    -0.15810984208970558, 
    -0.10968870662924124, 
    0.4389913407866216, 
    0.7335421810842371, 
    0.47634468843334726, 
    0.024608814049224464
  ], 
  "7": [
    -0.023127306024007723, 
    -0.015843536168299303, 
    -0.09933923164761405, 
    0.4870796469712697, 
    0.04242855477345354, 
    -0.5789560641951171, 
    0.6442894831596906
  ]
}