{
  "1": [
    4.525905793176324e-05, 
    0.2109255224899549, 
    0.37548341465781054, 
    0.3480521211091021, 
    0.2823154648943428, 
    0.24490710779652894, 
    0.2431505191683834
  ], 
  "3": [
    3.7999129379650405e-05, 
    0.19997908362915714, 
    0.3068801577384953, 
    0.3791524861689044, 
    0.23809888263509296, 
    0.1976570459617967, 
    0.19709509044836782
  ], 
  "2": [
    4.2815623430137696e-05, 
    0.17644920833500893, 
    0.30799594900758304, 
    0.2836593466521019, 
    0.21134459888971618, 
    0.2115374046025396, 
    0.19695032499495035
  ], 
  "5": [
    3.108036252484533e-05, 
    0.13305200137012838, 
    0.25835092261843806, 
    0.3215070441208612, 
    0.47218595376694295, 
    0.42304217346302747, 
    0.2981918171934215
  ], 
  "4": [
    3.816593927304671e-05, 
    0.17409014832163894, 
    0.26876680150929244, 
    0.25251876609178686, 
    0.25533740599229027, 
    0.20920545897840956, 
    0.18495007979891412
  ], 
  "7": [
    1.6221489179640784e-05, 
    0.036472925993674105, 
    0.16720353196626037, 
    0.2647783367530791, 
    0.4442945674471073, 
    0.39974824456661384, 
    0.46046605692320147
  ], 
  "6": [
    1.2369408448716643e-05, 
    0.06815627867675356, 
    0.19764829032341605, 
    0.3442253719659864, 
    0.3582825603238565, 
    0.4368400941157232, 
    0.5195367093256031
  ]
}