{
  "1": 0.0012278517010077953, 
  "3": 0.0006783671311203309, 
  "2": 0.0011752304877361858, 
  "4": 0.00043304078482115933
}