{
  "dV_11": 0.3293628406328024, 
  "dV_12": 0.2403525165191801, 
  "dV_13": 0.18506685298540082, 
  "dV_14": 0.1873557062422236, 
  "dV_15": 0.08698737075654331, 
  "dV_16": 0.041265729002924634, 
  "dV_17": 0.020861873541044726, 
  "dV_21": 0.2403525165191801, 
  "dV_22": 0.3378816932703208, 
  "dV_23": 0.1881324368840825, 
  "dV_24": 0.18866140486560412, 
  "dV_25": 0.08844951984259442, 
  "dV_26": 0.04245928069091239, 
  "dV_27": 0.021662684920700573, 
  "dV_31": 0.18506685298540082, 
  "dV_32": 0.1881324368840825, 
  "dV_33": 0.20000480469997559, 
  "dV_34": 0.14585636778967354, 
  "dV_35": 0.06832107471359045, 
  "dV_36": 0.032825556962790964, 
  "dV_37": 0.016752260064761226, 
  "dV_41": 0.1873557062422236, 
  "dV_42": 0.18866140486560412, 
  "dV_43": 0.14585636778967354, 
  "dV_44": 0.19923699535251477, 
  "dV_45": 0.0695324511084698, 
  "dV_46": 0.033510453232759085, 
  "dV_47": 0.017167254468749876, 
  "dV_51": 0.08698737075654331, 
  "dV_52": 0.08844951984259442, 
  "dV_53": 0.06832107471359045, 
  "dV_54": 0.0695324511084698, 
  "dV_55": 0.045290232224683896, 
  "dV_56": 0.01562221627191742, 
  "dV_57": 0.007900953967454985, 
  "dV_61": 0.041265729002924634, 
  "dV_62": 0.04245928069091239, 
  "dV_63": 0.032825556962790964, 
  "dV_64": 0.033510453232759085, 
  "dV_65": 0.01562221627191742, 
  "dV_66": 0.010336886780488096, 
  "dV_67": 0.0037145945463130606, 
  "dV_71": 0.020861873541044726, 
  "dV_72": 0.021662684920700573, 
  "dV_73": 0.016752260064761226, 
  "dV_74": 0.017167254468749876, 
  "dV_75": 0.007900953967454985, 
  "dV_76": 0.0037145945463130606, 
  "dV_77": 0.0027889914047850707
}