{
  "1": [
    -0.42133609333333344, 
    0.35690081055734185, 
    0.22572238448462398, 
    0.2897800719866562, 
    -0.09912529634300102, 
    0.1251937745098042, 
    0.020569967934703122
  ], 
  "3": [
    -0.44837878000000003, 
    -0.21686587620578748, 
    -0.5473841446453426, 
    -0.007949152839961105, 
    -0.12075733501471138, 
    0.03174343954248379, 
    0.03649336831365687
  ], 
  "2": [
    -0.5635816533333333, 
    0.5086885785101813, 
    -0.03865784268273776, 
    -0.15917581423931146, 
    0.13407263556116011, 
    -0.08532139705882334, 
    -0.06164655298061475
  ], 
  "5": [
    -0.19621204666666658, 
    -0.32117579046087874, 
    0.04832957039097496, 
    0.2843786937055574, 
    0.087784312736444, 
    -0.06744834967320194, 
    -0.33264350677743837
  ], 
  "4": [
    -0.5100128333333334, 
    -0.5229792269560554, 
    0.326312092412301, 
    -0.19836558686682462, 
    -0.049074560739807004, 
    -0.029098325163398532, 
    0.12094149540883281
  ], 
  "7": [
    -0.02310421333333334, 
    -0.014863457931404022, 
    -0.033815152217585895, 
    0.19577206566587682, 
    0.12361726775956257, 
    -0.4205228594771244, 
    0.34849470193849336
  ], 
  "6": [
    -0.06829761999999992, 
    -0.14263066050375095, 
    -0.04403718899706363, 
    0.17603875866912505, 
    0.37045961328289073, 
    0.2768539787581696, 
    0.07673338434630435
  ]
}