{
  "1": [
    2.9089006045912674e-05, 
    0.019427271393356125, 
    0.04596497784229474, 
    0.19548552016217927, 
    0.22924032627792534, 
    0.2094111479246099, 
    0.11388533197330947
  ], 
  "3": [
    3.2788734215970647e-05, 
    0.02779974815081983, 
    0.05783771577892149, 
    0.5979504817131489, 
    0.326560185894261, 
    0.2964149171138522, 
    0.20330408476244002
  ], 
  "2": [
    2.668658397782633e-05, 
    0.028128268935819423, 
    0.07038302380561007, 
    0.2526874253305705, 
    0.36426448116089205, 
    0.33745773698738035, 
    0.20989203948546095
  ], 
  "5": [
    1.9937625950731503e-05, 
    0.008862618608602584, 
    0.04153425914009779, 
    0.2779802373953155, 
    0.3668715682182274, 
    0.27322627773419683, 
    0.15406023154710197
  ], 
  "4": [
    1.8124230659846757e-05, 
    0.0, 
    0.0570538685844585, 
    0.381510893328263, 
    0.2503998397175123, 
    0.22747465034749315, 
    0.1551218358251856
  ], 
  "7": [
    0.0, 
    0.010405205832672605, 
    0.04274655879835128, 
    0.39150983456936134, 
    0.5917092044964936, 
    0.4065087310617142, 
    0.09295836108829994
  ], 
  "6": [
    0.0, 
    0.013031669923682473, 
    0.031027199540447963, 
    0.08744532624057781, 
    0.22574244396140775, 
    0.2573949021364283, 
    0.20607743468709466
  ]
}