{
  "1": 0.06569926668168896, 
  "3": 0.04362824461493241, 
  "2": 0.052147922512277955, 
  "4": 0.06111022186850772
}