{
  "1": [
    2.603243682436375e-05, 
    0.04267136286178904, 
    0.22165719825051727, 
    0.25238009514728826, 
    0.2192146415533529, 
    0.2036883297181168, 
    0.18821255491125044
  ], 
  "3": [
    2.1432867786630837e-05, 
    0.035805920255818614, 
    0.18530716583546264, 
    0.3287218674450094, 
    0.38069986467159705, 
    0.34256098886906927, 
    0.3135549440094189
  ], 
  "2": [
    1.7297193202459433e-05, 
    0.04320023431850387, 
    0.30469058119968856, 
    0.24495704060172616, 
    0.2781089420751006, 
    0.23972176921592447, 
    0.22799884185280536
  ], 
  "5": [
    1.9990999056585783e-06, 
    0.025597465467488294, 
    0.14086229465031344, 
    0.2591744760001439, 
    0.27527263377698424, 
    0.2515625480949066, 
    0.42689198746321094
  ], 
  "4": [
    2.5773132788387547e-05, 
    0.024068392609154596, 
    0.18998673016555961, 
    0.24925746274238078, 
    0.22849683651015987, 
    0.20309507519061093, 
    0.23318118920682854
  ], 
  "7": [
    0.0, 
    0.010384384099381916, 
    0.12146927715725811, 
    0.2845825400133422, 
    0.45550940738711243, 
    0.46099587840089484, 
    0.43321683195299443
  ], 
  "6": [
    0.0, 
    0.01699529235702989, 
    0.1930018910899102, 
    0.41051956377814736, 
    0.29078120111304057, 
    0.3614827165270886, 
    0.4045624028577089
  ]
}