{
  "1": [
    -0.4974136866666666, 
    -0.5915081733333334, 
    0.3932053377049182, 
    0.079213297613249, 
    -0.036961706805747147, 
    0.020708012139605592, 
    0.012110861901995123
  ], 
  "3": [
    -0.4152426399999998, 
    0.1685232066666668, 
    -0.04430190601092946, 
    0.02517343183417204, 
    0.26335654241448136, 
    0.01771931208902407, 
    0.06446177416230867
  ], 
  "2": [
    -0.5853501333333332, 
    -0.21906625333333285, 
    -0.44700296830601055, 
    -0.1378493857227908, 
    -0.0838742803088408, 
    0.016310692969145467, 
    0.010951923300406662
  ], 
  "5": [
    -0.18133215999999996, 
    0.42806233999999976, 
    0.08611590382513619, 
    0.02073017805920893, 
    -0.11702030475021709, 
    0.3587263125948407, 
    0.0005977416230873858
  ], 
  "4": [
    -0.4482934066666665, 
    0.5844569200000006, 
    0.13881274316939898, 
    0.08377067164582999, 
    -0.03515520274070614, 
    -0.18621760242792168, 
    -0.14279114855704
  ], 
  "7": [
    -0.020237566666666647, 
    0.09070472000000009, 
    0.18622027978142092, 
    -0.4576925312550743, 
    0.10694357519046899, 
    -0.04674572584724324, 
    -0.017179628123183632
  ], 
  "6": [
    -0.057031159999999935, 
    0.19317087333333322, 
    0.05069268196721331, 
    -0.02155886236943245, 
    -0.1241701641356055, 
    -0.13646284269094663, 
    0.43903623087352317
  ]
}