{
  "1": 0.028909855237766083, 
  "3": 0.01880172139147366, 
  "2": 0.026092555150880742, 
  "4": 0.0019125486310169369
}