{
  "1": [
    -0.28631636, 
    0.8840680466666652, 
    0.2443399666666669, 
    -0.20230845901199807, 
    -0.046898908870478526, 
    0.040022466061039166, 
    0.0009462366683596655
  ], 
  "3": [
    -0.47201768, 
    0.05446513333333347, 
    -0.12582251333333366, 
    0.5034290837187483, 
    0.44910656024786055, 
    0.0994563335715015, 
    0.07657264601320474
  ], 
  "2": [
    -0.5065987999999999, 
    -0.0022689399999999017, 
    -0.4313551466666656, 
    0.24262219987934813, 
    -0.46976806762308804, 
    -0.011865901126194893, 
    -0.04524037582529199
  ], 
  "5": [
    -0.2535797999999999, 
    -0.16414913999999994, 
    0.613796926666667, 
    0.2589118640659563, 
    -0.04786040277497128, 
    -0.3895899322921991, 
    0.04032374132385336
  ], 
  "4": [
    -0.6039774800000001, 
    -0.3574036933333329, 
    0.012417293333333445, 
    -0.6317623165091513, 
    0.11772265777598158, 
    0.0075795617706101775, 
    0.010017596072456468
  ], 
  "7": [
    -0.03129999999999999, 
    -0.1398972933333336, 
    0.28278496666666725, 
    0.05697001809772775, 
    -0.1617338250151547, 
    0.3129546493824632, 
    0.6188786558320624
  ], 
  "6": [
    -0.09223811333333327, 
    -0.17145051333333286, 
    0.3897696933333333, 
    0.12482850056974326, 
    -0.15693373072001002, 
    0.3471226940219792, 
    -0.5327488640595887
  ]
}