{
  "1": 439.63065334226445, 
  "3": 0.034877286972556695, 
  "2": 0.14924833142680008, 
  "4": 0.0013327818829747178
}