{
  "V_11": 7.340001089396898, 
  "V_12": 12.87867314785093, 
  "V_13": 11.94864659460328, 
  "V_14": 15.22604009422464, 
  "V_15": 6.374342883003358, 
  "V_16": 2.3230904393127347, 
  "V_17": 0.8423113897691377, 
  "V_21": 12.87867314785093, 
  "V_22": 22.729458319462857, 
  "V_23": 21.142192653201036, 
  "V_24": 26.971780215591593, 
  "V_25": 11.16192472696227, 
  "V_26": 4.057336650845411, 
  "V_27": 1.4881904779830135, 
  "V_31": 11.94864659460328, 
  "V_32": 21.142192653201036, 
  "V_33": 19.574536954439584, 
  "V_34": 25.030591046288947, 
  "V_35": 10.337251387032282, 
  "V_36": 3.729408959981699, 
  "V_37": 1.369878992174347, 
  "V_41": 15.22604009422464, 
  "V_42": 26.971780215591593, 
  "V_43": 25.030591046288947, 
  "V_44": 31.714635231954638, 
  "V_45": 13.171249457641329, 
  "V_46": 4.734363537096079, 
  "V_47": 1.7320511769764164, 
  "V_51": 6.374342883003358, 
  "V_52": 11.16192472696227, 
  "V_53": 10.337251387032282, 
  "V_54": 13.171249457641329, 
  "V_55": 5.4623916175457525, 
  "V_56": 1.9485129081458354, 
  "V_57": 0.6989781021249628, 
  "V_61": 2.3230904393127347, 
  "V_62": 4.057336650845411, 
  "V_63": 3.729408959981699, 
  "V_64": 4.734363537096079, 
  "V_65": 1.9485129081458354, 
  "V_66": 0.6950523198373655, 
  "V_67": 0.23993037564192968, 
  "V_71": 0.8423113897691377, 
  "V_72": 1.4881904779830135, 
  "V_73": 1.369878992174347, 
  "V_74": 1.7320511769764164, 
  "V_75": 0.6989781021249628, 
  "V_76": 0.23993037564192968, 
  "V_77": 0.09001036817710517
}