{
  "1": 87.77530571361774, 
  "3": 0.019673267999199637, 
  "2": 0.10472601575369042, 
  "4": 0.00481896029454738
}