{
  "V_11": 330.64419747692153, 
  "V_12": 376.1493978189899, 
  "V_13": 309.03739801411933, 
  "V_14": 373.43922342168634, 
  "V_15": 158.00373094135503, 
  "V_16": 60.90471500816686, 
  "V_17": 22.93110306231032, 
  "V_21": 376.1493978189899, 
  "V_22": 427.33437391730877, 
  "V_23": 351.5606246293118, 
  "V_24": 424.8985147721818, 
  "V_25": 179.66914486657586, 
  "V_26": 69.29641145194502, 
  "V_27": 26.10602710432588, 
  "V_31": 309.03739801411933, 
  "V_32": 351.5606246293118, 
  "V_33": 289.0832428326824, 
  "V_34": 349.5267122999992, 
  "V_35": 147.93926503811184, 
  "V_36": 57.09278886057208, 
  "V_37": 21.47730408841093, 
  "V_41": 373.43922342168634, 
  "V_42": 424.8985147721818, 
  "V_43": 349.5267122999992, 
  "V_44": 422.82275468798025, 
  "V_45": 178.94697948294646, 
  "V_46": 69.0947326886131, 
  "V_47": 26.015429154200017, 
  "V_51": 158.00373094135503, 
  "V_52": 179.66914486657586, 
  "V_53": 147.93926503811184, 
  "V_54": 178.94697948294646, 
  "V_55": 75.86620493689807, 
  "V_56": 29.339789380222577, 
  "V_57": 11.078599805380176, 
  "V_61": 60.90471500816686, 
  "V_62": 69.29641145194502, 
  "V_63": 57.09278886057208, 
  "V_64": 69.0947326886131, 
  "V_65": 29.339789380222577, 
  "V_66": 11.415478273612537, 
  "V_67": 4.32577558164328, 
  "V_71": 22.93110306231032, 
  "V_72": 26.10602710432588, 
  "V_73": 21.47730408841093, 
  "V_74": 26.015429154200017, 
  "V_75": 11.078599805380176, 
  "V_76": 4.32577558164328, 
  "V_77": 1.7294137941940237
}