{
  "1": 1558.1308998797426, 
  "3": 0.197881695783826, 
  "2": 0.8075098546410032, 
  "4": 0.0877677407410186
}