{
  "1": [
    -0.46056393333333345, 
    -0.51748736, 
    0.4934125817833049, 
    -0.2271111642388524, 
    -0.14828815705333243, 
    -0.06946243146152353, 
    0.007512901706886539
  ], 
  "3": [
    -0.4307415599999999, 
    0.06151754000000001, 
    0.199253173706026, 
    0.08385855294858957, 
    0.43107323613420295, 
    -0.020281055019852667, 
    -0.027671528350010362
  ], 
  "2": [
    -0.5237603200000001, 
    -0.3250768933333334, 
    -0.6798079231322575, 
    -0.018024548723081128, 
    -0.006475009592019304, 
    0.04612145963320106, 
    -0.04192861290955446
  ], 
  "5": [
    -0.22036409333333326, 
    0.42619297333333306, 
    -0.13535988421881948, 
    -0.31566767856481015, 
    -0.025950603231445022, 
    -0.29090028360748715, 
    0.2863768844418289
  ], 
  "4": [
    -0.5207701333333332, 
    0.48914878666666683, 
    0.13879596821155776, 
    0.3599825382705065, 
    -0.20512693439058796, 
    0.1460426829268292, 
    0.00858545418873893
  ], 
  "7": [
    -0.03203332666666658, 
    0.1670223800000003, 
    0.0481068578083788, 
    -0.4057391193150235, 
    0.10594551306646224, 
    0.41702593117791686, 
    0.13684353541298783
  ], 
  "6": [
    -0.08503360666666662, 
    0.3304751866666666, 
    -0.011853098345493696, 
    -0.3174597612958235, 
    -0.056939135439314406, 
    -0.1027105123841945, 
    -0.4885022915440468
  ]
}