{
  "1": 0.0018201193508140864, 
  "3": 1.8903783643789998e-08, 
  "2": 2.92441220360018e-07, 
  "4": 2.084582046195808e-08
}