{
  "1": 2362.4651035381939, 
  "2": 2.0942967644734791, 
  "3": 0.66429346393324962, 
  "4": 0.37123250328438007, 
  "5": 0.029823723785706292, 
  "6": -0.039850969699507799, 
  "7": -0.39573072642111567
}