{
  "1": [
    9.635163348689127e-05, 
    0.046341728023314564, 
    0.28605704906821505, 
    0.29697435230163954, 
    0.2654308930012943, 
    0.22140898813251464, 
    0.16809232639425442
  ], 
  "3": [
    7.60394929382748e-05, 
    0.029056893807406343, 
    0.3118038909442292, 
    0.34276498694439245, 
    0.33314242365445584, 
    0.3319732070171931, 
    0.3040128244868895
  ], 
  "2": [
    8.906875812032648e-05, 
    0.045348156450282666, 
    0.3116540247291018, 
    0.3229914143694078, 
    0.3242252034885867, 
    0.23850039382322707, 
    0.19102947494605288
  ], 
  "5": [
    4.8141567271404863e-05, 
    0.00693280225382445, 
    0.3688664277762287, 
    0.3427909439870314, 
    0.30851304222321585, 
    0.27364767579263266, 
    0.28730344640969374
  ], 
  "4": [
    7.434994294163294e-05, 
    0.0005268007475106478, 
    0.33700760809558156, 
    0.3090534329693381, 
    0.2417400968489263, 
    0.22480456576224417, 
    0.19250094295813122
  ], 
  "7": [
    2.320831172679056e-05, 
    0.017870526621267764, 
    0.2789564396089427, 
    0.30649891814793156, 
    0.33622479393760263, 
    0.31105377627714137, 
    0.4138390698396727
  ], 
  "6": [
    3.3592845829365654e-05, 
    0.00975529333883124, 
    0.29548540427627484, 
    0.2780249483674123, 
    0.3134077001571245, 
    0.43602033197877366, 
    0.2356141120470795
  ]
}