{
  "dV_11": 0.6538718309844318, 
  "dV_12": 0.45014615587283424, 
  "dV_13": 0.3518053907315274, 
  "dV_14": 0.35798718882203695, 
  "dV_15": 0.19310288549109864, 
  "dV_16": 0.10648935776683338, 
  "dV_17": 0.06115568223017263, 
  "dV_21": 0.45014615587283424, 
  "dV_22": 0.6112380152060972, 
  "dV_23": 0.3430144441371683, 
  "dV_24": 0.3494692579599152, 
  "dV_25": 0.18771136228287147, 
  "dV_26": 0.10328289835411424, 
  "dV_27": 0.05923891510397918, 
  "dV_31": 0.3518053907315274, 
  "dV_32": 0.3430144441371683, 
  "dV_33": 0.373009417678887, 
  "dV_34": 0.2741734984422543, 
  "dV_35": 0.14699307785961804, 
  "dV_36": 0.08079677598164041, 
  "dV_37": 0.04631054381379614, 
  "dV_41": 0.35798718882203695, 
  "dV_42": 0.3494692579599152, 
  "dV_43": 0.2741734984422543, 
  "dV_44": 0.38376544471064233, 
  "dV_45": 0.15061964955061904, 
  "dV_46": 0.08240889134898033, 
  "dV_47": 0.04713882652893356, 
  "dV_51": 0.19310288549109864, 
  "dV_52": 0.18771136228287147, 
  "dV_53": 0.14699307785961804, 
  "dV_54": 0.15061964955061904, 
  "dV_55": 0.11281265803461248, 
  "dV_56": 0.04461696790486966, 
  "dV_57": 0.02552460205966473, 
  "dV_61": 0.10648935776683338, 
  "dV_62": 0.10328289835411424, 
  "dV_63": 0.08079677598164041, 
  "dV_64": 0.08240889134898033, 
  "dV_65": 0.04461696790486966, 
  "dV_66": 0.03454732429516363, 
  "dV_67": 0.01411909710520392, 
  "dV_71": 0.06115568223017263, 
  "dV_72": 0.05923891510397918, 
  "dV_73": 0.04631054381379614, 
  "dV_74": 0.04713882652893356, 
  "dV_75": 0.02552460205966473, 
  "dV_76": 0.01411909710520392, 
  "dV_77": 0.01145175909375628
}