{
  "V_11": 363.5550684235506, 
  "V_12": 493.72918015544417, 
  "V_13": 410.91820337959746, 
  "V_14": 505.68255215385267, 
  "V_15": 219.03495437206337, 
  "V_16": 86.4198752107804, 
  "V_17": 32.857093330789745, 
  "V_21": 493.72918015544417, 
  "V_22": 670.4833773349054, 
  "V_23": 559.0779718438313, 
  "V_24": 687.9288800629689, 
  "V_25": 298.2769687156348, 
  "V_26": 117.6413020488987, 
  "V_27": 44.624634484301296, 
  "V_31": 410.91820337959746, 
  "V_32": 559.0779718438313, 
  "V_33": 466.0441766559016, 
  "V_34": 573.9370774963108, 
  "V_35": 248.9044332613889, 
  "V_36": 98.25809440451098, 
  "V_37": 37.26858384545762, 
  "V_41": 505.68255215385267, 
  "V_42": 687.9288800629689, 
  "V_43": 573.9370774963108, 
  "V_44": 707.243283065229, 
  "V_45": 306.5343092488562, 
  "V_46": 121.24128670921637, 
  "V_47": 46.08156303765963, 
  "V_51": 219.03495437206337, 
  "V_52": 298.2769687156348, 
  "V_53": 248.9044332613889, 
  "V_54": 306.5343092488562, 
  "V_55": 133.4942088910929, 
  "V_56": 52.8373968859711, 
  "V_57": 20.185518682192672, 
  "V_61": 86.4198752107804, 
  "V_62": 117.6413020488987, 
  "V_63": 98.25809440451098, 
  "V_64": 121.24128670921637, 
  "V_65": 52.8373968859711, 
  "V_66": 21.153330622136206, 
  "V_67": 8.170462203068201, 
  "V_71": 32.857093330789745, 
  "V_72": 44.624634484301296, 
  "V_73": 37.26858384545762, 
  "V_74": 46.08156303765963, 
  "V_75": 20.185518682192672, 
  "V_76": 8.170462203068201, 
  "V_77": 3.215723304733678
}