{
  "1": [
    -0.39186246, 
    -0.42207815018359446, 
    0.29375951946145307, 
    0.16836512598298856, 
    -0.15455271182929317, 
    0.10058775918061476, 
    0.0237382961309522
  ], 
  "3": [
    -0.4441537999999999, 
    -0.1510528247233375, 
    0.20535815160955362, 
    -0.11013058096613774, 
    0.3049478889579447, 
    -0.308825031226579, 
    -0.11171703124999978
  ], 
  "2": [
    -0.5327233066666667, 
    -0.33187504468935, 
    -0.4208298957997645, 
    0.06753484191943493, 
    0.038665452662109426, 
    -0.03452369056540878, 
    -0.030176674107142924
  ], 
  "5": [
    -0.2371463866666666, 
    0.19505984668381227, 
    0.056060339456440206, 
    0.28489766490130014, 
    0.2851512119328777, 
    0.30638745940544676, 
    0.13980642113095262
  ], 
  "4": [
    -0.5468997066666665, 
    0.13503748152397513, 
    0.007856808823003021, 
    -0.2756289600385174, 
    -0.24840774394033543, 
    0.11845053709717727, 
    0.10258932291666684
  ], 
  "7": [
    -0.0355760733333333, 
    0.10852099580930867, 
    -0.014713177212016877, 
    0.2137214171080089, 
    -0.20399262067536758, 
    -0.388104071946042, 
    0.43243810267857197
  ], 
  "6": [
    -0.09366730666666667, 
    0.196027516542884, 
    0.008425469975292853, 
    0.24059280211843953, 
    -0.21341303915475426, 
    -0.07993304188525321, 
    -0.515193325892857
  ]
}