{
  "1": 2362.4682794291316, 
  "3": 0.6688579713524287, 
  "2": 2.1080361107624555, 
  "4": 0.38685109113542265
}