{"mode1_error": [2.2e-05, 2.5e-05, 3.8e-05, 4.6e-05, 8.5e-05, 0.000164, 0.000349], "mode2": [0.00364, 0.00348, -0.00282, -0.01047, -0.0196, -0.0371, -0.03416], "mode2_error": [0.000381, 0.000487, 0.000763, 0.000545, 0.002026, 0.005008, 0.008373], "mode1": [0.06541, 0.10623, 0.14743, 0.19837, 0.26736, 0.33165, 0.3931]}