{"mode1_error": [2.0959877716620555e-06, 1.248286934372143e-06, 1.3934194478665319e-06, 1.1521619900249008e-06, 3.3596041666824914e-06, 1.6042928774875767e-05, 0.00012596541132269814], "mode1": [0.0089096200758893, 0.018846777054189277, 0.030619317600340715, 0.04646809602771185, 0.0687523845008275, 0.09002942627951672, 0.11101875403253424]}