{
  "1": 359.80063240274984, 
  "2": 0.32760983500933682, 
  "3": 0.25323659242733698, 
  "4": 0.19182719341498269, 
  "5": 0.12909552137658381, 
  "6": 0.073642603076416027, 
  "7": -0.0038164508609959125
}