{
  "1": [
    -0.42412873365767784, 
    0.5752679034029926, 
    -0.139666006657484, 
    -0.10487533036289341, 
    -0.6599816073578882, 
    -0.09997103692011068, 
    0.11448274102376699
  ], 
  "2": [
    -0.5660274786789455, 
    0.01410158024616876, 
    -0.6069941534845084, 
    0.12548623003285053, 
    0.4756119926650814, 
    -0.1701714175487812, 
    -0.2001506023104222
  ], 
  "3": [
    -0.4478947994705042, 
    -0.7746269579007009, 
    0.017625761030894208, 
    0.05253316782541251, 
    -0.4036100705098364, 
    0.148828957257256, 
    0.1059328843742917
  ], 
  "4": [
    -0.5056110414100013, 
    0.1411075324266938, 
    0.577963063349582, 
    -0.41689586681199764, 
    0.38156661566566774, 
    0.2272701493003995, 
    0.13913256190330883
  ], 
  "5": [
    -0.19318217084390704, 
    0.1660302465661943, 
    0.3898240993580452, 
    0.8832909855886965, 
    0.03878168247092167, 
    0.036794660437505136, 
    -0.00953658737200271
  ], 
  "6": [
    -0.06968000338345429, 
    -0.05005032895101935, 
    0.28123201286329985, 
    -0.12246798919593754, 
    -0.15789368472003515, 
    -0.2468044712412706, 
    -0.9015026043026135
  ], 
  "7": [
    -0.036066328817588124, 
    -0.13725395051474706, 
    0.215975139014126, 
    -0.03861476488041368, 
    0.05734897213723131, 
    -0.9082837701312589, 
    0.3216456133164683
  ]
}