{
  "1": 0.0006339922886627985, 
  "3": 0.0001858402994118985, 
  "2": 0.0005147923241436693, 
  "4": 0.00023233588677707003
}