{
  "V_11": 64.79001596347508, 
  "V_12": 86.36296814421783, 
  "V_13": 68.38298149826129, 
  "V_14": 77.09840509583624, 
  "V_15": 29.45047603945616, 
  "V_16": 10.621383725246337, 
  "V_17": 5.519675499829885, 
  "V_21": 86.36296814421783, 
  "V_22": 115.4415678748773, 
  "V_23": 91.1786911702832, 
  "V_24": 102.86075032862358, 
  "V_25": 39.27470604960108, 
  "V_26": 14.169323207922208, 
  "V_27": 7.332177331254698, 
  "V_31": 68.38298149826129, 
  "V_32": 91.1786911702832, 
  "V_33": 72.20632202750294, 
  "V_34": 81.47430457484958, 
  "V_35": 31.137185211142217, 
  "V_36": 11.210737942704222, 
  "V_37": 5.782198720503893, 
  "V_41": 77.09840509583624, 
  "V_42": 102.86075032862358, 
  "V_43": 81.47430457484958, 
  "V_44": 92.13808959005058, 
  "V_45": 35.19391829504507, 
  "V_46": 12.687123145047064, 
  "V_47": 6.5624451369017684, 
  "V_51": 29.45047603945616, 
  "V_52": 39.27470604960108, 
  "V_53": 31.137185211142217, 
  "V_54": 35.19391829504507, 
  "V_55": 13.53521607985848, 
  "V_56": 4.869793337785773, 
  "V_57": 2.523257679275667, 
  "V_61": 10.621383725246337, 
  "V_62": 14.169323207922208, 
  "V_63": 11.210737942704222, 
  "V_64": 12.687123145047064, 
  "V_65": 4.869793337785773, 
  "V_66": 1.9484900984029858, 
  "V_67": 0.9244120875431714, 
  "V_71": 5.519675499829885, 
  "V_72": 7.332177331254698, 
  "V_73": 5.782198720503893, 
  "V_74": 6.5624451369017684, 
  "V_75": 2.523257679275667, 
  "V_76": 0.9244120875431714, 
  "V_77": 0.7125260630262267
}