{
  "1": 359.8003466776952, 
  "3": 0.2529273788113383, 
  "2": 0.3366889363440302, 
  "4": 0.19962525801669573
}