{
  "1": 2918.874881845396, 
  "3": 0.16881591225966827, 
  "2": 0.5287910762205749, 
  "4": 0.12364650368839823
}