{"mode1_error": [5e-06, 6e-06, 9e-06, 1e-05, 1.6e-05, 3e-06, 0.0, 0.0, 0.0, 0.0, 0.0], "mode2": [0.00143, 0.00096, -0.00038, -0.00265, -0.00609, -0.01322, -0.02626, -0.04189, -0.056, -0.08603, -0.08574], "mode2_error": [0.000189, 0.000229, 0.000293, 0.000241, 0.000813, 0.001788, 0.003201, 0.005422, 0.007838, 0.011176, 0.013395], "mode1": [0.04473, 0.07237, 0.10083, 0.13475, 0.17507, 0.20291, 0.21443, 0.20701, 0.18123, 0.14194, 0.10762]}