{"mode1_error": [9e-06, 1e-05, 1.5e-05, 1.7e-05, 3.4e-05, 8e-05, 0.000126, 9e-06, 0.000578, 0.000345, 0.000359], "mode2": [0.00131, 0.00107, 0.0005, -0.00207, -0.01119, -0.03212, -0.07116, -0.10552, -0.1622, -0.2282, -0.27976], "mode2_error": [0.000204, 0.000226, 0.00021, 0.000298, 0.000454, 0.000928, 0.002344, 0.003406, 0.00473, 0.007157, 0.009673], "mode1": [0.05728, 0.09213, 0.12746, 0.16961, 0.2206, 0.25707, 0.27408, 0.26572, 0.23169, 0.1822, 0.13307]}