{
  "1": [
    -0.4179346733333332, 
    -0.32243395588579754, 
    -0.5086367469267505, 
    -0.3071244634894084, 
    0.002111248139485725, 
    0.04492748214142397, 
    0.003097693383038292
  ], 
  "3": [
    -0.4483290866666667, 
    0.5850816380493358, 
    0.17726338514680479, 
    -0.3898691610925299, 
    -0.08378625699907835, 
    0.056461000080263266, 
    -0.014391037589313446
  ], 
  "2": [
    -0.5598369066666666, 
    -0.5150846972587618, 
    0.41307365301906634, 
    0.022102647714603917, 
    -0.015077050109858848, 
    -0.018336768601011307, 
    -0.015155848089468738
  ], 
  "5": [
    -0.20037759999999993, 
    0.0886778558757576, 
    -0.07841616377120786, 
    0.21559077480490496, 
    -0.5769667233680614, 
    -0.16220885303796412, 
    0.3124598011804903
  ], 
  "4": [
    -0.5150199533333333, 
    0.27599365732838005, 
    -0.1551667208506882, 
    0.452988865663321, 
    0.34544288751860536, 
    -0.07488472590095531, 
    -0.0844597235166198
  ], 
  "7": [
    -0.023568579999999954, 
    0.001889088596579376, 
    0.02641600121914061, 
    0.027574658584169617, 
    0.32984248352115697, 
    0.3083210450276916, 
    0.3976501941596761
  ], 
  "6": [
    -0.07043082666666668, 
    0.0121475750577368, 
    -0.04467798774086494, 
    0.1934770275919736, 
    -0.35437834006662466, 
    0.42568439682157466, 
    -0.21097818421870274
  ]
}