{
  "1": 0.0006464564617597256, 
  "3": 0.0003612032694358184, 
  "2": 0.0006396017514139285, 
  "4": 6.479682515731674e-05
}