{
  "dV_10_1": 0.012634568926802106, 
  "dV_10_10": 0.002385653389138565, 
  "dV_10_11": 0.0012120912064670114, 
  "dV_10_2": 0.012023122582680288, 
  "dV_10_3": 0.009486705415349003, 
  "dV_10_4": 0.009615333200807158, 
  "dV_10_5": 0.00530114313164358, 
  "dV_10_6": 0.002946599824569589, 
  "dV_10_7": 0.0017099598262814088, 
  "dV_10_8": 0.0011221206601269268, 
  "dV_10_9": 0.000972520207521052, 
  "dV_11_1": 0.014877486702070078, 
  "dV_11_10": 0.0012120912064670114, 
  "dV_11_11": 0.0034710978193946383, 
  "dV_11_2": 0.01414049151410908, 
  "dV_11_3": 0.011160587413828438, 
  "dV_11_4": 0.011314598773231533, 
  "dV_11_5": 0.006234462634115006, 
  "dV_11_6": 0.0034775764005371594, 
  "dV_11_7": 0.0020203441862182273, 
  "dV_11_8": 0.001323571782805542, 
  "dV_11_9": 0.0011387741262093025, 
  "dV_1_1": 0.21819135919837793, 
  "dV_1_10": 0.012634568926802106, 
  "dV_1_11": 0.014877486702070078, 
  "dV_1_2": 0.14678987965868953, 
  "dV_1_3": 0.1158382315656885, 
  "dV_1_4": 0.11729834771280695, 
  "dV_1_5": 0.06440205543853307, 
  "dV_1_6": 0.03552227925151088, 
  "dV_1_7": 0.020359930065774592, 
  "dV_1_8": 0.013274449900670806, 
  "dV_1_9": 0.011631861648752882, 
  "dV_2_1": 0.14678987965868953, 
  "dV_2_10": 0.012023122582680288, 
  "dV_2_11": 0.01414049151410908, 
  "dV_2_2": 0.19719582870425992, 
  "dV_2_3": 0.11028050521717973, 
  "dV_2_4": 0.11155798887290067, 
  "dV_2_5": 0.06120165455906392, 
  "dV_2_6": 0.033788461556458003, 
  "dV_2_7": 0.019371318108401973, 
  "dV_2_8": 0.01263067116564936, 
  "dV_2_9": 0.011062447320267526, 
  "dV_3_1": 0.1158382315656885, 
  "dV_3_10": 0.009486705415349003, 
  "dV_3_11": 0.011160587413828438, 
  "dV_3_2": 0.11028050521717973, 
  "dV_3_3": 0.12267869654381468, 
  "dV_3_4": 0.08820983802806115, 
  "dV_3_5": 0.04833605117607772, 
  "dV_3_6": 0.026670477662899084, 
  "dV_3_7": 0.015283929518662472, 
  "dV_3_8": 0.009965577938656748, 
  "dV_3_9": 0.008732536679981926, 
  "dV_4_1": 0.11729834771280695, 
  "dV_4_10": 0.009615333200807158, 
  "dV_4_11": 0.011314598773231533, 
  "dV_4_2": 0.11155798887290067, 
  "dV_4_3": 0.08820983802806115, 
  "dV_4_4": 0.1247340161467992, 
  "dV_4_5": 0.04905268401927985, 
  "dV_4_6": 0.027026749762834434, 
  "dV_4_7": 0.015490558923984736, 
  "dV_4_8": 0.010094092563649015, 
  "dV_4_9": 0.008839775768849756, 
  "dV_5_1": 0.06440205543853307, 
  "dV_5_10": 0.00530114313164358, 
  "dV_5_11": 0.006234462634115006, 
  "dV_5_2": 0.06120165455906392, 
  "dV_5_3": 0.04833605117607772, 
  "dV_5_4": 0.04905268401927985, 
  "dV_5_5": 0.03788370906892878, 
  "dV_5_6": 0.01490165041274101, 
  "dV_5_7": 0.00852935829412083, 
  "dV_5_8": 0.005560629707299383, 
  "dV_5_9": 0.004869706089134542, 
  "dV_6_1": 0.03552227925151088, 
  "dV_6_10": 0.002946599824569589, 
  "dV_6_11": 0.0034775764005371594, 
  "dV_6_2": 0.033788461556458003, 
  "dV_6_3": 0.026670477662899084, 
  "dV_6_4": 0.027026749762834434, 
  "dV_6_5": 0.01490165041274101, 
  "dV_6_6": 0.01161989022468763, 
  "dV_6_7": 0.004733489163059359, 
  "dV_6_8": 0.0030854845082162836, 
  "dV_6_9": 0.002707139186228073, 
  "dV_7_1": 0.020359930065774592, 
  "dV_7_10": 0.0017099598262814088, 
  "dV_7_11": 0.0020203441862182273, 
  "dV_7_2": 0.019371318108401973, 
  "dV_7_3": 0.015283929518662472, 
  "dV_7_4": 0.015490558923984736, 
  "dV_7_5": 0.00852935829412083, 
  "dV_7_6": 0.004733489163059359, 
  "dV_7_7": 0.003884674554180561, 
  "dV_7_8": 0.001786244999620435, 
  "dV_7_9": 0.0015688417375506406, 
  "dV_8_1": 0.013274449900670806, 
  "dV_8_10": 0.0011221206601269268, 
  "dV_8_11": 0.001323571782805542, 
  "dV_8_2": 0.01263067116564936, 
  "dV_8_3": 0.009965577938656748, 
  "dV_8_4": 0.010094092563649015, 
  "dV_8_5": 0.005560629707299383, 
  "dV_8_6": 0.0030854845082162836, 
  "dV_8_7": 0.001786244999620435, 
  "dV_8_8": 0.0019200939327584962, 
  "dV_8_9": 0.0010328063470022777, 
  "dV_9_1": 0.011631861648752882, 
  "dV_9_10": 0.000972520207521052, 
  "dV_9_11": 0.0011387741262093025, 
  "dV_9_2": 0.011062447320267526, 
  "dV_9_3": 0.008732536679981926, 
  "dV_9_4": 0.008839775768849756, 
  "dV_9_5": 0.004869706089134542, 
  "dV_9_6": 0.002707139186228073, 
  "dV_9_7": 0.0015688417375506406, 
  "dV_9_8": 0.0010328063470022777, 
  "dV_9_9": 0.0018069984056927851
}