{
  "1": 121.43284235960049, 
  "2": 4.7050890062283894, 
  "3": 1.3610490379188995, 
  "4": 0.74849005545244807, 
  "5": 0.26003018649278759, 
  "6": -0.041505292362269172, 
  "7": -0.53259819945084907
}