{
  "1": [
    0.004180288489754112, 
    0.04393206059169321, 
    0.2045783064257562, 
    0.15420778321542145, 
    0.14451970302816292, 
    0.1251495987277957, 
    0.08042875736830475
  ], 
  "3": [
    0.0027521759116500948, 
    0.1039953781702699, 
    0.3246773267070344, 
    0.43674758332099145, 
    0.25901167655819857, 
    0.2117595630923534, 
    0.2291311920383755
  ], 
  "2": [
    0.0032585061206302376, 
    0.10155975918238141, 
    0.4272592026015096, 
    0.3435739134824235, 
    0.31918532307304853, 
    0.27806548070427384, 
    0.18202830007354717
  ], 
  "5": [
    0.0016388780214902042, 
    0.05768602013809232, 
    0.2772802799865579, 
    0.3914643393403148, 
    0.38738528218383633, 
    0.26119334195093263, 
    0.3555203606712509
  ], 
  "4": [
    0.002688213426946115, 
    0.07022211226538616, 
    0.32968925841185703, 
    0.26708262687827716, 
    0.31434649648150964, 
    0.2656833245105072, 
    0.25396063204000363
  ], 
  "7": [
    0.0005391406722639522, 
    0.020769048110727883, 
    0.15795618900095126, 
    0.36488318104910294, 
    0.3566088386663073, 
    0.40650062816967375, 
    0.37636330105970894
  ], 
  "6": [
    0.0009439393875126129, 
    0.03563768051250048, 
    0.29205615331638085, 
    0.37092250266206866, 
    0.3588283899332458, 
    0.36426055729865503, 
    0.36610695665993254
  ]
}