{
  "1": 0.004188471985472272, 
  "3": 0.0034511515668221838, 
  "2": 0.00716160388945464, 
  "4": 0.0014093953892730957
}