{
  "1": [
    -0.4196976600000001, 
    -0.8248235266666657, 
    -0.12641286750668215, 
    0.09858551103038549, 
    -0.028839228662711196, 
    -0.038499892670959775, 
    0.019191661195009955
  ], 
  "3": [
    -0.4278093199999998, 
    0.26071433333333416, 
    -0.4536497448713942, 
    -0.16170448783441227, 
    0.09643220751559428, 
    0.14470143360932247, 
    0.06737273655796328
  ], 
  "2": [
    -0.5171411133333333, 
    -0.08634082666666654, 
    0.3616822763719674, 
    -0.22367575207174528, 
    0.008652449414270768, 
    0.12003130174793025, 
    -0.031118530677755517
  ], 
  "5": [
    -0.25482578000000006, 
    0.22879302666666712, 
    0.017200177028011937, 
    0.19604945321073172, 
    -0.343532047771185, 
    0.3502438055811104, 
    -0.09190390311519674
  ], 
  "4": [
    -0.5385902866666669, 
    0.3874688999999994, 
    0.1202091950432158, 
    0.19730740908918895, 
    0.190770842841929, 
    -0.25282606562404053, 
    0.027291763332603892
  ], 
  "7": [
    -0.05999171333333328, 
    0.06148274000000005, 
    0.016371720642854755, 
    -0.032592269270064145, 
    -0.2594248973071666, 
    -0.22054546151487323, 
    0.5402392354271544
  ], 
  "6": [
    -0.12139570666666659, 
    0.07043166000000012, 
    -0.08215553125759283, 
    -0.08832423279221904, 
    -0.2709700060855016, 
    -0.391634161300213, 
    -0.3666016633836732
  ]
}