{
  "1": 0.0174763298602545, 
  "3": 0.009793271480441741, 
  "2": 0.013874844146501652, 
  "4": 0.004255763227823637
}