{
  "1": 0.0008291033619472281, 
  "3": 0.0007878580379266245, 
  "2": 0.0009019140264030378, 
  "4": 0.00022085832320934123
}