{
  "11": [
    0.00010728708713858438, 
    0.06966809665990098, 
    0.15802763616835533, 
    0.2690459485307086, 
    0.363620135652679, 
    0.4090663420104535, 
    0.22748941455858368, 
    0.13213993364596094, 
    0.10064082368648174, 
    0.09452522981718106, 
    0.09342596551117376
  ], 
  "10": [
    8.68291704695088e-05, 
    0.042669901003245386, 
    0.11471792159493084, 
    0.18959778874313962, 
    0.27843127913115384, 
    0.46725878644676405, 
    0.3630701795664914, 
    0.33098111751853004, 
    0.23401682461296291, 
    0.17496406957179647, 
    0.22188441884804003
  ], 
  "1": [
    0.0004519709222081599, 
    0.15676000736885115, 
    0.1178325894013196, 
    0.21043321871588733, 
    0.20356200564505686, 
    0.18292321430877637, 
    0.15275072599057274, 
    0.129641997163951, 
    0.11676347592800425, 
    0.12190561348423315, 
    0.10485597158946644
  ], 
  "3": [
    0.0003354768926811866, 
    0.04884137306503028, 
    0.1212320975900086, 
    0.42111893882836043, 
    0.4236086428644252, 
    0.23715129953638384, 
    0.23820518627610404, 
    0.22007931925397164, 
    0.17688454121307695, 
    0.19842383924574344, 
    0.18053729684406797
  ], 
  "2": [
    0.00041013439887150195, 
    0.12833413447331116, 
    0.1328577436867593, 
    0.251859290673507, 
    0.2945968604422848, 
    0.2303053195681794, 
    0.18358376047160138, 
    0.1491467661233578, 
    0.12499262027178216, 
    0.14157317024198304, 
    0.11467534784250474
  ], 
  "5": [
    0.0002023749124055267, 
    0.03673112184393845, 
    0.06445931560180698, 
    0.23926117744763786, 
    0.32154743759666804, 
    0.34020757545811825, 
    0.35858994591701965, 
    0.2870692068280392, 
    0.24025696688348624, 
    0.2518946740233674, 
    0.2781368091184927
  ], 
  "4": [
    0.0003067868607322265, 
    0.03932541002981305, 
    0.1018383533390385, 
    0.3327284235602351, 
    0.3391398557229522, 
    0.25631943849966354, 
    0.2448385850726484, 
    0.2025630199187512, 
    0.15652955624199827, 
    0.18628685903460704, 
    0.15497749797325025
  ], 
  "7": [
    6.942223498733592e-05, 
    0.017281469840807286, 
    0.06530533171572059, 
    0.08933493549685137, 
    0.1128949088848983, 
    0.16988904633855223, 
    0.29962290243157896, 
    0.43899823376907204, 
    0.4022979423763687, 
    0.2781751100273253, 
    0.31654481786904604
  ], 
  "6": [
    0.00011410417387438467, 
    0.03405889306204801, 
    0.05621921329257193, 
    0.1493771314306501, 
    0.1787512079771072, 
    0.2209765286666105, 
    0.2587774139219237, 
    0.29219251612575614, 
    0.3126089715573539, 
    0.31459344183134696, 
    0.40767254573278566
  ], 
  "9": [
    7.008486918675928e-05, 
    0.037496889424750164, 
    0.09179188409433645, 
    0.1309076742714483, 
    0.19216997783241196, 
    0.37237853096713175, 
    0.3751325875363565, 
    0.4694401898778297, 
    0.30797172790183674, 
    0.18971280475932095, 
    0.26031633931047626
  ], 
  "8": [
    6.134527093946158e-05, 
    0.026123974974075547, 
    0.07014259144348303, 
    0.07766256323509613, 
    0.09432942014410445, 
    0.13828025626027085, 
    0.13988503617370526, 
    0.24822120057585179, 
    0.35969722174408714, 
    0.48668983832974394, 
    0.3731964143981601
  ]
}