{
  "dV_10_1": 0.01109524706976733, 
  "dV_10_10": 0.00460823184577418, 
  "dV_10_11": 0.0022616791524021, 
  "dV_10_2": 0.010455103380569854, 
  "dV_10_3": 0.008193644163677521, 
  "dV_10_4": 0.008146562913152352, 
  "dV_10_5": 0.004562930476615926, 
  "dV_10_6": 0.0026020159639251676, 
  "dV_10_7": 0.0016480589537039652, 
  "dV_10_8": 0.001406720934228191, 
  "dV_10_9": 0.0015384710360317015, 
  "dV_11_1": 0.013948190842656045, 
  "dV_11_10": 0.0022616791524021, 
  "dV_11_11": 0.007048642593032207, 
  "dV_11_2": 0.013103251832027658, 
  "dV_11_3": 0.010293970882643522, 
  "dV_11_4": 0.010228100802911082, 
  "dV_11_5": 0.005747227651953922, 
  "dV_11_6": 0.0032815671483902636, 
  "dV_11_7": 0.002077705987803923, 
  "dV_11_8": 0.0017535441976440891, 
  "dV_11_9": 0.0018932893410629958, 
  "dV_1_1": 0.0840955483952923, 
  "dV_1_10": 0.01109524706976733, 
  "dV_1_11": 0.013948190842656045, 
  "dV_1_2": 0.05601761494736769, 
  "dV_1_3": 0.04391765308232609, 
  "dV_1_4": 0.04353970026386174, 
  "dV_1_5": 0.024156928561930843, 
  "dV_1_6": 0.013510465515248067, 
  "dV_1_7": 0.00855954977444694, 
  "dV_1_8": 0.007658414816065825, 
  "dV_1_9": 0.008836650042996273, 
  "dV_2_1": 0.05601761494736769, 
  "dV_2_10": 0.010455103380569854, 
  "dV_2_11": 0.013103251832027658, 
  "dV_2_2": 0.07465466744138669, 
  "dV_2_3": 0.04144688305656646, 
  "dV_2_4": 0.04108125270629693, 
  "dV_2_5": 0.022774692765976514, 
  "dV_2_6": 0.01272846628717584, 
  "dV_2_7": 0.008065292478563744, 
  "dV_2_8": 0.007210635830265572, 
  "dV_2_9": 0.008321033273262852, 
  "dV_3_1": 0.04391765308232609, 
  "dV_3_10": 0.008193644163677521, 
  "dV_3_11": 0.010293970882643522, 
  "dV_3_2": 0.04144688305656646, 
  "dV_3_3": 0.04588378866009146, 
  "dV_3_4": 0.03227820365815749, 
  "dV_3_5": 0.01787869372712645, 
  "dV_3_6": 0.009991028287178764, 
  "dV_3_7": 0.0063309497126746985, 
  "dV_3_8": 0.005657156564671255, 
  "dV_3_9": 0.0065293999987756255, 
  "dV_4_1": 0.04353970026386174, 
  "dV_4_10": 0.008146562913152352, 
  "dV_4_11": 0.010228100802911082, 
  "dV_4_2": 0.04108125270629693, 
  "dV_4_3": 0.03227820365815749, 
  "dV_4_4": 0.045013420554452524, 
  "dV_4_5": 0.01779670452072213, 
  "dV_4_6": 0.00992215935226063, 
  "dV_4_7": 0.006281579220149313, 
  "dV_4_8": 0.005615367122023219, 
  "dV_4_9": 0.006486387197912358, 
  "dV_5_1": 0.024156928561930843, 
  "dV_5_10": 0.004562930476615926, 
  "dV_5_11": 0.005747227651953922, 
  "dV_5_2": 0.022774692765976514, 
  "dV_5_3": 0.01787869372712645, 
  "dV_5_4": 0.01779670452072213, 
  "dV_5_5": 0.01392751915289754, 
  "dV_5_6": 0.005537641474860568, 
  "dV_5_7": 0.00350529754537975, 
  "dV_5_8": 0.0031384625984763872, 
  "dV_5_9": 0.0036318349618313143, 
  "dV_6_1": 0.013510465515248067, 
  "dV_6_10": 0.0026020159639251676, 
  "dV_6_11": 0.0032815671483902636, 
  "dV_6_2": 0.01272846628717584, 
  "dV_6_3": 0.009991028287178764, 
  "dV_6_4": 0.00992215935226063, 
  "dV_6_5": 0.005537641474860568, 
  "dV_6_6": 0.004439791873341838, 
  "dV_6_7": 0.0019827903669874455, 
  "dV_6_8": 0.0017772400706157305, 
  "dV_6_9": 0.0020600822529214225, 
  "dV_7_1": 0.00855954977444694, 
  "dV_7_10": 0.0016480589537039652, 
  "dV_7_11": 0.002077705987803923, 
  "dV_7_2": 0.008065292478563744, 
  "dV_7_3": 0.0063309497126746985, 
  "dV_7_4": 0.006281579220149313, 
  "dV_7_5": 0.00350529754537975, 
  "dV_7_6": 0.0019827903669874455, 
  "dV_7_7": 0.002089114182823153, 
  "dV_7_8": 0.0011346462225577583, 
  "dV_7_9": 0.0013080865759531595, 
  "dV_8_1": 0.007658414816065825, 
  "dV_8_10": 0.001406720934228191, 
  "dV_8_11": 0.0017535441976440891, 
  "dV_8_2": 0.007210635830265572, 
  "dV_8_3": 0.005657156564671255, 
  "dV_8_4": 0.005615367122023219, 
  "dV_8_5": 0.0031384625984763872, 
  "dV_8_6": 0.0017772400706157305, 
  "dV_8_7": 0.0011346462225577583, 
  "dV_8_8": 0.002038229434451491, 
  "dV_8_9": 0.001136005252457671, 
  "dV_9_1": 0.008836650042996273, 
  "dV_9_10": 0.0015384710360317015, 
  "dV_9_11": 0.0018932893410629958, 
  "dV_9_2": 0.008321033273262852, 
  "dV_9_3": 0.0065293999987756255, 
  "dV_9_4": 0.006486387197912358, 
  "dV_9_5": 0.0036318349618313143, 
  "dV_9_6": 0.0020600822529214225, 
  "dV_9_7": 0.0013080865759531595, 
  "dV_9_8": 0.001136005252457671, 
  "dV_9_9": 0.002929990753827396
}