{
  "dV_11": 0.7950438250749136, 
  "dV_12": 0.5193675069408161, 
  "dV_13": 0.3936625261264865, 
  "dV_14": 0.37367212518613957, 
  "dV_15": 0.20093708135288724, 
  "dV_16": 0.1098776868685833, 
  "dV_17": 0.06182787600259275, 
  "dV_21": 0.5193675069408161, 
  "dV_22": 0.6770214338880367, 
  "dV_23": 0.3639483217354058, 
  "dV_24": 0.34563281741482815, 
  "dV_25": 0.18557921803707417, 
  "dV_26": 0.10144723403638736, 
  "dV_27": 0.05705000005366287, 
  "dV_31": 0.3936625261264865, 
  "dV_32": 0.3639483217354058, 
  "dV_33": 0.38898333666652285, 
  "dV_34": 0.26237524492433545, 
  "dV_35": 0.14075378122789192, 
  "dV_36": 0.07689467952463798, 
  "dV_37": 0.043253930393145, 
  "dV_41": 0.37367212518613957, 
  "dV_42": 0.34563281741482815, 
  "dV_43": 0.26237524492433545, 
  "dV_44": 0.35039736936548044, 
  "dV_45": 0.13393209848525067, 
  "dV_46": 0.07307583264080399, 
  "dV_47": 0.041069969218359696, 
  "dV_51": 0.20093708135288724, 
  "dV_52": 0.18557921803707417, 
  "dV_53": 0.14075378122789192, 
  "dV_54": 0.13393209848525067, 
  "dV_55": 0.10151910428175447, 
  "dV_56": 0.039366459810011675, 
  "dV_57": 0.022122213143332736, 
  "dV_61": 0.1098776868685833, 
  "dV_62": 0.10144723403638736, 
  "dV_63": 0.07689467952463798, 
  "dV_64": 0.07307583264080399, 
  "dV_65": 0.039366459810011675, 
  "dV_66": 0.030415962674402542, 
  "dV_67": 0.012118374370297625, 
  "dV_71": 0.06182787600259275, 
  "dV_72": 0.05705000005366287, 
  "dV_73": 0.043253930393145, 
  "dV_74": 0.041069969218359696, 
  "dV_75": 0.022122213143332736, 
  "dV_76": 0.012118374370297625, 
  "dV_77": 0.009650347908220683
}