{
  "1": [
    9.140867325983307e-05, 
    0.05812213939024376, 
    0.2683966675135078, 
    0.5038113730986546, 
    0.3532916768968648, 
    0.30030367972180905, 
    0.20263901239095053
  ], 
  "3": [
    6.594947459343054e-05, 
    0.009885835253628092, 
    0.21881759845120222, 
    0.34049015772315183, 
    0.4747214272328085, 
    0.261777057789598, 
    0.24776527798551815
  ], 
  "2": [
    7.990001520528862e-05, 
    0.03798891194418082, 
    0.16740448028899652, 
    0.25282547006646805, 
    0.23795228562093998, 
    0.146214428940323, 
    0.13957326139774037
  ], 
  "5": [
    4.1083059458026264e-05, 
    0.004250152856811099, 
    0.18649490896760573, 
    0.3124208558816526, 
    0.3331436827668375, 
    0.2537510687668879, 
    0.3508541984391588
  ], 
  "4": [
    6.297149047452249e-05, 
    0.0, 
    0.16603616508598074, 
    0.2297447464048353, 
    0.27309787734262975, 
    0.15504758954618575, 
    0.1657643748077869
  ], 
  "7": [
    1.2665570129778394e-05, 
    0.0, 
    0.1299292238270447, 
    0.21595324270746302, 
    0.2883740346148522, 
    0.4272386961513177, 
    0.3592786626366433
  ], 
  "6": [
    2.5923113675876606e-05, 
    0.0, 
    0.19279720549553017, 
    0.32646771637786837, 
    0.31574354255433795, 
    0.3745525860453264, 
    0.2893651826045701
  ]
}