{
  "1": [
    -0.28422176666666665, 
    0.6022940712286569, 
    -0.18081083298567643, 
    0.2667573940847329, 
    0.33183164514646246, 
    0.04316764609053496, 
    -0.04646527478834802
  ], 
  "3": [
    -0.4690213333333334, 
    0.1658767721139526, 
    0.2571335905993607, 
    0.3130362338700471, 
    -0.2485083490033844, 
    -0.17914973662551448, 
    0.041236970871000055
  ], 
  "2": [
    -0.4994129266666666, 
    0.6884238972402851, 
    -0.054315630649422846, 
    -0.20331057439762396, 
    -0.10497911077681664, 
    0.12404289711934151, 
    0.01648009757497505
  ], 
  "5": [
    -0.2609652666666667, 
    0.021684405730605878, 
    -0.5113078779029346, 
    -0.10019895321837739, 
    0.04634179516108787, 
    -0.4469137613168721, 
    0.037969400200889146
  ], 
  "4": [
    -0.6093069866666667, 
    0.0, 
    0.24052621332220817, 
    -0.1737607057211379, 
    0.12831844469516546, 
    0.15219399999999983, 
    -0.005264413832687748
  ], 
  "7": [
    -0.033364166666666646, 
    0.0, 
    -0.3205443192879993, 
    0.058082414068745, 
    -0.04926179850403256, 
    0.2652312181069962, 
    0.5786932056249108
  ], 
  "6": [
    -0.09671154666666668, 
    0.0, 
    -0.4602821373939628, 
    0.09284679304175716, 
    -0.14440811917596363, 
    0.25704556378600807, 
    -0.4173638255129859
  ]
}