{
  "1": 1067.6414200923477, 
  "3": 0.04199106545992777, 
  "2": 0.16745927416524886, 
  "4": -0.009801573117918792
}