{
  "1": 2.1804885009917462e-05, 
  "3": 4.6986239195360254e-09, 
  "2": 8.827628851928226e-09, 
  "5": 2.262623948694301e-09, 
  "4": 1.8662795822463695e-09, 
  "7": 5.584830176295694e-08, 
  "6": 1.3985352048353485e-08
}