{
  "1": 30.403068909314783, 
  "3": 0.007911309053250147, 
  "2": 0.03889420715886158, 
  "5": 0.005333704099030426, 
  "4": 0.007453337691137902, 
  "7": -0.08086350228544646, 
  "6": -0.05401202517720705
}