{
  "1": 5917.666420501404, 
  "2": 1.8620362162493131, 
  "3": 0.47231216837083007, 
  "4": 0.23884722767924033, 
  "5": 0.00095693692139356835, 
  "6": -0.037713195695689004, 
  "7": -0.17707014866700505
}