{
  "1": [
    -0.3959074438773079, 
    0.4658724625141412, 
    -0.6188089736453172, 
    0.1376763049000921, 
    -0.2814223700688911, 
    0.3779436355993462, 
    -0.04796761087207708
  ], 
  "2": [
    -0.5367081626541275, 
    0.35032711260540644, 
    0.43119423986264166, 
    -0.3739854655590535, 
    -0.31971650040510635, 
    -0.3972657034551774, 
    -0.05816340431230189
  ], 
  "3": [
    -0.4446577848670784, 
    0.10000722142931502, 
    -0.13286570967952696, 
    -0.024733711139950317, 
    0.8587197342051897, 
    -0.1418896656087406, 
    0.12837716940150873
  ], 
  "4": [
    -0.5426014496764496, 
    -0.4815900431605816, 
    0.37245744542313997, 
    0.35484540920968305, 
    -0.09187434946670772, 
    0.4444201614481641, 
    0.055359805435130596
  ], 
  "5": [
    -0.23196787794921803, 
    -0.5104690704652229, 
    -0.4715612828507764, 
    0.16656529421918334, 
    -0.22818299405583187, 
    -0.6189110109958618, 
    -0.019490322419295488
  ], 
  "6": [
    -0.09015338498420278, 
    -0.3309802587088095, 
    -0.16247687001087036, 
    -0.6123807805147019, 
    0.08664676632286085, 
    0.25395626566148344, 
    -0.6394638652073401
  ], 
  "7": [
    -0.03358624666008439, 
    -0.21949201643469068, 
    -0.16124626945493314, 
    -0.5584790668714219, 
    -0.11474837732911704, 
    0.18480256399572392, 
    0.7519819236196772
  ]
}