{
  "1": 0.0017927056817604711, 
  "3": 0.0016551706189530146, 
  "2": 0.0012806827165926455, 
  "4": 0.0008146286015557514
}