{
  "1": [
    -0.39590748000000003, 
    0.46016924666666753, 
    -0.4502124272279452, 
    0.07704874154262505, 
    -0.11889404440657199, 
    0.12549734421028783, 
    -0.022292407660738266
  ], 
  "3": [
    -0.4446572799999999, 
    0.09875564666666672, 
    -0.08372704134945586, 
    -0.012352151556156847, 
    0.3110451214316149, 
    -0.05041186041241813, 
    0.06567184222526236
  ], 
  "2": [
    -0.53670812, 
    0.34698264666666634, 
    0.35045285117181585, 
    -0.2192191790708162, 
    -0.09835557922643542, 
    -0.11797232268298218, 
    -0.02508488372092994
  ], 
  "5": [
    -0.23196672, 
    -0.5040363399999991, 
    -0.26919813404985954, 
    -0.06225586829048266, 
    -0.07816221654121118, 
    -0.3881552368003634, 
    -0.021914979480164493
  ], 
  "4": [
    -0.5426015266666667, 
    -0.47657537333333533, 
    0.19149590237348904, 
    0.25463339648173205, 
    -0.036435416370780634, 
    0.1795346159075455, 
    0.030944938440492776
  ], 
  "7": [
    -0.03356666666666663, 
    -0.21729009999999985, 
    -0.1050775862068967, 
    -0.21754191249436167, 
    -0.06712970222033017, 
    0.1622471651937456, 
    0.5253882124943007
  ], 
  "6": [
    -0.09016652666666662, 
    -0.32741409333333327, 
    -0.11701980892670509, 
    -0.26368173207036666, 
    0.018939719736779406, 
    0.25758665307047396, 
    -0.40226610427116594
  ]
}