{
  "1": [
    -0.3104170866953417, 
    -0.8427957026039469, 
    -0.17025899052931803, 
    0.2747353064903087, 
    0.22524250808522997, 
    -0.17862611115183236, 
    0.07891481760593283
  ], 
  "2": [
    -0.46532290575483665, 
    0.1045672330997365, 
    0.7393151997333203, 
    0.060349333673457226, 
    -0.06138494192281168, 
    -0.4416754016489837, 
    -0.1531861906099784
  ], 
  "3": [
    -0.44937126700679925, 
    -0.1653461292065571, 
    0.19164300121295735, 
    -0.15552621401643166, 
    -0.22739880952619243, 
    0.8036954344400264, 
    -0.1103363442896558
  ], 
  "4": [
    -0.6197616913963804, 
    0.48301673255265826, 
    -0.44958199869450155, 
    0.3631506322374496, 
    0.0854487982942909, 
    -0.017711348640786967, 
    0.202417236683006
  ], 
  "5": [
    -0.29126313464990516, 
    -0.06166003030870173, 
    -0.4033376334455174, 
    -0.6862178460788702, 
    -0.24119705641374728, 
    -0.3265456123328411, 
    -0.33612436875239776
  ], 
  "6": [
    -0.11914491654059436, 
    0.08223752207481046, 
    0.12641585061944408, 
    -0.48251226780315637, 
    0.8118904274388753, 
    0.09090892125693678, 
    0.2506230732119536
  ], 
  "7": [
    -0.04524390776778156, 
    -0.08690006726161074, 
    0.08313653999233954, 
    -0.24718143840999207, 
    -0.4112710779561383, 
    -0.10899100827423051, 
    0.8610273398072992
  ]
}