{
  "1": 2093.6847820523617, 
  "2": 3.2529527993886496, 
  "3": 1.689242606958274, 
  "4": 0.12470905849842924, 
  "5": -0.15364877202396374, 
  "6": -0.32040419854849117, 
  "7": -0.75084108167606078
}