{
  "1": [
    0.00028692435421815945, 
    0.15536224592427533, 
    0.2884866042958077, 
    0.1975302421800784, 
    0.18180901172137348, 
    0.19172276307566793, 
    0.1519194353333338
  ], 
  "3": [
    0.0001903558190373007, 
    0.15026462567338741, 
    0.24976638825041786, 
    0.38674153414435797, 
    0.40562966244669935, 
    0.26779490068563694, 
    0.3271066405861644
  ], 
  "2": [
    0.00022941120233820544, 
    0.28210499573075243, 
    0.20078204804625818, 
    0.2790152193759486, 
    0.2550357700102148, 
    0.1782399376881071, 
    0.2247279785867115
  ], 
  "5": [
    0.0001215172846925175, 
    0.13567371596319786, 
    0.2539010389626508, 
    0.30079499785146113, 
    0.4235648424575614, 
    0.316040350338082, 
    0.2940107575193384
  ], 
  "4": [
    0.0001814616693564088, 
    0.18710117047981847, 
    0.22926034029439044, 
    0.1778113115808075, 
    0.20756187717935629, 
    0.16618434633129917, 
    0.14981324013356948
  ], 
  "7": [
    3.9573995944425884e-05, 
    0.04053867109673659, 
    0.09486576353631518, 
    0.21453037425606103, 
    0.43982291878729785, 
    0.5048896249441772, 
    0.3320704735588181
  ], 
  "6": [
    6.652171936648711e-05, 
    0.058344273092246345, 
    0.15432456446514994, 
    0.3800834402485438, 
    0.34143757059706503, 
    0.5615587811862146, 
    0.41942272047346146
  ]
}