{
  "1": 0.004913632893245605, 
  "3": 0.005656784818282923, 
  "2": 0.008596474336720521, 
  "4": 0.002062648388898562
}