{
  "V_11": 204.04291470355957, 
  "V_12": 301.8836766519698, 
  "V_13": 292.52458609419494, 
  "V_14": 401.521846327048, 
  "V_15": 189.70164979752298, 
  "V_16": 77.2968168231266, 
  "V_17": 29.64180931559469, 
  "V_21": 301.8836766519698, 
  "V_22": 454.2264617973476, 
  "V_23": 438.0982550258725, 
  "V_24": 603.3842843969667, 
  "V_25": 283.2141700818788, 
  "V_26": 116.29594672363396, 
  "V_27": 44.17186092901104, 
  "V_31": 292.52458609419494, 
  "V_32": 438.0982550258725, 
  "V_33": 422.717697685381, 
  "V_34": 582.740330400242, 
  "V_35": 273.9402147419526, 
  "V_36": 111.99467736037724, 
  "V_37": 42.666474532424935, 
  "V_41": 401.521846327048, 
  "V_42": 603.3842843969667, 
  "V_43": 582.740330400242, 
  "V_44": 805.1897217344476, 
  "V_45": 378.341430007263, 
  "V_46": 154.76687659297644, 
  "V_47": 58.54378436208392, 
  "V_51": 189.70164979752298, 
  "V_52": 283.2141700818788, 
  "V_53": 273.9402147419526, 
  "V_54": 378.341430007263, 
  "V_55": 177.50544100033082, 
  "V_56": 72.30293924172399, 
  "V_57": 27.469195560283087, 
  "V_61": 77.2968168231266, 
  "V_62": 116.29594672363396, 
  "V_63": 111.99467736037724, 
  "V_64": 154.76687659297644, 
  "V_65": 72.30293924172399, 
  "V_66": 29.665016785465173, 
  "V_67": 11.119510866291998, 
  "V_71": 29.64180931559469, 
  "V_72": 44.17186092901104, 
  "V_73": 42.666474532424935, 
  "V_74": 58.54378436208392, 
  "V_75": 27.469195560283087, 
  "V_76": 11.119510866291998, 
  "V_77": 4.1795387584244095
}