{
  "P_1": 1695.8017608602381, 
  "P_2": 1408.2676648879117, 
  "P_3": 830.4278805373807, 
  "P_4": 756.6578230183418, 
  "P_5": 251.03844245414567, 
  "P_6": 85.10587630054704, 
  "P_7": 30.205334361257105
}