{
  "1": [
    0.00022154271130292983, 
    0.3267765076869346, 
    0.3927319290252607, 
    0.37548172638510086, 
    0.33051154776829483, 
    0.3181507442673338, 
    0.2371569753007748
  ], 
  "3": [
    0.0001603570105330642, 
    0.5514257371292429, 
    0.3391437024938685, 
    0.34448986145629706, 
    0.2755389886129836, 
    0.16131388852497078, 
    0.1717315227529241
  ], 
  "2": [
    0.00019411912164745698, 
    0.3086663877357495, 
    0.33222307098097403, 
    0.3902301285593339, 
    0.24543768811527633, 
    0.27048459215634046, 
    0.24913558441135397
  ], 
  "5": [
    9.163801238573345e-05, 
    0.2791184597976478, 
    0.3990298087192087, 
    0.2813486645982831, 
    0.34476062606811153, 
    0.3811040226021171, 
    0.26219051550078654
  ], 
  "4": [
    0.0001465184758239322, 
    0.27810494180735457, 
    0.31109340782993256, 
    0.2629951829545874, 
    0.35346760025389684, 
    0.262660714908645, 
    0.2330362316466913
  ], 
  "7": [
    3.2773131948960966e-05, 
    0.25235793565122533, 
    0.3442943280881481, 
    0.33542111314782885, 
    0.41256188681590755, 
    0.2731256025261745, 
    0.46047000573543645
  ], 
  "6": [
    4.9297989159975146e-05, 
    0.2216611912679103, 
    0.3388162405830388, 
    0.2979033941406036, 
    0.38819840867554356, 
    0.41514811721284234, 
    0.3153520628763303
  ]
}