{
  "dV_11": 0.14761139160950631, 
  "dV_12": 0.09684095603297331, 
  "dV_13": 0.0743106349341837, 
  "dV_14": 0.07178837846499356, 
  "dV_15": 0.037595732324301544, 
  "dV_16": 0.01997924502268851, 
  "dV_17": 0.011298035167740467, 
  "dV_21": 0.09684095603297331, 
  "dV_22": 0.1269133721398046, 
  "dV_23": 0.06898678305754052, 
  "dV_24": 0.06660790445693666, 
  "dV_25": 0.034872303374307446, 
  "dV_26": 0.01852726302537925, 
  "dV_27": 0.010478987227176929, 
  "dV_31": 0.0743106349341837, 
  "dV_32": 0.06898678305754052, 
  "dV_33": 0.07469338540366592, 
  "dV_34": 0.051232173649732114, 
  "dV_35": 0.026790176742503592, 
  "dV_36": 0.014226955215903357, 
  "dV_37": 0.008044667607064678, 
  "dV_41": 0.07178837846499356, 
  "dV_42": 0.06660790445693666, 
  "dV_43": 0.051232173649732114, 
  "dV_44": 0.06939969793381817, 
  "dV_45": 0.025955671359546233, 
  "dV_46": 0.013763579613980767, 
  "dV_47": 0.007776789634977481, 
  "dV_51": 0.037595732324301544, 
  "dV_52": 0.034872303374307446, 
  "dV_53": 0.026790176742503592, 
  "dV_54": 0.025955671359546233, 
  "dV_55": 0.019151517426287484, 
  "dV_56": 0.007238828975420637, 
  "dV_57": 0.004089225343000217, 
  "dV_61": 0.01997924502268851, 
  "dV_62": 0.01852726302537925, 
  "dV_63": 0.014226955215903357, 
  "dV_64": 0.013763579613980767, 
  "dV_65": 0.007238828975420637, 
  "dV_66": 0.005449274968953338, 
  "dV_67": 0.0021883273284793673, 
  "dV_71": 0.011298035167740467, 
  "dV_72": 0.010478987227176929, 
  "dV_73": 0.008044667607064678, 
  "dV_74": 0.007776789634977481, 
  "dV_75": 0.004089225343000217, 
  "dV_76": 0.0021883273284793673, 
  "dV_77": 0.0018588509791466758
}