{
  "1": 210.83288474371412, 
  "3": 0.04411665787620866, 
  "2": 0.1364670889330238, 
  "4": 0.009928062508258336
}