{
  "P_1": 1719.0724571501926, 
  "P_2": 1382.8019979974326, 
  "P_3": 782.9758616688061, 
  "P_4": 673.6633575353017, 
  "P_5": 205.8595347368421, 
  "P_6": 64.42303245186136, 
  "P_7": 21.179264133504493
}