{
  "1": 4983.4032311771261, 
  "2": 1.5337423115171251, 
  "3": 0.58661384010429873, 
  "4": 0.37702074945486419, 
  "5": 0.077615718094358341, 
  "6": 0.018992174259953084, 
  "7": -0.45527885421731856
}