{
  "1": [
    5.778062854036228e-05, 
    0.18782589857456478, 
    0.2897735325918425, 
    0.2338316801191857, 
    0.22414953672879853, 
    0.14636342800213561, 
    0.11421102634799585
  ], 
  "3": [
    4.51989359843553e-05, 
    0.1963637186365554, 
    0.3889912344465692, 
    0.3386854618909133, 
    0.3485590449544805, 
    0.24874217294170034, 
    0.23145315283134152
  ], 
  "2": [
    5.2155762883178725e-05, 
    0.24886683546224297, 
    0.29630981845057774, 
    0.338777853320244, 
    0.29331067923148935, 
    0.2032750125210761, 
    0.17843011539371473
  ], 
  "5": [
    2.936700793957738e-05, 
    0.13629218587223454, 
    0.3572268315047906, 
    0.32391421730649234, 
    0.34477148944135894, 
    0.24715813510224952, 
    0.3495657986893698
  ], 
  "4": [
    4.5450984999570474e-05, 
    0.17300420912520073, 
    0.2486603978554546, 
    0.3466155868585374, 
    0.22218369208689362, 
    0.21405605619716175, 
    0.20359743715246717
  ], 
  "7": [
    3.3278375358085064e-05, 
    0.06074846176611114, 
    0.14567651909775775, 
    0.23879501318354057, 
    0.3204272377242235, 
    0.49031804582213495, 
    0.3329279932219317
  ], 
  "6": [
    2.294425226646899e-05, 
    0.11855559213813215, 
    0.21027775136445234, 
    0.31731024787573436, 
    0.329838046166714, 
    0.34105497504254184, 
    0.39247284653529024
  ]
}