{
  "dV_11": 0.8233585183352574, 
  "dV_12": 0.5311255839144216, 
  "dV_13": 0.42039237528926243, 
  "dV_14": 0.4494788038034602, 
  "dV_15": 0.22478217683898577, 
  "dV_16": 0.1152860608559475, 
  "dV_17": 0.06316567073353754, 
  "dV_21": 0.5311255839144216, 
  "dV_22": 0.6592566810868945, 
  "dV_23": 0.3782734661880265, 
  "dV_24": 0.4010720950155997, 
  "dV_25": 0.20186334877291612, 
  "dV_26": 0.1045730757425983, 
  "dV_27": 0.05772446065519243, 
  "dV_31": 0.42039237528926243, 
  "dV_32": 0.3782734661880265, 
  "dV_33": 0.41044529471702584, 
  "dV_34": 0.31784674105904137, 
  "dV_35": 0.1600589582854322, 
  "dV_36": 0.08302063679975276, 
  "dV_37": 0.04587185277465586, 
  "dV_41": 0.4494788038034602, 
  "dV_42": 0.4010720950155997, 
  "dV_43": 0.31784674105904137, 
  "dV_44": 0.4531816863598286, 
  "dV_45": 0.17179824800370194, 
  "dV_46": 0.08948828267023229, 
  "dV_47": 0.049663089777232515, 
  "dV_51": 0.22478217683898577, 
  "dV_52": 0.20186334877291612, 
  "dV_53": 0.1600589582854322, 
  "dV_54": 0.17179824800370194, 
  "dV_55": 0.11931339892454108, 
  "dV_56": 0.044970730495977614, 
  "dV_57": 0.02466900306429705, 
  "dV_61": 0.1152860608559475, 
  "dV_62": 0.1045730757425983, 
  "dV_63": 0.08302063679975276, 
  "dV_64": 0.08948828267023229, 
  "dV_65": 0.044970730495977614, 
  "dV_66": 0.03200392564167823, 
  "dV_67": 0.01254397750353034, 
  "dV_71": 0.06316567073353754, 
  "dV_72": 0.05772446065519243, 
  "dV_73": 0.04587185277465586, 
  "dV_74": 0.049663089777232515, 
  "dV_75": 0.02466900306429705, 
  "dV_76": 0.01254397750353034, 
  "dV_77": 0.009580087824027484
}