{
  "V_11": 1047.02449143856, 
  "V_12": 1190.8420189800215, 
  "V_13": 983.6428092851388, 
  "V_14": 1195.3665115548, 
  "V_15": 508.92858595621436, 
  "V_16": 196.69507881817353, 
  "V_17": 73.10892489958817, 
  "V_21": 1190.8420189800215, 
  "V_22": 1354.591987333411, 
  "V_23": 1119.8982124393558, 
  "V_24": 1360.7705878900538, 
  "V_25": 579.0493268497847, 
  "V_26": 224.1467009627488, 
  "V_27": 83.24749080485759, 
  "V_31": 983.6428092851388, 
  "V_32": 1119.8982124393558, 
  "V_33": 925.7959361064736, 
  "V_34": 1124.698522432474, 
  "V_35": 478.7891441084521, 
  "V_36": 185.32714887481745, 
  "V_37": 68.87870709522285, 
  "V_41": 1195.3665115548, 
  "V_42": 1360.7705878900538, 
  "V_43": 1124.698522432474, 
  "V_44": 1367.4491606025483, 
  "V_45": 582.1237962656854, 
  "V_46": 225.31365455091904, 
  "V_47": 83.746287424503, 
  "V_51": 508.92858595621436, 
  "V_52": 579.0493268497847, 
  "V_53": 478.7891441084521, 
  "V_54": 582.1237962656854, 
  "V_55": 248.06659169020062, 
  "V_56": 96.11665921066867, 
  "V_57": 35.787542903331904, 
  "V_61": 196.69507881817353, 
  "V_62": 224.1467009627488, 
  "V_63": 185.32714887481745, 
  "V_64": 225.31365455091904, 
  "V_65": 96.11665921066867, 
  "V_66": 37.36261562369842, 
  "V_67": 13.95069804670121, 
  "V_71": 73.10892489958817, 
  "V_72": 83.24749080485759, 
  "V_73": 68.87870709522285, 
  "V_74": 83.746287424503, 
  "V_75": 35.787542903331904, 
  "V_76": 13.95069804670121, 
  "V_77": 5.251154321445482
}