{
  "1": [
    -0.45819716, 
    0.6385322160711308, 
    0.26822798631162437, 
    -0.1844164640979234, 
    -0.07334161146410667, 
    0.02154851716961506, 
    0.012339733612111447
  ], 
  "3": [
    -0.4309463866666666, 
    -0.14265603422244494, 
    0.1701373649877018, 
    0.3916429876734757, 
    -0.19812528051912837, 
    -0.15374939299340942, 
    0.03588011383435941
  ], 
  "2": [
    -0.5213987533333333, 
    0.14897394732427446, 
    -0.5257738388051175, 
    0.06677555383156668, 
    -0.00972155828939671, 
    0.13167413284772808, 
    -0.033171824060092385
  ], 
  "5": [
    -0.22295478666666663, 
    -0.2810817950008386, 
    -0.07549676326952573, 
    -0.3279952676493402, 
    -0.20187489072146445, 
    -0.39669634928893593, 
    -0.09175149649591609
  ], 
  "4": [
    -0.5237397266666667, 
    -0.4158863311524921, 
    0.1617355470003211, 
    -0.06053441082665266, 
    0.38351014825830315, 
    0.06518143426985784, 
    0.046021221977000766
  ], 
  "7": [
    -0.03206475333333324, 
    -0.14050755577923144, 
    0.009093997076961444, 
    -0.12638526851133575, 
    -0.21710020729124346, 
    0.16964950572320536, 
    0.6028805010260585
  ], 
  "6": [
    -0.0862908466666666, 
    -0.2756786545881563, 
    0.11298087548568778, 
    -0.11832991121455014, 
    -0.2878193096300298, 
    0.42415498612556424, 
    -0.3106165989081184
  ]
}