{
  "1": 4983.404840530939, 
  "3": 0.6223466221717832, 
  "2": 1.5511176388233174, 
  "4": 0.3491452405611982
}