{
  "1": 0.0019784071957226253, 
  "3": 0.0017094323534007918, 
  "2": 0.0009525661289528642, 
  "4": 0.0010109014889100047
}