{
  "1": [
    -0.28631645397437794, 
    0.8907069745413847, 
    0.24860973031125072, 
    -0.23458265157175354, 
    -0.08472440212057575, 
    0.0246162838354442, 
    0.006630951549238835
  ], 
  "2": [
    -0.5065973408577246, 
    -0.003680182426280707, 
    -0.4433852031405907, 
    0.28375235780182556, 
    -0.5382711879005495, 
    -0.41771050356459394, 
    -0.04496459784128004
  ], 
  "3": [
    -0.4720182206244207, 
    0.05335298194935076, 
    -0.11380248323261168, 
    0.557751686270308, 
    0.4318470705029682, 
    0.5052093461982837, 
    0.09266031621057881
  ], 
  "4": [
    -0.6039776718486554, 
    -0.35954924862114734, 
    -0.02026688021703695, 
    -0.6886049477134546, 
    0.1403011679653679, 
    0.10749775277292593, 
    0.010373268115379187
  ], 
  "5": [
    -0.2535801549138037, 
    -0.16231615505574895, 
    0.672135888665165, 
    0.2515791364449557, 
    0.2610604723926968, 
    -0.5710074868523486, 
    0.00947289968308464
  ], 
  "6": [
    -0.09224449882878503, 
    -0.1699588890714737, 
    0.4262001973935453, 
    0.11635822142453188, 
    -0.47347067549679106, 
    0.4156616608971465, 
    -0.6086624578655337
  ], 
  "7": [
    -0.03130257490961185, 
    -0.13882644102342975, 
    0.3079411484632992, 
    0.04858563453509951, 
    -0.4523080179763726, 
    0.24350679058993463, 
    0.7865627458045332
  ]
}