{
  "1": [
    0.2847924924857831, 
    0.48001222781189495, 
    0.6584605951742889, 
    0.3369917619712716, 
    0.16160194128467809, 
    -0.3235869709680573, 
    -0.10258644712521353
  ], 
  "2": [
    0.5093251893524067, 
    -0.5350563208182176, 
    0.42652478399749244, 
    -0.19337446263131697, 
    -0.1546720384453502, 
    0.3413359614234234, 
    -0.3074928175484122
  ], 
  "3": [
    0.47132717681219244, 
    -0.389877494524312, 
    -0.37014392446263894, 
    0.5867723054433374, 
    0.20818907011732554, 
    -0.25985072775133, 
    0.18350171329062742
  ], 
  "4": [
    0.6032225061186671, 
    0.5689350557978958, 
    -0.40286735473885676, 
    -0.16389637772577184, 
    -0.13169563663517758, 
    0.3248687530618104, 
    -0.01969606116879647
  ], 
  "5": [
    0.24861869773465275, 
    -0.08135142174731917, 
    -0.06562339571986979, 
    -0.6731058494002391, 
    0.19213821841670042, 
    -0.6587421705545118, 
    0.05774454528818503
  ], 
  "6": [
    0.09517769229250847, 
    -0.026904103454540692, 
    0.28077787180005676, 
    -0.12987487861711777, 
    0.13386153229197648, 
    0.2618214254848851, 
    0.8989128489727567
  ], 
  "7": [
    0.05083638708278953, 
    -0.016418028146554416, 
    0.04533188226127406, 
    0.08910746268411353, 
    -0.9134762934347134, 
    -0.32129024280271395, 
    0.2224514145995627
  ]
}