{
  "1": [
    0.0013594672011649647, 
    0.3794841363448795, 
    0.38952943298915815, 
    0.29941088267620003, 
    0.24120656318731076, 
    0.2021381045706022, 
    0.17786960682802028
  ], 
  "3": [
    0.0009409059368567366, 
    0.2720718906612485, 
    0.38025139445032474, 
    0.2827321756706701, 
    0.2942192531628461, 
    0.23031835356430386, 
    0.22135659667328725
  ], 
  "2": [
    0.0011626525664178743, 
    0.3262719289594978, 
    0.3371336870704856, 
    0.2874105345649904, 
    0.24044477439332768, 
    0.22001308584291301, 
    0.19689184031386564
  ], 
  "5": [
    0.0005270521623498932, 
    0.12754665569695153, 
    0.22209690480645616, 
    0.40250383949044594, 
    0.5325870123202213, 
    0.30015285690074345, 
    0.3673452670521918
  ], 
  "4": [
    0.0008684369219537205, 
    0.34873712410919183, 
    0.3378240852115702, 
    0.27768993929592395, 
    0.20833704476502404, 
    0.16493329385172129, 
    0.15654483691586102
  ], 
  "7": [
    0.00021371624968396206, 
    0.05149434381562156, 
    0.11569967386984169, 
    0.36737805632927467, 
    0.38573760299324933, 
    0.46308236707840406, 
    0.5835816866145287
  ], 
  "6": [
    0.0002718584140495075, 
    0.1221319360165404, 
    0.20807887844931353, 
    0.2588034499329632, 
    0.384027956176294, 
    0.577836174118212, 
    0.347125582815354
  ]
}