{
  "dV_11": 0.13321872504266768, 
  "dV_12": 0.0873666400557031, 
  "dV_13": 0.06684261864494141, 
  "dV_14": 0.06344436887509507, 
  "dV_15": 0.03285368938905037, 
  "dV_16": 0.01760588446505381, 
  "dV_17": 0.01433649868151553, 
  "dV_21": 0.0873666400557031, 
  "dV_22": 0.11452949242591619, 
  "dV_23": 0.06201689831085891, 
  "dV_24": 0.05892457442860003, 
  "dV_25": 0.030460735672035926, 
  "dV_26": 0.01630323573052294, 
  "dV_27": 0.013252024015941973, 
  "dV_31": 0.06684261864494141, 
  "dV_32": 0.06201689831085891, 
  "dV_33": 0.06708175082638634, 
  "dV_34": 0.04521208039817812, 
  "dV_35": 0.023337857014566567, 
  "dV_36": 0.0124874023798895, 
  "dV_37": 0.01016099303130056, 
  "dV_41": 0.06344436887509507, 
  "dV_42": 0.05892457442860003, 
  "dV_43": 0.04521208039817812, 
  "dV_44": 0.0604918546592036, 
  "dV_45": 0.022252722870255443, 
  "dV_46": 0.011891803669464879, 
  "dV_47": 0.009669829815714528, 
  "dV_51": 0.03285368938905037, 
  "dV_52": 0.030460735672035926, 
  "dV_53": 0.023337857014566567, 
  "dV_54": 0.022252722870255443, 
  "dV_55": 0.016300853613714646, 
  "dV_56": 0.006201372785093615, 
  "dV_57": 0.005025482012400469, 
  "dV_61": 0.01760588446505381, 
  "dV_62": 0.01630323573052294, 
  "dV_63": 0.0124874023798895, 
  "dV_64": 0.011891803669464879, 
  "dV_65": 0.006201372785093615, 
  "dV_66": 0.005202636650854204, 
  "dV_67": 0.002729238022886604, 
  "dV_71": 0.01433649868151553, 
  "dV_72": 0.013252024015941973, 
  "dV_73": 0.01016099303130056, 
  "dV_74": 0.009669829815714528, 
  "dV_75": 0.005025482012400469, 
  "dV_76": 0.002729238022886604, 
  "dV_77": 0.004698903733043107
}