{
  "V_11": 2.5663660033768143, 
  "V_12": 4.615117356019326, 
  "V_13": 4.199537872714148, 
  "V_14": 5.308931052207265, 
  "V_15": 2.2241871117598326, 
  "V_16": 0.873077920420875, 
  "V_17": 0.45205783215018436, 
  "V_21": 4.615117356019326, 
  "V_22": 8.115395551161765, 
  "V_23": 7.469261175644765, 
  "V_24": 9.64727370700282, 
  "V_25": 3.95188858192659, 
  "V_26": 1.5251336714953367, 
  "V_27": 0.816187027717778, 
  "V_31": 4.199537872714148, 
  "V_32": 7.469261175644765, 
  "V_33": 6.956134019128843, 
  "V_34": 8.956008257079567, 
  "V_35": 3.6782826652360527, 
  "V_36": 1.3960257886305256, 
  "V_37": 0.7403390314071374, 
  "V_41": 5.308931052207265, 
  "V_42": 9.64727370700282, 
  "V_43": 8.956008257079567, 
  "V_44": 11.377929358592459, 
  "V_45": 4.703594970529194, 
  "V_46": 1.7857202013663214, 
  "V_47": 0.9640417645071627, 
  "V_51": 2.2241871117598326, 
  "V_52": 3.95188858192659, 
  "V_53": 3.6782826652360527, 
  "V_54": 4.703594970529194, 
  "V_55": 1.9375306303629767, 
  "V_56": 0.7382643495714837, 
  "V_57": 0.39073236362765235, 
  "V_61": 0.873077920420875, 
  "V_62": 1.5251336714953367, 
  "V_63": 1.3960257886305256, 
  "V_64": 1.7857202013663214, 
  "V_65": 0.7382643495714837, 
  "V_66": 0.3150353267438809, 
  "V_67": 0.15175319640896662, 
  "V_71": 0.45205783215018436, 
  "V_72": 0.816187027717778, 
  "V_73": 0.7403390314071374, 
  "V_74": 0.9640417645071627, 
  "V_75": 0.39073236362765235, 
  "V_76": 0.15175319640896662, 
  "V_77": 0.1211995226280743
}