{
  "1": 31.32858681411924, 
  "3": 0.05201676118646628, 
  "2": 0.1352367797718792, 
  "4": 0.02784518563111565
}