{
  "1": [
    0.00010442896106944938, 
    0.1243823422623378, 
    0.13730642954370947, 
    0.2761200358507336, 
    0.18935986091316412, 
    0.18199729826498767, 
    0.11201160767037147
  ], 
  "3": [
    7.889291312913982e-05, 
    0.08824402702013658, 
    0.22771936507061946, 
    0.3243991842144552, 
    0.38256108879572404, 
    0.2506881162023554, 
    0.2653747794153143
  ], 
  "2": [
    9.261873109191571e-05, 
    0.14890425070755725, 
    0.17036024213950646, 
    0.2530459473935753, 
    0.2945966084221632, 
    0.21830243240567693, 
    0.18049884114969286
  ], 
  "5": [
    4.579113151407924e-05, 
    0.05583094587646244, 
    0.2161288727928059, 
    0.37777419445946975, 
    0.31636317989277873, 
    0.3959244137024189, 
    0.27027247944609323
  ], 
  "4": [
    7.728475653172994e-05, 
    0.10037032168432934, 
    0.1853391878420819, 
    0.3413549932852817, 
    0.2948676263293672, 
    0.2825805571333904, 
    0.19777332614411494
  ], 
  "7": [
    3.333288266366548e-05, 
    0.02820398300126842, 
    0.12135776919649399, 
    0.29704222172393135, 
    0.41445014011733217, 
    0.33804008738946534, 
    0.37934709576034353
  ], 
  "6": [
    3.154538180626047e-05, 
    0.046840082797636774, 
    0.17244233563680914, 
    0.28827417437404024, 
    0.4021505091973105, 
    0.4072852047296069, 
    0.2589251063001863
  ]
}