{
  "1": [
    -0.41584654666666654, 
    -0.6254759426092766, 
    0.45499265919912374, 
    0.03594701074264369, 
    -0.14411853076216663, 
    -0.03359784901662787, 
    0.0048083863636363905
  ], 
  "3": [
    -0.4481863733333333, 
    0.23849931931931934, 
    -0.2778988969958545, 
    -0.28788952203020474, 
    -0.11220475665748382, 
    -0.2979652756667125, 
    -0.04789947727272734
  ], 
  "2": [
    -0.5588298066666666, 
    -0.2502576443109779, 
    -0.5207417497345259, 
    0.22163382375836857, 
    0.07917209366391163, 
    0.08485580120676163, 
    -0.007424250000000156
  ], 
  "5": [
    -0.20256917333333335, 
    0.4727057524190858, 
    0.03223705340321315, 
    0.19005997976023692, 
    -0.31658880624426183, 
    0.2586748146101056, 
    0.1618880227272729
  ], 
  "4": [
    -0.5167525733333332, 
    0.3377488621955284, 
    0.3882528996677279, 
    -0.14466913436088974, 
    0.24713950413223174, 
    0.13046621988853574, 
    0.03153126515151499
  ], 
  "7": [
    -0.024866493333333257, 
    0.13133376710043382, 
    0.14494867605247852, 
    0.2227034018371476, 
    0.09767992653810856, 
    -0.3707459398461619, 
    0.5049352954545456
  ], 
  "6": [
    -0.07227799999999991, 
    0.26997031698365037, 
    0.21571696297057547, 
    0.2897849836524987, 
    -0.0004840771349865821, 
    -0.14531726313850138, 
    -0.5261255378787889
  ]
}