{
  "1": 2440.273975143421, 
  "3": 0.9082684559093664, 
  "2": 2.04232207421681, 
  "4": 0.30598071355808887
}