{
  "P_1": 141.45444252194463, 
  "P_2": 114.34846355503038, 
  "P_3": 64.5707051316678, 
  "P_4": 54.566568079000675, 
  "P_5": 16.08807004195665, 
  "P_6": 4.9863755984272355, 
  "P_7": 2.138192945682777
}