{"mode1_error": [2.9320940959938857e-06, 1.714101518990012e-06, 1.733009150845672e-06, 1.2524881198479605e-06, 2.808713797164726e-06, 8.287767553934032e-06, 3.3764160931289003e-05], "mode1": [0.003009692816872223, 0.006051092517112413, 0.009904187582329412, 0.01498709195134372, 0.021314427141612403, 0.025190231339424038, 0.02520204523338296]}