{"mode1_error": [3.1477002325271234e-06, 1.7968759307725733e-06, 1.8838368014961312e-06, 1.423275215517397e-06, 3.5611917540085684e-06, 1.2391506329137233e-05, 5.598540241603749e-05], "mode1": [0.009008600766762114, 0.019007596941240608, 0.031025977836528718, 0.0468119326529131, 0.0663200517634784, 0.07951436655334115, 0.08353065107874587]}