{
  "1": [
    0.31612541985855824, 
    0.45253212244430846, 
    0.5178475918304373, 
    0.3695203502309155, 
    -0.5288919493138123, 
    -0.09222208956868834, 
    0.04833602820431108
  ], 
  "2": [
    0.47568190495952667, 
    -0.47486722453819474, 
    -0.5256624624095902, 
    0.27089890883538253, 
    -0.4303456100444675, 
    -0.04133963558932808, 
    0.10776962282370176
  ], 
  "3": [
    0.4546702219124207, 
    0.6000602952366629, 
    -0.44685641797075765, 
    -0.03282956174556672, 
    0.25741492599078425, 
    0.199778628441432, 
    -0.3553452525020588
  ], 
  "4": [
    0.6116687545610433, 
    -0.38385526929208597, 
    0.4840621173799178, 
    -0.015076395151312408, 
    0.47213159871054033, 
    0.13411696806555531, 
    -0.05547457195214867
  ], 
  "5": [
    0.2801996154165874, 
    0.21221162132367893, 
    -0.07614908334855568, 
    -0.48324894658253076, 
    0.07302945071230951, 
    -0.4308131625757796, 
    0.6679767168904458
  ], 
  "6": [
    0.111325961597403, 
    -0.1313921541361065, 
    0.10493098657634742, 
    -0.5894728250951512, 
    -0.3495258272791365, 
    -0.34917271650490056, 
    -0.6064355025472712
  ], 
  "7": [
    0.04497192466404729, 
    -0.0009492835610299396, 
    0.0686065641626674, 
    -0.45580221395148135, 
    -0.34409833861292133, 
    0.790168141739423, 
    0.20674802806155856
  ]
}