{
  "1": 61.404586049927616, 
  "2": 0.17698362445350882, 
  "3": 0.054613831440927747, 
  "4": 0.019158788490425953, 
  "5": 0.0087896767273237565, 
  "6": -0.061645423387035179, 
  "7": -0.16451702399753015
}