{
  "1": 0.0003243625131481301, 
  "3": 0.00033743456272465687, 
  "2": 0.00043875796583994623, 
  "4": 7.070360820321913e-05
}