{
  "1": [
    0.0006739186490353625, 
    0.4121881905986293, 
    0.43172167560346386, 
    0.24796525822408663, 
    0.3188344537320148, 
    0.1716919141854086, 
    0.13446566720214065
  ], 
  "3": [
    0.00043036412063149874, 
    0.4443112625851112, 
    0.42793285570149336, 
    0.26817376620361566, 
    0.23417126018287376, 
    0.26294809505988326, 
    0.19735184632701147
  ], 
  "2": [
    0.0005314764123372361, 
    0.3870642329260764, 
    0.4470533922090573, 
    0.21968997671550491, 
    0.2652759236635411, 
    0.1584384300871754, 
    0.1254652657949939
  ], 
  "5": [
    0.00026833287581294184, 
    0.15174390092049117, 
    0.22918378704723794, 
    0.23976452372240223, 
    0.39590554285663004, 
    0.4608721228052014, 
    0.3626767176361147
  ], 
  "4": [
    0.0004071903054488776, 
    0.3904142164078336, 
    0.34427280835918717, 
    0.2818012549774428, 
    0.2252112336342517, 
    0.17549815018481596, 
    0.1561024159440409
  ], 
  "7": [
    8.951706380140686e-05, 
    0.06770413367465336, 
    0.13326227923475364, 
    0.2646632952235619, 
    0.2620195571914943, 
    0.3449901345663881, 
    0.5784743285657047
  ], 
  "6": [
    0.0001444612943222055, 
    0.12737153655820851, 
    0.1937089105194482, 
    0.32345664462349477, 
    0.3048374559078235, 
    0.4918533395939369, 
    0.32001185570340374
  ]
}