{
  "dV_11": 0.13923216762041873, 
  "dV_12": 0.0819081399808706, 
  "dV_13": 0.0641991491566002, 
  "dV_14": 0.06361429691823381, 
  "dV_15": 0.03530636283024007, 
  "dV_16": 0.019752132593276454, 
  "dV_17": 0.012514310952506002, 
  "dV_21": 0.0819081399808706, 
  "dV_22": 0.09631142807495552, 
  "dV_23": 0.053504430477744835, 
  "dV_24": 0.0530150523777569, 
  "dV_25": 0.029397581239352495, 
  "dV_26": 0.01642575311090894, 
  "dV_27": 0.010413030761780462, 
  "dV_31": 0.0641991491566002, 
  "dV_32": 0.053504430477744835, 
  "dV_33": 0.059220852168596495, 
  "dV_34": 0.04167217651535792, 
  "dV_35": 0.02307612642943357, 
  "dV_36": 0.012892919258092187, 
  "dV_37": 0.00816255442789657, 
  "dV_41": 0.06361429691823381, 
  "dV_42": 0.0530150523777569, 
  "dV_43": 0.04167217651535792, 
  "dV_44": 0.058064347006266774, 
  "dV_45": 0.02295433980365882, 
  "dV_46": 0.012801419066013531, 
  "dV_47": 0.008105132083388245, 
  "dV_51": 0.03530636283024007, 
  "dV_52": 0.029397581239352495, 
  "dV_53": 0.02307612642943357, 
  "dV_54": 0.02295433980365882, 
  "dV_55": 0.01797551995014717, 
  "dV_56": 0.007144524398439958, 
  "dV_57": 0.004523957607237603, 
  "dV_61": 0.019752132593276454, 
  "dV_62": 0.01642575311090894, 
  "dV_63": 0.012892919258092187, 
  "dV_64": 0.012801419066013531, 
  "dV_65": 0.007144524398439958, 
  "dV_66": 0.005727665286120583, 
  "dV_67": 0.0025597849288723665, 
  "dV_71": 0.012514310952506002, 
  "dV_72": 0.010413030761780462, 
  "dV_73": 0.00816255442789657, 
  "dV_74": 0.008105132083388245, 
  "dV_75": 0.004523957607237603, 
  "dV_76": 0.0025597849288723665, 
  "dV_77": 0.0026919218629069697
}