{
  "1": [
    9.100431648225559e-05, 
    0.10211946960472441, 
    0.2695566307306413, 
    0.49407931756154877, 
    0.3518832396703348, 
    0.3004284951946489, 
    0.2067734745757803
  ], 
  "3": [
    6.588309410009929e-05, 
    0.05985302592833373, 
    0.22022432640501077, 
    0.34268799337739825, 
    0.4725249204886602, 
    0.2638508241099622, 
    0.25621333762376264
  ], 
  "2": [
    8.048671365727122e-05, 
    0.05156083643375602, 
    0.16799086409579259, 
    0.24781630947121766, 
    0.2364514756277674, 
    0.14739563329719801, 
    0.14053383855778553
  ], 
  "5": [
    4.077183991403356e-05, 
    0.04769213736920731, 
    0.1863895890921437, 
    0.3121752643659559, 
    0.3336508905163935, 
    0.25461961063581817, 
    0.3497549137216893
  ], 
  "4": [
    6.284376368345382e-05, 
    0.033802212916958375, 
    0.1673988281550317, 
    0.23115132668836855, 
    0.2728097351741647, 
    0.15405323961986542, 
    0.1701294099561341
  ], 
  "7": [
    1.3219346093928449e-05, 
    0.022491738419321932, 
    0.13190174937345653, 
    0.21674253565321056, 
    0.29724357624890047, 
    0.4243775548003921, 
    0.35111567755952366
  ], 
  "6": [
    2.6157450561311876e-05, 
    0.03546227553738493, 
    0.19503754098870504, 
    0.3258233177638996, 
    0.3153234960284272, 
    0.368222727850671, 
    0.29557348419173685
  ]
}