{
  "1": 0.009346090028731475, 
  "3": 0.003527621608079766, 
  "2": 0.004912879551853241, 
  "4": 0.0008404163986455
}