{
  "dV_11": 0.04674790530917258, 
  "dV_12": 0.032600856505097794, 
  "dV_13": 0.024883377666186233, 
  "dV_14": 0.024574871289856894, 
  "dV_15": 0.012035529024662199, 
  "dV_16": 0.006263220852058153, 
  "dV_17": 0.0044865069051542115, 
  "dV_21": 0.032600856505097794, 
  "dV_22": 0.04448144022676623, 
  "dV_23": 0.024484615874719402, 
  "dV_24": 0.024142635544970596, 
  "dV_25": 0.011834711017814864, 
  "dV_26": 0.0061721539112372485, 
  "dV_27": 0.004418019416384418, 
  "dV_31": 0.024883377666186233, 
  "dV_32": 0.024484615874719402, 
  "dV_33": 0.0259120698300441, 
  "dV_34": 0.0185225379852938, 
  "dV_35": 0.0090652984804161, 
  "dV_36": 0.0047247697209188465, 
  "dV_37": 0.003381457162049272, 
  "dV_41": 0.024574871289856894, 
  "dV_42": 0.024142635544970596, 
  "dV_43": 0.0185225379852938, 
  "dV_44": 0.0250365516819537, 
  "dV_45": 0.009046882994388616, 
  "dV_46": 0.0047043902539110035, 
  "dV_47": 0.003361121448861954, 
  "dV_51": 0.012035529024662199, 
  "dV_52": 0.011834711017814864, 
  "dV_53": 0.0090652984804161, 
  "dV_54": 0.009046882994388616, 
  "dV_55": 0.0061843034802285, 
  "dV_56": 0.0023179552041714653, 
  "dV_57": 0.0016535932843746836, 
  "dV_61": 0.006263220852058153, 
  "dV_62": 0.0061721539112372485, 
  "dV_63": 0.0047247697209188465, 
  "dV_64": 0.0047043902539110035, 
  "dV_65": 0.0023179552041714653, 
  "dV_66": 0.0017943770396575607, 
  "dV_67": 0.0008698086282261421, 
  "dV_71": 0.0044865069051542115, 
  "dV_72": 0.004418019416384418, 
  "dV_73": 0.003381457162049272, 
  "dV_74": 0.003361121448861954, 
  "dV_75": 0.0016535932843746836, 
  "dV_76": 0.0008698086282261421, 
  "dV_77": 0.0011713886929171423
}