{
  "1": [
    6.181980653128978e-05, 
    0.16434772687518862, 
    0.28176159797264466, 
    0.4117903443260093, 
    0.12529377100481046, 
    0.15963436866810762, 
    0.13944616407070964
  ], 
  "3": [
    4.661508668757728e-05, 
    0.10161583261468068, 
    0.35242966687548793, 
    0.19329868634464784, 
    0.2212553563067037, 
    0.2401503369810129, 
    0.24538329820564095
  ], 
  "2": [
    5.5501341748902665e-05, 
    0.16783207505357825, 
    0.2122748167703908, 
    0.3075026344887067, 
    0.0801768850184731, 
    0.10842279860617354, 
    0.08707442939936356
  ], 
  "5": [
    2.853470067203948e-05, 
    0.07225530116712213, 
    0.22606482150524282, 
    0.21189367750256188, 
    0.35374895628461367, 
    0.3140847129607911, 
    0.42332094832681705
  ], 
  "4": [
    4.447383180367455e-05, 
    0.09482905005995934, 
    0.31949174059425206, 
    0.17235851147969428, 
    0.14387553703769843, 
    0.22959381977630927, 
    0.17500755346254787
  ], 
  "7": [
    0.0, 
    0.020242888938834486, 
    0.07265237690753529, 
    0.10192252840936111, 
    0.4403828099129041, 
    0.4093548573959103, 
    0.4711490272893055
  ], 
  "6": [
    2.7058455259485943e-05, 
    0.038379909246738654, 
    0.23670917905323885, 
    0.19375833678845641, 
    0.25952457355763997, 
    0.4672990463915107, 
    0.3441952078511148
  ]
}