{
  "1": [
    -0.28338835333333334, 
    -0.4674892901203704, 
    0.5891505250826322, 
    -0.032457569628788006, 
    -0.08412261892112062, 
    -0.10373926122260137, 
    0.004630675499822681
  ], 
  "3": [
    -0.4686601066666668, 
    0.37379676236204135, 
    -0.05195427387975339, 
    -0.4240530190030757, 
    -0.09038079906492359, 
    -0.26836416761327575, 
    0.15356482905477348
  ], 
  "2": [
    -0.49939429999999996, 
    -0.6205505551665491, 
    -0.4171874607756999, 
    0.02198037753339251, 
    -0.0015690539439662048, 
    -0.004287917034793158, 
    -0.021413498166331566
  ], 
  "5": [
    -0.26157292, 
    0.05582441065653035, 
    0.0877777373331661, 
    -0.3040167319765705, 
    0.12580712287039986, 
    0.5189594976650269, 
    0.06445529003509609
  ], 
  "4": [
    -0.6095854599999999, 
    0.4088543129605552, 
    0.06742268942722061, 
    0.3878708170058561, 
    0.057561346651082236, 
    0.030111746392359914, 
    -0.22073965456051084
  ], 
  "7": [
    -0.03389999999999992, 
    -0.046763799139741824, 
    0.026384004853353512, 
    0.09709571061391312, 
    0.6560382920695637, 
    -0.10069818250662665, 
    0.18180464923695705
  ], 
  "6": [
    -0.0974194666666666, 
    0.050812580440798956, 
    0.00798305928622207, 
    0.37724675767918125, 
    -0.23877883682215809, 
    0.06798278850603652, 
    0.502477854016326
  ]
}