{
  "1": 384.8418280079063, 
  "3": 1.5739671062547116, 
  "2": 4.022466717501633, 
  "4": 0.8794376837803376
}