{
  "P_1": 1677.330433899333, 
  "P_2": 1344.0579972205378, 
  "P_3": 757.0728549120679, 
  "P_4": 646.3914959066101, 
  "P_5": 195.52168971093593, 
  "P_6": 60.75080609460279, 
  "P_7": 19.924031989084295
}