{
  "1": 0.0023409427954516728, 
  "3": 0.0014811835006144595, 
  "2": 0.002702283111576495, 
  "4": 0.0008070228880223922
}