{
  "1": [
    -0.3851161533333335, 
    0.6293787800000001, 
    0.4453114722753342, 
    -0.23671137010863677, 
    -0.0683728510774656, 
    -0.11656798538715141, 
    -0.0011096813725489753
  ], 
  "3": [
    -0.4479090066666664, 
    -0.2067178866666662, 
    0.31087188286203044, 
    0.5004123299230039, 
    0.1906136105102944, 
    0.09380110487391981, 
    -0.0841643995098042
  ], 
  "2": [
    -0.5476221333333336, 
    0.3909317200000004, 
    -0.5608979336486525, 
    0.08016378370776633, 
    0.06657144115997761, 
    0.10715308740978356, 
    0.02044767156862761
  ], 
  "5": [
    -0.23560550000000008, 
    -0.3016371600000008, 
    -0.08511649726610993, 
    -0.37020920085785564, 
    0.2975324601457982, 
    -0.2712113249576739, 
    -0.22459419424019517
  ], 
  "4": [
    -0.5308838266666666, 
    -0.5168168266666653, 
    0.008213635906209146, 
    -0.09262025454417534, 
    -0.339769254185693, 
    -0.10995092221331167, 
    0.14180396752450977
  ], 
  "7": [
    -0.04845345999999995, 
    -0.09544678666666652, 
    0.0856772701351851, 
    -0.1813693105509266, 
    0.343159352719699, 
    0.18241997683328873, 
    0.41395087316176554
  ], 
  "6": [
    -0.10698601333333327, 
    -0.13022349333333333, 
    0.07439752104927722, 
    -0.2959084168336692, 
    -0.01717307538251933, 
    0.5383367816091964, 
    -0.14430592064951073
  ]
}