{
  "1": [
    3.9808027515122704e-05, 
    0.049969285061242354, 
    0.21394402678965369, 
    0.19553156220669923, 
    0.24463305480264086, 
    0.20829340600446472, 
    0.1779753207669111
  ], 
  "3": [
    3.1945092198848335e-05, 
    0.05025532848573125, 
    0.2896714035364986, 
    0.33557818417007557, 
    0.4017486662461033, 
    0.3571890421371269, 
    0.25916727484659957
  ], 
  "2": [
    3.7021640350390406e-05, 
    0.048439690582475124, 
    0.1871990612488152, 
    0.21959201301950168, 
    0.21966505448023654, 
    0.19150794065866633, 
    0.18069505667163016
  ], 
  "5": [
    1.7106723694775342e-05, 
    0.03126094498758789, 
    0.16285677932675305, 
    0.2656059078188052, 
    0.34440827237535127, 
    0.3156615086657656, 
    0.4536081432930354
  ], 
  "4": [
    3.1262359183805264e-05, 
    0.03844355463115716, 
    0.2325006063895615, 
    0.3213919318879036, 
    0.3849985299170081, 
    0.32213145020977624, 
    0.2304969778234183
  ], 
  "7": [
    0.0, 
    0.01577847505769625, 
    0.2159713808704531, 
    0.406348126565735, 
    0.4809230536434548, 
    0.3703764054579709, 
    0.4389378810925489
  ], 
  "6": [
    7.465092186501975e-06, 
    0.025866961742789144, 
    0.16865769649556914, 
    0.26067414960545743, 
    0.365364586097007, 
    0.41451041901574004, 
    0.5699739918840899
  ]
}