{
  "dV_11": 0.6506640722121343, 
  "dV_12": 0.45735340494530974, 
  "dV_13": 0.3502426156301618, 
  "dV_14": 0.35105627929826216, 
  "dV_15": 0.17073932857461704, 
  "dV_16": 0.08637153465763983, 
  "dV_17": 0.046710374909409845, 
  "dV_21": 0.45735340494530974, 
  "dV_22": 0.6268418161114099, 
  "dV_23": 0.3456091381550619, 
  "dV_24": 0.3446571931249316, 
  "dV_25": 0.1682812218960752, 
  "dV_26": 0.08558117689908419, 
  "dV_27": 0.046440377346157954, 
  "dV_31": 0.3502426156301618, 
  "dV_32": 0.3456091381550619, 
  "dV_33": 0.36682100579472954, 
  "dV_34": 0.26482981613700557, 
  "dV_35": 0.12915143595518558, 
  "dV_36": 0.06568720315677659, 
  "dV_37": 0.035656789848057736, 
  "dV_41": 0.35105627929826216, 
  "dV_42": 0.3446571931249316, 
  "dV_43": 0.26482981613700557, 
  "dV_44": 0.36089164593864065, 
  "dV_45": 0.13009186639087017, 
  "dV_46": 0.06623237329409347, 
  "dV_47": 0.035973089065575024, 
  "dV_51": 0.17073932857461704, 
  "dV_52": 0.1682812218960752, 
  "dV_53": 0.12915143595518558, 
  "dV_54": 0.13009186639087017, 
  "dV_55": 0.08838762517321974, 
  "dV_56": 0.032320321683496536, 
  "dV_57": 0.017434529913186843, 
  "dV_61": 0.08637153465763983, 
  "dV_62": 0.08558117689908419, 
  "dV_63": 0.06568720315677659, 
  "dV_64": 0.06623237329409347, 
  "dV_65": 0.032320321683496536, 
  "dV_66": 0.022870841166768973, 
  "dV_67": 0.008796510456244319, 
  "dV_71": 0.046710374909409845, 
  "dV_72": 0.046440377346157954, 
  "dV_73": 0.035656789848057736, 
  "dV_74": 0.035973089065575024, 
  "dV_75": 0.017434529913186843, 
  "dV_76": 0.008796510456244319, 
  "dV_77": 0.006693241381519874
}