{
  "1": 3712.7262422783474, 
  "3": 0.1449561384136231, 
  "2": 1.424576840985935, 
  "4": 0.006835606619145575
}