{
  "1": [
    6.624868973198414e-05, 
    0.1026514510398777, 
    0.14310696839527656, 
    0.16064164104713025, 
    0.12724496207111197, 
    0.12527236431845679, 
    0.08336747966299318
  ], 
  "3": [
    4.948272687955391e-05, 
    0.13623361928101832, 
    0.23940730086750342, 
    0.2906831457017006, 
    0.30601053752781743, 
    0.2981415419279458, 
    0.19013189717259335
  ], 
  "2": [
    5.915692070993695e-05, 
    0.1216004633050976, 
    0.18515553442117405, 
    0.25864368298124957, 
    0.20621731106126895, 
    0.20376363609961823, 
    0.1530745994907098
  ], 
  "5": [
    3.387044326071236e-05, 
    0.07321334729126909, 
    0.17768720624792786, 
    0.37853446542597613, 
    0.3603119961385447, 
    0.3600592746029337, 
    0.3010005340816824
  ], 
  "4": [
    4.6843109112382485e-05, 
    0.09855864393816782, 
    0.14269392175267112, 
    0.2742020193616234, 
    0.2525973570515445, 
    0.24483599141415582, 
    0.21651786126409966
  ], 
  "7": [
    0.0, 
    0.016548931538671558, 
    0.029441231224547747, 
    0.10114524119495541, 
    0.29183680433959786, 
    0.5089111294351909, 
    0.40763474076652234
  ], 
  "6": [
    7.139097161707894e-06, 
    0.03486390286834338, 
    0.06255029293419266, 
    0.33156077697515957, 
    0.4551995769668093, 
    0.39646261499925306, 
    0.38096033199950047
  ]
}