{"mode1_error": [0.0, 0.0, 0.0, 0.0, 0.0, 0.0, 0.0], "mode2": [3e-05, 0.00036, -9e-05, -0.00035, -0.00118, -0.00374, -0.00801], "mode2_error": [0.0, 0.0, 0.0, 0.0, 0.0, 0.0, 0.0], "mode1": [0.0059, 0.01294, 0.02161, 0.03297, 0.04683, 0.05601, 0.05897]}