{
  "1": [
    5.408716257412471e-05, 
    0.13975369455135664, 
    0.34815901738274424, 
    0.355152997502054, 
    0.32393457815825366, 
    0.28106665622810434, 
    0.20808286496963554
  ], 
  "3": [
    4.3733575673597946e-05, 
    0.10959024662898587, 
    0.35933073653154113, 
    0.3812182221221959, 
    0.42306103469275297, 
    0.25362716303919264, 
    0.25310565678628527
  ], 
  "2": [
    4.9324672961630355e-05, 
    0.11761860899960994, 
    0.2806983109316119, 
    0.3586459185333818, 
    0.2894353996684968, 
    0.20355807462285422, 
    0.16303780844335364
  ], 
  "5": [
    2.6323360316047932e-05, 
    0.07789582641623989, 
    0.33087625597458503, 
    0.30987629101507985, 
    0.36386093136175085, 
    0.30722522376719985, 
    0.32962129429599424
  ], 
  "4": [
    4.323943791473017e-05, 
    0.0932192621441411, 
    0.33107631378659236, 
    0.25429436979139164, 
    0.32446492776683056, 
    0.2218619059759407, 
    0.18783319726246134
  ], 
  "7": [
    0.0, 
    0.03575248588296919, 
    0.16215696843441818, 
    0.21570901968693845, 
    0.33651198929060866, 
    0.4726909450152674, 
    0.29375997263167286
  ], 
  "6": [
    9.078127550387075e-06, 
    0.05967530049108339, 
    0.2627676676019831, 
    0.36096629883468534, 
    0.26816804966924174, 
    0.4735460521800621, 
    0.35412926369256736
  ]
}