{
  "V_10_1": 2.096426791557082, 
  "V_10_10": 0.20983676831943995, 
  "V_10_11": 0.11225654186042902, 
  "V_10_2": 2.8422014293897635, 
  "V_10_3": 2.3524208325218314, 
  "V_10_4": 2.8849726530711526, 
  "V_10_5": 1.2664058490859305, 
  "V_10_6": 0.5297216396645916, 
  "V_10_7": 0.2387086901932267, 
  "V_10_8": 0.14541186628372701, 
  "V_10_9": 0.12136187032885405, 
  "V_11_1": 1.4055974522489214, 
  "V_11_10": 0.11225654186042902, 
  "V_11_11": 0.22685027092122062, 
  "V_11_2": 1.938526276111535, 
  "V_11_3": 1.6165566940189424, 
  "V_11_4": 1.9634845358063908, 
  "V_11_5": 0.88710255086016, 
  "V_11_6": 0.38418975681172873, 
  "V_11_7": 0.18576281029942335, 
  "V_11_8": 0.12478943901309546, 
  "V_11_9": 0.1093340780339056, 
  "V_1_1": 95.65039757788112, 
  "V_1_10": 2.096426791557082, 
  "V_1_11": 1.4055974522489214, 
  "V_1_2": 129.2616547994697, 
  "V_1_3": 106.22237247834072, 
  "V_1_4": 127.97186912675178, 
  "V_1_5": 54.00223950176454, 
  "V_1_6": 20.823170856099814, 
  "V_1_7": 8.481943967513631, 
  "V_1_8": 4.593292012949172, 
  "V_1_9": 3.0418473692052004, 
  "V_2_1": 129.2616547994697, 
  "V_2_10": 2.8422014293897635, 
  "V_2_11": 1.938526276111535, 
  "V_2_2": 175.18926662810432, 
  "V_2_3": 143.78753669229346, 
  "V_2_4": 173.2735861552778, 
  "V_2_5": 73.17989912673757, 
  "V_2_6": 28.23935362167887, 
  "V_2_7": 11.512809316641308, 
  "V_2_8": 6.236773968512027, 
  "V_2_9": 4.1220443572778205, 
  "V_3_1": 106.22237247834072, 
  "V_3_10": 2.3524208325218314, 
  "V_3_11": 1.6165566940189424, 
  "V_3_2": 143.78753669229346, 
  "V_3_3": 118.06058337263592, 
  "V_3_4": 142.4101517936277, 
  "V_3_5": 60.133445026315144, 
  "V_3_6": 23.208282909898955, 
  "V_3_7": 9.453874088380164, 
  "V_3_8": 5.124092028282132, 
  "V_3_9": 3.397509261021699, 
  "V_4_1": 127.97186912675178, 
  "V_4_10": 2.8849726530711526, 
  "V_4_11": 1.9634845358063908, 
  "V_4_2": 173.2735861552778, 
  "V_4_3": 142.4101517936277, 
  "V_4_4": 171.7545077459655, 
  "V_4_5": 72.58260412265302, 
  "V_4_6": 28.022345628918163, 
  "V_4_7": 11.433752312473958, 
  "V_4_8": 6.2104495125771875, 
  "V_4_9": 4.14935030521005, 
  "V_5_1": 54.00223950176454, 
  "V_5_10": 1.2664058490859305, 
  "V_5_11": 0.88710255086016, 
  "V_5_2": 73.17989912673757, 
  "V_5_3": 60.133445026315144, 
  "V_5_4": 72.58260412265302, 
  "V_5_5": 30.750202528395185, 
  "V_5_6": 11.905649987437869, 
  "V_5_7": 4.872836646884501, 
  "V_5_8": 2.6592194749584066, 
  "V_5_9": 1.7909703112416961, 
  "V_6_1": 20.823170856099814, 
  "V_6_10": 0.5297216396645916, 
  "V_6_11": 0.38418975681172873, 
  "V_6_2": 28.23935362167887, 
  "V_6_3": 23.208282909898955, 
  "V_6_4": 28.022345628918163, 
  "V_6_5": 11.905649987437869, 
  "V_6_6": 4.694431016725146, 
  "V_6_7": 1.9170517996438867, 
  "V_6_8": 1.0573245494417172, 
  "V_6_9": 0.7245763744871416, 
  "V_7_1": 8.481943967513631, 
  "V_7_10": 0.2387086901932267, 
  "V_7_11": 0.18576281029942335, 
  "V_7_2": 11.512809316641308, 
  "V_7_3": 9.453874088380164, 
  "V_7_4": 11.433752312473958, 
  "V_7_5": 4.872836646884501, 
  "V_7_6": 1.9170517996438867, 
  "V_7_7": 0.9343199990146961, 
  "V_7_8": 0.44572830576889844, 
  "V_7_9": 0.3120560869648475, 
  "V_8_1": 4.593292012949172, 
  "V_8_10": 0.14541186628372701, 
  "V_8_11": 0.12478943901309546, 
  "V_8_2": 6.236773968512027, 
  "V_8_3": 5.124092028282132, 
  "V_8_4": 6.2104495125771875, 
  "V_8_5": 2.6592194749584066, 
  "V_8_6": 1.0573245494417172, 
  "V_8_7": 0.44572830576889844, 
  "V_8_8": 0.36048823790437867, 
  "V_8_9": 0.18111896702517372, 
  "V_9_1": 3.0418473692052004, 
  "V_9_10": 0.12136187032885405, 
  "V_9_11": 0.1093340780339056, 
  "V_9_2": 4.1220443572778205, 
  "V_9_3": 3.397509261021699, 
  "V_9_4": 4.14935030521005, 
  "V_9_5": 1.7909703112416961, 
  "V_9_6": 0.7245763744871416, 
  "V_9_7": 0.3120560869648475, 
  "V_9_8": 0.18111896702517372, 
  "V_9_9": 0.22710357937841813
}