{
  "1": 596.6728603607328, 
  "3": 0.2068577165496446, 
  "2": 0.5619435288374098, 
  "4": 0.1639047129501611
}