{
  "P_1": 1264.6861310828554, 
  "P_10": 2.0902443763321186, 
  "P_11": 1.5354258671794385, 
  "P_2": 1051.0046773224833, 
  "P_3": 619.1352802684542, 
  "P_4": 561.9116258432991, 
  "P_5": 185.06568205006099, 
  "P_6": 62.31093592760296, 
  "P_7": 22.019345292678064, 
  "P_8": 8.38007558561009, 
  "P_9": 3.655079257973732
}