{
  "1": [
    2.9210433334112608e-05, 
    0.08238951394154727, 
    0.371059485966848, 
    0.26652150881905934, 
    0.20234833831233023, 
    0.13062113259114685, 
    0.11782350968503907
  ], 
  "3": [
    1.2341075444196213e-05, 
    0.06886230951931618, 
    0.19411092167212626, 
    0.35842354498171364, 
    0.13389338405238044, 
    0.1808932449629827, 
    0.1907931545465623
  ], 
  "2": [
    1.7510070721179523e-05, 
    0.06403465197856846, 
    0.26024469192616095, 
    0.17958996891182744, 
    0.15388381260238448, 
    0.11542658683157277, 
    0.13918364934532226
  ], 
  "5": [
    0.0, 
    0.06676162579900179, 
    0.11223485329542328, 
    0.26640140992498684, 
    0.18887545257655047, 
    0.2745210431419483, 
    0.3647177812600825
  ], 
  "4": [
    2.003550754677501e-05, 
    0.04521518213934838, 
    0.17145257448735188, 
    0.2705035927089305, 
    0.10248530533300858, 
    0.10070360255785901, 
    0.12117283174851536
  ], 
  "7": [
    0.0, 
    0.014130607980663538, 
    0.021803717385557107, 
    0.1199009974913938, 
    0.1993134575283328, 
    0.43928829357790283, 
    0.5484492497651124
  ], 
  "6": [
    0.0, 
    0.03530937991606221, 
    0.05721170973893173, 
    0.20435329759687026, 
    0.2404406127098202, 
    0.513936888306509, 
    0.32788772309622866
  ]
}