{
  "1": [
    -0.3851165800000001, 
    0.6304278133333338, 
    0.4464778874895032, 
    -0.23704543671639644, 
    -0.06821431641791056, 
    -0.11898236496090929, 
    -0.00021877245280146364
  ], 
  "3": [
    -0.4479608400000003, 
    -0.20578554666666632, 
    0.3129024047019311, 
    0.5050511241857537, 
    0.19098465671641843, 
    0.09989761904761912, 
    -0.08689208897041971
  ], 
  "2": [
    -0.5475586933333331, 
    0.38982206666666674, 
    -0.5639405776658295, 
    0.08022453596694011, 
    0.0662527243781096, 
    0.10603545664534494, 
    0.019108759458839667
  ], 
  "5": [
    -0.23563211999999994, 
    -0.3006832733333342, 
    -0.08464116540722079, 
    -0.373391013518246, 
    0.2928846766169154, 
    -0.27124132018479075, 
    -0.23357714591454545
  ], 
  "4": [
    -0.5308874799999997, 
    -0.5176128866666677, 
    0.008330817800167794, 
    -0.0940800098059814, 
    -0.3397941293532346, 
    -0.1121689587775413, 
    0.14820156691890232
  ], 
  "7": [
    -0.048456453333333295, 
    -0.09540915999999992, 
    0.08587108312342585, 
    -0.1822798837290751, 
    0.3522138149253744, 
    0.17351103411513885, 
    0.4031332645417723
  ], 
  "6": [
    -0.10700924666666659, 
    -0.1293613999999999, 
    0.07558197481108302, 
    -0.2996416824262811, 
    -0.011757751243781488, 
    0.542203766879886, 
    -0.13622893831690042
  ]
}