{
  "1": 78.45725546889788, 
  "3": 0.569758255606074, 
  "2": 2.5098251859172054, 
  "4": 0.17394647922232218
}