{"mode1_error": [5e-06, 5e-06, 7e-06, 8e-06, 1.7e-05, 2.9e-05, 6.3e-05], "mode2": [0.00031, 2e-05, -5e-05, -0.00024, -0.00085, -0.00059, -0.00337], "mode2_error": [7e-05, 9.8e-05, 0.000206, 0.000209, 0.000382, 0.000696, 0.001773], "mode1": [0.00659, 0.01452, 0.02426, 0.03694, 0.05244, 0.06264, 0.06573]}