{
  "1": 1467.2255264039479, 
  "2": 14.211165012498562, 
  "3": 0.68125378425422323, 
  "4": 0.26203577665850825, 
  "5": 0.086386227529927362, 
  "6": -0.056589206284594663, 
  "7": -0.095856804577529195
}