{
  "1": [
    -0.49714882666666654, 
    -0.06901005999999989, 
    -0.0787016133333335, 
    0.08952713999999999, 
    0.25020744666666683, 
    0.3947271266666668, 
    0.31790064
  ], 
  "3": [
    -0.2828966466666667, 
    0.061497786666666755, 
    -0.029479366666666625, 
    0.007723026666666724, 
    0.6166681200000002, 
    -0.2007663333333332, 
    -0.627149313333333
  ], 
  "2": [
    -0.46171221333333334, 
    -0.025529313333333258, 
    -0.09988704666666673, 
    -0.12093486000000009, 
    -0.23482601999999989, 
    -0.45709745333333324, 
    0.11579483333333342
  ], 
  "5": [
    -0.4402234666666668, 
    -0.08165806666666679, 
    0.16609394666666677, 
    0.0009322533333334492, 
    0.14454224666666668, 
    -0.19346042666666663, 
    0.050616506666666713
  ], 
  "4": [
    -0.17453674666666663, 
    -0.060786039999999944, 
    -0.006674673333333178, 
    0.06765815333333339, 
    -0.6116631800000004, 
    0.07768945333333342, 
    -0.64205802
  ], 
  "7": [
    -0.3976695, 
    0.15158836666666672, 
    0.037278740000000116, 
    0.07227325333333333, 
    -0.31846850000000015, 
    -0.14837853333333342, 
    0.23926757333333343
  ], 
  "6": [
    -0.27790642, 
    0.054167953333333324, 
    0.02432954000000002, 
    -0.11422340666666646, 
    -0.0743089533333333, 
    0.7276370933333335, 
    -0.14196036000000012
  ]
}