{
  "1": 0.0012498072076259133, 
  "3": 0.000793093479542667, 
  "2": 0.0019446139594424322, 
  "4": 0.0002513619645552308
}