{
  "1": [
    0.0001768934230551911, 
    0.13037624226662073, 
    0.37073760676953743, 
    0.21056951847410868, 
    0.25756327206232815, 
    0.18225517214909817, 
    0.1402564592615309
  ], 
  "3": [
    0.0001254791303571124, 
    0.12270467604676873, 
    0.4038191998116328, 
    0.31266226769901906, 
    0.31388655882556915, 
    0.21332386964057945, 
    0.1751486906358223
  ], 
  "2": [
    0.00015409066896858917, 
    0.1260826530251034, 
    0.22721116821152623, 
    0.2568312022970639, 
    0.22410440430656559, 
    0.18722643773924363, 
    0.15127234977634937
  ], 
  "5": [
    7.475705986012707e-05, 
    0.08301841138240969, 
    0.22515076754231575, 
    0.40303458519986934, 
    0.40029608050435117, 
    0.257378717467521, 
    0.40839610454023795
  ], 
  "4": [
    0.00011998279504286682, 
    0.1364972405811099, 
    0.20639845729401493, 
    0.304595570378595, 
    0.32354491448799816, 
    0.24665967383280948, 
    0.23971088085283204
  ], 
  "7": [
    3.12359650261826e-05, 
    0.033196895707655265, 
    0.18354351238680228, 
    0.32193183523584706, 
    0.2797728437145639, 
    0.5153845436023313, 
    0.37553744534601285
  ], 
  "6": [
    4.1275851961484834e-05, 
    0.05055204201803569, 
    0.22781328681123234, 
    0.37727274945774375, 
    0.30578297150967826, 
    0.42838465322208147, 
    0.3344886785648669
  ]
}