{
  "1": [
    -0.28569915333333334, 
    0.6778640249807966, 
    0.09011616210937498, 
    0.30761017941454216, 
    -0.11772641170915929, 
    0.007001121076233192, 
    0.0269253620482177
  ], 
  "3": [
    -0.4713672333333333, 
    0.3293143739772239, 
    0.24296090494791672, 
    -0.3798148347497644, 
    -0.04842537299339006, 
    -0.021375464445868197, 
    0.03865877007344697
  ], 
  "2": [
    -0.5042737266666666, 
    -0.5834939885782969, 
    0.2876317464192712, 
    0.13399978281397545, 
    -0.21467142587346583, 
    0.010884283578902539, 
    -0.033182833312585605
  ], 
  "5": [
    -0.25556042666666656, 
    -0.03159531443075168, 
    -0.3441069173177092, 
    -0.04517369216241676, 
    -0.1122683191690272, 
    -0.43322420456972216, 
    0.0009421511266034573
  ], 
  "4": [
    -0.6056689066666667, 
    -0.08444062051230622, 
    -0.2714233723958332, 
    0.08285703493862118, 
    0.37381586402266287, 
    0.13638882126841798, 
    0.02418381260633215
  ], 
  "7": [
    -0.031921506666666585, 
    -0.04631632434959757, 
    -0.22603032226562544, 
    -0.08863910292728992, 
    -0.24790314447592118, 
    0.17656751014307062, 
    0.509340814971575
  ], 
  "6": [
    -0.09344685999999992, 
    0.0646555889523428, 
    -0.27554558105468735, 
    -0.1309548819641181, 
    -0.2685750141643061, 
    0.2681746636771302, 
    -0.4315933565708118
  ]
}