{
  "1": 3751.9663916037284, 
  "2": 1.3507347265632315, 
  "3": 0.22835641055707476, 
  "4": 0.14617548664571897, 
  "5": 0.077574984311029119, 
  "6": -0.010418912558654245, 
  "7": -0.076280877559462001
}