{
  "1": 0.0014320864749027735, 
  "3": 0.0009488322756708626, 
  "2": 0.0011107898398634605, 
  "4": 0.0007927770323218033
}