{
  "V_11": 657.0080150923251, 
  "V_12": 880.6322427626691, 
  "V_13": 703.7654548735758, 
  "V_14": 805.7006680551782, 
  "V_15": 313.25497450978605, 
  "V_16": 110.65897646968465, 
  "V_17": 37.60190242701922, 
  "V_21": 880.6322427626691, 
  "V_22": 1180.7937091996873, 
  "V_23": 943.6882866846105, 
  "V_24": 1080.8150956509876, 
  "V_25": 420.19357883282106, 
  "V_26": 148.54790825595828, 
  "V_27": 50.53098861248532, 
  "V_31": 703.7654548735758, 
  "V_32": 943.6882866846105, 
  "V_33": 754.4885953380708, 
  "V_34": 864.1468170475151, 
  "V_35": 336.06039714792297, 
  "V_36": 118.77070163100447, 
  "V_37": 40.441759008318265, 
  "V_41": 805.7006680551782, 
  "V_42": 1080.8150956509876, 
  "V_43": 864.1468170475151, 
  "V_44": 990.1291578821575, 
  "V_45": 385.27179311223847, 
  "V_46": 136.2560018656744, 
  "V_47": 46.400787871880645, 
  "V_51": 313.25497450978605, 
  "V_52": 420.19357883282106, 
  "V_53": 336.06039714792297, 
  "V_54": 385.27179311223847, 
  "V_55": 150.0902829518484, 
  "V_56": 53.161335456555264, 
  "V_57": 18.14643011040506, 
  "V_61": 110.65897646968465, 
  "V_62": 148.54790825595828, 
  "V_63": 118.77070163100447, 
  "V_64": 136.2560018656744, 
  "V_65": 53.161335456555264, 
  "V_66": 18.90516756685073, 
  "V_67": 6.501629361668597, 
  "V_71": 37.60190242701922, 
  "V_72": 50.53098861248532, 
  "V_73": 40.441759008318265, 
  "V_74": 46.400787871880645, 
  "V_75": 18.14643011040506, 
  "V_76": 6.501629361668597, 
  "V_77": 2.2676053907479115
}