{
  "1": [
    -0.41831984, 
    -0.5347197533333332, 
    -0.2727005154639159, 
    0.11507172486071995, 
    -0.10106603287473653, 
    0.0330785848065415, 
    0.0036247659444380155
  ], 
  "3": [
    -0.44840862, 
    0.02276728, 
    0.2417422762232044, 
    0.2350310386673289, 
    0.1608327974442215, 
    -0.1562336713717963, 
    -0.02532559516985703
  ], 
  "2": [
    -0.5609532333333332, 
    -0.2954954266666665, 
    0.05078510063819258, 
    -0.2625172541232274, 
    0.09492548564950828, 
    0.035307098807729365, 
    0.005317180633574129
  ], 
  "5": [
    -0.19976462, 
    0.47840586000000085, 
    -0.2109726476845025, 
    0.06077312041480496, 
    0.168656026176122, 
    0.27397414005755794, 
    0.12658430585807676
  ], 
  "4": [
    -0.5136144600000001, 
    0.5033929866666665, 
    0.07201715758468338, 
    -0.019653544045451974, 
    -0.23189818622146632, 
    -0.00533416929331664, 
    0.005979116511903292
  ], 
  "7": [
    -0.024033333333333236, 
    0.18117966666666702, 
    -0.13225668466699347, 
    -0.06663068564178912, 
    -0.048681048075436203, 
    -0.37707654743958613, 
    0.39069216630364145
  ], 
  "6": [
    -0.07063326666666665, 
    0.29400629333333406, 
    -0.20500557191948898, 
    -0.09503000165480746, 
    0.04951305714432932, 
    -0.09223684162441201, 
    -0.4374211509801682
  ]
}