{
  "1": 1798.9411910011579, 
  "2": 0.96174597031796982, 
  "3": 0.39211754498082296, 
  "4": 0.10980596618742766, 
  "5": 0.057504904318741536, 
  "6": 0.0034034392762966339, 
  "7": -0.40553089672537396
}