{
  "1": [
    9.169386678658113e-05, 
    0.22100399755598385, 
    0.2867525569222399, 
    0.19893688378499555, 
    0.20051954444273531, 
    0.1390180187132435, 
    0.11049221071994622
  ], 
  "3": [
    7.308618715632681e-05, 
    0.19215096543352786, 
    0.3667088880636942, 
    0.2801589243878993, 
    0.4017435274886371, 
    0.20923474505109818, 
    0.22770878168983263
  ], 
  "2": [
    8.554560706134956e-05, 
    0.2584099973095155, 
    0.3030538821344877, 
    0.35331299809509925, 
    0.2561160506855708, 
    0.1718025413963554, 
    0.14412172022636047
  ], 
  "5": [
    4.199677438369232e-05, 
    0.15249601211244698, 
    0.3034682283864852, 
    0.2585918856276146, 
    0.385271783498095, 
    0.467554413720304, 
    0.298586311247312
  ], 
  "4": [
    7.43134425583963e-05, 
    0.2049554947014733, 
    0.28055632358142296, 
    0.3055155872654884, 
    0.4033989155078407, 
    0.19647991311023702, 
    0.22311957049161443
  ], 
  "7": [
    2.0700444436747084e-05, 
    0.07231471170288217, 
    0.16925446114496817, 
    0.1697070360743735, 
    0.3981570639088442, 
    0.43061320592888797, 
    0.3220233403377165
  ], 
  "6": [
    3.2405486526371496e-05, 
    0.07943742491935046, 
    0.2512468336458001, 
    0.2659464897795253, 
    0.3360633564800576, 
    0.5880049250944656, 
    0.4032023803121606
  ]
}