{
  "1": 0.0016359463248404918, 
  "3": 0.0009288674861010991, 
  "2": 0.001931870481617711, 
  "4": 0.0007301020446035698
}