{
  "dV_11": 0.4544553819495265, 
  "dV_12": 0.32561277867920824, 
  "dV_13": 0.24962665275884743, 
  "dV_14": 0.2518531184193675, 
  "dV_15": 0.11990611287671467, 
  "dV_16": 0.05968560020440602, 
  "dV_17": 0.03260139967340438, 
  "dV_21": 0.32561277867920824, 
  "dV_22": 0.4509794880742907, 
  "dV_23": 0.25033825456524705, 
  "dV_24": 0.25112018263180425, 
  "dV_25": 0.12037519146017488, 
  "dV_26": 0.060358493738627686, 
  "dV_27": 0.033139384070450556, 
  "dV_31": 0.24962665275884743, 
  "dV_32": 0.25033825456524705, 
  "dV_33": 0.26448449840748794, 
  "dV_34": 0.19323058950187352, 
  "dV_35": 0.09259557580939562, 
  "dV_36": 0.04642557783924951, 
  "dV_37": 0.025486171872195793, 
  "dV_41": 0.2518531184193675, 
  "dV_42": 0.25112018263180425, 
  "dV_43": 0.19323058950187352, 
  "dV_44": 0.26314402204186244, 
  "dV_45": 0.09409398698852607, 
  "dV_46": 0.04728674367000352, 
  "dV_47": 0.02597557680903189, 
  "dV_51": 0.11990611287671467, 
  "dV_52": 0.12037519146017488, 
  "dV_53": 0.09259557580939562, 
  "dV_54": 0.09409398698852607, 
  "dV_55": 0.06236851771226181, 
  "dV_56": 0.022556416745821165, 
  "dV_57": 0.012301373919576636, 
  "dV_61": 0.05968560020440602, 
  "dV_62": 0.060358493738627686, 
  "dV_63": 0.04642557783924951, 
  "dV_64": 0.04728674367000352, 
  "dV_65": 0.022556416745821165, 
  "dV_66": 0.01566407272170963, 
  "dV_67": 0.006100209929170574, 
  "dV_71": 0.03260139967340438, 
  "dV_72": 0.033139384070450556, 
  "dV_73": 0.025486171872195793, 
  "dV_74": 0.02597557680903189, 
  "dV_75": 0.012301373919576636, 
  "dV_76": 0.006100209929170574, 
  "dV_77": 0.004942675356895027
}