{
  "1": [
    -0.42113851999999996, 
    -0.7197642830839253, 
    0.14032036034195058, 
    0.19631664673696456, 
    -0.03424310881678142, 
    0.06426560399045766, 
    -0.004474942064737949
  ], 
  "3": [
    -0.44826197999999995, 
    0.16514392219878846, 
    0.15781325908518143, 
    -0.45842488313947083, 
    0.034968518518518454, 
    0.16904029928432032, 
    -0.005306660686252364
  ], 
  "2": [
    -0.56341544, 
    0.005894509725151566, 
    -0.5175416062123226, 
    -0.04681395441533502, 
    0.03613729924614898, 
    -0.05738665365430461, 
    0.04978187186962699
  ], 
  "5": [
    -0.19682709333333331, 
    0.3174595192661772, 
    -0.05517757910153007, 
    0.28770947929122703, 
    -0.207019034742707, 
    0.10660539145521704, 
    -0.28546473798310595
  ], 
  "4": [
    -0.5100543666666667, 
    0.29669126242844235, 
    0.3359296924491668, 
    0.12749450664927311, 
    -0.006269092100950366, 
    -0.19170032097159015, 
    0.05737441130298308
  ], 
  "7": [
    -0.02395945999999991, 
    0.14712006628502597, 
    -0.008997803208337691, 
    0.19765133529006781, 
    0.001670313012127702, 
    0.1848105790500972, 
    0.6270948269417665
  ], 
  "6": [
    -0.06925879999999991, 
    0.12181617287670304, 
    0.021468257211947877, 
    0.3292197738884658, 
    0.32181638806948565, 
    0.026896616785946816, 
    -0.1714814083875311
  ]
}