{
  "1": 901.317296013671, 
  "3": 0.1792179270453929, 
  "2": 0.5085352118715311, 
  "5": 0.048727280768545, 
  "4": 0.0973535626851498, 
  "7": -0.038320494650278376, 
  "6": 0.041665137255406264
}