{
  "1": 901.27701863129062, 
  "2": 0.55141422982813526, 
  "3": 0.21386902536002045, 
  "4": 0.10136757717363008, 
  "5": 0.052720838562382258, 
  "6": 0.02947274494163318, 
  "7": -0.010320415594510165
}