{
  "1": 0.00037037998215812875, 
  "3": 0.0002117987492626669, 
  "2": 0.00032546732534523585, 
  "4": 7.917102833224916e-05
}