{
  "1": [
    4.595746045012273e-05, 
    0.05672268678185222, 
    0.0965290414246163, 
    0.20875852621537194, 
    0.227202626426374, 
    0.1882367592353523, 
    0.14899651177515605
  ], 
  "3": [
    3.791080983145877e-05, 
    0.045805277330176856, 
    0.1556708084740212, 
    0.614836483355653, 
    0.2576107358044299, 
    0.31807103940125153, 
    0.2539544201245053
  ], 
  "2": [
    4.219449230190569e-05, 
    0.05931963839382631, 
    0.13637491400615967, 
    0.3485797951081533, 
    0.3603406758865621, 
    0.2919980608522339, 
    0.2643146066640981
  ], 
  "5": [
    2.5001613997431786e-05, 
    0.04315360639752058, 
    0.11347591115113617, 
    0.2664496748557302, 
    0.38091259502249686, 
    0.3148637959918509, 
    0.2909843445881894
  ], 
  "4": [
    3.7089677939498833e-05, 
    0.033640217704700395, 
    0.13327939672266284, 
    0.36309075356729426, 
    0.2722479223806308, 
    0.23699153782853108, 
    0.21777810762408398
  ], 
  "7": [
    0.0, 
    0.02303477413804775, 
    0.10406984946426705, 
    0.347564617095272, 
    0.6011111986463106, 
    0.45599632789182526, 
    0.2758507365443155
  ], 
  "6": [
    0.0, 
    0.027568938688588864, 
    0.0797845615525049, 
    0.13732781743483366, 
    0.31508259440352715, 
    0.3890196816479757, 
    0.29909265950753944
  ]
}