{
  "1": [
    -0.4222566933333334, 
    0.6286527533333334, 
    -0.47710120872149314, 
    0.12062568140285404, 
    0.033204588517790866, 
    -0.13176020864381494, 
    -0.013130842677917073
  ], 
  "3": [
    -0.44805562666666665, 
    -0.05209915999999986, 
    0.2008052722962368, 
    -0.011568719623625275, 
    -0.21526812049770766, 
    -0.08284561185626754, 
    0.0953388586654823
  ], 
  "2": [
    -0.5644422066666666, 
    0.20989317333333338, 
    0.2144958195599182, 
    -0.1821394883160313, 
    0.05050194717310628, 
    0.27355327040900845, 
    0.018455197809111708
  ], 
  "5": [
    -0.19591118666666665, 
    -0.421818826666667, 
    -0.46092705933420197, 
    0.10160661378747227, 
    -0.07005410609037305, 
    0.28656245239278005, 
    -0.3012370785685207
  ], 
  "4": [
    -0.50850332, 
    -0.49882441999999955, 
    0.22866628268055714, 
    0.08703594618764365, 
    0.1290319886487666, 
    -0.2272362560026497, 
    -0.056827789497057545
  ], 
  "7": [
    -0.025566666666666623, 
    -0.20293465333333352, 
    -0.4448729874119316, 
    -0.21946394105525116, 
    0.014542418685876458, 
    -0.172506938234807, 
    -0.16020209836793603
  ], 
  "6": [
    -0.0688333333333333, 
    -0.27743144000000003, 
    -0.35128872750342255, 
    -0.02178105291807621, 
    0.024171084915957125, 
    0.03152022685875184, 
    0.6454109951519197
  ]
}