{
  "1": 1100.2197782890753, 
  "2": 0.72833143435776215, 
  "3": 0.045527408227786004, 
  "4": -0.10106529716250179, 
  "5": -0.28593217361607032, 
  "6": -0.64787167742233487, 
  "7": -2.0297052676227159
}