{
  "1": [
    0.0004084852069157875, 
    0.26830814840961237, 
    0.38185655142516384, 
    0.23857750677703812, 
    0.18900938419829813, 
    0.16188793669086055, 
    0.1375091719394145
  ], 
  "3": [
    0.00029046851035091577, 
    0.22826274682620348, 
    0.3480760535990385, 
    0.27819577308527077, 
    0.3156991813516443, 
    0.24584835628715038, 
    0.2621739151408907
  ], 
  "2": [
    0.0003547080244107273, 
    0.36034423749575334, 
    0.25209020588047354, 
    0.2847952258717129, 
    0.24858854939897845, 
    0.20787972725413112, 
    0.2112016510956717
  ], 
  "5": [
    0.00017167047242719875, 
    0.16638309069122456, 
    0.28940310480002934, 
    0.3551907131470684, 
    0.4574910830654065, 
    0.3662073891581487, 
    0.2663003142253885
  ], 
  "4": [
    0.00027106034794015124, 
    0.20542635346729293, 
    0.25830150016407954, 
    0.29764506101869226, 
    0.32400976255178726, 
    0.2837913261382019, 
    0.25523407351554056
  ], 
  "7": [
    4.867466418485893e-05, 
    0.04568439353341396, 
    0.12181317864824572, 
    0.30374462861218704, 
    0.3470888174024606, 
    0.5124723721049803, 
    0.5801698166038833
  ], 
  "6": [
    8.759117129191755e-05, 
    0.15078247280086624, 
    0.2795085222229787, 
    0.3217192801151926, 
    0.4224386216523413, 
    0.3192084145691269, 
    0.44976104427801084
  ]
}