{
  "dV_11": 1.3868222030056971, 
  "dV_12": 0.9167355105855632, 
  "dV_13": 0.707665823788718, 
  "dV_14": 0.6976120254645036, 
  "dV_15": 0.36459967419511957, 
  "dV_16": 0.19270542277578784, 
  "dV_17": 0.10636716973345337, 
  "dV_21": 0.9167355105855632, 
  "dV_22": 1.208801212402148, 
  "dV_23": 0.6619061997737823, 
  "dV_24": 0.6504251212015093, 
  "dV_25": 0.33960436160844387, 
  "dV_26": 0.17974077483876086, 
  "dV_27": 0.09926649394201299, 
  "dV_31": 0.707665823788718, 
  "dV_32": 0.6619061997737823, 
  "dV_33": 0.7198435155096357, 
  "dV_34": 0.5030267566502338, 
  "dV_35": 0.2625648309004854, 
  "dV_36": 0.13896791459647462, 
  "dV_37": 0.07672261899955857, 
  "dV_41": 0.6976120254645036, 
  "dV_42": 0.6504251212015093, 
  "dV_43": 0.5030267566502338, 
  "dV_44": 0.6903394018251023, 
  "dV_45": 0.2586579854655249, 
  "dV_46": 0.13670505202186023, 
  "dV_47": 0.07558412884254673, 
  "dV_51": 0.36459967419511957, 
  "dV_52": 0.33960436160844387, 
  "dV_53": 0.2625648309004854, 
  "dV_54": 0.2586579854655249, 
  "dV_55": 0.19012087499927788, 
  "dV_56": 0.07172232829938237, 
  "dV_57": 0.039573590710028465, 
  "dV_61": 0.19270542277578784, 
  "dV_62": 0.17974077483876086, 
  "dV_63": 0.13896791459647462, 
  "dV_64": 0.13670505202186023, 
  "dV_65": 0.07172232829938237, 
  "dV_66": 0.05358169391922052, 
  "dV_67": 0.020985638282381563, 
  "dV_71": 0.10636716973345337, 
  "dV_72": 0.09926649394201299, 
  "dV_73": 0.07672261899955857, 
  "dV_74": 0.07558412884254673, 
  "dV_75": 0.039573590710028465, 
  "dV_76": 0.020985638282381563, 
  "dV_77": 0.016405737671113873
}