{
  "V_11": 87.68314113403666, 
  "V_12": 156.08827393900972, 
  "V_13": 147.62599986553585, 
  "V_14": 190.4821566102261, 
  "V_15": 81.47174512210975, 
  "V_16": 29.67506950306378, 
  "V_17": 10.366036507279807, 
  "V_21": 156.08827393900972, 
  "V_22": 276.8959642170163, 
  "V_23": 259.6160294167475, 
  "V_24": 335.2925082463551, 
  "V_25": 143.12155207963934, 
  "V_26": 53.108910693922084, 
  "V_27": 18.203467582609743, 
  "V_31": 147.62599986553585, 
  "V_32": 259.6160294167475, 
  "V_33": 242.6375372143503, 
  "V_34": 314.15599705419976, 
  "V_35": 134.2488629274844, 
  "V_36": 49.751299438088836, 
  "V_37": 17.13369603233325, 
  "V_41": 190.4821566102261, 
  "V_42": 335.2925082463551, 
  "V_43": 314.15599705419976, 
  "V_44": 405.9513508523918, 
  "V_45": 173.3568685111767, 
  "V_46": 63.960642542768525, 
  "V_47": 21.886000531283674, 
  "V_51": 81.47174512210975, 
  "V_52": 143.12155207963934, 
  "V_53": 134.2488629274844, 
  "V_54": 173.3568685111767, 
  "V_55": 73.58013532664505, 
  "V_56": 27.231282969850774, 
  "V_57": 9.335976938524356, 
  "V_61": 29.67506950306378, 
  "V_62": 53.108910693922084, 
  "V_63": 49.751299438088836, 
  "V_64": 63.960642542768525, 
  "V_65": 27.231282969850774, 
  "V_66": 10.042244002410081, 
  "V_67": 3.393173103011197, 
  "V_71": 10.366036507279807, 
  "V_72": 18.203467582609743, 
  "V_73": 17.13369603233325, 
  "V_74": 21.886000531283674, 
  "V_75": 9.335976938524356, 
  "V_76": 3.393173103011197, 
  "V_77": 1.1386899689864094
}