{
  "1": [
    -0.2841730133333333, 
    0.6852744089954619, 
    -0.2546206154084045, 
    0.08218633611073176, 
    0.03550265656423939, 
    0.05399507845602275, 
    -0.01445146212474721
  ], 
  "3": [
    -0.4701366733333333, 
    -0.30909821851927216, 
    -0.07325357377556219, 
    0.39176762282019784, 
    0.07547141387212945, 
    0.15986784467104354, 
    0.004781878985845331
  ], 
  "2": [
    -0.5015455533333334, 
    0.1846317279685703, 
    0.500767857280915, 
    0.028135432317988915, 
    -0.021425709742294383, 
    -0.15229852865856464, 
    -0.03550942603826387
  ], 
  "5": [
    -0.2593794, 
    -0.11336773690984242, 
    -0.1230461517646599, 
    -0.37454088694622684, 
    0.2541440203919366, 
    -0.005713661125855866, 
    -0.21529493700419924
  ], 
  "4": [
    -0.60755284, 
    -0.1914716588769231, 
    -0.2171696973211182, 
    -0.17055946364339897, 
    -0.18981721622000844, 
    -0.08902203752851896, 
    0.08078541763882412
  ], 
  "7": [
    -0.03291318666666659, 
    -0.021330413872519157, 
    -0.009859148014998646, 
    -0.09937370577789906, 
    0.28008444413264066, 
    -0.10663079107882939, 
    0.33567931249027894
  ], 
  "6": [
    -0.09585067333333333, 
    0.04640322427690841, 
    0.20657952375430044, 
    -0.18381577653326, 
    0.05591134652261358, 
    0.4690139265260518, 
    0.16048809301602054
  ]
}