{
  "1": [
    -0.3971000636868345, 
    -0.3318843455489332, 
    -0.4195740899112458, 
    0.5002134001848461, 
    0.5045756981582311, 
    0.13751542333377242, 
    0.13171921381884444, 
    0.09813051517164141, 
    0.07189224044846547, 
    0.0143226234454477, 
    -0.006939023566722892
  ], 
  "2": [
    -0.5380666101947319, 
    -0.2574789779975363, 
    0.49737124136244487, 
    -0.2514317039500205, 
    -0.1683561805817713, 
    0.41122533561513713, 
    0.28844532517663146, 
    0.2193255147559775, 
    0.0601152851904936, 
    0.009017624447701779, 
    0.03381143449192016
  ], 
  "3": [
    -0.444754780577647, 
    -0.2265508573676756, 
    -0.38079729814477786, 
    -0.6129553832704134, 
    0.005357006119584471, 
    -0.3118980898948726, 
    -0.2712499386410301, 
    -0.21838087279027207, 
    -0.10288215402790253, 
    -0.02482893712622502, 
    -0.019233966830932966
  ], 
  "4": [
    -0.5409187282465574, 
    0.3637486153856275, 
    0.33774540098619127, 
    0.4342054600567908, 
    -0.11904897444982153, 
    -0.38397641421847023, 
    -0.20735891459775155, 
    -0.25240584790751475, 
    -0.062280872592704865, 
    -0.0009037356074478214, 
    0.01705392808441078
  ], 
  "5": [
    -0.2305035093472182, 
    0.5362402293757386, 
    -0.5466236222271075, 
    0.010806908020777462, 
    -0.4574288003713634, 
    0.28105427495653423, 
    0.2013439643400289, 
    0.1736275203276425, 
    0.009876388153012805, 
    -0.03544008378459079, 
    -0.01132747486541675
  ], 
  "6": [
    -0.08931563087628766, 
    0.41588965099503883, 
    0.10206210428801382, 
    -0.24151650049076048, 
    0.46231986362992733, 
    -0.15742791203710438, 
    -0.18648835302645692, 
    0.6212901444053913, 
    0.21272623958610387, 
    0.11203096185906809, 
    -0.1822242589959839
  ], 
  "7": [
    -0.03317653000427852, 
    0.2970323966551456, 
    0.06862817952972261, 
    -0.12014446721996283, 
    0.35511270156984315, 
    0.6196239707701079, 
    -0.27564258018699334, 
    -0.48762940463122656, 
    -0.11166940884488546, 
    0.03365070584324801, 
    -0.23264557173426703
  ], 
  "8": [
    -0.01227561293145625, 
    0.2048552231054674, 
    0.009178821444519843, 
    -0.11873349166960312, 
    0.2572486624116827, 
    0.05890462989797968, 
    0.04481675268283782, 
    -0.032139188341209296, 
    -0.09429707482135334, 
    -0.07637740306053731, 
    0.9253584222256686
  ], 
  "9": [
    -0.005090507385562337, 
    0.13471066050941582, 
    -0.002724077681601603, 
    -0.14025167935405217, 
    0.12002122254390506, 
    -0.15982448100975682, 
    0.4486589654805382, 
    -0.4075511348259465, 
    0.7439252606756361, 
    0.022984297302960182, 
    -0.029229193109323034
  ], 
  "10": [
    -0.0026404571684602524, 
    0.1234764538263677, 
    0.058144997657658286, 
    -0.0797037325650826, 
    0.2123107661274171, 
    -0.13562573680975779, 
    0.37653653544944493, 
    -0.01150621614344327, 
    -0.31756364481551186, 
    -0.7917056820365711, 
    -0.2049052334232848
  ], 
  "11": [
    -0.0016028609539009539, 
    0.12575341622986544, 
    0.010222354433542654, 
    -0.09652671255491879, 
    0.16767403298237918, 
    -0.1792987668282756, 
    0.5352530181704516, 
    -0.09835730457942872, 
    -0.5057376398080202, 
    0.5924502287136394, 
    -0.10752297711326549
  ]
}