{
  "1": 5115.7796398723222, 
  "2": 1.158831019461904, 
  "3": 0.44566582529236243, 
  "4": 0.17321601262717132, 
  "5": 0.06577598353117621, 
  "6": 0.051765368657058358, 
  "7": 0.033261610421036536, 
  "8": 0.027907033634225809, 
  "9": 0.023371320297083359, 
  "10": -0.028310107029330362, 
  "11": -0.36348448031217279
}