{
  "11": [
    1.8117138601644575e-05, 
    0.017610120672051314, 
    0.06885763996332633, 
    0.08852711400011035, 
    0.11815535565421624, 
    0.20909758643127138, 
    0.20811249957922906, 
    0.36901430781649214, 
    0.3271268839145094, 
    0.36312342023780253, 
    0.48114074249813493
  ], 
  "10": [
    2.9103830456733704e-11, 
    0.016730353397774293, 
    0.07018909567041996, 
    0.09545105405289551, 
    0.11277474545751556, 
    0.1948085050231765, 
    0.17724470182523588, 
    0.2941445288892222, 
    0.36245334643923516, 
    0.3397034392856584, 
    0.5506575418631756
  ], 
  "1": [
    4.218878088782122e-05, 
    0.14253342148857928, 
    0.39289649809246013, 
    0.3495557451989207, 
    0.3037917396536902, 
    0.303188061758901, 
    0.1420179560668355, 
    0.10966414082291881, 
    0.06991585715339643, 
    0.05866125887721177, 
    0.057262906149088605
  ], 
  "3": [
    3.602701110046615e-05, 
    0.1275039766736204, 
    0.42617815885192073, 
    0.3532744634187382, 
    0.37940293840098316, 
    0.24912579357035455, 
    0.1484722846228484, 
    0.11229956594114122, 
    0.07057230360127531, 
    0.06202419514624266, 
    0.061054631977112354
  ], 
  "2": [
    4.108513956732242e-05, 
    0.11289001067236848, 
    0.29277564940173206, 
    0.37075902103200686, 
    0.3541093371953236, 
    0.2250528389510166, 
    0.15235073503191343, 
    0.11036855710940051, 
    0.059905094237759894, 
    0.051931868496907174, 
    0.04942906896211419
  ], 
  "5": [
    1.827639588704726e-05, 
    0.07190930201203048, 
    0.2682786849977791, 
    0.37195610331974527, 
    0.3180126420909448, 
    0.38953974034460853, 
    0.20336710061006358, 
    0.15959222521977798, 
    0.10134704892052657, 
    0.08792008464293355, 
    0.08485706069182028
  ], 
  "4": [
    3.656319802854591e-05, 
    0.09315112255564667, 
    0.3314952655430627, 
    0.31223950143239787, 
    0.3716189374010799, 
    0.2411876720332447, 
    0.1384746664284369, 
    0.1048231917393701, 
    0.06280494264963335, 
    0.054089569210551657, 
    0.05168299627455664
  ], 
  "7": [
    0.0, 
    0.036556454390982755, 
    0.13177632670301043, 
    0.16615626664985972, 
    0.20645905571110823, 
    0.33135825518982936, 
    0.3697234097235397, 
    0.3639990740310352, 
    0.32458687697027927, 
    0.28721642096396716, 
    0.2684944538896851
  ], 
  "6": [
    1.1261663634153313e-05, 
    0.05602236740482292, 
    0.20180547264137885, 
    0.24587238101203074, 
    0.2226327479881631, 
    0.35311357774592145, 
    0.38303029312295106, 
    0.23144123611163794, 
    0.19532369137920233, 
    0.1798307525564169, 
    0.16780495318025104
  ], 
  "9": [
    0.0, 
    0.0194614574196485, 
    0.08392411131668182, 
    0.10199151139968507, 
    0.1225767562962756, 
    0.21486376101381585, 
    0.2305481156635269, 
    0.4200564060106722, 
    0.3027725845879344, 
    0.36603274049135337, 
    0.3496925987412543
  ], 
  "8": [
    9.427147582023534e-07, 
    0.02625200216198539, 
    0.09449873486793439, 
    0.11947493039332269, 
    0.13845295029667348, 
    0.2138482356916363, 
    0.20073344163657914, 
    0.3354509506588833, 
    0.47170872058717417, 
    0.5048319216548149, 
    0.2852455883758928
  ]
}