{
  "V_10_1": 5.328882463386025, 
  "V_10_10": 0.09338495654281122, 
  "V_10_11": 0.05441827570454383, 
  "V_10_2": 7.231183948112655, 
  "V_10_3": 5.999289323923365, 
  "V_10_4": 7.32597347320671, 
  "V_10_5": 3.1914124792553187, 
  "V_10_6": 1.279965425846488, 
  "V_10_7": 0.5039199139275198, 
  "V_10_8": 0.2082227456903996, 
  "V_10_9": 0.10000679068617044, 
  "V_11_1": 3.206385733769119, 
  "V_11_10": 0.05441827570454383, 
  "V_11_11": 0.07746134641386562, 
  "V_11_2": 4.388819128301665, 
  "V_11_3": 3.633209144094338, 
  "V_11_4": 4.458112475179284, 
  "V_11_5": 1.9634349070141843, 
  "V_11_6": 0.8046258476001886, 
  "V_11_7": 0.329499514711341, 
  "V_11_8": 0.14309520964372274, 
  "V_11_9": 0.07590101977487189, 
  "V_1_1": 806.9199642959425, 
  "V_1_10": 5.328882463386025, 
  "V_1_11": 3.206385733769119, 
  "V_1_2": 1093.1758992648488, 
  "V_1_3": 903.3992311469394, 
  "V_1_4": 1098.859909854157, 
  "V_1_5": 467.9368156175182, 
  "V_1_6": 181.2875156188791, 
  "V_1_7": 67.29032699182562, 
  "V_1_8": 24.85583547614169, 
  "V_1_9": 10.272476690719376, 
  "V_2_1": 1093.1758992648488, 
  "V_2_10": 7.231183948112655, 
  "V_2_11": 4.388819128301665, 
  "V_2_2": 1481.1217210737916, 
  "V_2_3": 1224.446191243623, 
  "V_2_4": 1488.7320149920845, 
  "V_2_5": 634.4443947917807, 
  "V_2_6": 245.72960006536388, 
  "V_2_7": 91.20641346840061, 
  "V_2_8": 33.73356583871459, 
  "V_2_9": 13.992014447430353, 
  "V_3_1": 903.3992311469394, 
  "V_3_10": 5.999289323923365, 
  "V_3_11": 3.633209144094338, 
  "V_3_2": 1224.446191243623, 
  "V_3_3": 1012.115225879091, 
  "V_3_4": 1230.5706731699283, 
  "V_3_5": 524.2342363173873, 
  "V_3_6": 203.18248436309725, 
  "V_3_7": 75.46651155549573, 
  "V_3_8": 27.91050852112834, 
  "V_3_9": 11.577589532086824, 
  "V_4_1": 1098.859909854157, 
  "V_4_10": 7.32597347320671, 
  "V_4_11": 4.458112475179284, 
  "V_4_2": 1488.7320149920845, 
  "V_4_3": 1230.5706731699283, 
  "V_4_4": 1497.0421045066173, 
  "V_4_5": 638.1568398571621, 
  "V_4_6": 247.25479718624277, 
  "V_4_7": 91.91000409937209, 
  "V_4_8": 34.02729259757951, 
  "V_4_9": 14.109976927493483, 
  "V_5_1": 467.9368156175182, 
  "V_5_10": 3.1914124792553187, 
  "V_5_11": 1.9634349070141843, 
  "V_5_2": 634.4443947917807, 
  "V_5_3": 524.2342363173873, 
  "V_5_4": 638.1568398571621, 
  "V_5_5": 272.0738734891432, 
  "V_5_6": 105.56674976060516, 
  "V_5_7": 39.27846306297944, 
  "V_5_8": 14.583270179377182, 
  "V_5_9": 6.079516769816632, 
  "V_6_1": 181.2875156188791, 
  "V_6_10": 1.279965425846488, 
  "V_6_11": 0.8046258476001886, 
  "V_6_2": 245.72960006536388, 
  "V_6_3": 203.18248436309725, 
  "V_6_4": 247.25479718624277, 
  "V_6_5": 105.56674976060516, 
  "V_6_6": 41.09388424437054, 
  "V_6_7": 15.331732771246124, 
  "V_6_8": 5.734563392007136, 
  "V_6_9": 2.4018187360655636, 
  "V_7_1": 67.29032699182562, 
  "V_7_10": 0.5039199139275198, 
  "V_7_11": 0.329499514711341, 
  "V_7_2": 91.20641346840061, 
  "V_7_3": 75.46651155549573, 
  "V_7_4": 91.91000409937209, 
  "V_7_5": 39.27846306297944, 
  "V_7_6": 15.331732771246124, 
  "V_7_7": 5.767802028204251, 
  "V_7_8": 2.170141935018751, 
  "V_7_9": 0.9276834019123834, 
  "V_8_1": 24.85583547614169, 
  "V_8_10": 0.2082227456903996, 
  "V_8_11": 0.14309520964372274, 
  "V_8_2": 33.73356583871459, 
  "V_8_3": 27.91050852112834, 
  "V_8_4": 34.02729259757951, 
  "V_8_5": 14.583270179377182, 
  "V_8_6": 5.734563392007136, 
  "V_8_7": 2.170141935018751, 
  "V_8_8": 0.8578049917559823, 
  "V_8_9": 0.36369115973337707, 
  "V_9_1": 10.272476690719376, 
  "V_9_10": 0.10000679068617044, 
  "V_9_11": 0.07590101977487189, 
  "V_9_2": 13.992014447430353, 
  "V_9_3": 11.577589532086824, 
  "V_9_4": 14.109976927493483, 
  "V_9_5": 6.079516769816632, 
  "V_9_6": 2.4018187360655636, 
  "V_9_7": 0.9276834019123834, 
  "V_9_8": 0.36369115973337707, 
  "V_9_9": 0.20441264703025966
}