{
  "1": 5115.778338581364, 
  "3": 0.4794504299669874, 
  "2": 1.1723010239187688, 
  "4": 0.20483260362943748
}