{
  "1": [
    -0.28417140476762265, 
    -0.15696020904725283, 
    0.9295093572469844, 
    -0.08030142285562836, 
    0.15279778982942105, 
    -0.026918937638244485, 
    -0.01011671812178252
  ], 
  "2": [
    -0.500782091472037, 
    -0.7427430318845546, 
    -0.23269237784663513, 
    0.3637644775148089, 
    -0.07751011942480476, 
    0.06673993159330895, 
    -0.024853783534318476
  ], 
  "3": [
    -0.4697865743397955, 
    0.5874549485028172, 
    -0.022357832824463755, 
    0.6073341904072931, 
    0.14786038178377503, 
    -0.20712283815171847, 
    -0.008944492052939497
  ], 
  "4": [
    -0.6081953258646131, 
    0.2467303552920822, 
    -0.10488791278461995, 
    -0.5364948568223528, 
    -0.4927461616443294, 
    0.16598769162617696, 
    -0.006608944101993047
  ], 
  "5": [
    -0.2597844376982325, 
    -0.04998948374986592, 
    -0.25719275811867554, 
    -0.43519711715593135, 
    0.7389196969148863, 
    -0.2628724663407165, 
    -0.24364769604074152
  ], 
  "6": [
    -0.0962508411077417, 
    0.07126866911073008, 
    -0.05640024925882945, 
    -0.012820485047116182, 
    0.3859929662569591, 
    0.6362258798192176, 
    0.6546275729636472
  ], 
  "7": [
    -0.03332793506460635, 
    -0.10069222878347943, 
    -0.03218947343941028, 
    -0.12241176631984303, 
    -0.10483632960429294, 
    -0.6711810968435794, 
    0.7150208390725467
  ]
}