{"V_16": 2.28924857091956, "V_17": 0.8499667149419019, "V_14": 15.27010459887462, "V_15": 6.3231757467615735, "V_12": 12.943337878383947, "V_13": 11.929711700292325, "V_11": 7.147208521988657, "V_75": 0.7022563180309701, "V_55": 5.469943160584332, "V_52": 11.187370981052982, "V_45": 13.20599709486858, "V_76": 0.24072141474455544, "V_51": 6.3231757467615735, "V_56": 1.9554324430485317, "V_57": 0.7022563180309701, "V_54": 13.20599709486858, "V_44": 31.79322017065276, "V_31": 11.929711700292325, "V_32": 21.234839168182297, "V_33": 19.64577630865717, "V_34": 25.03038810059467, "V_35": 10.376828142809027, "V_36": 3.742432986605958, "V_37": 1.3744525329385213, "V_27": 1.4860491593667748, "V_72": 1.4860491593667748, "V_43": 25.03038810059467, "V_42": 26.950743628559348, "V_73": 1.3744525329385213, "V_47": 1.7330500000584077, "V_67": 0.24072141474455544, "V_66": 0.6926382816822785, "V_65": 1.9554324430485317, "V_64": 4.735401009896186, "V_63": 3.742432986605958, "V_62": 4.062531832963121, "V_61": 2.28924857091956, "V_23": 21.234839168182297, "V_22": 22.671757259259113, "V_21": 12.943337878383947, "V_46": 4.735401009896186, "V_41": 15.27010459887462, "V_26": 4.062531832963121, "V_25": 11.187370981052982, "V_24": 26.950743628559348, "V_74": 1.7330500000584077, "V_53": 10.376828142809027, "V_77": 0.0920097163462004, "V_71": 0.8499667149419019}