{
  "1": 0.0016614200010475488, 
  "3": 1.0417499731562706e-07, 
  "2": 4.7524835251916473e-07, 
  "5": 2.8325070302459504e-08, 
  "4": 8.680805711247805e-08, 
  "7": 1.2449365468039038e-08, 
  "6": 1.1009714023710125e-08
}