{
  "1": 3751.5540629726233, 
  "3": 0.28225895029163445, 
  "2": 1.279625462871081, 
  "5": 0.07920364777452671, 
  "4": 0.18325602602049518, 
  "7": -0.01869534057222842, 
  "6": 0.039494750134284946
}