{
  "1": 2941.8707727955293, 
  "2": 0.98280190209661633, 
  "3": 0.53533342331623357, 
  "4": 0.15918836420602281, 
  "5": 0.07761773432980619, 
  "6": 0.0058428275104639004, 
  "7": -0.1265215896354647
}