{
  "1": [
    -0.41992779082895704, 
    -0.7250889069021262, 
    -0.4698400539403566, 
    0.25741074915547457, 
    0.05472206060798333, 
    -0.0661231870365594, 
    0.05941361568359053
  ], 
  "2": [
    -0.5623621991281481, 
    0.02212204050938862, 
    0.5921610436934822, 
    0.10857267605107121, 
    0.5121776783800087, 
    0.1429805207412939, 
    0.19505702017678983
  ], 
  "3": [
    -0.44833419913299605, 
    -0.1017781404617727, 
    0.049712759082156194, 
    -0.7477847544943368, 
    -0.38121051317456583, 
    0.22324817084721352, 
    -0.1783901830279455
  ], 
  "4": [
    -0.5116272993053316, 
    0.4702447815103682, 
    -0.06190836996164958, 
    0.4391691750677742, 
    -0.49847328185748674, 
    -0.25224752843052495, 
    -0.09110824958112042
  ], 
  "5": [
    -0.19804916218427768, 
    0.3717472864575147, 
    -0.47655779272282534, 
    -0.28937794295521974, 
    0.574198357463402, 
    -0.32849158046093313, 
    -0.27225555742395996
  ], 
  "6": [
    -0.06969955601756551, 
    0.28554389524555535, 
    -0.38396526322101227, 
    -0.11072191013429697, 
    -0.01801252171784544, 
    0.31916299107991897, 
    0.807297048936144
  ], 
  "7": [
    -0.02370361203767132, 
    0.150121240659209, 
    -0.21852909232655238, 
    0.2718476440907291, 
    0.10418372770824998, 
    0.8074304924449778, 
    -0.43868826840871467
  ]
}