{
  "1": [
    6.303070288040097e-05, 
    0.18710610997353627, 
    0.24357004200058005, 
    0.26148724220960984, 
    0.21853237607326645, 
    0.14422852130145664, 
    0.13332201176395064
  ], 
  "3": [
    5.136628601408005e-05, 
    0.1448547216560698, 
    0.3278179990611339, 
    0.333749445139933, 
    0.40394722768267993, 
    0.2757843975837834, 
    0.24875502774617028
  ], 
  "2": [
    5.8418134796884506e-05, 
    0.2376321900060039, 
    0.22422719792970483, 
    0.3422139944983621, 
    0.22633279612633445, 
    0.2114211468112528, 
    0.20774743867796722
  ], 
  "5": [
    3.12445010972143e-05, 
    0.1459563351404323, 
    0.26852060364021424, 
    0.35291977240851774, 
    0.28779572154236993, 
    0.3461374867233061, 
    0.34052960781649244
  ], 
  "4": [
    5.068019319869034e-05, 
    0.13113226525390245, 
    0.241960122804436, 
    0.32007655102117677, 
    0.29925950616742164, 
    0.24268751501247035, 
    0.2396566101884002
  ], 
  "7": [
    0.0, 
    0.057523944180724665, 
    0.12452854852565313, 
    0.24324282837319897, 
    0.40834858030476234, 
    0.3455296114951507, 
    0.5517656674157817
  ], 
  "6": [
    3.6513864763830643e-06, 
    0.10556764197135797, 
    0.2066954335552765, 
    0.2614333165401074, 
    0.3931393336752273, 
    0.5174982774305369, 
    0.3062190506177279
  ]
}