{
  "V_11": 519.3949183777364, 
  "V_12": 694.5627966152853, 
  "V_13": 553.9399472229715, 
  "V_14": 631.7137861830576, 
  "V_15": 244.53561399907187, 
  "V_16": 86.00015284946929, 
  "V_17": 29.218552486111136, 
  "V_21": 694.5627966152853, 
  "V_22": 930.6005636953266, 
  "V_23": 741.7177285774549, 
  "V_24": 846.3756475949758, 
  "V_25": 327.5557704927825, 
  "V_26": 115.19973485369104, 
  "V_27": 39.16239287515249, 
  "V_31": 553.9399472229715, 
  "V_32": 741.7177285774549, 
  "V_33": 591.2944239790012, 
  "V_34": 674.8252020425571, 
  "V_35": 261.0977157649993, 
  "V_36": 91.88614725741937, 
  "V_37": 31.276686200229985, 
  "V_41": 631.7137861830576, 
  "V_42": 846.3756475949758, 
  "V_43": 674.8252020425571, 
  "V_44": 770.3109470980098, 
  "V_45": 298.2566848372715, 
  "V_46": 105.05328159124672, 
  "V_47": 35.71496262565544, 
  "V_51": 244.53561399907187, 
  "V_52": 327.5557704927825, 
  "V_53": 261.0977157649993, 
  "V_54": 298.2566848372715, 
  "V_55": 115.69847806731333, 
  "V_56": 40.79656242126803, 
  "V_57": 13.920739924865696, 
  "V_61": 86.00015284946929, 
  "V_62": 115.19973485369104, 
  "V_63": 91.88614725741937, 
  "V_64": 105.05328159124672, 
  "V_65": 40.79656242126803, 
  "V_66": 14.460962862028484, 
  "V_67": 4.968846605217276, 
  "V_71": 29.218552486111136, 
  "V_72": 39.16239287515249, 
  "V_73": 31.276686200229985, 
  "V_74": 35.71496262565544, 
  "V_75": 13.920739924865696, 
  "V_76": 4.968846605217276, 
  "V_77": 1.7447413779377587
}