{
  "1": [
    -0.41992803999999995, 
    -0.6565876790227461, 
    -0.3482036489814186, 
    0.14311086349778881, 
    0.025211875085604806, 
    -0.0037822866553978937, 
    0.03175541403710102
  ], 
  "3": [
    -0.44833455999999994, 
    -0.08827577225498469, 
    0.06517801656592805, 
    -0.4876157713942213, 
    -0.12454096242523836, 
    0.04069542322194786, 
    -0.052739181487855766
  ], 
  "2": [
    -0.5623623733333333, 
    0.009957736590845284, 
    0.4597264830982764, 
    0.11193507235175398, 
    0.2394564169291877, 
    0.053197282538031763, 
    0.029912078791356107
  ], 
  "5": [
    -0.19804817333333327, 
    0.34842292895254195, 
    -0.36866385344377417, 
    -0.11019452531237948, 
    0.27188821166050264, 
    -0.22578805963680346, 
    -0.20528472365653186
  ], 
  "4": [
    -0.51162644, 
    0.4274658452681829, 
    -0.08648203865383138, 
    0.23664019494181823, 
    -0.29441783773912183, 
    -0.03824351839812808, 
    0.01684989481736472
  ], 
  "7": [
    -0.02369999999999994, 
    0.1408706753720868, 
    -0.17361441683456424, 
    0.06421656146678674, 
    0.026410185819294617, 
    0.47657929614701167, 
    -0.24043366226812019
  ], 
  "6": [
    -0.06970002666666665, 
    0.26761458859870757, 
    -0.2892679725393635, 
    -0.07460361973463828, 
    0.09677527735926582, 
    0.09202209075542886, 
    0.4479484681583471
  ]
}