{
  "1": 216.07483192605946, 
  "2": 0.27527507940327484, 
  "3": 0.17271403208221972, 
  "4": 0.01588616356116691, 
  "5": 0.00029724346223001483, 
  "6": -0.12239627029762369, 
  "7": -0.35703847554688439
}