{
  "1": [
    0.00045568495454364333, 
    0.3209069276661287, 
    0.43276876622788035, 
    0.31508850537998717, 
    0.2037361898498586, 
    0.11580884899105337, 
    0.09895319970467141
  ], 
  "3": [
    0.00027932928417628714, 
    0.3435850232189942, 
    0.39345703821156564, 
    0.3079926994574283, 
    0.33327503627364263, 
    0.18009041790421787, 
    0.1786956057506895
  ], 
  "2": [
    0.00034755362187053105, 
    0.3835937806972854, 
    0.31512251765399707, 
    0.3393014251302292, 
    0.2772541737158154, 
    0.13780261598562515, 
    0.14625851480593288
  ], 
  "5": [
    0.00016079716081926707, 
    0.1471816899476165, 
    0.22923049981821558, 
    0.35116054529635254, 
    0.46299267244230097, 
    0.3311262853228991, 
    0.46598884368087073
  ], 
  "4": [
    0.00026807895955264, 
    0.24378906477475273, 
    0.35506993207589643, 
    0.28710606461395255, 
    0.29053627249599545, 
    0.1989611358168124, 
    0.20954206462505082
  ], 
  "7": [
    4.805551187926359e-05, 
    0.08987394437228595, 
    0.15978700480950025, 
    0.30223745351893455, 
    0.3870874824401656, 
    0.5612166032274551, 
    0.6348989160295176
  ], 
  "6": [
    8.261034614396676e-05, 
    0.07432988705794336, 
    0.17761639046645497, 
    0.3921938022446016, 
    0.5457459303963043, 
    0.27465012319392457, 
    0.5046204488594955
  ]
}