{
  "1": 0.0007616681934053341, 
  "3": 0.00070519518941538, 
  "2": 0.0009417261488623655, 
  "4": 0.00016257104730066732
}