{
  "V_11": 22.784835897739423, 
  "V_12": 35.52807966244699, 
  "V_13": 32.64162462360966, 
  "V_14": 41.763041367048515, 
  "V_15": 17.536459067783646, 
  "V_16": 6.307463245787341, 
  "V_17": 2.224394457766256, 
  "V_21": 35.52807966244699, 
  "V_22": 54.48780117675943, 
  "V_23": 50.698735586216856, 
  "V_24": 64.36482083929499, 
  "V_25": 26.960856496661727, 
  "V_26": 9.778381899630928, 
  "V_27": 3.3917175602554996, 
  "V_31": 32.64162462360966, 
  "V_32": 50.698735586216856, 
  "V_33": 47.17407842657686, 
  "V_34": 59.93325191028463, 
  "V_35": 25.07921487963029, 
  "V_36": 9.08183470293871, 
  "V_37": 3.151911093247927, 
  "V_41": 41.763041367048515, 
  "V_42": 64.36482083929499, 
  "V_43": 59.93325191028463, 
  "V_44": 76.39765742132234, 
  "V_45": 31.93271322793964, 
  "V_46": 11.54101454038121, 
  "V_47": 3.957365979211688, 
  "V_51": 17.536459067783646, 
  "V_52": 26.960856496661727, 
  "V_53": 25.07921487963029, 
  "V_54": 31.93271322793964, 
  "V_55": 13.32361637563112, 
  "V_56": 4.773856319921766, 
  "V_57": 1.6305084567287398, 
  "V_61": 6.307463245787341, 
  "V_62": 9.778381899630928, 
  "V_63": 9.08183470293871, 
  "V_64": 11.54101454038121, 
  "V_65": 4.773856319921766, 
  "V_66": 1.7014795147079562, 
  "V_67": 0.5689144580766382, 
  "V_71": 2.224394457766256, 
  "V_72": 3.3917175602554996, 
  "V_73": 3.151911093247927, 
  "V_74": 3.957365979211688, 
  "V_75": 1.6305084567287398, 
  "V_76": 0.5689144580766382, 
  "V_77": 0.19010088598670716
}