{
  "1": 216.07528280540896, 
  "3": 0.16023453500236282, 
  "2": 0.30076837172083104, 
  "4": 0.019023866074012675
}