{"mode1_error": [3e-06, 3e-06, 5e-06, 5e-06, 1e-05, 1.7e-05, 3e-05], "mode2": [0.0001, 0.00018, 0.00014, -0.00024, -0.0017, -0.00432, -0.00876], "mode2_error": [6e-05, 9.9e-05, 0.000281, 0.000196, 0.000807, 0.001878, 0.003948], "mode1": [0.00275, 0.00589, 0.00979, 0.01491, 0.02109, 0.02487, 0.02563]}