{"mode1_error": [2e-06, 2e-06, 3e-06, 4e-06, 9e-06, 8e-06, 6.4e-05], "mode2": [0.00058, -0.00025, 0.00018, -0.00049, 0.00029, 0.00055, 0.00493], "mode2_error": [0.000243, 0.000257, 0.000238, 0.000297, 0.001709, 0.004675, 0.010022], "mode1": [0.00836, 0.01844, 0.03072, 0.04667, 0.06613, 0.0787, 0.08201]}