{"mode1_error": [6e-06, 6e-06, 9e-06, 1e-05, 2.1e-05, 4e-05, 6.9e-05], "mode2": [0.0003, -0.00053, 0.00061, -9e-05, 0.00045, 0.00269, 0.00241], "mode2_error": [0.00015, 0.000123, 0.000138, 0.000234, 0.000503, 0.00196, 0.004139], "mode1": [0.01066, 0.02335, 0.03849, 0.0579, 0.08125, 0.09609, 0.09833]}