{
  "1": 0.06175004923789432, 
  "3": 0.032145751708876645, 
  "2": 0.05738788357821319, 
  "4": 0.008928658306200932
}