{
  "1": [
    -0.2864998933333333, 
    -0.012295285395827773, 
    0.2723576507666707, 
    0.10807064179923195, 
    -0.04067623911322231, 
    0.06778320782137676, 
    -0.01177248772308066
  ], 
  "3": [
    -0.4720031666666667, 
    0.018725216317067386, 
    -0.08677525054003321, 
    -0.5422678039861001, 
    0.25000566112430717, 
    0.09128913110494576, 
    -0.013740475905297882
  ], 
  "2": [
    -0.5064979533333334, 
    -0.04557710893864108, 
    -0.45160694429689413, 
    0.08338043883708138, 
    -0.40406321456848965, 
    -0.018184828466992216, 
    -0.021784600950213076
  ], 
  "5": [
    -0.2534578133333333, 
    -0.15283867541384152, 
    0.4168051524487412, 
    -0.17537784969829862, 
    -0.24022905779889056, 
    -0.3798675606641125, 
    0.1388820816864293
  ], 
  "4": [
    -0.60402948, 
    -0.2738716480348418, 
    0.09489297425546246, 
    0.38378235509233866, 
    0.30415942992874084, 
    0.018034645703967823, 
    0.038504822932886255
  ], 
  "7": [
    -0.03130573333333332, 
    -0.1659065464822773, 
    0.16423336166294833, 
    -0.04446906198573781, 
    -0.2673694774346772, 
    0.4435814550579114, 
    0.3805676967301468
  ], 
  "6": [
    -0.09229204666666659, 
    -0.19220245570811714, 
    0.25525887248132006, 
    -0.034801400621685505, 
    -0.17499984164687266, 
    0.1971456246972298, 
    -0.536172863017526
  ]
}