{
  "1": 439.6682046248314, 
  "3": 0.03795864009876552, 
  "2": 0.1615390130393177, 
  "4": 0.007070698553440235
}