{"mode1_error": [4.229603250778471e-06, 2.4290246007917664e-06, 2.6249805743042973e-06, 2.1297333930176094e-06, 6.204823934112357e-06, 2.6749915060213028e-05, 0.00015977022386019115], "mode1": [0.008308331606488814, 0.018170375352288003, 0.03031196360305264, 0.04606308210903018, 0.06519900696516179, 0.07724167639974494, 0.07835957799108308]}