{"mode1_error": [1.7316047924379653e-05, 9.866089350330998e-06, 1.1024035176870014e-05, 1.0106722124874023e-05, 4.46932984530127e-05, 0.0003146831992049338, 0.0028081335638184134], "mode1": [0.010298647586500868, 0.022766622359093307, 0.03762054030970774, 0.05663572710685788, 0.07947748488414771, 0.09134307706053497, 0.08788213340906988]}