{
  "1": [
    3.591411936623564e-05, 
    0.25754237085893883, 
    0.31763107348421865, 
    0.3818151798048366, 
    0.1817947802143257, 
    0.08736101349233427, 
    0.09449010460457218
  ], 
  "3": [
    3.342944457766616e-05, 
    0.21791391893454146, 
    0.36029242272454315, 
    0.2092219156956939, 
    0.17054171881068736, 
    0.09595644726031305, 
    0.11072729801090721
  ], 
  "2": [
    3.0422787071470808e-05, 
    0.24474052098468368, 
    0.2924447494966254, 
    0.2906110921435731, 
    0.12490993239936206, 
    0.06886821179514138, 
    0.07127800026215265
  ], 
  "5": [
    2.5094770868860085e-05, 
    0.08795928106840173, 
    0.23046176945071126, 
    0.2985660258315104, 
    0.22270062002537988, 
    0.3932279380731308, 
    0.32079318804789136
  ], 
  "4": [
    2.911035470552665e-05, 
    0.1681458142159108, 
    0.3457249712511572, 
    0.2186971528557219, 
    0.23160962411862202, 
    0.1681380798602715, 
    0.1742056609899507
  ], 
  "7": [
    1.0688111778721887e-05, 
    0.01809701275881661, 
    0.04399585045096471, 
    0.10846235925508553, 
    0.2735975405809593, 
    0.5741530085546588, 
    0.4501642659627729
  ], 
  "6": [
    1.2551362952847172e-05, 
    0.047257021292568306, 
    0.15450104072672988, 
    0.21818202089536826, 
    0.2244253408055053, 
    0.388655517940177, 
    0.5725955495231776
  ]
}