{
  "1": 0.06135871205613935, 
  "3": 0.03261662479588927, 
  "2": 0.05804296040944014, 
  "4": 0.008922989326689746
}