{
  "1": 0.0656320403666854, 
  "3": 0.04383982949682653, 
  "2": 0.05158598404487984, 
  "5": 0.0367053504097678, 
  "4": 0.061128934074595194, 
  "7": 0.02248809358183228, 
  "6": 0.02076414653387383
}