{
  "1": [
    -0.41835411999999994, 
    0.5441384733333336, 
    -0.42351848574237977, 
    -0.2737924533987677, 
    0.0595075340527868, 
    -0.09010043642951247, 
    -0.025120323536112973
  ], 
  "3": [
    -0.4483746066666667, 
    0.021330400000000076, 
    0.22182552756977553, 
    -0.09992689741271658, 
    -0.34511440523826914, 
    0.17109528162055293, 
    0.2419638338269918
  ], 
  "2": [
    -0.56090442, 
    0.27567172, 
    0.09099240602072495, 
    0.4496541865771235, 
    0.10122187057920054, 
    0.015302536231884238, 
    -0.08080782258677036
  ], 
  "5": [
    -0.19976671333333332, 
    -0.45976419999999923, 
    -0.42561872021783564, 
    0.0370731628567736, 
    0.09756712744028112, 
    0.38861941699604746, 
    -0.04451073896863348
  ], 
  "4": [
    -0.5136449066666667, 
    -0.534185566666667, 
    0.2835760759397931, 
    -0.2255289379654755, 
    0.14293227840426834, 
    -0.20030319499341234, 
    -0.08738951925267688
  ], 
  "7": [
    -0.024033333333333236, 
    -0.18649401333333349, 
    -0.24827792905226523, 
    0.12826819492875288, 
    0.18922773129622888, 
    -0.21725725461133027, 
    0.3779897850687329
  ], 
  "6": [
    -0.07063333333333333, 
    -0.29891407333333336, 
    -0.3962706224945168, 
    0.17677959016746247, 
    -0.3453131280061432, 
    -0.24260093873517838, 
    -0.11280291638186403
  ]
}