{
  "1": 87.79019058254778, 
  "2": 0.073821917846364257, 
  "3": -0.0026743089259774087, 
  "4": -0.04073075499342102, 
  "5": -0.050737845780519306, 
  "6": -0.21288162741772068, 
  "7": -0.32059419633670555
}