{
  "1": [
    0.0008111511359012669, 
    0.2844859945608034, 
    0.39442170387064446, 
    0.4732942919856247, 
    0.35241444287025836, 
    0.28769911547989163, 
    0.2370271669181968
  ], 
  "3": [
    0.0005668929228829317, 
    0.34195582578705164, 
    0.3165422759419836, 
    0.32261139218671486, 
    0.24179128633204597, 
    0.1836874525259962, 
    0.1607277394768381
  ], 
  "2": [
    0.0007066488825683408, 
    0.29082728010540027, 
    0.30404762985491374, 
    0.33381218703905435, 
    0.2598936804772412, 
    0.16683269903535952, 
    0.16298485884674413
  ], 
  "5": [
    0.0003168379256044262, 
    0.16003436017482958, 
    0.33676880576496454, 
    0.3480148222385683, 
    0.5888619345617231, 
    0.3002541248156742, 
    0.23743321358495292
  ], 
  "4": [
    0.0005255447642192389, 
    0.18754203319723645, 
    0.33767907133315206, 
    0.20027261198725146, 
    0.14345032874400587, 
    0.13411797157613678, 
    0.13033535786567896
  ], 
  "7": [
    9.880486694958234e-05, 
    0.06837144138005269, 
    0.16053648207150983, 
    0.23785808925692806, 
    0.37107179592335726, 
    0.5643105490663619, 
    0.42389773531184993
  ], 
  "6": [
    0.00016453378498139067, 
    0.07475309540902277, 
    0.1510511762290676, 
    0.23511252016560205, 
    0.37053243513434286, 
    0.35527431585363484, 
    0.5984483986205422
  ]
}