{
  "dV_11": 0.2253393194439115, 
  "dV_12": 0.14707555342794182, 
  "dV_13": 0.112493274933802, 
  "dV_14": 0.10763382926647115, 
  "dV_15": 0.0567189181232515, 
  "dV_16": 0.03033975871954729, 
  "dV_17": 0.01852018359976886, 
  "dV_21": 0.14707555342794182, 
  "dV_22": 0.19199325383444688, 
  "dV_23": 0.10400598059020418, 
  "dV_24": 0.09946446374154724, 
  "dV_25": 0.052392602038594235, 
  "dV_26": 0.028008839908896434, 
  "dV_27": 0.01711248352754893, 
  "dV_31": 0.112493274933802, 
  "dV_32": 0.10400598059020418, 
  "dV_33": 0.11226169854961181, 
  "dV_34": 0.07628408222527769, 
  "dV_35": 0.040137132239378696, 
  "dV_36": 0.021456706772857784, 
  "dV_37": 0.013079708506650491, 
  "dV_41": 0.10763382926647115, 
  "dV_42": 0.09946446374154724, 
  "dV_43": 0.07628408222527769, 
  "dV_44": 0.10262268128527215, 
  "dV_45": 0.03853387785825749, 
  "dV_46": 0.020562626019597158, 
  "dV_47": 0.01254515128184806, 
  "dV_51": 0.0567189181232515, 
  "dV_52": 0.052392602038594235, 
  "dV_53": 0.040137132239378696, 
  "dV_54": 0.03853387785825749, 
  "dV_55": 0.02864145419352032, 
  "dV_56": 0.010893057552213328, 
  "dV_57": 0.00664787399028512, 
  "dV_61": 0.03033975871954729, 
  "dV_62": 0.028008839908896434, 
  "dV_63": 0.021456706772857784, 
  "dV_64": 0.020562626019597158, 
  "dV_65": 0.010893057552213328, 
  "dV_66": 0.008330600573646268, 
  "dV_67": 0.0035963208773859444, 
  "dV_71": 0.01852018359976886, 
  "dV_72": 0.01711248352754893, 
  "dV_73": 0.013079708506650491, 
  "dV_74": 0.01254515128184806, 
  "dV_75": 0.00664787399028512, 
  "dV_76": 0.0035963208773859444, 
  "dV_77": 0.0036385922299144928
}