{
  "1": 87.79000808695622, 
  "3": 0.018677357938079384, 
  "2": 0.08839352536659557, 
  "4": -0.027742106199037362
}