{
  "1": [
    0.2893381466666666, 
    -0.05556566095421976, 
    -0.12019895374987714, 
    0.19640297056440734, 
    0.17435197444831557, 
    0.08493781826676036, 
    0.09283397872340446
  ], 
  "3": [
    0.47330569333333333, 
    -0.29138710274358315, 
    0.4841388383690231, 
    0.04335021154019279, 
    -0.023014501410320156, 
    0.05541450595655216, 
    -0.08759692198581549
  ], 
  "2": [
    0.5088748466666667, 
    -0.4068210636414833, 
    -0.3415190182849324, 
    0.04452512377351678, 
    -0.10291280902604967, 
    -0.06345842092968915, 
    -0.027218716312056565
  ], 
  "5": [
    0.24909553333333342, 
    -0.07358585566014934, 
    0.048603637430332, 
    -0.46563670897470427, 
    0.13231629334660652, 
    -0.0817553141789302, 
    0.19854590780141812
  ], 
  "4": [
    0.6017207533333334, 
    0.6131679057044014, 
    -0.06205941136208066, 
    0.007543460257449018, 
    -0.03521058569769334, 
    0.08494891380518572, 
    -0.06001995744680847
  ], 
  "7": [
    0.033058540000000136, 
    0.04235899106927347, 
    0.05549170822333049, 
    0.15141613106490265, 
    -0.19993945578231387, 
    -0.08241335357782326, 
    0.4692060212765956
  ], 
  "6": [
    0.09000322666666676, 
    0.09912759674953753, 
    0.031477461621198695, 
    0.07190018903591691, 
    0.08502184337149449, 
    -0.5175373822315631, 
    -0.004451907801419446
  ]
}