{
  "P_1": 511.94111296815873, 
  "P_2": 421.2049643590775, 
  "P_3": 240.86440384910657, 
  "P_4": 203.11506820626792, 
  "P_5": 57.7573888768623, 
  "P_6": 16.134667207788958, 
  "P_7": 4.593639459666834
}