{
  "1": [
    8.79811941219269e-05, 
    0.20724277033704955, 
    0.3365744465242778, 
    0.2491927626722421, 
    0.22296792400194979, 
    0.24654527798011422, 
    0.1697147459074739
  ], 
  "3": [
    6.42590032144052e-05, 
    0.2000159697702927, 
    0.2979886543674526, 
    0.33991335967989084, 
    0.35327638433492814, 
    0.3886879910291543, 
    0.2841547310014647
  ], 
  "2": [
    7.756579789099348e-05, 
    0.26949060064374486, 
    0.2921852303637736, 
    0.2840472406671985, 
    0.29022282527411997, 
    0.3185947079414473, 
    0.26519406546989377
  ], 
  "5": [
    4.02409137744204e-05, 
    0.21629267816261477, 
    0.39914797418215525, 
    0.4458085791205208, 
    0.40486747838944626, 
    0.35467317355666056, 
    0.3086287555737426
  ], 
  "4": [
    6.120998540867784e-05, 
    0.23349460662952692, 
    0.3923946323416247, 
    0.34088828583367764, 
    0.3005928044399075, 
    0.246513332710898, 
    0.22307092979295626
  ], 
  "7": [
    2.9499842564102394e-05, 
    0.046640722383210376, 
    0.17185148063716363, 
    0.40370642554590547, 
    0.4099062022285029, 
    0.394633101199651, 
    0.6856140316535054
  ], 
  "6": [
    3.300614827923906e-05, 
    0.1186105280636592, 
    0.3231883985159655, 
    0.3998873951201298, 
    0.36367217688364606, 
    0.5277034605912906, 
    0.3568735699101744
  ]
}