{
  "1": [
    -0.28627727999999997, 
    -0.7204003542673112, 
    -0.09256350350350391, 
    0.030619585993906507, 
    -0.1142409191447526, 
    -0.0693626373626376, 
    0.019331455144211578
  ], 
  "3": [
    -0.47262054, 
    0.061697552334943936, 
    0.22568071671671652, 
    -0.07409797170401905, 
    0.1370554845580409, 
    -0.09609413919413891, 
    0.1898630514240219
  ], 
  "2": [
    -0.5072446466666666, 
    0.37790629808552617, 
    -0.31968874074074044, 
    0.10730004173448522, 
    -0.14082806586384944, 
    -0.0520384057971015, 
    0.024472996055441183
  ], 
  "5": [
    -0.25268337999999996, 
    0.19551626766863525, 
    0.23077435435435492, 
    -0.1008476148741704, 
    -0.004923347259768589, 
    -0.10605661729574702, 
    -0.15489976115513948
  ], 
  "4": [
    -0.6032433999999999, 
    -0.12048475577026233, 
    0.0036001961961958403, 
    -0.0348934977672047, 
    0.11419149668223152, 
    0.18862075171205603, 
    -0.11652138747150086
  ], 
  "7": [
    -0.033917813333333255, 
    0.005017130076936916, 
    0.12016351151151174, 
    0.2511714160510831, 
    0.08539809125911388, 
    0.01829797738493438, 
    -0.043312282415951295
  ], 
  "6": [
    -0.09206191333333329, 
    0.09223849346931484, 
    0.1893725365365365, 
    0.10688676182129331, 
    -0.33863370197427795, 
    0.044187155598025794, 
    0.03493062280606466
  ]
}