{
  "1": 213.41417666178856, 
  "3": 0.06739405594500848, 
  "2": 0.11476716107639577, 
  "4": 0.0423604918889882
}