{
  "1": [
    3.1234939931089103e-05, 
    0.02223928135205998, 
    0.21505364777051558, 
    0.23824949345235286, 
    0.2978800556576522, 
    0.38918625867779894, 
    0.1845450970955602
  ], 
  "3": [
    2.3490590066198875e-05, 
    0.018291861884941474, 
    0.12684324723951462, 
    0.2988539580710538, 
    0.38186972422711607, 
    0.32949706540796464, 
    0.39464825134529696
  ], 
  "2": [
    3.2788095527522794e-05, 
    0.017516633123178756, 
    0.2096025491451463, 
    0.23954702522347243, 
    0.2386015314855282, 
    0.176822910087317, 
    0.2120768971860272
  ], 
  "5": [
    2.9046396865741815e-06, 
    0.009563860246267299, 
    0.18779858187828677, 
    0.303068203889722, 
    0.2607664422463601, 
    0.35613071924097206, 
    0.31579386582138164
  ], 
  "4": [
    2.4032363683623008e-05, 
    0.014848270047514822, 
    0.20880352065584037, 
    0.3164281078420825, 
    0.18766236915455878, 
    0.23922993483029575, 
    0.2584434009115099
  ], 
  "7": [
    3.2927225399135965e-10, 
    0.009824262915741615, 
    0.24414133646283143, 
    0.44913016992828036, 
    0.37973884068981867, 
    0.32421617498740246, 
    0.31975246343767616
  ], 
  "6": [
    0.0, 
    0.011040524909254343, 
    0.17025778894196195, 
    0.37025639068942673, 
    0.4343502667298895, 
    0.2504259100414708, 
    0.3633344781507576
  ]
}