{
  "1": 363.00639983039724, 
  "3": 0.13992191760907777, 
  "2": 0.3414635989121746, 
  "5": 0.06912970911922972, 
  "4": 0.11718301592377836, 
  "7": 0.011061553444375328, 
  "6": 0.053558286163372625
}