{
  "1": [
    -0.4229550266666666, 
    0.36459219333333326, 
    -0.4332370140694813, 
    -0.14990406825549563, 
    -0.23126281722269693, 
    -0.15951360729636196, 
    -0.09253037223269774
  ], 
  "3": [
    -0.4479065466666666, 
    0.035621733333333454, 
    -0.10414089484563517, 
    -0.25413781838908417, 
    0.39727279013401806, 
    0.019692948247545666, 
    0.13463521893987013
  ], 
  "2": [
    -0.5652567533333333, 
    0.33701716666666687, 
    0.5292021137560845, 
    0.16626763920059862, 
    -0.012625898203592346, 
    -0.12701766432540154, 
    -0.04975295062504369
  ], 
  "5": [
    -0.19483341999999998, 
    -0.49341879333333366, 
    0.3974262319130489, 
    -0.28017805208222046, 
    -0.16508726832050163, 
    0.07092658559597452, 
    -0.05411947761715197
  ], 
  "4": [
    -0.5071083666666666, 
    -0.4410794266666672, 
    -0.27065040341401597, 
    0.2683850130027434, 
    -0.09911380096948944, 
    0.2911452248663383, 
    0.07181223549130562
  ], 
  "7": [
    -0.031166666666666676, 
    -0.3681085599999997, 
    -0.017922837900913313, 
    0.006696686972320042, 
    -0.034718099515255244, 
    -0.38988614809379013, 
    0.3701444165095332
  ], 
  "6": [
    -0.0698333333333333, 
    -0.4207610933333326, 
    -0.12710358738414365, 
    0.02187145808841781, 
    0.15061479897348137, 
    -0.27025440472446355, 
    -0.4361083944409509
  ]
}