{
  "1": [
    -0.4213, 
    0.4815666666666667, 
    0.43376666666666663, 
    0.36529999999999996, 
    0.2744333333333333, 
    0.44010000000000016, 
    -0.0012333333333333048
  ], 
  "3": [
    -0.4483666666666667, 
    -0.09543333333333326, 
    -0.4316333333333333, 
    -0.32043333333333335, 
    -0.09323333333333328, 
    0.4231666666666667, 
    -0.5595666666666667
  ], 
  "2": [
    -0.5635666666666667, 
    0.43890000000000007, 
    -0.24129999999999996, 
    -0.08449999999999991, 
    -0.19989999999999997, 
    -0.5866333333333333, 
    0.20083333333333342
  ], 
  "5": [
    -0.19623333333333326, 
    -0.36883333333333335, 
    -0.5117, 
    0.6499000000000001, 
    0.3365, 
    -0.028699999999999944, 
    0.1649666666666667
  ], 
  "4": [
    -0.5101, 
    -0.6321, 
    0.4402333333333335, 
    -0.24369999999999992, 
    0.0034333333333334023, 
    -0.02956666666666663, 
    0.29356666666666675
  ], 
  "7": [
    -0.023100000000000006, 
    -0.05936666666666667, 
    -0.008233333333333311, 
    0.3652333333333333, 
    -0.8634333333333332, 
    0.28669999999999995, 
    0.1865000000000001
  ], 
  "6": [
    -0.06829999999999992, 
    -0.16503333333333325, 
    0.33410000000000006, 
    0.3763000000000001, 
    -0.13149999999999995, 
    -0.4463666666666667, 
    -0.7059666666666666
  ]
}