{"mode1_error": [1.5910154654036673e-06, 1.1915033806814248e-06, 1.5162724882790897e-06, 1.466755235764061e-06, 5.848133449024442e-06, 2.9873936318494577e-05, 0.00018432614098338492], "mode1": [0.03472851111104062, 0.05800636125987527, 0.08232633239440096, 0.11120295802460957, 0.14496639101341666, 0.16710516782643808, 0.17487586239199757]}