{
  "P_1": 2411.162056628655, 
  "P_2": 1550.4968827658658, 
  "P_3": 915.0279961214576, 
  "P_4": 835.4367870504338, 
  "P_5": 278.12314155261504, 
  "P_6": 94.56630790761113, 
  "P_7": 33.62544233054279
}