{"mode1_error": [9e-06, 9e-06, 1.3e-05, 1.4e-05, 2.9e-05, 4.9e-05, 8.2e-05], "mode2": [-0.00028, -0.00016, 0.00015, 0.00018, 0.00163, 0.00443, 0.00845], "mode2_error": [0.000141, 0.000223, 0.000155, 0.000164, 0.001023, 0.00312, 0.004382], "mode1": [0.00272, 0.00589, 0.00982, 0.01492, 0.02109, 0.02485, 0.02576]}