{"mode1_error": [5e-06, 5e-06, 7e-06, 8e-06, 1.7e-05, 3e-05, 6.4e-05], "mode2": [0.00031, 1e-05, -5e-05, -0.00024, -0.00085, -0.00058, -0.00334], "mode2_error": [6.9e-05, 9.9e-05, 0.000207, 0.000211, 0.00039, 0.000689, 0.001836], "mode1": [0.00659, 0.01452, 0.02426, 0.03694, 0.05244, 0.06264, 0.06573]}