{"mode1_error": [5e-06, 6e-06, 8e-06, 9e-06, 1.9e-05, 3.5e-05, 8e-05], "mode2": [0.00063, -0.00067, 0.00068, -0.00021, -0.00026, 0.00172, -0.00376], "mode2_error": [0.000121, 0.000146, 0.000253, 0.000332, 0.000678, 0.001344, 0.002698], "mode1": [0.00837, 0.01846, 0.03074, 0.04668, 0.06608, 0.07865, 0.08214]}