{"mode1_error": [2.7e-05, 2.8e-05, 4.1e-05, 4.5e-05, 9.2e-05, 0.000158, 0.000258], "mode2": [0.00249, -0.00106, -0.00036, -0.00125, 0.00187, 0.00595, 0.0095], "mode2_error": [0.000214, 0.000453, 0.000833, 0.000965, 0.002102, 0.004781, 0.011178], "mode1": [0.01136, 0.02464, 0.04046, 0.06044, 0.08484, 0.0998, 0.1005]}