{"mode1_error": [0.0, 0.0, 0.0, 0.0, 0.0, 0.0, 0.0], "mode2": [0.00165, 0.00079, -0.00014, -0.00354, -0.01163, -0.02507, -0.05312], "mode2_error": [0.0, 0.0, 0.0, 0.0, 0.0, 0.0, 0.0], "mode1": [0.04998, 0.08288, 0.11671, 0.15675, 0.20422, 0.23521, 0.24418]}