{
  "1": 0.046734590698217095, 
  "3": 0.03441052896506006, 
  "2": 0.03360107933831161, 
  "4": 0.04047037552730687
}