{
  "1": [
    3.0497850720464803e-05, 
    0.044579918907497185, 
    0.3258681884488486, 
    0.20078541407780284, 
    0.24145225225407416, 
    0.20506889125534605, 
    0.12294379999097203
  ], 
  "3": [
    3.332420576405475e-05, 
    0.0341268333223094, 
    0.24253543929798824, 
    0.254274813067616, 
    0.3378908936633193, 
    0.313806992884746, 
    0.3105005373443656
  ], 
  "2": [
    9.993275752512535e-06, 
    0.041156019053772946, 
    0.18226964470653792, 
    0.2688175949447277, 
    0.21161738741932684, 
    0.195312460077742, 
    0.1517972026735449
  ], 
  "5": [
    1.49033496411957e-06, 
    0.022707183330750134, 
    0.21455747103666917, 
    0.23587019111132088, 
    0.28309723089805716, 
    0.29178481903867387, 
    0.31443043190814646
  ], 
  "4": [
    2.8308144430177898e-05, 
    0.025746758228574064, 
    0.15463049396643191, 
    0.2807672960733883, 
    0.2502599587858495, 
    0.18669503066369728, 
    0.24523491776399087
  ], 
  "7": [
    0.0, 
    0.010573256484887595, 
    0.15606876599661446, 
    0.2153878715253033, 
    0.2854572933612512, 
    0.4511635127047212, 
    0.27543529811267725
  ], 
  "6": [
    1.6304980807188988e-05, 
    0.01694141309678318, 
    0.22358057796922257, 
    0.33000740929946765, 
    0.2853588390418728, 
    0.3939064165478867, 
    0.2571104519044559
  ]
}