{
  "1": 2942.049769608915, 
  "3": 0.23260601896991023, 
  "2": 0.9277350668211521, 
  "4": 0.1658510929108031
}