{
  "1": [
    -0.4200333333333333, 
    0.4448333333333334, 
    0.3550333333333333, 
    0.3493666666666668, 
    0.5751666666666668, 
    0.18123333333333336, 
    -0.11829999999999996
  ], 
  "3": [
    -0.4482333333333333, 
    -0.06063333333333332, 
    -0.3981, 
    0.6116333333333335, 
    -0.24976666666666655, 
    -0.25716666666666665, 
    0.36650000000000005
  ], 
  "2": [
    -0.5624333333333333, 
    0.38516666666666666, 
    0.17230000000000012, 
    -0.4756333333333334, 
    -0.5285, 
    0.010433333333333298, 
    0.003966666666666677
  ], 
  "5": [
    -0.19809999999999994, 
    -0.4597, 
    0.5612333333333335, 
    -0.15156666666666663, 
    0.1867000000000001, 
    -0.5390333333333333, 
    0.2933000000000001
  ], 
  "4": [
    -0.5115666666666667, 
    -0.4965666666666666, 
    -0.41289999999999993, 
    -0.2976333333333333, 
    0.3178333333333334, 
    0.21750000000000005, 
    -0.2903
  ], 
  "7": [
    -0.0237666666666666, 
    -0.24703333333333335, 
    0.21850000000000014, 
    0.02123333333333344, 
    -0.0837, 
    0.7323666666666668, 
    0.5889
  ], 
  "6": [
    -0.0698333333333333, 
    -0.36216666666666664, 
    0.3906333333333334, 
    0.4069666666666667, 
    -0.4295666666666667, 
    0.16323333333333334, 
    -0.5784333333333334
  ]
}