{
  "1": [
    -0.2809742926606306, 
    0.25966616766577355, 
    -0.896844459463768, 
    0.11184823572090975, 
    -0.18373973108339825, 
    0.050126024328846004, 
    -0.02267176294999904
  ], 
  "2": [
    -0.4946058883312238, 
    0.7776785378907972, 
    0.34884226042474253, 
    0.008641558427304939, 
    0.16700852636154961, 
    0.026818518134868245, 
    -0.014297795263782907
  ], 
  "3": [
    -0.4654923127732655, 
    -0.3332875250501779, 
    -0.12175509449576045, 
    -0.657690325285244, 
    0.45052584073879265, 
    -0.00897368359328524, 
    -0.14765298918346603
  ], 
  "4": [
    -0.6130514343171006, 
    -0.44701550103671456, 
    0.13367186930510055, 
    0.617437150783961, 
    -0.017356187735010773, 
    -0.15340037228329892, 
    0.037621342793076155
  ], 
  "5": [
    -0.2685987244275714, 
    -0.08290248011022183, 
    0.14395816733194453, 
    -0.37512936314198747, 
    -0.6665341523950854, 
    0.13936874203661961, 
    0.5439158835965944
  ], 
  "6": [
    -0.10217179208075947, 
    -0.02583026695792315, 
    0.13810518179107692, 
    -0.11994400244735665, 
    -0.5315956606934741, 
    -0.019805285709318343, 
    -0.8200292198703151
  ], 
  "7": [
    -0.03631745945917775, 
    -0.09667531563476309, 
    0.03859567349571786, 
    0.13609369448154818, 
    0.0906166107327407, 
    0.9763913416029709, 
    -0.08816112350228714
  ]
}