{
  "1": 286.31620576382716, 
  "2": 0.68352160382448157, 
  "3": 0.21743691941440085, 
  "4": 0.016325251961249343, 
  "5": -0.016389700197177996, 
  "6": -0.075384465503179884, 
  "7": -0.39691461785227422
}