{
  "1": 0.0016193832456722172, 
  "3": 0.0013460012836923575, 
  "2": 0.0022564922860314283, 
  "4": 0.0005322635905008667
}