{
  "dV_11": 0.5879864477690288, 
  "dV_12": 0.3893322440361875, 
  "dV_13": 0.3018339435678109, 
  "dV_14": 0.29044015977489174, 
  "dV_15": 0.15450876096463778, 
  "dV_16": 0.08125525791079939, 
  "dV_17": 0.04286228217820966, 
  "dV_21": 0.3893322440361875, 
  "dV_22": 0.5149745999209111, 
  "dV_23": 0.28269236873711673, 
  "dV_24": 0.27210991990225747, 
  "dV_25": 0.1446138630229242, 
  "dV_26": 0.07605167856749366, 
  "dV_27": 0.04011474071301146, 
  "dV_31": 0.3018339435678109, 
  "dV_32": 0.28269236873711673, 
  "dV_33": 0.3095778409679999, 
  "dV_34": 0.21134025242952464, 
  "dV_35": 0.1122490214683032, 
  "dV_36": 0.058978792406153446, 
  "dV_37": 0.031098466815759937, 
  "dV_41": 0.29044015977489174, 
  "dV_42": 0.27210991990225747, 
  "dV_43": 0.21134025242952464, 
  "dV_44": 0.28641569195599303, 
  "dV_45": 0.10826485709574388, 
  "dV_46": 0.05680814593934474, 
  "dV_47": 0.02993915266408893, 
  "dV_51": 0.15450876096463778, 
  "dV_52": 0.1446138630229242, 
  "dV_53": 0.1122490214683032, 
  "dV_54": 0.10826485709574388, 
  "dV_55": 0.0811852913039575, 
  "dV_56": 0.030280559218123174, 
  "dV_57": 0.015943059064322584, 
  "dV_61": 0.08125525791079939, 
  "dV_62": 0.07605167856749366, 
  "dV_63": 0.058978792406153446, 
  "dV_64": 0.05680814593934474, 
  "dV_65": 0.030280559218123174, 
  "dV_66": 0.022491669006619815, 
  "dV_67": 0.008402273625240517, 
  "dV_71": 0.04286228217820966, 
  "dV_72": 0.04011474071301146, 
  "dV_73": 0.031098466815759937, 
  "dV_74": 0.02993915266408893, 
  "dV_75": 0.015943059064322584, 
  "dV_76": 0.008402273625240517, 
  "dV_77": 0.006281648597626445
}