{
  "V_11": 22.330657056665515, 
  "V_12": 40.05451639421085, 
  "V_13": 37.33550148801158, 
  "V_14": 49.301582572721564, 
  "V_15": 21.62595366463156, 
  "V_16": 8.254080970924827, 
  "V_17": 2.922024261172396, 
  "V_21": 40.05451639421085, 
  "V_22": 70.40594777259061, 
  "V_23": 65.75290652575147, 
  "V_24": 86.56178387245477, 
  "V_25": 37.980752456091246, 
  "V_26": 14.442738584363957, 
  "V_27": 5.085022688443061, 
  "V_31": 37.33550148801158, 
  "V_32": 65.75290652575147, 
  "V_33": 62.18903041161203, 
  "V_34": 81.72673768418629, 
  "V_35": 35.89913426674173, 
  "V_36": 13.666990738977587, 
  "V_37": 4.842023115215759, 
  "V_41": 49.301582572721564, 
  "V_42": 86.56178387245477, 
  "V_43": 81.72673768418629, 
  "V_44": 107.81880874746965, 
  "V_45": 47.113352706800846, 
  "V_46": 17.91707631663985, 
  "V_47": 6.422959957326624, 
  "V_51": 21.62595366463156, 
  "V_52": 37.980752456091246, 
  "V_53": 35.89913426674173, 
  "V_54": 47.113352706800846, 
  "V_55": 20.654452081659706, 
  "V_56": 7.82684559074013, 
  "V_57": 2.7866761206195823, 
  "V_61": 8.254080970924827, 
  "V_62": 14.442738584363957, 
  "V_63": 13.666990738977587, 
  "V_64": 17.91707631663985, 
  "V_65": 7.82684559074013, 
  "V_66": 2.974558481421588, 
  "V_67": 1.0635809971845185, 
  "V_71": 2.922024261172396, 
  "V_72": 5.085022688443061, 
  "V_73": 4.842023115215759, 
  "V_74": 6.422959957326624, 
  "V_75": 2.7866761206195823, 
  "V_76": 1.0635809971845185, 
  "V_77": 0.3713462040552973
}