{"mode1_error": [1.8565266782526552e-06, 1.3697284523458728e-06, 1.6847908477128876e-06, 1.6256953394131436e-06, 5.994995788697985e-06, 2.758791250300249e-05, 0.00015476707413248915], "mode1": [0.04222435877491832, 0.06847416881081413, 0.09555066279664914, 0.12785344456167555, 0.1659905012476606, 0.1923301684269452, 0.20442292068675716]}