{
  "1": [
    0.00017137144810798946, 
    0.18583186432126994, 
    0.43339226284801163, 
    0.24708509571860357, 
    0.3037089305979023, 
    0.23229332457810506, 
    0.19388236387318705
  ], 
  "3": [
    0.00012786186376941496, 
    0.11708219593841883, 
    0.3506164897141016, 
    0.48694474924449116, 
    0.3812606657895076, 
    0.24563467624102406, 
    0.2613714077594261
  ], 
  "2": [
    0.0001523376221813796, 
    0.18025286721069078, 
    0.4150827029499968, 
    0.2969882984865201, 
    0.24524759197202078, 
    0.2091106048402621, 
    0.20275857980221917
  ], 
  "5": [
    7.20297469172292e-05, 
    0.09452629283892117, 
    0.35163259717175244, 
    0.3360213021697501, 
    0.3106947357371303, 
    0.34856387037268693, 
    0.24790208566144561
  ], 
  "4": [
    0.00012645278640449888, 
    0.07802634924814845, 
    0.29084463738499505, 
    0.3943608280582086, 
    0.36447028246382773, 
    0.1913100628701165, 
    0.20598399018605662
  ], 
  "7": [
    3.0909582116745986e-05, 
    0.04071358155100844, 
    0.22191379595308147, 
    0.3343672842576049, 
    0.4185920342970276, 
    0.37458532619624835, 
    0.42290153864676877
  ], 
  "6": [
    4.045860655989962e-05, 
    0.05992279116346877, 
    0.23220828222430734, 
    0.29706842449852056, 
    0.36188773360034654, 
    0.38301201200302853, 
    0.3942121845286502
  ]
}