{
  "1": 1516.6666352776385, 
  "3": 0.6408404799735776, 
  "2": 1.56138429875339, 
  "4": 0.33013466756734394
}