{
  "1": [
    -0.41429873333333345, 
    -0.4733494591144245, 
    -0.18084408087257367, 
    -0.2583382955915852, 
    -0.02043516976297261, 
    0.06845903054448871, 
    -0.00790971232515161
  ], 
  "3": [
    -0.44821929333333327, 
    0.1161529395955115, 
    0.2998119902709683, 
    -0.013769712805395413, 
    0.20072647021140333, 
    -0.1313011288180611, 
    0.12788057534969677
  ], 
  "2": [
    -0.5572594, 
    -0.3681207417859306, 
    0.10489193554516761, 
    0.1611433605788558, 
    -0.1969366431774504, 
    -0.014061985391766216, 
    -0.008685974437280804
  ], 
  "5": [
    -0.20473293333333334, 
    0.4565753275549283, 
    0.06062731349523079, 
    -0.14925088659609606, 
    -0.1548193593850099, 
    -0.08760825033200502, 
    -0.4002060815141582
  ], 
  "4": [
    -0.5185552199999999, 
    0.4404831888732102, 
    -0.25348150723976665, 
    0.12105088659609618, 
    0.14399520392910592, 
    0.07464229747675949, 
    -0.004790736342042662
  ], 
  "7": [
    -0.02567928666666661, 
    0.14869653295706486, 
    -0.05358166305628409, 
    -0.08525029702085851, 
    -0.14057638693145474, 
    -0.4528469621513953, 
    0.32467625457150384
  ], 
  "6": [
    -0.07378050666666665, 
    0.31833045756903877, 
    0.033912161289096826, 
    -0.08976692572245307, 
    -0.15081265428144333, 
    0.3955080760292159, 
    0.36435675074463725
  ]
}