{
  "1": [
    -0.4360818258974066, 
    0.8397612809725514, 
    0.28534451618867784, 
    0.012656374958909042, 
    0.13281128849758533, 
    0.06522627080809869, 
    0.03403895708378816
  ], 
  "2": [
    -0.537358781747441, 
    -0.03855096441102309, 
    -0.7369586617883795, 
    0.3786135999865083, 
    0.08085062646398637, 
    -0.12599291800898685, 
    0.029866308010598093
  ], 
  "3": [
    -0.43403892144502754, 
    -0.48220490268445537, 
    0.4955569034162808, 
    0.3218210583459809, 
    0.35436765286209354, 
    0.3132827614435934, 
    0.07887132791288848
  ], 
  "4": [
    -0.516350200374441, 
    -0.2142170278356863, 
    0.22592803184264837, 
    -0.31743745082070884, 
    -0.616414622871632, 
    -0.39152821089505063, 
    0.04921582658067577
  ], 
  "5": [
    -0.23290899191803743, 
    -0.06842578200005738, 
    -0.18743117900522238, 
    -0.4955995070798079, 
    0.039983730759892956, 
    0.4944009488462837, 
    -0.6436544093026815
  ], 
  "6": [
    -0.09812001997422795, 
    -0.05912380538622319, 
    -0.198995986905488, 
    -0.5689916521973222, 
    0.24251195051223634, 
    0.21687564275367263, 
    0.7194990227103246
  ], 
  "7": [
    -0.04686927787989003, 
    -0.0820158455968836, 
    0.06419087265746884, 
    -0.2877253162509195, 
    0.6402110373121491, 
    -0.6610321830468787, 
    -0.23945067717132565
  ]
}