{
  "1": 83.972469141411437, 
  "2": 2.9736060227078558, 
  "3": 0.9615268133826026, 
  "4": 0.089698353059805377, 
  "5": 0.039261442780739383, 
  "6": -0.12782846949514332, 
  "7": -0.89386175652971245
}