{
  "1": 0.0033535905562438436, 
  "3": 0.0013465103954329533, 
  "2": 0.005832685205838652, 
  "4": 0.0009580176687860027
}