{
  "1": [
    0.004826877361393569, 
    0.05445279529100066, 
    0.17796949789945699, 
    0.17198662539303944, 
    0.09787404915124827, 
    0.08640717326210215, 
    0.062223709533761336
  ], 
  "3": [
    0.003050595160014766, 
    0.09963367538340086, 
    0.33200856973624826, 
    0.26255288035131524, 
    0.2078430770857719, 
    0.21479276956948962, 
    0.17294263396051224
  ], 
  "2": [
    0.0035890644935632357, 
    0.11243472915403292, 
    0.32012161595805727, 
    0.4544680505568721, 
    0.19754067551703025, 
    0.11334733200739872, 
    0.11816990121753565
  ], 
  "5": [
    0.0017030524766499704, 
    0.07457699607144637, 
    0.339540034216456, 
    0.23382296754518211, 
    0.3288966400969213, 
    0.408522998487455, 
    0.33046769652376445
  ], 
  "4": [
    0.002950285907631646, 
    0.09886314085150813, 
    0.24042879331098513, 
    0.2682518649735812, 
    0.21646205184830053, 
    0.2897219176007619, 
    0.24135717383756855
  ], 
  "7": [
    0.0005031652130261013, 
    0.02879366557019236, 
    0.16299677753355296, 
    0.21204515092261508, 
    0.3943893940439539, 
    0.3408715973845271, 
    0.5513958593445547
  ], 
  "6": [
    0.0009073673479792121, 
    0.051376890001963244, 
    0.3729245144199638, 
    0.2831705432112583, 
    0.26815162380713636, 
    0.46602196727760586, 
    0.2650113863372645
  ]
}