{
  "1": [
    -0.436052066666667, 
    0.8207384345911313, 
    0.1720045229492843, 
    0.06088518596417444, 
    0.10501558309859158, 
    0.004399432211605017, 
    0.019628207730694455
  ], 
  "3": [
    -0.43402345333333314, 
    -0.4717702498915688, 
    0.2450018734109463, 
    0.32372432782977506, 
    0.31146151737089306, 
    0.0894591561648895, 
    0.050806884885392915
  ], 
  "2": [
    -0.5373358399999998, 
    -0.0379184833016382, 
    -0.5328898969623977, 
    0.11213154905878642, 
    0.02245809953051686, 
    -0.07640210035544467, 
    0.018473915249936513
  ], 
  "5": [
    -0.23288944666666667, 
    -0.06852464217796014, 
    0.0027372741870735095, 
    -0.3461664843832167, 
    0.16645317934272288, 
    0.2775587176291373, 
    -0.39050911782119485
  ], 
  "4": [
    -0.51636588, 
    -0.20765746838821592, 
    0.19443002810116453, 
    -0.19761045676026184, 
    -0.515780450704226, 
    -0.08782853252088742, 
    0.027162023175167232
  ], 
  "7": [
    -0.046871553333333274, 
    -0.0817282187301905, 
    0.07401042419376433, 
    -0.1471807375468851, 
    0.2724234779342723, 
    -0.49877195679268954, 
    -0.195776359637995
  ], 
  "6": [
    -0.09811643999999994, 
    -0.05957350615553979, 
    0.0038137428074399406, 
    -0.376222936165736, 
    0.22187982347417837, 
    0.044326164427825866, 
    0.46438447094645974
  ]
}