{
  "1": 83.97048425315623, 
  "3": 0.9781411918130325, 
  "2": 2.9843690635817, 
  "4": 0.1321800707719876
}