{
  "1": 31.176369424780393, 
  "2": 0.048475324559857681, 
  "3": 0.016053083617130634, 
  "4": 0.0087515997027041194, 
  "5": -0.043589719497806045, 
  "6": -0.05860159796712814, 
  "7": -0.19496042935553567
}