{
  "1": 0.0002534783096646072, 
  "3": 4.586085899709202e-05, 
  "2": 0.00028951591881216113, 
  "4": 8.205630999288541e-05
}