{
  "V_11": 3.1216789962786207, 
  "V_12": 5.12024107466745, 
  "V_13": 4.744857798741336, 
  "V_14": 6.04738947984579, 
  "V_15": 2.517121046143784, 
  "V_16": 0.9150103369151008, 
  "V_17": 0.40917097966003896, 
  "V_21": 5.12024107466745, 
  "V_22": 8.02835363351116, 
  "V_23": 7.3994161956205895, 
  "V_24": 9.309930492596079, 
  "V_25": 3.893505493204979, 
  "V_26": 1.4109871358951163, 
  "V_27": 0.6068820035306899, 
  "V_31": 4.744857798741336, 
  "V_32": 7.3994161956205895, 
  "V_33": 6.768535065631432, 
  "V_34": 8.617644469155758, 
  "V_35": 3.575324515149451, 
  "V_36": 1.302114372221595, 
  "V_37": 0.5688820637998406, 
  "V_41": 6.04738947984579, 
  "V_42": 9.309930492596079, 
  "V_43": 8.617644469155758, 
  "V_44": 10.87891266074955, 
  "V_45": 4.544457878449832, 
  "V_46": 1.6463276918969076, 
  "V_47": 0.7137384031744268, 
  "V_51": 2.517121046143784, 
  "V_52": 3.893505493204979, 
  "V_53": 3.575324515149451, 
  "V_54": 4.544457878449832, 
  "V_55": 1.8662126855293661, 
  "V_56": 0.6655200099179387, 
  "V_57": 0.27574568202931415, 
  "V_61": 0.9150103369151008, 
  "V_62": 1.4109871358951163, 
  "V_63": 1.302114372221595, 
  "V_64": 1.6463276918969076, 
  "V_65": 0.6655200099179387, 
  "V_66": 0.2485602990814555, 
  "V_67": 0.08867317229318784, 
  "V_71": 0.40917097966003896, 
  "V_72": 0.6068820035306899, 
  "V_73": 0.5688820637998406, 
  "V_74": 0.7137384031744268, 
  "V_75": 0.27574568202931415, 
  "V_76": 0.08867317229318784, 
  "V_77": 0.04024434505802581
}