{
  "1": [
    7.66932130281595e-05, 
    0.15340273939682103, 
    0.1704919826682354, 
    0.15750288800334739, 
    0.1971214278678513, 
    0.11142751280190738, 
    0.09750409956551746
  ], 
  "3": [
    5.9819993368337014e-05, 
    0.07644245742004956, 
    0.1723411515355962, 
    0.4669922114514782, 
    0.5638018019540838, 
    0.1966685199459416, 
    0.23292484103511052
  ], 
  "2": [
    6.874841682191615e-05, 
    0.1274447068117638, 
    0.1355233507434434, 
    0.3138586090491362, 
    0.3756826514898733, 
    0.3057110806173841, 
    0.2651967904860313
  ], 
  "5": [
    3.550105540252558e-05, 
    0.07433202375478734, 
    0.15989060687669987, 
    0.5332308678750656, 
    0.42492121299263547, 
    0.28037245149345, 
    0.26462565661238036
  ], 
  "4": [
    5.896098900836252e-05, 
    0.05417062878552597, 
    0.1472449126284431, 
    0.467297147078049, 
    0.3390568868305754, 
    0.34630463566363096, 
    0.31074893740031606
  ], 
  "7": [
    1.6563787806492717e-05, 
    0.05914797387428249, 
    0.1371792280180663, 
    0.24864514547963854, 
    0.2570603499637436, 
    0.5902935068555527, 
    0.5686885351236238
  ], 
  "6": [
    1.0043175720332443e-05, 
    0.06651398236003932, 
    0.15271577477063375, 
    0.19041916782488533, 
    0.24799836694211935, 
    0.5238190933642725, 
    0.5839786728644737
  ]
}