{
  "1": [
    -0.4229047999999999, 
    -0.5742843188260814, 
    0.6086126362098133, 
    0.02174721840802251, 
    0.0028819122720553595, 
    0.006181406131063631, 
    0.006542278271656067
  ], 
  "3": [
    -0.44778344666666664, 
    0.1250720126730031, 
    -0.26510657868020227, 
    0.0455960179752837, 
    0.0067499917857723885, 
    0.1491086706802298, 
    0.058421811039900774
  ], 
  "2": [
    -0.56526386, 
    -0.19847187260296856, 
    -0.4035962301184427, 
    -0.15322216535596891, 
    0.029604698537867673, 
    -0.06921375683343668, 
    -0.02172448487354447
  ], 
  "5": [
    -0.19494911333333328, 
    0.41936926129731483, 
    0.28297598646362127, 
    -0.03567623268006366, 
    -0.1863591670773776, 
    -0.07113855788526757, 
    0.10296087795465556
  ], 
  "4": [
    -0.50721286, 
    0.3553972419543108, 
    0.013157522842639605, 
    0.13673780634960217, 
    0.003293116477739066, 
    -0.03331597813300103, 
    -0.07153285783199019
  ], 
  "7": [
    -0.03117107333333334, 
    0.3146384092046025, 
    0.2735898003384099, 
    -0.10421595722548138, 
    -0.024173599474288834, 
    0.028554286900559795, 
    -0.11489767762387128
  ], 
  "6": [
    -0.06983317999999997, 
    0.3898556044689008, 
    0.2734923451776652, 
    -0.030954391877834383, 
    0.20682615409889946, 
    -0.00539687218877704, 
    0.04508611398249514
  ]
}