{
  "1": [
    0.0002175544510285732, 
    0.24688798121952896, 
    0.3344634528391492, 
    0.2515400323625057, 
    0.2723761341747478, 
    0.1398858151493302, 
    0.1257354326254166
  ], 
  "3": [
    0.00015377829422564065, 
    0.2031347783320047, 
    0.2991809622670092, 
    0.4966824394949008, 
    0.30056855417280964, 
    0.21398541023021359, 
    0.19570634157066244
  ], 
  "2": [
    0.00018811517915722333, 
    0.23514506866738066, 
    0.2522403355831124, 
    0.39190032276926795, 
    0.3413228330631971, 
    0.2099266461881017, 
    0.1768344242023188
  ], 
  "5": [
    8.854011998764982e-05, 
    0.13497144114676074, 
    0.24234137269009506, 
    0.3408774283086171, 
    0.4108925888624758, 
    0.3778558882175415, 
    0.3604713305149311
  ], 
  "4": [
    0.00014556800357285815, 
    0.2875579779162739, 
    0.24708518106587202, 
    0.2144418314012989, 
    0.22597657415732303, 
    0.13084538512780114, 
    0.11989758620246253
  ], 
  "7": [
    2.7758097115154634e-05, 
    0.0710240166121527, 
    0.1444805257557365, 
    0.24419205087557114, 
    0.4072486767817606, 
    0.5494185761433872, 
    0.37782434107294843
  ], 
  "6": [
    4.860750694451539e-05, 
    0.12152787310876188, 
    0.18841028279889718, 
    0.23700796575745867, 
    0.3696381256614921, 
    0.35067637047444905, 
    0.5649271930509518
  ]
}