{
  "1": 0.05628215854550789, 
  "3": 0.033659618119290045, 
  "2": 0.03929699298077528, 
  "4": 0.04973550262039379
}