{
  "1": 2941.6883537570116, 
  "3": 0.22628324100342115, 
  "2": 0.8708014241145862, 
  "4": 0.12190040578616451
}