{
  "1": [
    -0.42000718666666664, 
    0.41953318651202903, 
    0.2504717414644614, 
    0.24490799364142143, 
    0.24440218647332096, 
    0.10762093128390589, 
    0.012108114357788477
  ], 
  "3": [
    -0.44820374666666657, 
    0.036909577121486396, 
    -0.2787572686278729, 
    0.2333332538511034, 
    -0.300499992447415, 
    -0.18696595840868088, 
    0.1576160535351411
  ], 
  "2": [
    -0.5624005733333334, 
    0.3812108609644377, 
    0.09557794717629402, 
    -0.299293247795313, 
    -0.1829234432234433, 
    0.02046534056660653, 
    -0.0321675425688459
  ], 
  "5": [
    -0.19810003999999995, 
    -0.34171106399435675, 
    0.3624297258607117, 
    -0.02267177245372912, 
    0.10401979154865759, 
    -0.3715602094635331, 
    0.0736951930488406
  ], 
  "4": [
    -0.5115987733333334, 
    -0.3679009994436034, 
    -0.24777466179944216, 
    -0.0809181295181869, 
    0.26641316793172387, 
    0.1532487115732368, 
    -0.12012891177913257
  ], 
  "7": [
    -0.023764646666666597, 
    -0.22597990232894724, 
    0.14195276644477847, 
    -0.006659607887665357, 
    -0.07008242513500197, 
    0.3586896699819172, 
    0.5289406839044233
  ], 
  "6": [
    -0.06981337999999997, 
    -0.3107394022481031, 
    0.25183141507408247, 
    0.09923873055523996, 
    -0.2912571088705129, 
    0.1974254822182037, 
    -0.3343058089832518
  ]
}