{
  "1": 0.06335941778445084, 
  "3": 0.07757831626205547, 
  "2": 0.05851701014859718, 
  "4": 0.03427994507273416
}