{
  "1": [
    4.0546206442954536e-05, 
    0.09322948431082534, 
    0.13985442451071387, 
    0.21450883340547824, 
    0.15817163104602658, 
    0.08371315537033763, 
    0.07455392285961411
  ], 
  "3": [
    3.471631108469583e-05, 
    0.0446850890438452, 
    0.2357479197255499, 
    0.3175193055176065, 
    0.36657285095937286, 
    0.2555125226082054, 
    0.2508364998839256
  ], 
  "2": [
    3.7552556726746784e-05, 
    0.07713020290715497, 
    0.17439210499691507, 
    0.24837964831675632, 
    0.22583116614133592, 
    0.10578719277650135, 
    0.09751525210620722
  ], 
  "5": [
    2.6079369338061307e-05, 
    0.030677971640200773, 
    0.22723268356392218, 
    0.34370465881121315, 
    0.34493961323006117, 
    0.21681956864242374, 
    0.2695199685823314
  ], 
  "4": [
    3.487997005295102e-05, 
    0.045029132106689934, 
    0.19075794825099995, 
    0.3347226709088586, 
    0.26592193874182696, 
    0.22622313452152884, 
    0.17903358205044992
  ], 
  "7": [
    1.523765948669644e-05, 
    0.01819594396471647, 
    0.10010860289684438, 
    0.17278126288506998, 
    0.30385084659661854, 
    0.42026321378304626, 
    0.42207090253235746
  ], 
  "6": [
    0.0, 
    0.026241027810970114, 
    0.15095245040641714, 
    0.22662782805791085, 
    0.3019266785610365, 
    0.41340534808338697, 
    0.33527028570126627
  ]
}