{
  "1": 1798.49454729484, 
  "3": 0.39502163970393434, 
  "2": 0.784412731785906, 
  "4": 0.23054827228975577
}