{
  "1": [
    -0.42117302666666667, 
    0.38820277034462897, 
    -0.47360945252800224, 
    -0.14597237411590758, 
    0.0938298843619741, 
    -0.0385697225008359, 
    0.0032159080275383123
  ], 
  "3": [
    -0.4482049999999999, 
    -0.05425161013958753, 
    0.020103789385533415, 
    0.4298877194834443, 
    0.3085286204114565, 
    0.2573695419592109, 
    -0.1401644475636657
  ], 
  "2": [
    -0.5634465, 
    0.2299308430604927, 
    0.6514934819777386, 
    -0.17696795453745748, 
    -0.08410488100040307, 
    -2.9762621196860563e-05, 
    0.006551774613996437
  ], 
  "5": [
    -0.1969540933333333, 
    -0.34602089924318097, 
    -0.06886262256184786, 
    -0.288459421513775, 
    0.38207698668818, 
    -0.3170348177866932, 
    0.12815110620947803
  ], 
  "4": [
    -0.5100014333333333, 
    -0.1786221185249865, 
    -0.29433760773230017, 
    0.10244166578697365, 
    -0.39429764690063196, 
    -0.12289188231360774, 
    0.12078519483991684
  ], 
  "7": [
    -0.023903686666666583, 
    -0.13171105909235845, 
    -0.09827042464845254, 
    -0.23133133115169394, 
    -0.02353678230469258, 
    0.4955883784687411, 
    0.4038756968117099
  ], 
  "6": [
    -0.06923333333333326, 
    -0.20502769161843476, 
    -0.1530753375902853, 
    -0.3089387909497163, 
    -0.057868972704047186, 
    0.20458149782681362, 
    -0.5594131608849678
  ]
}