{
  "1": [
    0.0014342918530267494, 
    0.025883520812299804, 
    0.19865839384743897, 
    0.21755970383441925, 
    0.21763818507047047, 
    0.2266985774449322, 
    0.17069348013445101
  ], 
  "3": [
    0.0012577424429357238, 
    0.028482052838498986, 
    0.3945154241752045, 
    0.3630395176297564, 
    0.2635907292787011, 
    0.4129250397328472, 
    0.3109296772597753
  ], 
  "2": [
    0.0013943710585705563, 
    0.03302873046718156, 
    0.2878170768314125, 
    0.2380177086894439, 
    0.24435829502581405, 
    0.27514188794464844, 
    0.21597248330855878
  ], 
  "5": [
    0.0006634418344923938, 
    0.017667014988773797, 
    0.2982890077086631, 
    0.3394355694989881, 
    0.3670128552762738, 
    0.324061211011888, 
    0.3937784297436287
  ], 
  "4": [
    0.0013269452283885402, 
    0.019711716541220677, 
    0.2654996089680771, 
    0.25226788055759297, 
    0.26842938910497915, 
    0.27897225311213064, 
    0.21384330160288043
  ], 
  "7": [
    0.00012576641045954472, 
    0.004205114868219851, 
    0.3162797293837213, 
    0.45414097321341224, 
    0.559674111969392, 
    0.34520588674195585, 
    0.48170042987514317
  ], 
  "6": [
    0.00026298911883048564, 
    0.008250327702151911, 
    0.20551615261085715, 
    0.368528830481408, 
    0.4288500747274701, 
    0.4639090871259903, 
    0.4205444702272247
  ]
}