{
  "1": [
    -0.42245145668445927, 
    -0.6893811716069312, 
    -0.45467217716083475, 
    -0.04704519495816256, 
    0.3483414902952897, 
    0.11166171072225972, 
    0.05948274055738411
  ], 
  "2": [
    -0.5645705054602994, 
    0.5752390788195041, 
    -0.17872896020335868, 
    0.45943975291006334, 
    0.19968837209220902, 
    0.1427634411164512, 
    0.21696629398446668
  ], 
  "3": [
    -0.44805139781983966, 
    0.2720486063123437, 
    -0.05638009622857114, 
    -0.8151546665463689, 
    -0.1337934159481073, 
    -0.19438033644135044, 
    0.04358052002989092
  ], 
  "4": [
    -0.5082711560416656, 
    -0.27057952349485376, 
    0.30460197782971277, 
    0.29152436394394987, 
    -0.6106025185734696, 
    -0.16519113633678337, 
    -0.3009232236267164
  ], 
  "5": [
    -0.19573685762921503, 
    -0.032052533126401, 
    0.6817038471058684, 
    -0.06685900070777691, 
    0.6352324629713766, 
    -0.014673323076985005, 
    -0.296199034650987
  ], 
  "6": [
    -0.06884221033853918, 
    -0.09849779476005541, 
    0.31879234639969867, 
    -0.1642870586729313, 
    -0.2100206064382363, 
    0.8369981035848493, 
    0.3350606753997509
  ], 
  "7": [
    -0.02555622425911191, 
    -0.18947479845388268, 
    0.3146734730954776, 
    0.0760125929632477, 
    0.02043793554463656, 
    -0.4486616806738925, 
    0.810514563890708
  ]
}