{
  "1": 902.29136164064778, 
  "2": 0.43355500280974257, 
  "3": 0.40199654307092919, 
  "4": 0.11477117312533289, 
  "5": 0.073497208729485647, 
  "6": -0.015247740562197725, 
  "7": -0.13193391722230949
}