{
  "1": [
    0.00010769986199850688, 
    0.37546400477627884, 
    0.3847187253056617, 
    0.341021361459034, 
    0.24769036227998137, 
    0.15986117115621976, 
    0.15037500302746878
  ], 
  "3": [
    8.476614723064848e-05, 
    0.3486831267658748, 
    0.3175487718030865, 
    0.3062729572541792, 
    0.31386965862553934, 
    0.17864609345735025, 
    0.2138979814550766
  ], 
  "2": [
    9.893903312585069e-05, 
    0.2866188654849575, 
    0.3527293241039471, 
    0.30679709286195284, 
    0.21901336445506098, 
    0.1861643406148408, 
    0.17220983019242225
  ], 
  "5": [
    4.762855879079618e-05, 
    0.36738522027301757, 
    0.2813320222551571, 
    0.3308630305570078, 
    0.2435132523454364, 
    0.34460786260661996, 
    0.22253991903406564
  ], 
  "4": [
    8.461847170213446e-05, 
    0.28641105838403624, 
    0.23659920962288916, 
    0.33170291984408906, 
    0.2541495616573515, 
    0.273652652102553, 
    0.24179698623111984
  ], 
  "7": [
    1.1149600884657786e-05, 
    0.16988509831042126, 
    0.18692248107418052, 
    0.20844044080292456, 
    0.3220264794623257, 
    0.5268218012794171, 
    0.4274181535806549
  ], 
  "6": [
    2.4949370956281268e-05, 
    0.17053613354291608, 
    0.1581887982537459, 
    0.20600510134756359, 
    0.3569692945453959, 
    0.38950799413736004, 
    0.5784227704453695
  ]
}