{
  "dV_11": 0.2714903168051894, 
  "dV_12": 0.19272726929265827, 
  "dV_13": 0.14738258090988263, 
  "dV_14": 0.14748465311081033, 
  "dV_15": 0.07101227347122677, 
  "dV_16": 0.03569501832136047, 
  "dV_17": 0.021087433977773507, 
  "dV_21": 0.19272726929265827, 
  "dV_22": 0.26539799819775006, 
  "dV_23": 0.14690496378035506, 
  "dV_24": 0.14656166223873118, 
  "dV_25": 0.07077618054063897, 
  "dV_26": 0.03576735750668537, 
  "dV_27": 0.021149030162768808, 
  "dV_31": 0.14738258090988263, 
  "dV_32": 0.14690496378035506, 
  "dV_33": 0.15514896600417208, 
  "dV_34": 0.11260629714996759, 
  "dV_35": 0.0543465581143886, 
  "dV_36": 0.02746261816074491, 
  "dV_37": 0.016242864258914812, 
  "dV_41": 0.14748465311081033, 
  "dV_42": 0.14656166223873118, 
  "dV_43": 0.11260629714996759, 
  "dV_44": 0.152860712560533, 
  "dV_45": 0.054862756038362194, 
  "dV_46": 0.027716746529192128, 
  "dV_47": 0.016374233737088264, 
  "dV_51": 0.07101227347122677, 
  "dV_52": 0.07077618054063897, 
  "dV_53": 0.0543465581143886, 
  "dV_54": 0.054862756038362194, 
  "dV_55": 0.03673218792154334, 
  "dV_56": 0.013375201050668537, 
  "dV_57": 0.007876809140182682, 
  "dV_61": 0.03569501832136047, 
  "dV_62": 0.03576735750668537, 
  "dV_63": 0.02746261816074491, 
  "dV_64": 0.027716746529192128, 
  "dV_65": 0.013375201050668537, 
  "dV_66": 0.009466418449604589, 
  "dV_67": 0.003969672412544997, 
  "dV_71": 0.021087433977773507, 
  "dV_72": 0.021149030162768808, 
  "dV_73": 0.016242864258914812, 
  "dV_74": 0.016374233737088264, 
  "dV_75": 0.007876809140182682, 
  "dV_76": 0.003969672412544997, 
  "dV_77": 0.003854735130029028
}