{
  "V_11": 161.31596750759115, 
  "V_12": 215.06494849969854, 
  "V_13": 170.7090251336219, 
  "V_14": 193.76674264343282, 
  "V_15": 74.48890866097729, 
  "V_16": 26.221305350872747, 
  "V_17": 9.74270650573252, 
  "V_21": 215.06494849969854, 
  "V_22": 287.73096658489095, 
  "V_23": 228.3613220997485, 
  "V_24": 258.80252495846014, 
  "V_25": 99.64735868964506, 
  "V_26": 35.048963916754374, 
  "V_27": 12.959463992082052, 
  "V_31": 170.7090251336219, 
  "V_32": 228.3613220997485, 
  "V_33": 181.083460948437, 
  "V_34": 205.47240080910498, 
  "V_35": 79.10471068378472, 
  "V_36": 27.783818737727973, 
  "V_37": 10.320889287093772, 
  "V_41": 193.76674264343282, 
  "V_42": 258.80252495846014, 
  "V_43": 205.47240080910498, 
  "V_44": 233.16210199241357, 
  "V_45": 89.87274846545462, 
  "V_46": 31.60485471485964, 
  "V_47": 11.755785976023965, 
  "V_51": 74.48890866097729, 
  "V_52": 99.64735868964506, 
  "V_53": 79.10471068378472, 
  "V_54": 89.87274846545462, 
  "V_55": 34.76001835705307, 
  "V_56": 12.235361566672625, 
  "V_57": 4.575797442206539, 
  "V_61": 26.221305350872747, 
  "V_62": 35.048963916754374, 
  "V_63": 27.783818737727973, 
  "V_64": 31.60485471485964, 
  "V_65": 12.235361566672625, 
  "V_66": 4.381385876525325, 
  "V_67": 1.6411427030318608, 
  "V_71": 9.74270650573252, 
  "V_72": 12.959463992082052, 
  "V_73": 10.320889287093772, 
  "V_74": 11.755785976023965, 
  "V_75": 4.575797442206539, 
  "V_76": 1.6411427030318608, 
  "V_77": 0.7340986436881968
}