{
  "1": 902.2899408632263, 
  "3": 0.3619001269105659, 
  "2": 0.48374310671454224, 
  "4": 0.11884445218668836
}