{
  "1": [
    -0.42245158666666666, 
    -0.4294622796327902, 
    -0.2642416228688628, 
    0.0005287268951192018, 
    0.1927494519584726, 
    0.05342582766439901, 
    -0.01048553657563565
  ], 
  "3": [
    -0.4480517733333333, 
    0.12453557559509357, 
    -0.05475854804939506, 
    -0.5203373001038407, 
    -0.0843703892128881, 
    -0.11658738473166995, 
    0.05844414100750742
  ], 
  "2": [
    -0.5645689666666667, 
    0.3796462344625878, 
    -0.13972555227962263, 
    0.2637784465212872, 
    0.15625436158332348, 
    0.07601496598639466, 
    0.0911665651180502
  ], 
  "5": [
    -0.19573697999999995, 
    -0.04341419286700712, 
    0.4390827970772982, 
    -0.04659874974039395, 
    0.4206002523059101, 
    -0.0013253514739227515, 
    -0.22598498168498157
  ], 
  "4": [
    -0.5082727533333333, 
    -0.14450742546104556, 
    0.2121779729094563, 
    0.192400585669782, 
    -0.4093844273483059, 
    -0.0725176114890397, 
    -0.09581609908243521
  ], 
  "7": [
    -0.025564746666666624, 
    -0.09855045088959291, 
    0.2256475366406014, 
    0.05523387331256498, 
    0.09365603259296026, 
    -0.252165411942555, 
    0.4347868168135492
  ], 
  "6": [
    -0.06884079999999997, 
    -0.06157945405800639, 
    0.22487894287057267, 
    -0.08845043821391481, 
    -0.12325527153906587, 
    0.44034307634164777, 
    0.12491389040002894
  ]
}