{
  "1": 596.43401592345697, 
  "2": 0.41501270411841318, 
  "3": 0.17461128535485662, 
  "4": 0.099478747650195432, 
  "5": 0.052213030107937305, 
  "6": 0.033391638323696855, 
  "7": -0.019114370168415763
}