{
  "1": [
    -0.40046653849782515, 
    -0.5533570302863029, 
    0.4070312634605586, 
    -0.19154631477546033, 
    0.25421776529462375, 
    -0.4844132771509195, 
    0.1782560326232929
  ], 
  "2": [
    -0.5418904532465673, 
    -0.25491067433074405, 
    0.04374719782328032, 
    0.509297270156639, 
    0.027032172335313756, 
    0.6125122467130706, 
    0.06462017774037214
  ], 
  "3": [
    -0.44488057467375575, 
    -0.024902942211296672, 
    -0.13889997356961373, 
    -0.6527320040735641, 
    -0.2839693595222302, 
    0.21190085605038847, 
    -0.4801752555112862
  ], 
  "4": [
    -0.5364571993690489, 
    0.4078482173447744, 
    -0.35080621787654387, 
    0.30480188962465216, 
    -0.2148063071533244, 
    -0.5297115009239877, 
    0.05628753530034398
  ], 
  "5": [
    -0.22660719558756118, 
    0.4833378446005604, 
    0.030765835348233923, 
    -0.39194535632011934, 
    0.4200902580043352, 
    0.2458219645048069, 
    0.568824880623325
  ], 
  "6": [
    -0.08748578879887547, 
    0.3557127445507373, 
    0.3337939184578941, 
    0.1736927891805926, 
    0.5683255373615205, 
    -0.056143173103883316, 
    -0.6309367185432898
  ], 
  "7": [
    -0.03566022171894377, 
    0.3189187852164655, 
    0.7600582947811815, 
    0.03424458339718718, 
    -0.5553309836842508, 
    0.0331026195520314, 
    0.0931105214483056
  ]
}