{
  "dV_11": 0.07073767531070019, 
  "dV_12": 0.05092151137187288, 
  "dV_13": 0.04003228750938573, 
  "dV_14": 0.041726770439222606, 
  "dV_15": 0.021347551644939212, 
  "dV_16": 0.011250595292928316, 
  "dV_17": 0.00688668823524498, 
  "dV_21": 0.05092151137187288, 
  "dV_22": 0.07124336194766379, 
  "dV_23": 0.04054213991237804, 
  "dV_24": 0.04215973967457286, 
  "dV_25": 0.02160576031646742, 
  "dV_26": 0.011421390751875846, 
  "dV_27": 0.006999312742694179, 
  "dV_31": 0.04003228750938573, 
  "dV_32": 0.04054213991237804, 
  "dV_33": 0.043975525107756194, 
  "dV_34": 0.03329819445444102, 
  "dV_35": 0.017044501026786323, 
  "dV_36": 0.009005747823456154, 
  "dV_37": 0.005516256481303989, 
  "dV_41": 0.041726770439222606, 
  "dV_42": 0.04215973967457286, 
  "dV_43": 0.03329819445444102, 
  "dV_44": 0.04698722280190938, 
  "dV_45": 0.017931560353485802, 
  "dV_46": 0.009471737099414781, 
  "dV_47": 0.005799094950057824, 
  "dV_51": 0.021347551644939212, 
  "dV_52": 0.02160576031646742, 
  "dV_53": 0.017044501026786323, 
  "dV_54": 0.017931560353485802, 
  "dV_55": 0.012733581545728102, 
  "dV_56": 0.004875309439504946, 
  "dV_57": 0.002972646790075857, 
  "dV_61": 0.011250595292928316, 
  "dV_62": 0.011421390751875846, 
  "dV_63": 0.009005747823456154, 
  "dV_64": 0.009471737099414781, 
  "dV_65": 0.004875309439504946, 
  "dV_66": 0.0036269839207629883, 
  "dV_67": 0.0015753567969319401, 
  "dV_71": 0.00688668823524498, 
  "dV_72": 0.006999312742694179, 
  "dV_73": 0.005516256481303989, 
  "dV_74": 0.005799094950057824, 
  "dV_75": 0.002972646790075857, 
  "dV_76": 0.0015753567969319401, 
  "dV_77": 0.00158614186814372
}