{
  "V_11": 95.82340940045546, 
  "V_12": 129.48643745943008, 
  "V_13": 106.23893443430795, 
  "V_14": 128.01998380752104, 
  "V_15": 54.02724614440284, 
  "V_16": 20.848222169415628, 
  "V_17": 8.484702411844308, 
  "V_21": 129.48643745943008, 
  "V_22": 175.17518547978733, 
  "V_23": 143.79612464286413, 
  "V_24": 173.3239702066673, 
  "V_25": 73.20087031995887, 
  "V_26": 28.237051941057633, 
  "V_27": 11.496682968329779, 
  "V_31": 106.23893443430795, 
  "V_32": 143.79612464286413, 
  "V_33": 118.06250258727762, 
  "V_34": 142.35358149335076, 
  "V_35": 60.09336499801908, 
  "V_36": 23.203407850454155, 
  "V_37": 9.454435714623369, 
  "V_41": 128.01998380752104, 
  "V_42": 173.3239702066673, 
  "V_43": 142.35358149335076, 
  "V_44": 171.7484256623465, 
  "V_45": 72.57609450285035, 
  "V_46": 28.017813348578894, 
  "V_47": 11.42867070512291, 
  "V_51": 54.02724614440284, 
  "V_52": 73.20087031995887, 
  "V_53": 60.09336499801908, 
  "V_54": 72.57609450285035, 
  "V_55": 30.758026275612423, 
  "V_56": 11.903248214437703, 
  "V_57": 4.867843253745775, 
  "V_61": 20.848222169415628, 
  "V_62": 28.237051941057633, 
  "V_63": 23.203407850454155, 
  "V_64": 28.017813348578894, 
  "V_65": 11.903248214437703, 
  "V_66": 4.689376497569388, 
  "V_67": 1.9174729460010096, 
  "V_71": 8.484702411844308, 
  "V_72": 11.496682968329779, 
  "V_73": 9.454435714623369, 
  "V_74": 11.42867070512291, 
  "V_75": 4.867843253745775, 
  "V_76": 1.9174729460010096, 
  "V_77": 0.9326830557944774
}