{
  "1": [
    -0.40046684, 
    -0.37975330021570225, 
    0.35189626725640066, 
    -0.10070268166089867, 
    0.17357090798293723, 
    -0.2575118445510741, 
    0.04006575062457435
  ], 
  "3": [
    -0.4448804799999999, 
    -0.1655205687794366, 
    -0.09647088191931416, 
    -0.38015393598615765, 
    -0.18940654478976354, 
    0.1271258245796053, 
    -0.2478586115527293
  ], 
  "2": [
    -0.5418908733333334, 
    -0.2622822778762672, 
    0.008481805388017795, 
    0.29947015570934343, 
    -0.00370462319723747, 
    0.32451269182553055, 
    0.09857124687712895
  ], 
  "5": [
    -0.22660923333333335, 
    0.0, 
    0.04578932448733422, 
    -0.23622505767012666, 
    0.23778923826934792, 
    0.10325282929148849, 
    0.3342305852070563
  ], 
  "4": [
    -0.5364566999999999, 
    0.0, 
    -0.2955090738506901, 
    0.1681392589388697, 
    -0.0935402925045709, 
    -0.2898580599144077, 
    -0.004451752592929568
  ], 
  "7": [
    -0.03564380666666662, 
    0.0, 
    0.6197263436536649, 
    0.06597366637831639, 
    -0.27598961202518785, 
    -0.0016191025807287217, 
    0.08164440154440156
  ], 
  "6": [
    -0.08749803333333324, 
    0.0, 
    0.26806160032167187, 
    0.09315628604382925, 
    0.2617292910826726, 
    0.032869221458522606, 
    -0.4052599666893797
  ]
}