{
  "1": 596.4336997265458, 
  "3": 0.17502975651742014, 
  "2": 0.41587641388077234, 
  "4": 0.09979791175270923
}