{
  "1": [
    -0.4179666666666666, 
    -0.3601, 
    -0.6256333333333333, 
    -0.5475666666666666, 
    -0.03236666666666665, 
    0.05363333333333343, 
    0.020299999999999988
  ], 
  "3": [
    -0.4483, 
    0.6613666666666667, 
    0.3428333333333333, 
    -0.4685666666666667, 
    -0.12896666666666667, 
    0.08850000000000002, 
    -0.009766666666666587
  ], 
  "2": [
    -0.5598333333333333, 
    -0.5758333333333333, 
    0.5767666666666666, 
    0.14416666666666678, 
    -0.011366666666666633, 
    -0.023899999999999918, 
    -0.029433333333333308
  ], 
  "5": [
    -0.20036666666666658, 
    0.09663333333333335, 
    -0.17803333333333327, 
    0.32630000000000003, 
    -0.6899666666666666, 
    -0.2691, 
    0.5136333333333334
  ], 
  "4": [
    -0.5150333333333332, 
    0.30310000000000015, 
    -0.3347, 
    0.5311000000000001, 
    0.4537, 
    -0.12336666666666662, 
    -0.1666333333333333
  ], 
  "7": [
    -0.02356666666666662, 
    0.0019000000000000163, 
    0.040699999999999965, 
    0.024100000000000014, 
    0.39236666666666675, 
    0.4932333333333334, 
    0.7746333333333335
  ], 
  "6": [
    -0.07043333333333335, 
    0.011700000000000047, 
    -0.11376666666666667, 
    0.2659666666666667, 
    -0.38263333333333327, 
    0.8110333333333335, 
    -0.32709999999999995
  ]
}