{
  "1": [
    0.3826813630205241, 
    -0.750259160442515, 
    0.4297043036902739, 
    -0.2583311735531673, 
    0.16062280129760775, 
    -0.10592930609767823, 
    0.04758865981008255
  ], 
  "2": [
    0.5432862590492897, 
    -0.2424857521482277, 
    -0.7291173230900855, 
    0.31486635044732325, 
    0.08499530839339642, 
    0.08895791983891241, 
    0.01225142066515296
  ], 
  "3": [
    0.45268548714110324, 
    0.27462414083190406, 
    0.5247043367876478, 
    0.59834915861492, 
    -0.033798989551548156, 
    0.224616760012527, 
    -0.18634917164285902
  ], 
  "4": [
    0.5350841725130444, 
    0.40030866937266996, 
    0.002734315124504606, 
    -0.3762781749319335, 
    -0.3870286872376206, 
    -0.47792528707215787, 
    0.18341584275608308
  ], 
  "5": [
    0.2299605758452872, 
    0.3680774908774837, 
    -0.01925979902020234, 
    -0.4187023632740183, 
    0.7474755789839321, 
    0.2302866839652493, 
    -0.15557245067047926
  ], 
  "6": [
    0.1088003028523087, 
    -0.06449628978433769, 
    -0.05765898164213763, 
    -0.3961858735113745, 
    -0.5053888068328074, 
    0.6294477202614711, 
    -0.4148404989331081
  ], 
  "7": [
    0.049360113846953935, 
    0.054823279617442135, 
    0.06873518032807062, 
    -0.0473528267384158, 
    -0.04364572791907255, 
    0.5027562156274098, 
    0.8561088774452541
  ]
}