{
  "1": 0.005216688349885827, 
  "3": 0.003526324706097103, 
  "2": 0.006905079756011136, 
  "4": 0.0013368339801151125
}