{
  "dV_11": 1.780774940138143, 
  "dV_12": 1.161935406588956, 
  "dV_13": 0.8825582074667142, 
  "dV_14": 0.837645830818524, 
  "dV_15": 0.45167329299526704, 
  "dV_16": 0.2476996666529989, 
  "dV_17": 0.13955079513378, 
  "dV_21": 1.161935406588956, 
  "dV_22": 1.515296404453331, 
  "dV_23": 0.8154729037314716, 
  "dV_24": 0.7737456645749784, 
  "dV_25": 0.41726340970672493, 
  "dV_26": 0.2285295292163529, 
  "dV_27": 0.12874000816601106, 
  "dV_31": 0.8825582074667142, 
  "dV_32": 0.8154729037314716, 
  "dV_33": 0.8721163994038545, 
  "dV_34": 0.5877082787387246, 
  "dV_35": 0.31698149690380456, 
  "dV_36": 0.1734857668049406, 
  "dV_37": 0.09770246930960225, 
  "dV_41": 0.837645830818524, 
  "dV_42": 0.7737456645749784, 
  "dV_43": 0.5877082787387246, 
  "dV_44": 0.7856054567642146, 
  "dV_45": 0.3016226012134599, 
  "dV_46": 0.16475002267618516, 
  "dV_47": 0.09281402746744086, 
  "dV_51": 0.45167329299526704, 
  "dV_52": 0.41726340970672493, 
  "dV_53": 0.31698149690380456, 
  "dV_54": 0.3016226012134599, 
  "dV_55": 0.22938952389398948, 
  "dV_56": 0.08918463419645, 
  "dV_57": 0.0501679446550202, 
  "dV_61": 0.2476996666529989, 
  "dV_62": 0.2285295292163529, 
  "dV_63": 0.1734857668049406, 
  "dV_64": 0.16475002267618516, 
  "dV_65": 0.08918463419645, 
  "dV_66": 0.06906568845706593, 
  "dV_67": 0.027538180484383196, 
  "dV_71": 0.13955079513378, 
  "dV_72": 0.12874000816601106, 
  "dV_73": 0.09770246930960225, 
  "dV_74": 0.09281402746744086, 
  "dV_75": 0.0501679446550202, 
  "dV_76": 0.027538180484383196, 
  "dV_77": 0.02199687153514122
}