{
  "1": [
    0.3826169200000003, 
    -0.568813139002971, 
    0.22290533846257646, 
    -0.2175472870587447, 
    0.10370338840366221, 
    -0.09257135513507575, 
    0.008439584205385944
  ], 
  "3": [
    0.4527038600000006, 
    0.15750865471301254, 
    0.34281703448741396, 
    0.5345259028981069, 
    0.00867509558385082, 
    0.1709224433993221, 
    -0.09428737268034035
  ], 
  "2": [
    0.5432023533333334, 
    -0.0992780493505626, 
    -0.5046695889856263, 
    0.24559812795161898, 
    0.07230333929636264, 
    0.04025445696161006, 
    0.027162208734477555
  ], 
  "5": [
    0.22996259333333324, 
    0.23241845470633388, 
    0.0356673685631372, 
    -0.36183441375327086, 
    0.5699737872250865, 
    0.03986215684129945, 
    -0.12048823077996346
  ], 
  "4": [
    0.5350520266666665, 
    0.2785205883335019, 
    0.04837566308969415, 
    -0.31456806645601787, 
    -0.33992999754463377, 
    -0.2582775420175722, 
    0.07429886982000865
  ], 
  "7": [
    0.049367893333333385, 
    0.030546612574710395, 
    0.04972389147600737, 
    -0.04188724560867078, 
    -0.011867196323967589, 
    0.22445856210580054, 
    0.6999501046462957
  ], 
  "6": [
    0.10881090000000004, 
    -0.02923850879829029, 
    -0.02832117837618926, 
    -0.3550012536948326, 
    -0.28929402995545217, 
    0.496087939771775, 
    -0.201513422631505
  ]
}