{"mode1_error": [1e-06, 2e-06, 2e-06, 3e-06, 9e-06, 1e-06, 5e-06], "mode2": [-0.00045, -0.0002, -0.00025, 0.0011, 0.00353, 0.00881, 0.01704], "mode2_error": [5.3e-05, 7.2e-05, 7.4e-05, 6.8e-05, 0.000209, 0.000481, 0.000963], "mode1": [0.01437, 0.02414, 0.03448, 0.04674, 0.06101, 0.07035, 0.07385]}