{"mode1_error": [8e-06, 8e-06, 1.2e-05, 1.4e-05, 2.6e-05, 4.4e-05, 7.3e-05], "mode2": [0.00065, 0.00015, -0.00076, -0.00054, -0.00164, -0.00419, -0.00618], "mode2_error": [9.8e-05, 0.000196, 0.000112, 0.00018, 0.000414, 0.000927, 0.001498], "mode1": [0.0027, 0.00466, 0.00664, 0.00922, 0.01292, 0.01677, 0.02134]}