{"mode1_error": [4e-06, 4e-06, 6e-06, 7e-06, 1.3e-05, 2.3e-05, 4.2e-05], "mode2": [0.00039, 0.00058, -0.00071, -0.00086, -0.00325, -0.00684, -0.01172], "mode2_error": [8.5e-05, 9.1e-05, 9.1e-05, 8e-05, 0.000241, 0.000551, 0.001035], "mode1": [0.00597, 0.01007, 0.01439, 0.01969, 0.0261, 0.03095, 0.03407]}