{"mode1_error": [2e-06, 3e-06, 4e-06, 4e-06, 8e-06, 1.1e-05, 2e-06], "mode2": [0.0005, 0.00043, -0.00025, -0.00105, -0.00473, -0.01212, -0.01613], "mode2_error": [5.3e-05, 6.3e-05, 0.000115, 0.000108, 0.000316, 0.000843, 0.001495], "mode1": [0.02182, 0.03656, 0.05216, 0.07073, 0.09234, 0.10632, 0.11097]}