{"mode1_error": [4e-06, 4e-06, 8e-06, 9e-06, 1.9e-05, 5e-06, 3e-06], "mode2": [-0.00109, -0.00084, -0.00013, 0.00278, 0.011, 0.02676, 0.04761], "mode2_error": [0.000108, 0.00012, 0.000237, 0.000224, 0.000576, 0.001409, 0.003287], "mode1": [0.04651, 0.07725, 0.10899, 0.14657, 0.19089, 0.21967, 0.22799]}