{
  "1": [
    0.00010362406515328142, 
    0.223448532781655, 
    0.23924253772011622, 
    0.340293605512382, 
    0.23291758473296453, 
    0.27410158723312006, 
    0.12027702823663723
  ], 
  "3": [
    7.365588942646435e-05, 
    0.24142988064919985, 
    0.2619588489768024, 
    0.3061688222206995, 
    0.27983927660036245, 
    0.15378283113641691, 
    0.12423560825594705
  ], 
  "2": [
    9.00458898773978e-05, 
    0.18503696428638908, 
    0.25457799620715693, 
    0.29879399691831976, 
    0.1836612083196503, 
    0.1316525921035044, 
    0.08645499112463487
  ], 
  "5": [
    4.494291437583697e-05, 
    0.17969614897667024, 
    0.28565783419882784, 
    0.28952268978992235, 
    0.2013404168166853, 
    0.17504008569146676, 
    0.17425966166905985
  ], 
  "4": [
    6.995491847898055e-05, 
    0.15873272649832046, 
    0.25142415235648863, 
    0.27526597846046946, 
    0.11757187827329117, 
    0.17431420853283683, 
    0.08694745444262547
  ], 
  "7": [
    2.654084902008642e-05, 
    0.11047666481750067, 
    0.13990438889759216, 
    0.08826884100428893, 
    0.16714395386544378, 
    0.3296698824187676, 
    0.19259548385227881
  ], 
  "6": [
    2.5567253408406154e-05, 
    0.1051800693361106, 
    0.17501479918321358, 
    0.20331987864552192, 
    0.3514888739544594, 
    0.16974392684505918, 
    0.2855347499190595
  ]
}