{
  "1": 3316.9603938729015, 
  "2": 1.1857726424044119, 
  "3": 0.39858331798630481, 
  "4": 0.10276283614653949, 
  "5": 0.060974572493143038, 
  "6": 0.051918544770501916, 
  "7": 0.044915031796282069, 
  "8": 0.029215954889287112, 
  "9": -0.03238747211619044, 
  "10": -0.037057327437933135, 
  "11": -0.45469883080279561
}