{
  "1": [
    -0.39815768675638635, 
    -0.5658610346189517, 
    0.4899445670914859, 
    0.3425410749500618, 
    -0.3645986453969862, 
    0.0760978492942482, 
    -0.04371803655765253, 
    0.1145025042425809, 
    0.07834878706407887, 
    -0.05923408862918009, 
    0.02234556655397733
  ], 
  "2": [
    -0.539446109136988, 
    -0.31934143720661845, 
    -0.720735519473707, 
    0.16123911861825457, 
    0.19907318734814838, 
    -0.045548563383709724, 
    0.05785149771696801, 
    -0.11242835439930886, 
    -0.053258551874950634, 
    0.031918443552824256, 
    -0.0037686630069669793
  ], 
  "3": [
    -0.44487361706108347, 
    0.03606930620343822, 
    0.45564366567650993, 
    -0.31715114643919834, 
    0.6589312093474736, 
    -0.09068288311022722, 
    -0.1002685769735101, 
    -0.09669891714504955, 
    -0.14852838613233185, 
    0.08184283269989999, 
    -0.04487034026407791
  ], 
  "4": [
    -0.5393809146247217, 
    0.46197068990583573, 
    -0.08415849733396075, 
    -0.39805244664141454, 
    -0.44733947972549254, 
    0.17685650558460403, 
    -0.1666412848700248, 
    0.19760210003139705, 
    0.1542681389797468, 
    -0.08097463536783321, 
    0.03950463173819498
  ], 
  "5": [
    -0.22910381872125213, 
    0.4158927505717963, 
    0.1420468353257246, 
    0.3368288313474101, 
    -0.18624824278885763, 
    -0.4907472203657134, 
    0.48434571798429094, 
    -0.3339791687339867, 
    -0.05187018580701212, 
    0.10695122011343264, 
    -0.07162760390870138
  ], 
  "6": [
    -0.08857364775542786, 
    0.3158239652151064, 
    0.05794066880216775, 
    0.4384386260520738, 
    0.2320494822219894, 
    0.7276892000346153, 
    0.2592395492749673, 
    0.062381751550172095, 
    -0.14102362432110668, 
    -0.12891605947495022, 
    0.07643433860469398
  ], 
  "7": [
    -0.03287914322175692, 
    0.1848979524404667, 
    -0.03856269865347023, 
    0.32775938825536666, 
    0.20398471825173833, 
    -0.40679165306447634, 
    -0.15054815985351314, 
    0.761182093268467, 
    -0.046043161746360604, 
    -0.1997722754465804, 
    0.0680979749631382
  ], 
  "8": [
    -0.01256077705263558, 
    0.13951410725645463, 
    0.010965544873945948, 
    0.276075504832982, 
    0.18803636332048793, 
    0.0351076099959453, 
    -0.2732266759348057, 
    -0.08710234129696552, 
    0.7822032693207006, 
    0.41335158535197214, 
    0.05008765369077466
  ], 
  "9": [
    -0.005907878512336184, 
    0.10862781140950833, 
    -0.017305518027612828, 
    0.1879250051850228, 
    -0.1657177548369262, 
    0.04923152883952862, 
    -0.4232924471333902, 
    0.015591391905713368, 
    -0.5478957132534201, 
    0.664038635476737, 
    0.04590294132625016
  ], 
  "10": [
    -0.003417817636573182, 
    0.1035981656398895, 
    -0.01574471187094604, 
    0.19115588863960054, 
    -0.012772529889524714, 
    0.02553900884291819, 
    -0.378107044009535, 
    -0.16725034388261328, 
    -0.0318840312877079, 
    -0.2821321903543616, 
    -0.8367192550962981
  ], 
  "11": [
    -0.0021906804688219535, 
    0.11920086217192537, 
    0.010568967151286971, 
    0.19093084061867696, 
    -0.002534549288659706, 
    -0.11171594791651138, 
    -0.48545228014146885, 
    -0.44183417371033784, 
    -0.08613503295340026, 
    -0.472064723956141, 
    0.5249642736349458
  ]
}