{
  "V_10_1": 4.474706053019706, 
  "V_10_10": 0.11704402175434292, 
  "V_10_11": 0.06258076066525826, 
  "V_10_2": 6.081674885389688, 
  "V_10_3": 5.032459730741598, 
  "V_10_4": 6.1452130830302005, 
  "V_10_5": 2.6594926495774156, 
  "V_10_6": 1.0650755057853378, 
  "V_10_7": 0.4232092438710837, 
  "V_10_8": 0.18227887540422041, 
  "V_10_9": 0.1003840615083267, 
  "V_11_1": 2.8394600727209665, 
  "V_11_10": 0.06258076066525826, 
  "V_11_11": 0.10110467568875763, 
  "V_11_2": 3.8882299060424867, 
  "V_11_3": 3.2150477292580377, 
  "V_11_4": 3.9633305529770615, 
  "V_11_5": 1.7225594024690514, 
  "V_11_6": 0.716335592102308, 
  "V_11_7": 0.29293673016014976, 
  "V_11_8": 0.1338059288251499, 
  "V_11_9": 0.08145817667379707, 
  "V_1_1": 526.1501574441689, 
  "V_1_10": 4.474706053019706, 
  "V_1_11": 2.8394600727209665, 
  "V_1_2": 712.8303979327887, 
  "V_1_3": 587.3708453470136, 
  "V_1_4": 711.9970423391037, 
  "V_1_5": 302.3018199875439, 
  "V_1_6": 116.811421550474, 
  "V_1_7": 43.35912417529988, 
  "V_1_8": 16.53589450406612, 
  "V_1_9": 7.754247413845127, 
  "V_2_1": 712.8303979327887, 
  "V_2_10": 6.081674885389688, 
  "V_2_11": 3.8882299060424867, 
  "V_2_2": 965.1371235340534, 
  "V_2_3": 796.1331011698018, 
  "V_2_4": 964.8986082073083, 
  "V_2_5": 409.8557812291236, 
  "V_2_6": 158.4155948156863, 
  "V_2_7": 58.7641756214426, 
  "V_2_8": 22.439418869984546, 
  "V_2_9": 10.537821497830919, 
  "V_3_1": 587.3708453470136, 
  "V_3_10": 5.032459730741598, 
  "V_3_11": 3.2150477292580377, 
  "V_3_2": 796.1331011698018, 
  "V_3_3": 656.4039967609708, 
  "V_3_4": 796.0226627343159, 
  "V_3_5": 338.01717484661407, 
  "V_3_6": 130.64307076219652, 
  "V_3_7": 48.48496635348878, 
  "V_3_8": 18.497570486772904, 
  "V_3_9": 8.71801814835002, 
  "V_4_1": 711.9970423391037, 
  "V_4_10": 6.1452130830302005, 
  "V_4_11": 3.9633305529770615, 
  "V_4_2": 964.8986082073083, 
  "V_4_3": 796.0226627343159, 
  "V_4_4": 965.3203750728649, 
  "V_4_5": 410.0598667526126, 
  "V_4_6": 158.56709407156973, 
  "V_4_7": 58.885173960191274, 
  "V_4_8": 22.517972796230477, 
  "V_4_9": 10.59559449009932, 
  "V_5_1": 302.3018199875439, 
  "V_5_10": 2.6594926495774156, 
  "V_5_11": 1.7225594024690514, 
  "V_5_2": 409.8557812291236, 
  "V_5_3": 338.01717484661407, 
  "V_5_4": 410.0598667526126, 
  "V_5_5": 174.36192554199735, 
  "V_5_6": 67.54690284478733, 
  "V_5_7": 25.1011976660007, 
  "V_5_8": 9.639131479652594, 
  "V_5_9": 4.553429342946543, 
  "V_6_1": 116.811421550474, 
  "V_6_10": 1.0650755057853378, 
  "V_6_11": 0.716335592102308, 
  "V_6_2": 158.4155948156863, 
  "V_6_3": 130.64307076219652, 
  "V_6_4": 158.56709407156973, 
  "V_6_5": 67.54690284478733, 
  "V_6_6": 26.20387776347448, 
  "V_6_7": 9.79605394663909, 
  "V_6_8": 3.7713827374292928, 
  "V_6_9": 1.7987781294563603, 
  "V_7_1": 43.35912417529988, 
  "V_7_10": 0.4232092438710837, 
  "V_7_11": 0.29293673016014976, 
  "V_7_2": 58.7641756214426, 
  "V_7_3": 48.48496635348878, 
  "V_7_4": 58.885173960191274, 
  "V_7_5": 25.1011976660007, 
  "V_7_6": 9.79605394663909, 
  "V_7_7": 3.6826273279264616, 
  "V_7_8": 1.4319570347253787, 
  "V_7_9": 0.6958931395361204, 
  "V_8_1": 16.53589450406612, 
  "V_8_10": 0.18227887540422041, 
  "V_8_11": 0.1338059288251499, 
  "V_8_2": 22.439418869984546, 
  "V_8_3": 18.497570486772904, 
  "V_8_4": 22.517972796230477, 
  "V_8_5": 9.639131479652594, 
  "V_8_6": 3.7713827374292928, 
  "V_8_7": 1.4319570347253787, 
  "V_8_8": 0.6297243456633579, 
  "V_8_9": 0.2858922250585496, 
  "V_9_1": 7.754247413845127, 
  "V_9_10": 0.1003840615083267, 
  "V_9_11": 0.08145817667379707, 
  "V_9_2": 10.537821497830919, 
  "V_9_3": 8.71801814835002, 
  "V_9_4": 10.59559449009932, 
  "V_9_5": 4.553429342946543, 
  "V_9_6": 1.7987781294563603, 
  "V_9_7": 0.6958931395361204, 
  "V_9_8": 0.2858922250585496, 
  "V_9_9": 0.2024366544686382
}