{
  "11": [
    -0.0021666666666666466, 
    0.11842448000000019, 
    0.007604685922036005, 
    0.15195198135198143, 
    0.001762175990528147, 
    -0.015168263038549035, 
    -0.26761493577694256, 
    -0.2913438662558487, 
    -0.021441914114254796, 
    -0.3546044884565803, 
    0.23357503519982661
  ], 
  "10": [
    -0.0034333333333332844, 
    0.10293968000000005, 
    -0.010650656433043785, 
    0.15123153210425916, 
    0.007459228720030598, 
    0.045212888888889004, 
    -0.19963508771929875, 
    -0.1565481570238504, 
    -0.09503694957524758, 
    -0.1297171178561653, 
    -0.4789583631178009
  ], 
  "1": [
    -0.39815737333333334, 
    -0.5580104333333339, 
    0.38263110482730794, 
    0.2877965953238675, 
    -0.21872460992008172, 
    0.024768571428571484, 
    -0.007868428884711873, 
    0.032287934116931094, 
    -0.00870151975683892, 
    -0.005174768545646236, 
    0.004672424997292435
  ], 
  "3": [
    -0.44487318, 
    0.03506058666666675, 
    0.35177473237729734, 
    -0.25792145228508745, 
    0.3861080426233671, 
    -0.0013142312925169231, 
    -0.07863975563909825, 
    -0.0010691125565824354, 
    -0.0035076923076922295, 
    0.009516453767725364, 
    -0.01732405863027545
  ], 
  "2": [
    -0.5394464133333333, 
    -0.3151989799999998, 
    -0.5642786171143899, 
    0.1246156106519744, 
    0.13150313755338505, 
    -0.016040072562358326, 
    0.031142958959899894, 
    -0.04186066035223826, 
    0.004135546722780857, 
    -0.0036983202468844935, 
    0.0030532401891765837
  ], 
  "5": [
    -0.22910247333333328, 
    0.41042193333333354, 
    0.09932087793711729, 
    0.27040625132443374, 
    -0.01848059114550247, 
    -0.35266433560090804, 
    0.263972023809524, 
    -0.17989732968161554, 
    -0.0016631751227495389, 
    0.03650074221649286, 
    -0.031203751037943556
  ], 
  "4": [
    -0.5393806333333332, 
    0.4558455066666662, 
    -0.05555803541372158, 
    -0.31889124108214983, 
    -0.30370400862615693, 
    0.08901319727891188, 
    -0.0945585761278198, 
    0.05162459964243602, 
    0.0183672979502767, 
    -0.009459115590452745, 
    0.012046958373948598
  ], 
  "7": [
    -0.032899719999999924, 
    0.1835794733333333, 
    -0.02563307749276221, 
    0.255900840573568, 
    0.03171467292485942, 
    -0.1916898231292507, 
    -0.2523767622180455, 
    0.5260439233139341, 
    -0.09705871716935566, 
    -0.04873072776280329, 
    0.027917747933138337
  ], 
  "6": [
    -0.08856676666666657, 
    0.3125570533333334, 
    0.04060543324580893, 
    0.3399349297167487, 
    0.12242718508182157, 
    0.4209273378684811, 
    0.27870364974937356, 
    0.09897086614173246, 
    -0.09749385083002085, 
    -0.05826684245478332, 
    0.04848887324452158
  ], 
  "9": [
    -0.005899999999999902, 
    0.10791614666666649, 
    -0.011969427051773989, 
    0.14933156742247664, 
    -0.014257410461330148, 
    0.03454955102040835, 
    -0.23450531798245697, 
    -0.17468350640952376, 
    -0.23480333567142062, 
    0.40354888472205974, 
    0.11789549442218135
  ], 
  "8": [
    -0.012566666666666611, 
    0.1384805866666668, 
    0.008127475930788455, 
    0.21730038143674468, 
    0.04723324876316146, 
    0.06801754195011343, 
    -0.1506145520050123, 
    -0.02274346304538026, 
    0.5456775933286572, 
    0.17202967694050553, 
    0.005276750063178926
  ]
}