{
  "1": [
    -0.41838360000000013, 
    -0.7128132065398737, 
    0.2065864369730402, 
    -0.09767486361876593, 
    0.18101401809473128, 
    -0.028399002964160504, 
    -0.00023426921108430875
  ], 
  "3": [
    -0.4368353999999995, 
    0.0391454387721055, 
    0.4067777488636748, 
    -0.029963689156371653, 
    -0.3645937590917161, 
    -0.05462385571852028, 
    -0.06678537691014133
  ], 
  "2": [
    -0.5659663199999997, 
    -0.08636230230230224, 
    -0.5968145484195564, 
    0.1740101889979939, 
    -0.10053645201348303, 
    0.019592712784386384, 
    0.07398300796958415
  ], 
  "5": [
    -0.20034779333333333, 
    0.18469306639973324, 
    -0.2886127025432858, 
    -0.45989123640586976, 
    0.0055024481106962725, 
    0.135558936751742, 
    -0.22978719748482773
  ], 
  "4": [
    -0.5179756066666663, 
    0.5490703570236899, 
    0.2555112279240828, 
    0.12024957237884075, 
    0.27149391165513614, 
    0.005031077491627215, 
    -0.008998778971996607
  ], 
  "7": [
    -0.025211046666666632, 
    -0.019204944944944877, 
    0.10667617015370742, 
    -0.005609548446133723, 
    -0.03407475252794037, 
    0.5139308503676324, 
    0.2898465160488404
  ], 
  "6": [
    -0.06847746666666665, 
    0.1352890824157494, 
    -0.05184471392387465, 
    -0.20917748565797342, 
    -0.004530803618946248, 
    -0.26322956076529297, 
    0.45008558894494305
  ]
}