{
  "1": [
    0.00012888001637256362, 
    0.07274601942622531, 
    0.38802420519959013, 
    0.2516193453644071, 
    0.29876964036694714, 
    0.29696256205837823, 
    0.1898798743921152
  ], 
  "3": [
    9.3293913226478e-05, 
    0.07603465508238165, 
    0.22167589497889942, 
    0.2494430907197063, 
    0.4017384469182427, 
    0.33136012620911875, 
    0.2696228687845786
  ], 
  "2": [
    0.00011299950689101573, 
    0.050858926346396896, 
    0.28365424306225706, 
    0.24041391937789394, 
    0.16675890554110367, 
    0.21140633187483363, 
    0.15701024522355933
  ], 
  "5": [
    5.43816272610506e-05, 
    0.04998571027214157, 
    0.3022068710266824, 
    0.43598765837608916, 
    0.4558559999483126, 
    0.30290932840546747, 
    0.327233160803983
  ], 
  "4": [
    8.590634384837714e-05, 
    0.06252648519288415, 
    0.33460669824613426, 
    0.30210478159130144, 
    0.357734407620147, 
    0.3482811324049168, 
    0.2330995745369452
  ], 
  "7": [
    2.9035591955169648e-05, 
    0.011488283681716796, 
    0.21255018033500633, 
    0.4429936965905261, 
    0.3323154793235533, 
    0.35053347360658405, 
    0.4241632923827042
  ], 
  "6": [
    3.417973343115688e-05, 
    0.02511931828290803, 
    0.4439518890264671, 
    0.4459039901927306, 
    0.4304904701191499, 
    0.3183869446842639, 
    0.3497882395455958
  ]
}