{
  "1": 89.3474122458923, 
  "3": 0.04621568775385304, 
  "2": 0.05982240862843171, 
  "4": 0.033219464903295366
}