{
  "P_1": 850.5380610307415, 
  "P_10": 1.718570660452192, 
  "P_11": 1.3714249192513956, 
  "P_2": 708.4574589612216, 
  "P_3": 417.724605435001, 
  "P_4": 378.54094986939924, 
  "P_5": 124.12057981715893, 
  "P_6": 41.59358132409082, 
  "P_7": 14.652195711250307, 
  "P_8": 5.614361431578112, 
  "P_9": 2.6595416318392164
}