{
  "P_1": 499.2550963, 
  "P_2": 417.388760425, 
  "P_3": 246.654821325, 
  "P_4": 223.428865075, 
  "P_5": 72.992804775, 
  "P_6": 24.34955535, 
  "P_7": 8.55636851850341
}