{
  "1": [
    2.9184164814581617e-05, 
    0.0793484185341614, 
    0.36881452009033566, 
    0.2622595121187145, 
    0.20339788546718135, 
    0.13257699940600587, 
    0.12019649716863182
  ], 
  "3": [
    1.2831968866225551e-05, 
    0.06869539520123895, 
    0.1909652737286492, 
    0.3576214174582878, 
    0.13312997582863698, 
    0.17868120174161672, 
    0.1897771035468582
  ], 
  "2": [
    1.762825161103665e-05, 
    0.06393383571066659, 
    0.260635573810792, 
    0.1759067374776725, 
    0.15316706713389916, 
    0.11565125770091131, 
    0.13942856355906924
  ], 
  "5": [
    6.666344276106196e-07, 
    0.06581012658003749, 
    0.11019044375211903, 
    0.2627704714017819, 
    0.19067610456132822, 
    0.27255868647629505, 
    0.36543309474480656
  ], 
  "4": [
    2.0255214239773476e-05, 
    0.04509167680162332, 
    0.17325833842713378, 
    0.2691853232827451, 
    0.1020653400392307, 
    0.1001152718065123, 
    0.12470815351181469
  ], 
  "7": [
    0.0, 
    0.014114141120069562, 
    0.02285977569097874, 
    0.1164147761246432, 
    0.20226030408957602, 
    0.44100386342752496, 
    0.5442058039780157
  ], 
  "6": [
    0.0, 
    0.035169485058551754, 
    0.05681685732827166, 
    0.19963714528609858, 
    0.2340573024188719, 
    0.5131489993838656, 
    0.33499140808718514
  ]
}