{
  "1": [
    0.41994946666666694, 
    -0.2963159015901592, 
    0.2674608011444922, 
    -0.6029870883847468, 
    -0.04666307807654266, 
    -0.018258483665646856, 
    -0.005882710926694322
  ], 
  "3": [
    0.4484307933333335, 
    0.08505320865419885, 
    -0.650002893021776, 
    -0.0948319809546668, 
    0.2661826159561055, 
    0.16312655695045183, 
    -0.11989282849239259
  ], 
  "2": [
    0.5620383133333333, 
    -0.5493738140480703, 
    0.020428795104116968, 
    0.40855834433641475, 
    -0.22547335650751385, 
    -0.09811423497555974, 
    0.030819287690179727
  ], 
  "5": [
    0.19783332666666664, 
    0.4725108077474411, 
    -0.21845206644412604, 
    -0.09973641019485524, 
    -0.4799146338138561, 
    -0.3373105144705851, 
    0.13958369986168728
  ], 
  "4": [
    0.5120931400000001, 
    0.559268810214355, 
    0.39710060403751396, 
    0.16259470651782562, 
    0.3152382408070065, 
    0.0653853957871787, 
    0.06809903872752429
  ], 
  "7": [
    0.023100000000000124, 
    0.04216761342800958, 
    -0.01979291050707352, 
    -0.005623858680430304, 
    -0.32766499335446153, 
    0.45640455392622287, 
    0.35074482019363734
  ], 
  "6": [
    0.06909999999999994, 
    0.20596585991932545, 
    0.11579468288030526, 
    0.03930177649741914, 
    -0.4626581978666141, 
    0.1790950838696071, 
    -0.45839065698478737
  ]
}