{
  "1": 3719.36793728792, 
  "3": 0.11760604019313857, 
  "2": 0.4841739393660058, 
  "4": 0.04702260865815967
}