{
  "1": 1798.9065186271453, 
  "3": 0.20989287785899413, 
  "2": 0.8210837681727422, 
  "4": 0.09503373929462573
}