{
  "1": [
    -0.4212825733333333, 
    -0.5585001866666678, 
    0.49390100917741775, 
    -0.2718679940674814, 
    0.0033581469122069794, 
    0.025525736590279534, 
    -0.02446803734163133
  ], 
  "3": [
    -0.44811393333333327, 
    0.08633502000000008, 
    0.10773693995733043, 
    0.4675881275491291, 
    -0.17004775264697305, 
    0.10158648535213649, 
    0.2067963917907687
  ], 
  "2": [
    -0.5634694333333334, 
    -0.3085988333333337, 
    -0.6026894273426125, 
    -0.09741067111605461, 
    -0.003886017385572239, 
    -0.03290155292537553, 
    -0.02525349336889688
  ], 
  "5": [
    -0.1968547466666666, 
    0.436847400000001, 
    0.037757780486978754, 
    -0.2613945346681488, 
    -0.36907599802249363, 
    0.10660198942331879, 
    -0.22021172853226528
  ], 
  "4": [
    -0.5099914400000001, 
    0.5117224533333335, 
    0.15698517728334868, 
    0.08167122728958104, 
    0.27249932435216123, 
    -0.1434337110719382, 
    -0.08083793435578267
  ], 
  "7": [
    -0.023964186666666575, 
    0.19029838666666643, 
    0.007420749094110953, 
    -0.3030047015202103, 
    -0.0732609113006221, 
    -0.3773819105179207, 
    0.316569630288212
  ], 
  "6": [
    -0.06929740666666658, 
    0.2736430733333334, 
    -0.06388855362525003, 
    -0.3327211271783447, 
    0.17915403534791702, 
    0.3386457819189122, 
    0.12797090464547636
  ]
}