{
  "1": 0.01629610609175035, 
  "3": 0.012539880729703698, 
  "2": 0.025705691639657278, 
  "4": 0.003247669585276295
}