{
  "1": 213.41436980688763, 
  "3": 0.067443420805, 
  "2": 0.11530533257857169, 
  "4": 0.04235289207221932
}