{"mode1_error": [9e-06, 1e-05, 1.6e-05, 1.8e-05, 3.3e-05, 5.6e-05, 9.7e-05], "mode2": [-0.00037, 0.00076, -0.00054, -0.00025, -0.00099, -0.00144, -0.00202], "mode2_error": [0.000511, 0.00051, 0.001261, 0.000502, 0.001259, 0.002642, 0.003163], "mode1": [0.01025, 0.01722, 0.02463, 0.03343, 0.04378, 0.05098, 0.0539]}