{"mode1_error": [7e-06, 8e-06, 1.2e-05, 1.4e-05, 2.7e-05, 4.6e-05, 9.9e-05], "mode2": [0.00072, -0.0002, -0.00062, -0.0001, -0.00233, -0.0038, -0.00755], "mode2_error": [0.000255, 0.0006, 0.000517, 0.000896, 0.001463, 0.002859, 0.007612], "mode1": [0.01437, 0.02417, 0.03444, 0.04674, 0.06106, 0.07039, 0.07415]}