{"mode1_error": [6e-06, 7e-06, 1.1e-05, 1.3e-05, 2.5e-05, 3.9e-05, 1.4e-05], "mode2": [-0.00049, -0.00067, 0.00044, 0.00191, 0.00149, 0.00278, 0.01285], "mode2_error": [0.000404, 0.000438, 0.000692, 0.000735, 0.001722, 0.003175, 0.007311], "mode1": [0.02642, 0.04425, 0.063, 0.08526, 0.11132, 0.12798, 0.13323]}