{"mode1_error": [7e-06, 8e-06, 1.3e-05, 1.5e-05, 3e-05, 3.8e-05, 0.0], "mode2": [-0.00073, 0.00059, -0.00028, 0.00034, 0.00125, 0.00142, 0.00261], "mode2_error": [0.000532, 0.000933, 0.001194, 0.001276, 0.00454, 0.010682, 0.018181], "mode1": [0.03514, 0.0587, 0.0833, 0.11247, 0.14663, 0.16842, 0.17473]}