{"mode1_error": [9e-06, 1.1e-05, 1.6e-05, 2e-05, 3.8e-05, 9.5e-05, 0.000182], "mode2": [-0.0017, 2e-05, 0.00086, 0.00183, 0.00661, 0.0083, 0.03007], "mode2_error": [0.000521, 0.000758, 0.001002, 0.001264, 0.003174, 0.005411, 0.014783], "mode1": [0.04277, 0.07118, 0.10066, 0.13554, 0.17651, 0.20322, 0.211]}