{"mode1_error": [1.3e-05, 1.5e-05, 2.2e-05, 2.6e-05, 5e-05, 8.5e-05, 0.000107], "mode2": [-0.00118, 0.00129, 0.00075, -0.00103, -0.00105, -0.00487, -0.02181], "mode2_error": [0.00103, 0.000975, 0.002104, 0.002045, 0.008872, 0.013495, 0.037589], "mode1": [0.05003, 0.08293, 0.11677, 0.15674, 0.20414, 0.23527, 0.24429]}