{
  "1": 0.00020904157062471128, 
  "3": 4.7369450241437256e-08, 
  "2": 2.785417517412115e-07, 
  "4": 6.142494249284696e-09
}