{
  "1": 269.9816741184168, 
  "3": 0.07890317650673978, 
  "2": 0.5156472506949962, 
  "4": -0.035938473120852035
}