{
  "1": [
    -0.2843, 
    -0.7164999999999999, 
    0.28503333333333347, 
    0.18023333333333347, 
    0.5175000000000001, 
    0.1335666666666666, 
    -0.07976666666666665
  ], 
  "3": [
    -0.4698333333333333, 
    0.1274333333333333, 
    -0.6349, 
    -0.4112333333333333, 
    0.3996333333333335, 
    0.12136666666666662, 
    0.12783333333333347
  ], 
  "2": [
    -0.5008333333333332, 
    -0.31543333333333334, 
    0.1816333333333333, 
    -0.4573666666666667, 
    -0.5964333333333334, 
    -0.2269, 
    -0.01583333333333325
  ], 
  "5": [
    -0.25936666666666663, 
    0.34616666666666673, 
    0.2324333333333335, 
    0.07823333333333338, 
    0.34150000000000014, 
    -0.7614333333333333, 
    -0.23736666666666661
  ], 
  "4": [
    -0.6083000000000001, 
    0.28056666666666663, 
    0.012499999999999959, 
    0.6439000000000001, 
    -0.23343333333333327, 
    0.2722333333333333, 
    0.08916666666666662
  ], 
  "7": [
    -0.03289999999999992, 
    0.2020333333333333, 
    0.4795666666666667, 
    -0.20003333333333329, 
    0.17723333333333335, 
    0.05636666666666668, 
    0.8083666666666667
  ], 
  "6": [
    -0.09570000000000001, 
    0.36263333333333336, 
    0.4455666666666667, 
    -0.35843333333333327, 
    0.11916666666666666, 
    0.5087666666666668, 
    -0.5091666666666667
  ]
}