{
  "1": 0.0033498866431127513, 
  "3": 0.003988272798751681, 
  "2": 0.004179407108113319, 
  "4": 0.0013086508478185313
}