{
  "1": [
    0.00019876146116904362, 
    0.44847953234791976, 
    0.37613575244940084, 
    0.3714786206991174, 
    0.30101606397227093, 
    0.23465361348066713, 
    0.19346043018573383
  ], 
  "3": [
    0.00013174508443746728, 
    0.24873935862217794, 
    0.3111183290653113, 
    0.3995961075974727, 
    0.31292766012262513, 
    0.31486452754910144, 
    0.2687694270946806
  ], 
  "2": [
    0.000159315145124477, 
    0.3036945862419002, 
    0.4033739758584387, 
    0.21386484514821774, 
    0.24914128413946843, 
    0.1804559560506721, 
    0.1557490740496882
  ], 
  "5": [
    8.485933730158243e-05, 
    0.17084142181897358, 
    0.2493072625112307, 
    0.36628191587695835, 
    0.355824654481481, 
    0.3332929957497942, 
    0.40707848183191014
  ], 
  "4": [
    0.00012596429846618967, 
    0.2538848778575894, 
    0.34095769677847765, 
    0.2088635853907534, 
    0.26495397648775304, 
    0.2112375828220219, 
    0.1910545359626998
  ], 
  "7": [
    3.201093146856566e-05, 
    0.18422001939001864, 
    0.27527475905129345, 
    0.4202541385310304, 
    0.3761118656112373, 
    0.463348885955057, 
    0.2604591259518056
  ], 
  "6": [
    4.861750528451731e-05, 
    0.17501161156709202, 
    0.2565290623018336, 
    0.3597693886979775, 
    0.3512011015091553, 
    0.3315292232368826, 
    0.4475452314332498
  ]
}