{
  "1": 2093.814811431169, 
  "3": 0.6560706179762591, 
  "2": 1.5087241895807577, 
  "4": 0.15977546600445083
}