{
  "1": 808.15775249779, 
  "3": 0.07476335344976276, 
  "2": 0.8060875354848757, 
  "4": 0.007672178197743639
}