{
  "1": [
    -0.2856981466666666, 
    0.6779101038432014, 
    0.0825477874657167, 
    0.3121358930194733, 
    -0.1189443050009495, 
    0.011372809795228964, 
    0.025276550363703576
  ], 
  "3": [
    -0.4713668533333333, 
    0.3266926942468862, 
    0.2512929264398866, 
    -0.3836738577101579, 
    -0.046806560182544296, 
    -0.027743571880936922, 
    0.04396424197591765
  ], 
  "2": [
    -0.5042734133333332, 
    -0.5851846839627396, 
    0.2850730238650787, 
    0.1425286780536818, 
    -0.21625818596691346, 
    0.015929649567236682, 
    -0.03110304113754976
  ], 
  "5": [
    -0.2555606066666666, 
    -0.03204952085211522, 
    -0.3441356134102909, 
    -0.05158416822161552, 
    -0.11077618368511169, 
    -0.4335352121595932, 
    0.0058886573788680015
  ], 
  "4": [
    -0.6056697066666666, 
    -0.08096722762028757, 
    -0.27268013836014615, 
    0.08080600449739257, 
    0.374071724662484, 
    0.13514019421574833, 
    0.01673951013027599
  ], 
  "7": [
    -0.03192137999999992, 
    -0.04597273030819063, 
    -0.2258297146833676, 
    -0.09291085115544634, 
    -0.24763046206503084, 
    0.18443291112518506, 
    0.5036165002260298
  ], 
  "6": [
    -0.09344707999999993, 
    0.06548685765801875, 
    -0.2724695607679414, 
    -0.13906581981723315, 
    -0.2702846358623299, 
    0.2659697910069665, 
    -0.42783863477581874
  ]
}