{
  "1": 0.00012132307385678572, 
  "3": 7.538234969975226e-05, 
  "2": 9.75179526613431e-05, 
  "4": 2.7386361906314658e-05
}