{
  "1": [
    -0.2864042681107126, 
    0.16880294752275912, 
    0.796736859289016, 
    0.48335351601997606, 
    -0.10806670416066562, 
    0.0831118694940453, 
    0.049718410252872006
  ], 
  "2": [
    -0.5071682673490961, 
    -0.6761723090412486, 
    -0.3051311301293696, 
    0.40182844251517547, 
    -0.011259845769818366, 
    0.12572304445863317, 
    0.1227484633592734
  ], 
  "3": [
    -0.47266820433882323, 
    0.6857955360313087, 
    -0.42005814849816137, 
    0.0900359904364825, 
    -0.08950491071589702, 
    0.20492673438200348, 
    0.267783173792334
  ], 
  "4": [
    -0.6032096677312206, 
    -0.12389177896073254, 
    0.26329208579742597, 
    -0.7387454795265703, 
    -0.018680224267105788, 
    -0.04389269948924645, 
    -0.058700920349676854
  ], 
  "5": [
    -0.2526451309254571, 
    0.16353844747955984, 
    -0.08662845283749573, 
    0.1997038109723432, 
    0.6290835391019115, 
    -0.3739892112844735, 
    -0.5713365765742691
  ], 
  "6": [
    -0.09214855870124555, 
    0.04325359836935326, 
    -0.13572985769683313, 
    0.09992751536574969, 
    -0.762817535547932, 
    -0.3941210722995015, 
    -0.47329446921540874
  ], 
  "7": [
    -0.0339836742234784, 
    -0.004023143423636993, 
    0.020167220967823103, 
    0.034420891883924824, 
    0.04688317177574593, 
    -0.7988524569159442, 
    0.5973894290052082
  ]
}