{
  "1": 0.00048714845271370855, 
  "3": 0.00010678590617374733, 
  "2": 0.0005087998715414535, 
  "4": 0.00011956863160991108
}