{
  "1": [
    -0.2884316219485053, 
    0.4830019241741852, 
    0.6542557266939164, 
    -0.49396920103134895, 
    0.05118109387859644, 
    -0.09032083109700349, 
    0.026131519744549064
  ], 
  "2": [
    -0.5092707910650787, 
    -0.7168559258886374, 
    0.3234382295117358, 
    -0.005525061523704127, 
    -0.2258506072360841, 
    0.10843999820092314, 
    0.24361916647312232
  ], 
  "3": [
    -0.4732519018341649, 
    0.462464384234836, 
    -0.008150414840740227, 
    0.6786161107925599, 
    -0.297083474724997, 
    0.07174973475516562, 
    0.09036846929786888
  ], 
  "4": [
    -0.6016409713937215, 
    -0.052130735827669264, 
    -0.39552477480328163, 
    -0.190586565165446, 
    0.22014882111208417, 
    -0.22502197111406716, 
    -0.5860435569960973
  ], 
  "5": [
    -0.24962287008304765, 
    0.08856216353513666, 
    -0.26945359511808054, 
    -0.05168677911964169, 
    0.6551474689807076, 
    0.15604156177580256, 
    0.6332465773696611
  ], 
  "6": [
    -0.09006649085965679, 
    0.15978108928444007, 
    -0.38031339213570436, 
    -0.45443498880951044, 
    -0.4629577609662955, 
    0.6295885197453055, 
    0.06705969583316701
  ], 
  "7": [
    -0.032980141518765785, 
    0.05350279577547478, 
    -0.305920517248258, 
    -0.22346846598293188, 
    -0.4075534442229767, 
    -0.7096261897239399, 
    0.42761560297453666
  ]
}