{
  "dV_11": 0.07153499854207533, 
  "dV_12": 0.04670890214663309, 
  "dV_13": 0.03572762095225021, 
  "dV_14": 0.034176435928064394, 
  "dV_15": 0.018016361658581614, 
  "dV_16": 0.009639435698196745, 
  "dV_17": 0.005882323246804584, 
  "dV_21": 0.04670890214663309, 
  "dV_22": 0.06096077554460692, 
  "dV_23": 0.03302036484435527, 
  "dV_24": 0.03159689928395945, 
  "dV_25": 0.01663892130418049, 
  "dV_26": 0.008901116420933872, 
  "dV_27": 0.005431964366038936, 
  "dV_31": 0.03572762095225021, 
  "dV_32": 0.03302036484435527, 
  "dV_33": 0.03566050218302815, 
  "dV_34": 0.024216013073525573, 
  "dV_35": 0.012740466167205061, 
  "dV_36": 0.006809540494426437, 
  "dV_37": 0.004155172620804316, 
  "dV_41": 0.034176435928064394, 
  "dV_42": 0.03159689928395945, 
  "dV_43": 0.024216013073525573, 
  "dV_44": 0.032588831550472507, 
  "dV_45": 0.012231854675340546, 
  "dV_46": 0.006528078146716241, 
  "dV_47": 0.003981079475828402, 
  "dV_51": 0.018016361658581614, 
  "dV_52": 0.01663892130418049, 
  "dV_53": 0.012740466167205061, 
  "dV_54": 0.012231854675340546, 
  "dV_55": 0.009101458088789333, 
  "dV_56": 0.0034588446440497484, 
  "dV_57": 0.0021097158581143112, 
  "dV_61": 0.009639435698196745, 
  "dV_62": 0.008901116420933872, 
  "dV_63": 0.006809540494426437, 
  "dV_64": 0.006528078146716241, 
  "dV_65": 0.0034588446440497484, 
  "dV_66": 0.002644144981337338, 
  "dV_67": 0.0011407225589905633, 
  "dV_71": 0.005882323246804584, 
  "dV_72": 0.005431964366038936, 
  "dV_73": 0.004155172620804316, 
  "dV_74": 0.003981079475828402, 
  "dV_75": 0.0021097158581143112, 
  "dV_76": 0.0011407225589905633, 
  "dV_77": 0.0011551390035764537
}