{
  "1": [
    -0.2883868329504253, 
    0.4087507361476665, 
    -0.48210934407809747, 
    0.5044971940912597, 
    -0.3313842857703303, 
    -0.25984319722785165, 
    0.2923610777533351
  ], 
  "2": [
    -0.5065370594381029, 
    -0.8032385770561364, 
    0.05051615385581506, 
    0.1831128152070119, 
    -0.2180347551417704, 
    -0.029693867192319038, 
    0.11715344917092436
  ], 
  "3": [
    -0.475887879694083, 
    0.40030754304921895, 
    0.7267091893978559, 
    -0.08587697308208142, 
    -0.27795509013495384, 
    -0.018581821948960638, 
    -0.014113122909713173
  ], 
  "4": [
    -0.6011935000210447, 
    0.12324003395725697, 
    -0.4358546191313038, 
    -0.5775781100301093, 
    0.2542859229436919, 
    0.013701422328326631, 
    -0.1869852608562284
  ], 
  "5": [
    -0.24973488966282628, 
    0.1052668193111314, 
    0.03394808088332384, 
    0.5365223123229036, 
    0.4698383412835339, 
    0.6200869015693896, 
    -0.17968551801201801
  ], 
  "6": [
    -0.09116375931241352, 
    -0.02924113054956597, 
    0.18101436242232982, 
    0.24341031857815448, 
    0.5702871094316825, 
    -0.7360576170662231, 
    -0.17835677686474483
  ], 
  "7": [
    -0.04089006434897973, 
    0.018980044045962312, 
    0.11412507165385015, 
    -0.1545191753753599, 
    0.39338210919091726, 
    0.06912447385462263, 
    0.89528731494962
  ]
}