{
  "1": 30.500336325502445, 
  "2": 0.19429341724684854, 
  "3": 0.040886278713002967, 
  "4": 0.0071992977411915286, 
  "5": -0.047535685777405468, 
  "6": -0.080143396499872316, 
  "7": -0.64864363079590515
}