{
  "1": 0.0007238016422813644, 
  "3": 0.0003502599966042717, 
  "2": 0.0007752305034550361, 
  "4": 0.00018538285325956944
}