{
  "dV_11": 0.27260630689138776, 
  "dV_12": 0.17722746628200725, 
  "dV_13": 0.13488107527692764, 
  "dV_14": 0.12733592672916105, 
  "dV_15": 0.06794884461767248, 
  "dV_16": 0.03749183783739804, 
  "dV_17": 0.027798217833194694, 
  "dV_21": 0.17722746628200725, 
  "dV_22": 0.23036995147220077, 
  "dV_23": 0.12417617348816058, 
  "dV_24": 0.11724901917752845, 
  "dV_25": 0.06249974641056513, 
  "dV_26": 0.03444962779238783, 
  "dV_27": 0.02555758427489664, 
  "dV_31": 0.13488107527692764, 
  "dV_32": 0.12417617348816058, 
  "dV_33": 0.13376160941514387, 
  "dV_34": 0.08940693720742356, 
  "dV_35": 0.047629216580121, 
  "dV_36": 0.026240542378528575, 
  "dV_37": 0.01945989430183348, 
  "dV_41": 0.12733592672916105, 
  "dV_42": 0.11724901917752845, 
  "dV_43": 0.08940693720742356, 
  "dV_44": 0.11921608822088964, 
  "dV_45": 0.04510567230534897, 
  "dV_46": 0.024846821601194224, 
  "dV_47": 0.018361034475085445, 
  "dV_51": 0.06794884461767248, 
  "dV_52": 0.06249974641056513, 
  "dV_53": 0.047629216580121, 
  "dV_54": 0.04510567230534897, 
  "dV_55": 0.034102158141778575, 
  "dV_56": 0.013347761102511315, 
  "dV_57": 0.00991899971177813, 
  "dV_61": 0.03749183783739804, 
  "dV_62": 0.03444962779238783, 
  "dV_63": 0.026240542378528575, 
  "dV_64": 0.024846821601194224, 
  "dV_65": 0.013347761102511315, 
  "dV_66": 0.011104688999719458, 
  "dV_67": 0.005536204933601803, 
  "dV_71": 0.027798217833194694, 
  "dV_72": 0.02555758427489664, 
  "dV_73": 0.01945989430183348, 
  "dV_74": 0.018361034475085445, 
  "dV_75": 0.00991899971177813, 
  "dV_76": 0.005536204933601803, 
  "dV_77": 0.0077771335977068045
}