{
  "1": [
    -0.2883798599999999, 
    0.4053062231115549, 
    -0.4711471189690067, 
    0.2859091713866157, 
    -0.09544218565400822, 
    -0.05700608180201511, 
    0.05006818548682948
  ], 
  "3": [
    -0.47588084666666675, 
    0.3883961480740374, 
    0.556124688465225, 
    0.052948298720369345, 
    -0.12405942616033748, 
    0.055276123295791284, 
    -0.011183102208526051
  ], 
  "2": [
    -0.5064980199999998, 
    -0.7816985259296313, 
    0.002497507721802075, 
    0.1332443171806168, 
    -0.07945396624472527, 
    0.014251740762695201, 
    0.02954775845623324
  ], 
  "5": [
    -0.2497468066666665, 
    0.10210805736201431, 
    0.013291046259807857, 
    0.15148226138032342, 
    0.2875069029535865, 
    0.22351138905354695, 
    -0.04629639005062759
  ], 
  "4": [
    -0.60121064, 
    0.11760738702684685, 
    -0.24405822771328262, 
    -0.3790799622404019, 
    0.037576329113924126, 
    -0.05836186919581119, 
    -0.028428343972411965
  ], 
  "7": [
    -0.040888173333333284, 
    0.01839022511255635, 
    0.07883517946533182, 
    0.012698548353262092, 
    0.11932168776371292, 
    -0.16420563129816262, 
    0.49215936605767047
  ], 
  "6": [
    -0.09117173333333331, 
    -0.029674067033516705, 
    0.11191594774026349, 
    0.15733207887560285, 
    0.303587021097047, 
    -0.34262585655008887, 
    -0.17050259740259743
  ]
}