{
  "1": [
    0.00019788554744576008, 
    0.44879465311647154, 
    0.37659836304542665, 
    0.37371987219031516, 
    0.2999436618429853, 
    0.2418312500361316, 
    0.19813427669429778
  ], 
  "3": [
    0.00013257791279429568, 
    0.24905494105893866, 
    0.3114660151776309, 
    0.3977845403001699, 
    0.3053903653103333, 
    0.31646416790164056, 
    0.26957381953573134
  ], 
  "2": [
    0.00016095144537277972, 
    0.3064488387539317, 
    0.40763319074790416, 
    0.21331885795532424, 
    0.2464489143571559, 
    0.1811953329248097, 
    0.15564676187239762
  ], 
  "5": [
    8.563693383993223e-05, 
    0.17237424544416458, 
    0.24937606918383493, 
    0.3641593360990014, 
    0.3505273625047119, 
    0.34061967192009907, 
    0.4061282335313212
  ], 
  "4": [
    0.000125862177724435, 
    0.2553585573772931, 
    0.34408330194216125, 
    0.20868495448234847, 
    0.2589223661548337, 
    0.21747990911436413, 
    0.19035170380005537
  ], 
  "7": [
    3.2010053281701215e-05, 
    0.19112205101147256, 
    0.275345465724611, 
    0.4172994208307363, 
    0.3787872607960083, 
    0.4604059003190419, 
    0.26350872108533646
  ], 
  "6": [
    4.8614225604010705e-05, 
    0.17828342111800138, 
    0.2566514904170337, 
    0.359463984067177, 
    0.36197189316280726, 
    0.3268977299974345, 
    0.4521037853875867
  ]
}