{
  "V_11": 201.39104062481658, 
  "V_12": 302.31155768315557, 
  "V_13": 292.098729079363, 
  "V_14": 402.2210807074196, 
  "V_15": 189.1885623989095, 
  "V_16": 77.57887024457435, 
  "V_17": 29.66014724818403, 
  "V_21": 302.31155768315557, 
  "V_22": 455.0991700266127, 
  "V_23": 437.9648799107908, 
  "V_24": 603.7564845949731, 
  "V_25": 283.80705563008246, 
  "V_26": 116.19575942266229, 
  "V_27": 44.419886140561196, 
  "V_31": 292.098729079363, 
  "V_32": 437.9648799107908, 
  "V_33": 422.4480270072854, 
  "V_34": 582.7852896571853, 
  "V_35": 273.9345930869201, 
  "V_36": 112.00885210931649, 
  "V_37": 42.686129534932, 
  "V_41": 402.2210807074196, 
  "V_42": 603.7564845949731, 
  "V_43": 582.7852896571853, 
  "V_44": 804.7756484454566, 
  "V_45": 378.02313672160614, 
  "V_46": 154.50668564203608, 
  "V_47": 58.71873679685621, 
  "V_51": 189.1885623989095, 
  "V_52": 283.80705563008246, 
  "V_53": 273.9345930869201, 
  "V_54": 378.02313672160614, 
  "V_55": 177.53696837140518, 
  "V_56": 72.41374989294681, 
  "V_57": 27.41943631787987, 
  "V_61": 77.57887024457435, 
  "V_62": 116.19575942266229, 
  "V_63": 112.00885210931649, 
  "V_64": 154.50668564203608, 
  "V_65": 72.41374989294681, 
  "V_66": 29.589361862799304, 
  "V_67": 11.095905517162304, 
  "V_71": 29.66014724818403, 
  "V_72": 44.419886140561196, 
  "V_73": 42.686129534932, 
  "V_74": 58.71873679685621, 
  "V_75": 27.41943631787987, 
  "V_76": 11.095905517162304, 
  "V_77": 4.1418405096670385
}