{
  "1": [
    -0.28772210666666664, 
    0.2428781491860154, 
    0.0914628173960025, 
    -0.42258012846795195, 
    -0.35157120669056063, 
    0.043921585808933745, 
    0.005889536315141729
  ], 
  "3": [
    -0.46643551333333333, 
    0.15479728449426192, 
    -0.631621636952999, 
    -0.0521162634959688, 
    0.16191773842153334, 
    0.007278157726009729, 
    0.11697452468882524
  ], 
  "2": [
    -0.49589170000000005, 
    0.3446980784627693, 
    0.19337225823878934, 
    0.42795177668443346, 
    -0.16189049827816412, 
    -0.057694144047873465, 
    0.08140540965668179
  ], 
  "5": [
    -0.26412516, 
    -0.4889017680811327, 
    -0.19506606564019438, 
    0.10662489408227448, 
    -0.2562297701876442, 
    -0.07413070456650213, 
    -0.36059172479824964
  ], 
  "4": [
    -0.6110581533333334, 
    -0.22466070856685236, 
    0.35843517693138865, 
    -0.15422456607899387, 
    0.3058503759926904, 
    0.0745728147039967, 
    -0.08517921624948704
  ], 
  "7": [
    -0.03302774666666657, 
    -0.25951157592740876, 
    -0.021858292814694574, 
    0.11095405904059041, 
    -0.12337183217372968, 
    0.5100034765263229, 
    0.24336311038161648
  ], 
  "6": [
    -0.09746982666666659, 
    -0.39023773685615126, 
    0.05763850621285795, 
    -0.04003090747574123, 
    -0.09483137957691991, 
    -0.31036081071453947, 
    0.43724677882642654
  ]
}