{
  "1": 0.0011811267552974043, 
  "3": 0.0006028312715086308, 
  "2": 0.0011001343983327912, 
  "4": 0.00021147238406375466
}