{
  "1": 450.37613866280617, 
  "3": 0.062418852415362984, 
  "2": 0.329827108167415, 
  "4": 0.0075769224116388825
}