{
  "1": [
    -0.32239139333333333, 
    0.45020207046575755, 
    -0.41458310698117645, 
    -0.08201618046618017, 
    0.21218283081029232, 
    0.013511259532217802, 
    0.00873813555804591
  ], 
  "3": [
    -0.46616319333333334, 
    -0.05068682360253245, 
    0.05646895401477283, 
    -0.5419365293865276, 
    -0.3184876391842864, 
    -0.05293829264547805, 
    0.05581434856597361
  ], 
  "2": [
    -0.5001633, 
    -0.5663213572621706, 
    -0.23456139305853488, 
    0.12118305448305472, 
    0.19206762166896013, 
    0.02148287527509117, 
    0.0390115344705932
  ], 
  "5": [
    -0.25053403999999996, 
    0.07220228023151937, 
    0.24751712334206954, 
    -0.10532299442299341, 
    0.2071552983860881, 
    0.30957856082706453, 
    -0.3200419333416341
  ], 
  "4": [
    -0.5970633599999998, 
    0.22467015110903904, 
    0.21577323485028993, 
    0.4342066352066359, 
    -0.17465995662871625, 
    -0.1107978248630943, 
    -0.003004287552401072
  ], 
  "7": [
    -0.03102419999999991, 
    0.008999770811482746, 
    0.17653716146453802, 
    -0.16860834405834416, 
    0.3277225447266357, 
    -0.3742341624443433, 
    -0.2517982277009917
  ], 
  "6": [
    -0.09153043999999994, 
    0.10094760905877316, 
    0.3098928679215314, 
    -0.10043577863577899, 
    0.2861531715250845, 
    0.10683719228210367, 
    0.45278238077449856
  ]
}