{"mode1_error": [5e-06, 5e-06, 7e-06, 8e-06, 1.7e-05, 2.9e-05, 5.9e-05], "mode2": [0.00028, -7e-05, -0.00023, -2e-05, 0.0002, -0.00081, -0.00095], "mode2_error": [8.9e-05, 0.00016, 0.000202, 0.000209, 0.000795, 0.001468, 0.003597], "mode1": [0.00591, 0.01294, 0.02164, 0.03296, 0.04679, 0.05605, 0.05902]}