{"mode1_error": [5e-06, 5e-06, 7e-06, 8e-06, 1.6e-05, 3e-05, 6.4e-05], "mode2": [0.00031, 2e-05, -5e-05, -0.00024, -0.00086, -0.00058, -0.00335], "mode2_error": [7.1e-05, 9.8e-05, 0.000209, 0.000211, 0.000382, 0.000693, 0.001805], "mode1": [0.00659, 0.01452, 0.02426, 0.03694, 0.05244, 0.06264, 0.06573]}