{"mode1_error": [2.7e-05, 2.9e-05, 4e-05, 4.4e-05, 9.2e-05, 0.000157, 0.000263], "mode2": [0.00249, -0.00106, -0.00033, -0.00127, 0.00188, 0.00605, 0.00966], "mode2_error": [0.000227, 0.000447, 0.000822, 0.000945, 0.002084, 0.004775, 0.011082], "mode1": [0.01136, 0.02464, 0.04046, 0.06044, 0.08484, 0.09979, 0.1005]}