{
  "1": [
    6.049744567875173e-05, 
    0.05608381806081718, 
    0.1148834951909606, 
    0.19104212822092156, 
    0.1906351644538167, 
    0.08090147527839976, 
    0.08207691646022898
  ], 
  "3": [
    4.675591566439617e-05, 
    0.04904348423932743, 
    0.21524668011588077, 
    0.2611795666879389, 
    0.33100103761038574, 
    0.11389831661820733, 
    0.12986786248392493
  ], 
  "2": [
    5.397882139909812e-05, 
    0.07078517207774576, 
    0.08189646680275149, 
    0.2288418079725342, 
    0.16060845347862682, 
    0.08368007762650527, 
    0.11947517945130728
  ], 
  "5": [
    3.369198988165381e-05, 
    0.031492250347161785, 
    0.13854467610820798, 
    0.2552724252051162, 
    0.2636659020316041, 
    0.2371141437235309, 
    0.2789885632060954
  ], 
  "4": [
    4.568212838724686e-05, 
    0.026293215919003035, 
    0.11428581066057841, 
    0.2993460109256054, 
    0.27950766123967596, 
    0.12600608843636646, 
    0.23290524445107666
  ], 
  "7": [
    9.558939977172937e-06, 
    0.016582295186938812, 
    0.07118420895616895, 
    0.10225455996096428, 
    0.2699730942245605, 
    0.4328589578407015, 
    0.36397939018398895
  ], 
  "6": [
    2.588650441249759e-05, 
    0.026458434320763387, 
    0.09957210094011142, 
    0.148528525279124, 
    0.1719154467293545, 
    0.26592084398868193, 
    0.3901660740282907
  ]
}