{
  "1": [
    -0.4143345133333333, 
    -0.6158948199999994, 
    -0.46679340584171225, 
    0.3423626572084575, 
    0.008145141401956796, 
    -0.08884048122420211, 
    0.05252174727406512
  ], 
  "3": [
    -0.4484854666666666, 
    -0.001441679999999896, 
    -0.30455358779670266, 
    -0.6441536376409311, 
    0.1408338627529823, 
    0.12096326386791514, 
    0.035220175262559404
  ], 
  "2": [
    -0.5567392266666665, 
    -0.1272748133333338, 
    0.6914238525206937, 
    0.07661114081080143, 
    0.2452157686637182, 
    -0.06490718816067607, 
    0.09087055990367256
  ], 
  "5": [
    -0.20486159333333331, 
    0.448413986666667, 
    -0.20991320883781397, 
    0.29873329563757234, 
    0.3716924809006838, 
    0.32194627672069487, 
    -0.3263109773228976
  ], 
  "4": [
    -0.5188345933333333, 
    0.3796438199999995, 
    0.011568828237225609, 
    0.06901701449573358, 
    -0.5665241388553832, 
    -0.013615111245343816, 
    -0.093002434945481
  ], 
  "7": [
    -0.02563193333333328, 
    0.25410566666666645, 
    -0.09817894520829022, 
    0.14539061375552573, 
    0.007455106554081472, 
    0.2994408100942988, 
    0.629511351929896
  ], 
  "6": [
    -0.073579, 
    0.4260032599999996, 
    -0.2096997742663652, 
    0.049725208183407046, 
    0.19754816378501558, 
    -0.6504314473640032, 
    0.1471868753762798
  ]
}