{
  "1": 1557.1977155121281, 
  "2": 0.77728308771295551, 
  "3": 0.21248198036934809, 
  "4": 0.069800197041258241, 
  "5": 0.031947710419104998, 
  "6": -0.04777464327224986, 
  "7": -0.13919913748545679
}