{
  "1": 0.0013758788544832444, 
  "3": 0.0006766058072762, 
  "2": 0.0011155134306130932, 
  "4": 0.0005197615650628607
}