{
  "dV_11": 0.4396172833551903, 
  "dV_12": 0.28151622181278124, 
  "dV_13": 0.22192381170770858, 
  "dV_14": 0.23471434643183192, 
  "dV_15": 0.11837284919061902, 
  "dV_16": 0.0613643099846513, 
  "dV_17": 0.034364245826743085, 
  "dV_21": 0.28151622181278124, 
  "dV_22": 0.34733250843854324, 
  "dV_23": 0.19902083819150554, 
  "dV_24": 0.2093841282948385, 
  "dV_25": 0.10593870874485435, 
  "dV_26": 0.05522977115843411, 
  "dV_27": 0.031080994839865983, 
  "dV_31": 0.22192381170770858, 
  "dV_32": 0.19902083819150554, 
  "dV_33": 0.21553282894973044, 
  "dV_34": 0.16590415255526936, 
  "dV_35": 0.08385481112642924, 
  "dV_36": 0.04372723016529344, 
  "dV_37": 0.024598841966082655, 
  "dV_41": 0.23471434643183192, 
  "dV_42": 0.2093841282948385, 
  "dV_43": 0.16590415255526936, 
  "dV_44": 0.235160393010132, 
  "dV_45": 0.08939585354083529, 
  "dV_46": 0.046668795894807644, 
  "dV_47": 0.02628651814143648, 
  "dV_51": 0.11837284919061902, 
  "dV_52": 0.10593870874485435, 
  "dV_53": 0.08385481112642924, 
  "dV_54": 0.08939585354083529, 
  "dV_55": 0.06234020900725514, 
  "dV_56": 0.02362190259687543, 
  "dV_57": 0.013204252568712284, 
  "dV_61": 0.0613643099846513, 
  "dV_62": 0.05522977115843411, 
  "dV_63": 0.04372723016529344, 
  "dV_64": 0.046668795894807644, 
  "dV_65": 0.02362190259687543, 
  "dV_66": 0.017050916214090606, 
  "dV_67": 0.006832517900324781, 
  "dV_71": 0.034364245826743085, 
  "dV_72": 0.031080994839865983, 
  "dV_73": 0.024598841966082655, 
  "dV_74": 0.02628651814143648, 
  "dV_75": 0.013204252568712284, 
  "dV_76": 0.006832517900324781, 
  "dV_77": 0.0055975254437897045
}