{
  "1": [
    -0.46045512666666666, 
    0.36661648989393647, 
    0.2394987663582567, 
    0.0502070265091027, 
    0.1714243738243738, 
    -0.03156661879458075, 
    0.005189878637917245
  ], 
  "3": [
    -0.4309894266666666, 
    0.018479327596557918, 
    -0.009453963490872372, 
    0.2777735654210578, 
    -0.2152066825066816, 
    0.016057183206472234, 
    -0.04656859903381645
  ], 
  "2": [
    -0.52356908, 
    0.4446019211526907, 
    -0.12529994165207903, 
    -0.19625837325668047, 
    -0.09550994950994961, 
    0.04893642108286678, 
    0.011392525823809015
  ], 
  "5": [
    -0.2204693666666666, 
    -0.39343123874324715, 
    0.13308645494707044, 
    -0.08134208453103377, 
    -0.11143966933966976, 
    -0.41605818852027443, 
    -0.0418392796826521
  ], 
  "4": [
    -0.5208018999999999, 
    -0.5620519578413717, 
    -0.16089427356839336, 
    -0.03081942936229073, 
    0.1854652113652111, 
    0.0795866484752741, 
    0.0722928125368212
  ], 
  "7": [
    -0.032032986666666576, 
    -0.17687866052965096, 
    0.09732661498708048, 
    -0.02090985840519517, 
    -0.12236860706860793, 
    0.18606231509406862, 
    0.5057677978084123
  ], 
  "6": [
    -0.08507461333333328, 
    -0.287230178106865, 
    0.12621211136117377, 
    -0.06378913020334336, 
    -0.05033506583506602, 
    0.3092756522571683, 
    -0.3867909155178511
  ]
}