{"mode1_error": [4e-06, 5e-06, 7e-06, 8e-06, 2.1e-05, 5.1e-05, 0.0, 0.0, 0.0, 0.0, 0.001188], "mode2": [0.00079, 0.00063, 0.00015, -0.00159, -0.0054, -0.01138, -0.01931, -0.03872, -0.05239, -0.07371, -0.10179], "mode2_error": [0.00014, 0.000142, 0.000243, 0.000268, 0.00073, 0.001474, 0.002755, 0.005214, 0.007848, 0.009961, 0.012873], "mode1": [0.03738, 0.06075, 0.08501, 0.11391, 0.14797, 0.17122, 0.1809, 0.17465, 0.15253, 0.12141, 0.09123]}