{
  "1": 0.06795533262165955, 
  "3": 0.02764614657389895, 
  "2": 0.07806706738495407, 
  "4": 0.004329196164579911
}