{
  "1": 1067.1348411168442, 
  "3": 0.08771131565679684, 
  "2": 0.36777865991618147, 
  "4": 0.0022740159758280407
}