{
  "1": [
    -0.28422222, 
    0.08991922384476901, 
    0.5807073312987447, 
    -0.3946799070143532, 
    0.052476745663133435, 
    0.13903924535916062, 
    -0.049700295460650225
  ], 
  "3": [
    -0.4689942466666666, 
    -0.10182749883309992, 
    -0.5082305391658183, 
    -0.1762636789973719, 
    0.22823186455480216, 
    0.34968434893731515, 
    -0.04372507386516233
  ], 
  "2": [
    -0.49921675999999987, 
    0.7081111088884429, 
    -0.06920828755510332, 
    0.0985332484333941, 
    -0.2752455202254772, 
    -0.021872309658326577, 
    0.04052621541767396
  ], 
  "5": [
    -0.2609328666666667, 
    -0.3415725011668998, 
    -0.19992904035266168, 
    -0.25811943804325754, 
    -0.2708944742169825, 
    -0.48582187247780434, 
    -0.053157030620467186
  ], 
  "4": [
    -0.6094964066666666, 
    -0.3314649663265979, 
    0.24540974567650098, 
    0.3335506973923577, 
    0.20883867651145305, 
    -0.18562093758407414, 
    0.07457052108514639
  ], 
  "7": [
    -0.033398173333333316, 
    -0.23475380409415114, 
    0.027058874194642334, 
    -0.029989856478673877, 
    -0.2256665674248731, 
    0.23231243610438534, 
    0.6839241001880197
  ], 
  "6": [
    -0.09673194666666667, 
    -0.3339733746749353, 
    0.09869242455069523, 
    0.11072711946634367, 
    -0.347457429240602, 
    0.4088048964218464, 
    -0.4137309495030898
  ]
}