{
  "1": 0.00206533918291147, 
  "3": 0.0014094078368421415, 
  "2": 0.00315230481113009, 
  "4": 0.0009621093153008582
}