{
  "1": [
    0.0008972831913363384, 
    0.2675682880133406, 
    0.4216294349301841, 
    0.23773249347564102, 
    0.21492741323774464, 
    0.1750630880319389, 
    0.1820698761505426
  ], 
  "3": [
    0.0006229904368794972, 
    0.1332696669950885, 
    0.262929869984537, 
    0.477884826325424, 
    0.3418470949031117, 
    0.3225618518158259, 
    0.3326597088012252
  ], 
  "2": [
    0.0007841109707888663, 
    0.34062578583741676, 
    0.25696021881529096, 
    0.2662485977685719, 
    0.23474370493957064, 
    0.24486078437840827, 
    0.2064174657967839
  ], 
  "5": [
    0.0003673335877215, 
    0.234169362544337, 
    0.28078367354751504, 
    0.2870352459776187, 
    0.40768906231478896, 
    0.31036320147525126, 
    0.3647370812061276
  ], 
  "4": [
    0.0005802765266896245, 
    0.12264300437656396, 
    0.25672345299277743, 
    0.2914983495572782, 
    0.3400389242588963, 
    0.2641971875486365, 
    0.2796362790263048
  ], 
  "7": [
    0.00010613177532538472, 
    0.10107836588121137, 
    0.21822826315714086, 
    0.40607736697907576, 
    0.380375796957137, 
    0.39224782290177224, 
    0.4723519581277664
  ], 
  "6": [
    0.00019163811252471624, 
    0.22248156657111762, 
    0.21855083711876727, 
    0.27774345942382656, 
    0.39500081059597747, 
    0.4783778802315626, 
    0.29206161479447373
  ]
}