{
  "1": 0.011335522428124337, 
  "3": 0.003362643343837437, 
  "2": 0.005278368445106152, 
  "4": 0.0013834275906330702
}