{
  "1": [
    3.7832274718523286e-05, 
    0.021458326145757038, 
    0.17257640125147775, 
    0.17948272645227284, 
    0.24659329060073326, 
    0.30154658227829817, 
    0.1545337780091863
  ], 
  "3": [
    2.855318538359615e-05, 
    0.013821845791132395, 
    0.12743116217973216, 
    0.22289475826618624, 
    0.2819528600836824, 
    0.30608924427392303, 
    0.14651766653699952
  ], 
  "2": [
    3.5775475436576856e-05, 
    0.01752479397204553, 
    0.10439816298507806, 
    0.16676802753182274, 
    0.15932146024947336, 
    0.11238128746109984, 
    0.10125027479913322
  ], 
  "5": [
    1.0221363309987859e-05, 
    0.0, 
    0.16326289381470013, 
    0.1843724979471481, 
    0.17673431570285536, 
    0.09460763405558732, 
    0.12199911663572506
  ], 
  "4": [
    3.384842143257342e-05, 
    0.0, 
    0.13020335034506095, 
    0.13940283184069957, 
    0.22845524903104508, 
    0.21681694318773523, 
    0.18510275604758483
  ], 
  "7": [
    3.2927225399135965e-10, 
    0.0, 
    0.09852064204508622, 
    0.14901940167331082, 
    0.32876077296848266, 
    0.3826660366444896, 
    0.2807923264646778
  ], 
  "6": [
    0.0, 
    0.0, 
    0.06580429398990002, 
    0.13315726189981655, 
    0.23301267033015524, 
    0.26728193176195186, 
    0.27035661498037855
  ]
}