{
  "1": 362.9717941306728, 
  "3": 0.13616841291735482, 
  "2": 0.33144505906855437, 
  "4": 0.11308797931226139
}