{
  "1": [
    -0.4229351733333333, 
    -0.30546430552219583, 
    0.3842933595986123, 
    -0.4053081723523778, 
    -0.43519320401565414, 
    0.054180862442458864, 
    -0.04036819070739763
  ], 
  "3": [
    -0.4479054, 
    -0.17072506765712941, 
    0.38875141933528556, 
    -0.07960007535278865, 
    0.5885957495320732, 
    0.13028294746818334, 
    -0.023738748398408602
  ], 
  "2": [
    -0.5651945733333332, 
    -0.3430955197614435, 
    -0.6352554096373388, 
    0.19623808740923454, 
    -0.023377835630423432, 
    0.15892074194421904, 
    -0.07828558904848588
  ], 
  "5": [
    -0.1948348133333333, 
    0.0, 
    -0.37590541468835204, 
    -0.6245836689957532, 
    0.12038640462821146, 
    -0.1381082994855131, 
    -0.00871873356261374
  ], 
  "4": [
    -0.5071963399999999, 
    0.0, 
    0.17260634070781558, 
    0.40077453760789156, 
    -0.16133266972945418, 
    -0.35211598971026337, 
    0.2111149504349585
  ], 
  "7": [
    -0.031166666666666676, 
    0.0, 
    0.017172936660268794, 
    0.05306485134949998, 
    -0.06631704270886478, 
    0.5228616910370975, 
    0.46723035943084557
  ], 
  "6": [
    -0.0698333333333333, 
    0.0, 
    0.10809306327238453, 
    0.18511255651459116, 
    -0.08485953717883254, 
    0.2594367181153532, 
    -0.6870554791287348
  ]
}