{
  "1": [
    -0.27424988210548673, 
    -0.015447510275159143, 
    -0.41765774129562244, 
    -0.4913202759420357, 
    0.6196838686572199, 
    0.11071003283342362, 
    -0.2856564671521588, 
    -0.12485027531207735, 
    0.11797228714586434, 
    -0.03344056815624608, 
    0.015067353024222675
  ], 
  "2": [
    -0.4791908107699976, 
    -0.6952354649638446, 
    0.48804162476519286, 
    -0.04121100357219941, 
    -0.013251663010439152, 
    0.12441107777099036, 
    -0.1419226054759422, 
    0.06686922754529917, 
    0.011978139486703112, 
    -0.07844669684634603, 
    -0.024004965263033584
  ], 
  "3": [
    -0.4583150644279209, 
    0.07318026043572409, 
    -0.3386277012179837, 
    -0.3620954681554544, 
    -0.5115700022352788, 
    0.18705046803732048, 
    0.45784505351019755, 
    0.14451301929447707, 
    0.005163111725492919, 
    -0.05920370132878684, 
    -0.08989169364885398
  ], 
  "4": [
    -0.6226349146121689, 
    0.2552066910324655, 
    -0.20421204689465214, 
    0.6783970303823705, 
    0.06431573400607418, 
    -0.026708780842140543, 
    -0.15928581168746042, 
    -0.037546347130369716, 
    -0.03115076116872774, 
    0.09395323721841603, 
    0.06197633194906293
  ], 
  "5": [
    -0.2865177155559251, 
    0.30286799174316886, 
    0.4313378181806826, 
    -0.21660877216925156, 
    0.22117484178199134, 
    -0.5867814148064979, 
    0.3756952732218874, 
    -0.2347564401338341, 
    0.05581728810511692, 
    0.024512965759744182, 
    -0.001478387487262921
  ], 
  "6": [
    -0.11464520768373206, 
    0.3480425216148568, 
    0.2436684970827886, 
    -0.33505718209360114, 
    -0.2637832274914592, 
    0.005746234829930668, 
    -0.5129662105084455, 
    0.21404255227923882, 
    -0.3364301973930596, 
    0.32553430603580513, 
    0.31042584944833596
  ], 
  "7": [
    -0.042907778802529585, 
    0.28205997819976786, 
    0.1558458803005002, 
    -0.042334733752505835, 
    -0.07669736777393613, 
    0.06846342030932942, 
    -0.30143853610037064, 
    -0.06532244258972808, 
    -0.1729144630085366, 
    -0.4295368049992056, 
    -0.7565829142037798
  ], 
  "8": [
    -0.01667482492842197, 
    0.21402133204593493, 
    0.12987935971846962, 
    0.0118266269481732, 
    -0.021597206729850174, 
    0.1238254102951972, 
    -0.044978550346604106, 
    0.08284220572338721, 
    0.18761339583446418, 
    -0.7738393924949961, 
    0.5274438720563144
  ], 
  "9": [
    -0.0078058513953153785, 
    0.18989606533391598, 
    0.16350958134912993, 
    -0.014890572049413206, 
    -0.0752899556751189, 
    0.08334991153314518, 
    -0.14930724032167597, 
    0.28022226401664946, 
    0.861978055643033, 
    0.227261833534759, 
    -0.1698068811703889
  ], 
  "10": [
    -0.0040708306750323, 
    0.18084207107896869, 
    0.20987908608947, 
    0.06506152165742002, 
    0.4683477119086493, 
    0.3609820065542327, 
    0.3509407833708554, 
    0.6136035977960214, 
    -0.2435544453929437, 
    0.06257136517489847, 
    -0.08023092115692937
  ], 
  "11": [
    -0.001917979213642477, 
    0.19731514784438925, 
    0.2713636917157803, 
    -0.0009358237533239502, 
    0.010437027595307177, 
    0.6595023114819716, 
    0.14367559316973347, 
    -0.6249469008077324, 
    0.03490063798427277, 
    0.18689488028435736, 
    0.07087057735065434
  ]
}