{"mode1_error": [4e-06, 4e-06, 6e-06, 6e-06, 1.2e-05, 2.1e-05, 3.5e-05], "mode2": [-0.00024, 0.0001, -0.00019, 1e-05, 0.00172, 0.00312, 0.00733], "mode2_error": [8.3e-05, 9.1e-05, 0.00022, 0.000168, 0.000792, 0.001402, 0.003032], "mode1": [0.00274, 0.0059, 0.00978, 0.01491, 0.02107, 0.02489, 0.02563]}