{"mode1_error": [2e-06, 3e-06, 4e-06, 4e-06, 1e-05, 2.4e-05, 5.4e-05], "mode2": [-0.00079, 0.00045, -0.00026, 0.00051, -0.00051, -0.00095, -0.00451], "mode2_error": [6.1e-05, 7.5e-05, 0.000165, 0.000136, 0.000349, 0.000585, 0.001194], "mode1": [0.00836, 0.01844, 0.03072, 0.04667, 0.06611, 0.07866, 0.08189]}