{"mode1_error": [3e-06, 3e-06, 5e-06, 6e-06, 1.2e-05, 2e-05, 1.9e-05], "mode2": [0.00051, 4e-05, 8e-05, -0.00056, -0.00119, -0.0044, -0.01047], "mode2_error": [7.7e-05, 0.000111, 9.1e-05, 0.000115, 0.000537, 0.00119, 0.002496], "mode1": [0.00927, 0.02044, 0.03391, 0.05133, 0.07251, 0.0862, 0.0892]}