{"mode1_error": [7e-06, 7e-06, 1.1e-05, 1.2e-05, 2.5e-05, 4.5e-05, 8.8e-05], "mode2": [-0.00037, 0.00041, -0.00042, 0.00015, -0.00016, -0.00085, 0.00095], "mode2_error": [7.6e-05, 8.9e-05, 9.5e-05, 0.000147, 0.000228, 0.000872, 0.001342], "mode1": [0.01064, 0.02335, 0.03849, 0.05792, 0.08128, 0.09601, 0.09826]}