{
  "1": [
    0.00012342157196399694, 
    0.18547510858073402, 
    0.22877249918643178, 
    0.2834370116971129, 
    0.20957668221304868, 
    0.12505507175800815, 
    0.09768764750038626
  ], 
  "3": [
    9.084983844570163e-05, 
    0.14885093301152, 
    0.2164414285378896, 
    0.44570157184184367, 
    0.35575472719168627, 
    0.21686378414932586, 
    0.1311599288585833
  ], 
  "2": [
    0.00010683544410759272, 
    0.28115460162731887, 
    0.18397375506045968, 
    0.24787411320196379, 
    0.2019555470640956, 
    0.06535095643537787, 
    0.05642494144948675
  ], 
  "5": [
    5.210025207269219e-05, 
    0.11010069751796003, 
    0.2534363866995811, 
    0.26719689833577626, 
    0.3030639185432334, 
    0.4990491376258741, 
    0.2586210149574173
  ], 
  "4": [
    8.976260837378397e-05, 
    0.08075969806832514, 
    0.2318900692069753, 
    0.343959041088811, 
    0.46291889333140657, 
    0.1096867666460997, 
    0.10494453658390789
  ], 
  "7": [
    6.998663362382373e-06, 
    0.04669239954298855, 
    0.1327776641305217, 
    0.17675411080760195, 
    0.21384524710793343, 
    0.5128495551217144, 
    0.600745191547757
  ], 
  "6": [
    3.302482231741159e-05, 
    0.07682903965083444, 
    0.2084676708263991, 
    0.23647199914531797, 
    0.24787802662899838, 
    0.4230340470890539, 
    0.5535432209019283
  ]
}