{
  "1": 5.3957372707155406e-05, 
  "3": 1.9243390457261313e-05, 
  "2": 2.2886986445827716e-05, 
  "4": 3.0159179831992525e-05
}