{
  "1": [
    -0.4183666666666667, 
    -0.5366333333333333, 
    -0.4959666666666667, 
    0.36030000000000006, 
    0.22796666666666665, 
    -0.31576666666666664, 
    0.0975666666666668
  ], 
  "3": [
    -0.4483666666666667, 
    0.02136666666666676, 
    0.5227000000000002, 
    -0.10316666666666663, 
    0.6845666666666668, 
    0.048566666666666654, 
    -0.20889999999999995
  ], 
  "2": [
    -0.5609, 
    -0.29356666666666664, 
    -0.030566666666666627, 
    -0.4556333333333333, 
    -0.4467, 
    0.4353666666666667, 
    -0.04003333333333325
  ], 
  "5": [
    -0.19976666666666665, 
    0.5005000000000002, 
    -0.4221, 
    0.3604333333333334, 
    0.17789999999999995, 
    0.6074333333333335, 
    -0.030099999999999905
  ], 
  "4": [
    -0.5136333333333334, 
    0.4929666666666668, 
    0.21776666666666666, 
    0.23983333333333334, 
    -0.3879666666666667, 
    -0.4423, 
    0.20510000000000003
  ], 
  "7": [
    -0.024033333333333236, 
    0.19136666666666668, 
    -0.22643333333333326, 
    -0.5119666666666667, 
    0.3056333333333334, 
    -0.0718333333333333, 
    0.7421666666666666
  ], 
  "6": [
    -0.07063333333333333, 
    0.3087, 
    -0.4505, 
    -0.4498333333333333, 
    0.06583333333333341, 
    -0.3723666666666666, 
    -0.5927666666666667
  ]
}