{
  "1": [
    2.0971912078057387e-05, 
    0.02955807557289348, 
    0.13137426482834746, 
    0.18945587974049438, 
    0.09350749556900848, 
    0.15904566740117843, 
    0.14646788144687134
  ], 
  "3": [
    1.4127040545456926e-05, 
    0.021455176208386984, 
    0.23815458833453124, 
    0.2940028774876936, 
    0.15256190060101904, 
    0.15993267848561157, 
    0.16811350267281402
  ], 
  "2": [
    1.6719385076077183e-05, 
    0.028804730523994442, 
    0.121983749459008, 
    0.1765123794202236, 
    0.15666673217076404, 
    0.21264219739176496, 
    0.2536657642634392
  ], 
  "5": [
    9.42715606389714e-07, 
    0.019075009308902567, 
    0.10873766044465583, 
    0.15757394308468836, 
    0.198239736195665, 
    0.25182270086954384, 
    0.17829377614240838
  ], 
  "4": [
    1.547470523736092e-05, 
    0.01690670401687987, 
    0.15814849568623793, 
    0.15737109632365862, 
    0.16086296441170045, 
    0.1437141922081836, 
    0.20937760971913238
  ], 
  "7": [
    0.0, 
    0.011530879028859447, 
    0.15773395861173903, 
    0.23475759996814205, 
    0.2387203065168767, 
    0.1933275548662843, 
    0.09631336610422399
  ], 
  "6": [
    0.0, 
    0.013645517073825634, 
    0.10565894289161377, 
    0.1351724752326418, 
    0.16970663677478204, 
    0.3191957249803319, 
    0.2164869336347374
  ]
}