{
  "1": [
    -0.3771339861352425, 
    0.5998991787650019, 
    0.23046392676639968, 
    0.5865512609176072, 
    0.09482728949146718, 
    0.25941513873389466, 
    -0.1563537641298517
  ], 
  "2": [
    -0.5512509533240669, 
    0.3506842583707452, 
    0.11534355705957397, 
    -0.7458142291950206, 
    0.045550856573658705, 
    -0.030330920001728462, 
    0.02459860814370633
  ], 
  "3": [
    -0.4494932772108703, 
    -0.19148277821977366, 
    -0.83296198309253, 
    0.11011550393940757, 
    0.11914945749418986, 
    0.17233486809314202, 
    -0.10697265968630255
  ], 
  "4": [
    -0.5314309954644113, 
    -0.34059557222055303, 
    0.21392129652586786, 
    0.2815179894273986, 
    -0.2781239864769248, 
    -0.4319352770022782, 
    0.4611290691249791
  ], 
  "5": [
    -0.23759089658123203, 
    -0.44757200357312954, 
    0.31949744664636665, 
    -0.013284938478835454, 
    -0.044328780291929666, 
    -0.029464569636939275, 
    -0.798837629214639
  ], 
  "6": [
    -0.10365668981577654, 
    -0.364423817683209, 
    0.25979432862608215, 
    -0.07851710636917632, 
    -0.007991354598339906, 
    0.8285926841414812, 
    0.31010134572690945
  ], 
  "7": [
    -0.04727674143962276, 
    -0.1770455048843592, 
    0.15627713946602342, 
    0.04471605622315915, 
    0.9462317142474378, 
    -0.16757814216398578, 
    0.12868892002221083
  ]
}