{
  "1": [
    0.00021924686888920162, 
    0.2389215190681033, 
    0.3574944415506733, 
    0.24301104761399633, 
    0.22476829113722666, 
    0.18921643363917756, 
    0.1443885734957167
  ], 
  "3": [
    0.00015666422623878003, 
    0.23994981853252878, 
    0.2931703520542203, 
    0.3231297602582052, 
    0.30165527512244744, 
    0.2832989451011817, 
    0.28476659459573667
  ], 
  "2": [
    0.00019379355996149646, 
    0.33475322603163177, 
    0.3100231627329063, 
    0.3332035304001936, 
    0.28327609911903645, 
    0.2461787325005544, 
    0.19916665375607054
  ], 
  "5": [
    9.234100454273721e-05, 
    0.24160138931560396, 
    0.4759262651844309, 
    0.3983995616731775, 
    0.4593169731339726, 
    0.3198787313402174, 
    0.2846097072886018
  ], 
  "4": [
    0.0001475538451014525, 
    0.20821344286181426, 
    0.2614700766452852, 
    0.26302498400492463, 
    0.30120398803707044, 
    0.2756165103606319, 
    0.26766665110742865
  ], 
  "7": [
    3.337048528999894e-05, 
    0.10959692134866156, 
    0.253204953342509, 
    0.42498970735121006, 
    0.3958061465019293, 
    0.3969495725367695, 
    0.40834076245826956
  ], 
  "6": [
    5.0362366482083074e-05, 
    0.13726798646004498, 
    0.27498791235762104, 
    0.45892773899771355, 
    0.3893857456445542, 
    0.38586590490206946, 
    0.3826643905298691
  ]
}