{
  "V_10_1": 0.8253253670863394, 
  "V_10_10": 0.4136694425811443, 
  "V_10_11": 0.23806356803077902, 
  "V_10_2": 1.1114775701273558, 
  "V_10_3": 0.9418593295482801, 
  "V_10_4": 1.1657629703935097, 
  "V_10_5": 0.5395792216386391, 
  "V_10_6": 0.2769116306935134, 
  "V_10_7": 0.20039922166472826, 
  "V_10_8": 0.18564872963835957, 
  "V_10_9": 0.19031786525447725, 
  "V_11_1": 0.6051009403981858, 
  "V_11_10": 0.23806356803077902, 
  "V_11_11": 0.5048254327996784, 
  "V_11_2": 0.8109367224821327, 
  "V_11_3": 0.707686781321966, 
  "V_11_4": 0.8851700411691672, 
  "V_11_5": 0.42873163137145887, 
  "V_11_6": 0.23796086722403392, 
  "V_11_7": 0.17461740995413816, 
  "V_11_8": 0.18592693101210747, 
  "V_11_9": 0.2102595053373714, 
  "V_1_1": 7.659568061121831, 
  "V_1_10": 0.8253253670863394, 
  "V_1_11": 0.6051009403981858, 
  "V_1_2": 10.340217665240313, 
  "V_1_3": 8.442037148207227, 
  "V_1_4": 10.126653118840368, 
  "V_1_5": 4.3302498184682054, 
  "V_1_6": 2.1135370606938007, 
  "V_1_7": 1.4597467634019763, 
  "V_1_8": 1.2186468804110204, 
  "V_1_9": 1.0151879560926749, 
  "V_2_1": 10.340217665240313, 
  "V_2_10": 1.1114775701273558, 
  "V_2_11": 0.8109367224821327, 
  "V_2_2": 13.9538029979571, 
  "V_2_3": 11.41592749686314, 
  "V_2_4": 13.716808916608919, 
  "V_2_5": 5.874284721368501, 
  "V_2_6": 2.8675080180619066, 
  "V_2_7": 1.9889537730735707, 
  "V_2_8": 1.6625701767336893, 
  "V_2_9": 1.4164248760044218, 
  "V_3_1": 8.442037148207227, 
  "V_3_10": 0.9418593295482801, 
  "V_3_11": 0.707686781321966, 
  "V_3_2": 11.41592749686314, 
  "V_3_3": 9.366881880612812, 
  "V_3_4": 11.245461063339066, 
  "V_3_5": 4.804693908125797, 
  "V_3_6": 2.360063986612067, 
  "V_3_7": 1.6321618912765512, 
  "V_3_8": 1.3728332162725134, 
  "V_3_9": 1.1625865936400548, 
  "V_4_1": 10.126653118840368, 
  "V_4_10": 1.1657629703935097, 
  "V_4_11": 0.8851700411691672, 
  "V_4_2": 13.716808916608919, 
  "V_4_3": 11.245461063339066, 
  "V_4_4": 13.540861895729439, 
  "V_4_5": 5.807607942569433, 
  "V_4_6": 2.842414254818452, 
  "V_4_7": 1.977937153023426, 
  "V_4_8": 1.6702387151750453, 
  "V_4_9": 1.4250196271075648, 
  "V_5_1": 4.3302498184682054, 
  "V_5_10": 0.5395792216386391, 
  "V_5_11": 0.42873163137145887, 
  "V_5_2": 5.874284721368501, 
  "V_5_3": 4.804693908125797, 
  "V_5_4": 5.807607942569433, 
  "V_5_5": 2.625908041703518, 
  "V_5_6": 1.234780572752165, 
  "V_5_7": 0.8631730245575943, 
  "V_5_8": 0.7364004461694923, 
  "V_5_9": 0.6362103256410665, 
  "V_6_1": 2.1135370606938007, 
  "V_6_10": 0.2769116306935134, 
  "V_6_11": 0.23796086722403392, 
  "V_6_2": 2.8675080180619066, 
  "V_6_3": 2.360063986612067, 
  "V_6_4": 2.842414254818452, 
  "V_6_5": 1.234780572752165, 
  "V_6_6": 0.779645209229902, 
  "V_6_7": 0.4222032753887533, 
  "V_6_8": 0.35690023613647814, 
  "V_6_9": 0.3193037111351466, 
  "V_7_1": 1.4597467634019763, 
  "V_7_10": 0.20039922166472826, 
  "V_7_11": 0.17461740995413816, 
  "V_7_2": 1.9889537730735707, 
  "V_7_3": 1.6321618912765512, 
  "V_7_4": 1.977937153023426, 
  "V_7_5": 0.8631730245575943, 
  "V_7_6": 0.4222032753887533, 
  "V_7_7": 0.4559587624330672, 
  "V_7_8": 0.24435348418033162, 
  "V_7_9": 0.22100866055717977, 
  "V_8_1": 1.2186468804110204, 
  "V_8_10": 0.18564872963835957, 
  "V_8_11": 0.18592693101210747, 
  "V_8_2": 1.6625701767336893, 
  "V_8_3": 1.3728332162725134, 
  "V_8_4": 1.6702387151750453, 
  "V_8_5": 0.7364004461694923, 
  "V_8_6": 0.35690023613647814, 
  "V_8_7": 0.24435348418033162, 
  "V_8_8": 0.3572319052418533, 
  "V_8_9": 0.1923136260711002, 
  "V_9_1": 1.0151879560926749, 
  "V_9_10": 0.19031786525447725, 
  "V_9_11": 0.2102595053373714, 
  "V_9_2": 1.4164248760044218, 
  "V_9_3": 1.1625865936400548, 
  "V_9_4": 1.4250196271075648, 
  "V_9_5": 0.6362103256410665, 
  "V_9_6": 0.3193037111351466, 
  "V_9_7": 0.22100866055717977, 
  "V_9_8": 0.1923136260711002, 
  "V_9_9": 0.34591616841454775
}