{
  "11": [
    0.03403741333333337, 
    0.7277374866666668, 
    -0.07254166228300901, 
    0.021011638037025406, 
    0.002579834401709463, 
    -0.3693580000000005, 
    0.05667125333333361, 
    -0.23235947771424656, 
    -0.13159560932806874, 
    -0.12357149425287323, 
    0.0237541804301553
  ], 
  "10": [
    0.04499531333333342, 
    0.48777199999999993, 
    -0.05782763107136581, 
    -0.005175701689675649, 
    0.06620902110042748, 
    0.558521666666667, 
    0.023425019999999668, 
    -0.16582939445614736, 
    -0.06462309405689982, 
    -0.03518384872080078, 
    0.08903429494237697
  ], 
  "1": [
    0.3971851466666667, 
    -0.1395353866666665, 
    0.5861548132561807, 
    0.04240839919907301, 
    0.5592230101495714, 
    -0.021243646666666484, 
    0.03296476000000006, 
    -0.19796441970107317, 
    -0.07481593938780357, 
    -0.07169567667778995, 
    0.0504253688614843
  ], 
  "3": [
    0.4398746866666666, 
    -0.045707806666666594, 
    0.014264327546905509, 
    -0.7462578529525393, 
    -0.2987641559829062, 
    -0.00655980666666662, 
    -0.0916243866666668, 
    -0.09735136590095962, 
    -0.022293304309675688, 
    -0.022049358546533185, 
    0.033286148425457074
  ], 
  "2": [
    0.5370764400000001, 
    -0.15603172000000004, 
    -0.6929920077152378, 
    0.16242483226191762, 
    0.30654926549145395, 
    -0.026377446666666596, 
    -0.018760226666666623, 
    -0.07096776339987282, 
    -0.020343238500219206, 
    0.030898746755654502, 
    0.011093988108346251
  ], 
  "5": [
    0.22731261333333336, 
    0.1577389200000001, 
    0.03609208837453979, 
    -0.10410120841676336, 
    0.03801600560897445, 
    0.00669281999999962, 
    0.5196933066666669, 
    0.45721886849232707, 
    0.024077780027673794, 
    0.07791210233592888, 
    -0.06276414886588837
  ], 
  "4": [
    0.52894722, 
    0.04228598666666673, 
    0.22586018236016087, 
    0.4759642357817799, 
    -0.5678802150106824, 
    0.02184700000000014, 
    -0.06871280666666643, 
    0.03697456448323142, 
    -0.026109901792042072, 
    0.027931865035224372, 
    0.0008234750055054893
  ], 
  "7": [
    0.07727404000000013, 
    0.12477436000000003, 
    0.026758565667192775, 
    -0.025823209330101488, 
    0.09139210069444435, 
    0.04954496000000007, 
    -0.1344953533333332, 
    0.06523845587989437, 
    -0.011558337551888044, 
    -0.05040913607712209, 
    -0.6395338691918058
  ], 
  "6": [
    0.11140245999999997, 
    0.14699196666666683, 
    0.011707420655795255, 
    0.017680222714019794, 
    0.05995363915598295, 
    -0.001975079999999908, 
    -0.05823470666666669, 
    0.047004564148861575, 
    0.6148725895177349, 
    -0.19630829069336336, 
    0.06405535491448304
  ], 
  "9": [
    0.055335466666666784, 
    0.29657042666666655, 
    0.10413292302297042, 
    -0.04695993606632238, 
    0.14730422008547006, 
    -0.05892219999999983, 
    -0.16625789333333352, 
    0.005069766275454055, 
    0.1766447943032634, 
    0.4608764404894326, 
    -0.0034418923878731765
  ], 
  "8": [
    0.06496280666666664, 
    0.1842017333333334, 
    0.02107099772049807, 
    -0.02730583833912942, 
    0.17603690571581238, 
    -0.0076247400000001506, 
    -0.329423093333331, 
    0.6293991941685897, 
    -0.17259635854341768, 
    -0.0746954022988503, 
    0.16722361447551914
  ]
}