{
  "1": [
    0.0018627733561828274, 
    0.08541863343437761, 
    0.25728202507081493, 
    0.4032877999700537, 
    0.3421752226479327, 
    0.21989283408954607, 
    0.22523872919925783
  ], 
  "3": [
    0.0013597524636753042, 
    0.06381742917085768, 
    0.27214549524254267, 
    0.30994696557721585, 
    0.4757565266679797, 
    0.3155071847536273, 
    0.29731934699978335
  ], 
  "2": [
    0.0016297578198077808, 
    0.0883380420993422, 
    0.20383606011328248, 
    0.3428578331746653, 
    0.2954817387168264, 
    0.18365805571709784, 
    0.20385377061932836
  ], 
  "5": [
    0.0008403738308755113, 
    0.048540676430131505, 
    0.17443393011758815, 
    0.2817459871026662, 
    0.21040971422827692, 
    0.44847628873559015, 
    0.4495281693490625
  ], 
  "4": [
    0.0013182555670439423, 
    0.054784346403529756, 
    0.21897557870595566, 
    0.27547959089348373, 
    0.33836075443476943, 
    0.24823546245132738, 
    0.248294466993178
  ], 
  "7": [
    0.0002714258626079497, 
    0.02439217924326269, 
    0.18066177159187283, 
    0.3524061284029387, 
    0.4294489450171082, 
    0.4247993495193763, 
    0.38966295165020814
  ], 
  "6": [
    0.000482094799334531, 
    0.037980553682441597, 
    0.2231147538602366, 
    0.3624958732051442, 
    0.3439884482081109, 
    0.4556210837688135, 
    0.3430363863889233
  ]
}