{
  "1": 0.001985803756267253, 
  "3": 0.0013310804433349127, 
  "2": 0.0019174887415026977, 
  "4": 0.0015282051551212036
}