{
  "1": 118.6781796034062, 
  "3": 0.633225611266079, 
  "2": 2.2068675490598273, 
  "4": 0.2299959792113075
}