{"mode1_error": [0.0, 0.0, 0.0, 0.0, 0.0, 0.0, 0.0], "mode2": [0.00151, 0.00172, 0.00032, -0.00473, -0.01794, -0.04934, -0.10066], "mode2_error": [0.0, 0.0, 0.0, 0.0, 0.0, 0.0, 0.0], "mode1": [0.05697, 0.09418, 0.13216, 0.17706, 0.23074, 0.26683, 0.27772]}