{
  "1": [
    0.00022134183918809196, 
    0.23276953381472185, 
    0.3577730575044119, 
    0.24930659982461356, 
    0.22825431042753014, 
    0.18916034505971424, 
    0.14413668795843848
  ], 
  "3": [
    0.0001577313092631422, 
    0.2402659291234668, 
    0.29350804611833564, 
    0.3187059578427759, 
    0.3029818976186629, 
    0.2820021886792645, 
    0.28606857335629954
  ], 
  "2": [
    0.00019475030985483552, 
    0.33723044399023655, 
    0.31370470336853534, 
    0.3317980833321435, 
    0.2854040791376496, 
    0.24828174588987695, 
    0.2005590078011799
  ], 
  "5": [
    9.179147354924291e-05, 
    0.2478056558790847, 
    0.475200436951747, 
    0.3899650059064896, 
    0.4591985649396728, 
    0.3215420159332532, 
    0.28702769946867385
  ], 
  "4": [
    0.00014839886208455988, 
    0.2109286366346473, 
    0.2617049816930057, 
    0.26577996835810574, 
    0.3035748867755469, 
    0.27397886348732486, 
    0.26965105490276126
  ], 
  "7": [
    3.3222725825502675e-05, 
    0.11275054647938407, 
    0.2551272020755451, 
    0.4240952002767887, 
    0.39765449814243137, 
    0.3994915592981968, 
    0.4140120423781521
  ], 
  "6": [
    5.1030287752216976e-05, 
    0.14246883051784862, 
    0.27587729127386185, 
    0.4578558497141407, 
    0.3847367567797419, 
    0.3861597139639557, 
    0.3886790886470188
  ]
}