{
  "1": 1067.4161453905247, 
  "3": 0.09434285259096209, 
  "2": 0.356809902161051, 
  "4": -0.043275046215378594
}