{"mode1_error": [0.0, 0.0, 0.0, 0.0, 0.0, 0.0, 0.0], "mode2": [0.00034, 0.00024, -1e-05, -0.0006, -0.00256, -0.00727, -0.01069], "mode2_error": [0.0, 0.0, 0.0, 0.0, 0.0, 0.0, 0.0], "mode1": [0.00194, 0.00354, 0.0051, 0.00705, 0.0103, 0.01425, 0.01979]}