{"mode1_error": [0.0, 0.0, 0.0, 0.0, 0.0, 0.0, 0.0], "mode2": [0.00174, 0.00084, -0.00031, -0.00378, -0.01095, -0.02446, -0.04948], "mode2_error": [0.0, 0.0, 0.0, 0.0, 0.0, 0.0, 0.0], "mode1": [0.04998, 0.08287, 0.11671, 0.15673, 0.20421, 0.23519, 0.24416]}