{"mode1_error": [0.0, 0.0, 0.0, 0.0, 0.0, 0.0, 0.0], "mode2": [-0.00116, -0.00174, -0.00096, 0.00457, 0.0188, 0.0503, 0.09857], "mode2_error": [0.0, 0.0, 0.0, 0.0, 0.0, 0.0, 0.0], "mode1": [0.05697, 0.09416, 0.13215, 0.17707, 0.23072, 0.26681, 0.27771]}