{
  "1": [
    -0.421167425365896, 
    0.6699518759113519, 
    -0.5471324650862263, 
    -0.21780735940996598, 
    0.15495937216537467, 
    -0.050021839238493584, 
    0.021769524262476286
  ], 
  "2": [
    -0.5634415186025173, 
    0.19598371905790513, 
    0.7342404695906536, 
    -0.2676936037088942, 
    -0.17743535695669216, 
    -0.04230207612670842, 
    0.009073741498147948
  ], 
  "3": [
    -0.44820271405622475, 
    -0.1592784321467356, 
    0.04210347696007769, 
    0.5216291056375425, 
    0.5206624031999331, 
    0.43532393864290636, 
    -0.19818882885658404
  ], 
  "4": [
    -0.5100148953781513, 
    -0.40050873874300336, 
    -0.34317036031263576, 
    0.25964684199243193, 
    -0.5821917504044383, 
    -0.1902455908374391, 
    0.13839999587081306
  ], 
  "5": [
    -0.19694303189477053, 
    -0.4818420282414013, 
    -0.06702845153643648, 
    -0.4136826272799441, 
    0.5562389719231624, 
    -0.4395253326802886, 
    0.2254578910258378
  ], 
  "6": [
    -0.06922226605640268, 
    -0.26302700896550407, 
    -0.16731027285484715, 
    -0.48025079567800866, 
    -0.13334302494023617, 
    0.2322449684739474, 
    -0.7717988265103941
  ], 
  "7": [
    -0.02392715195569751, 
    -0.16007201331067356, 
    -0.09753388527377689, 
    -0.3736476140064868, 
    -0.0853554834120306, 
    0.723109805020459, 
    0.542683789199
  ]
}