{
  "V_11": 319.47980841172296, 
  "V_12": 426.7354669532703, 
  "V_13": 339.3729665799081, 
  "V_14": 386.18568105800045, 
  "V_15": 148.96474275753553, 
  "V_16": 52.36081401457343, 
  "V_17": 18.0810346803731, 
  "V_21": 426.7354669532703, 
  "V_22": 571.2120137783677, 
  "V_23": 454.1435919353762, 
  "V_24": 516.6336890107211, 
  "V_25": 199.51236847310136, 
  "V_26": 70.08251176091828, 
  "V_27": 24.21205874461688, 
  "V_31": 339.3729665799081, 
  "V_32": 454.1435919353762, 
  "V_33": 361.3623414721317, 
  "V_34": 411.19974355201396, 
  "V_35": 158.7202996737769, 
  "V_36": 55.792382359089025, 
  "V_37": 19.28993715034257, 
  "V_41": 386.18568105800045, 
  "V_42": 516.6336890107211, 
  "V_43": 411.19974355201396, 
  "V_44": 467.96845603762705, 
  "V_45": 180.80936346745185, 
  "V_46": 63.555029148221465, 
  "V_47": 21.973900431816574, 
  "V_51": 148.96474275753553, 
  "V_52": 199.51236847310136, 
  "V_53": 158.7202996737769, 
  "V_54": 180.80936346745185, 
  "V_55": 69.9627437901718, 
  "V_56": 24.6513896265521, 
  "V_57": 8.548455667443562, 
  "V_61": 52.36081401457343, 
  "V_62": 70.08251176091828, 
  "V_63": 55.792382359089025, 
  "V_64": 63.555029148221465, 
  "V_65": 24.6513896265521, 
  "V_66": 8.753545193068847, 
  "V_67": 3.0554157728507487, 
  "V_71": 18.0810346803731, 
  "V_72": 24.21205874461688, 
  "V_73": 19.28993715034257, 
  "V_74": 21.973900431816574, 
  "V_75": 8.548455667443562, 
  "V_76": 3.0554157728507487, 
  "V_77": 1.1377250621688662
}