{
  "1": 0.04615477037489477, 
  "3": 0.03488657233028037, 
  "2": 0.03366728871764535, 
  "4": 0.040160991812503946
}