{
  "1": 2942.0503419009337, 
  "3": 0.2334731378203684, 
  "2": 0.9277983183257438, 
  "4": 0.1662944054606848
}