{
  "1": 807.3048419748917, 
  "3": 0.15915183780250805, 
  "2": 0.7806886194140217, 
  "4": 0.07603187702758545
}