{"mode1_error": [2.5e-05, 2.6e-05, 3.8e-05, 4.3e-05, 8.4e-05, 0.000144, 0.000236], "mode2": [0.00077, 0.00055, -0.00071, -0.00156, -0.00246, -0.00054, -0.00665], "mode2_error": [7.5e-05, 0.0001, 0.000148, 0.000145, 0.000437, 0.000741, 0.001225], "mode1": [0.002, 0.00353, 0.00503, 0.00698, 0.01012, 0.01513, 0.02014]}