{"mode1_error": [5e-06, 5e-06, 8e-06, 1e-05, 1.8e-05, 3.4e-05, 5.4e-05], "mode2": [0.00089, 6e-05, -0.00103, -0.00055, -0.00261, -0.00595, -0.0069], "mode2_error": [0.000107, 0.000278, 0.000244, 0.000452, 0.000705, 0.001472, 0.003027], "mode1": [0.01437, 0.02414, 0.03445, 0.04673, 0.06101, 0.07038, 0.07402]}