{"mode1_error": [5e-06, 6e-06, 1e-05, 1.1e-05, 2.3e-05, 9e-06, 0.0], "mode2": [-0.00102, 2e-05, -0.0003, 0.00174, 0.00477, 0.01195, 0.0192], "mode2_error": [0.000289, 0.000458, 0.000498, 0.000533, 0.001996, 0.004714, 0.007838], "mode1": [0.03515, 0.05869, 0.08331, 0.11247, 0.14656, 0.16841, 0.17472]}