{"mode1_error": [7e-06, 8e-06, 1.2e-05, 1.4e-05, 2.9e-05, 9.2e-05, 0.000154], "mode2": [-0.00153, -0.00043, 0.00064, 0.00253, 0.00762, 0.01428, 0.03497], "mode2_error": [0.000337, 0.000505, 0.000641, 0.000762, 0.0021, 0.004282, 0.009781], "mode1": [0.04279, 0.07117, 0.10064, 0.13552, 0.17648, 0.2032, 0.211]}