{"mode1_error": [1.4e-05, 1.5e-05, 2.3e-05, 2.7e-05, 5.4e-05, 0.000117, 0.000291], "mode2": [-0.00274, -0.00084, 0.00157, 0.00425, 0.01194, 0.03808, 0.06793], "mode2_error": [0.000779, 0.000953, 0.001436, 0.00117, 0.00434, 0.011458, 0.022243], "mode1": [0.05697, 0.09418, 0.13214, 0.17709, 0.23096, 0.26672, 0.27798]}