{"mode1_error": [1.4e-05, 1.4e-05, 2.1e-05, 2.4e-05, 4.4e-05, 7.6e-05, 0.000135], "mode2": [-0.00038, -6e-05, 4e-05, 0.00068, 0.00079, 0.00197, -0.00099], "mode2_error": [9.3e-05, 0.000124, 0.000141, 0.000221, 0.000505, 0.000874, 0.001418], "mode1": [0.00139, 0.00225, 0.00296, 0.00405, 0.0053, 0.00626, 0.00801]}