{"mode1_error": [2e-06, 2e-06, 2e-06, 4e-06, 1e-06, 1e-06, 2e-06], "mode2": [-0.00028, -0.00062, 0.00017, 0.0013, 0.00387, 0.00602, 0.0044], "mode2_error": [7.9e-05, 8.3e-05, 0.000146, 0.000147, 0.000595, 0.00112, 0.001503], "mode1": [0.03451, 0.05599, 0.07787, 0.10508, 0.14219, 0.17731, 0.21141]}