{"mode1_error": [3e-06, 4e-06, 1e-06, 9e-06, 1e-06, 2e-06, 1.1e-05], "mode2": [0.00068, 0.00075, -0.00029, -0.00224, -0.00462, -0.00741, -0.00941], "mode2_error": [0.000106, 0.000114, 0.00018, 0.000137, 0.000601, 0.001013, 0.001809], "mode1": [0.04446, 0.07228, 0.10056, 0.13567, 0.18355, 0.22868, 0.27165]}