{"mode1_error": [2e-06, 5e-06, 6e-06, 1.1e-05, 3.3e-05, 3e-06, 8e-05], "mode2": [-0.00058, -0.00069, 9e-05, 0.00176, 0.00647, 0.01744, 0.0728], "mode2_error": [0.000828, 0.001223, 0.001601, 0.001306, 0.004924, 0.013231, 0.055587], "mode1": [0.05899, 0.09611, 0.13377, 0.18027, 0.24334, 0.30221, 0.35759]}