{
  "1": 2941.687895210579, 
  "2": 0.86866958288727503, 
  "3": 0.22276783814737255, 
  "4": 0.1180160264483654, 
  "5": 0.036502614180423013, 
  "6": 0.013315336122331906, 
  "7": -0.085187866559399666
}