{
  "1": 0.0018409249393936118, 
  "3": 1.7758736664880854e-07, 
  "2": 4.1336456353165487e-07, 
  "4": 5.403276422754037e-08
}