{
  "1": 0.08323485065535044, 
  "3": 0.10162511469584977, 
  "2": 0.06868639412234374, 
  "5": 0.009080576465265996, 
  "4": 0.07104605936226241, 
  "7": 0.0551169822006817, 
  "6": 0.010046738365005583
}