{
  "1": 439.63090878419064, 
  "2": 0.14818967397372387, 
  "3": 0.031117720497725349, 
  "4": 0.0011396749953704109, 
  "5": -0.026326720336010946, 
  "6": -0.21012317178336504, 
  "7": -0.53590776856740296
}