{
  "1": 2023.9473723068829, 
  "2": 2.9822961175903426, 
  "3": 1.1486167698686829, 
  "4": 0.092837968320991546, 
  "5": -0.19072315641815282, 
  "6": -0.52588259557949046, 
  "7": -1.9359538091287258
}