{
  "1": [
    -0.31062958529741885, 
    0.7195035159186165, 
    0.5942959655748985, 
    -0.12100182925590292, 
    0.07307835037237329, 
    -0.11249066437434482, 
    -0.0004680515431470935
  ], 
  "2": [
    -0.4641881330769186, 
    -0.5860019394030105, 
    0.5382833943615782, 
    0.3684368543489344, 
    -0.06902980509990587, 
    -0.06404855979441444, 
    0.08227419908231706
  ], 
  "3": [
    -0.44850196112333035, 
    -0.27167785961764057, 
    -0.10733177133519428, 
    -0.825593017419524, 
    0.1626460697226713, 
    -0.07257799969209942, 
    0.013852143400817536
  ], 
  "4": [
    -0.6200341338193123, 
    0.22144297275572217, 
    -0.5082898824847034, 
    0.36998227779586934, 
    0.2923991296553826, 
    0.2344431761064831, 
    0.17554013316213604
  ], 
  "5": [
    -0.2930951555098873, 
    0.09410987293203507, 
    -0.13180083698814224, 
    -0.041274304954107416, 
    -0.8049107270963031, 
    0.2382405682573547, 
    -0.4260559655665381
  ], 
  "6": [
    -0.12013038906056764, 
    0.013576356792479642, 
    -0.20930904427642, 
    0.17033330775572708, 
    0.10406873778200901, 
    -0.8007222468266223, 
    -0.5104647310704937
  ], 
  "7": [
    -0.04589358404801325, 
    0.08384260468464057, 
    -0.16125396812181095, 
    -0.02012762774996354, 
    -0.46822202523698564, 
    -0.474444705553784, 
    0.7211980237105704
  ]
}