{
  "1": [
    0.00030824480831535643, 
    0.3242832133882163, 
    0.44037452904574187, 
    0.29252175038609013, 
    0.1379105473312142, 
    0.11116221254212927, 
    0.11905852446036881
  ], 
  "3": [
    0.00020264824406868843, 
    0.2212185323437432, 
    0.4248647460939438, 
    0.31101192858798193, 
    0.22714973071457822, 
    0.16971978339887228, 
    0.18433935267790838
  ], 
  "2": [
    0.00024780382933583286, 
    0.40376269346437504, 
    0.3343647628454909, 
    0.3118777300496852, 
    0.17108320098153643, 
    0.1414699200601678, 
    0.14010020855359429
  ], 
  "5": [
    0.00012888010461621486, 
    0.13656033629461672, 
    0.1832559899170126, 
    0.316832377797321, 
    0.3730663464618515, 
    0.36599775472902973, 
    0.4326530109133699
  ], 
  "4": [
    0.00019282212313614537, 
    0.3110457396955033, 
    0.2842194739926164, 
    0.2806242070622439, 
    0.20030405987497965, 
    0.19284146588318574, 
    0.22467076886310203
  ], 
  "7": [
    4.27592615095302e-05, 
    0.09355421509351046, 
    0.11099275872170525, 
    0.20874169604337828, 
    0.48372106541989424, 
    0.48129351862070874, 
    0.4267272274550537
  ], 
  "6": [
    7.163899123261142e-05, 
    0.10398627119432063, 
    0.15700993695852597, 
    0.22116391621789241, 
    0.38555648674327264, 
    0.3583266091912504, 
    0.4960945432427918
  ]
}