{
  "1": 0.005026603244836003, 
  "3": 0.005171917438843429, 
  "2": 0.00832675083777692, 
  "4": 0.0009743795549547094
}