{
  "V_11": 196.16390954725225, 
  "V_12": 289.9074499892761, 
  "V_13": 281.61972185168827, 
  "V_14": 390.81651032887913, 
  "V_15": 184.66369714634098, 
  "V_16": 75.75084516515722, 
  "V_17": 29.229217191947278, 
  "V_21": 289.9074499892761, 
  "V_22": 436.7176355892045, 
  "V_23": 421.6065432660421, 
  "V_24": 582.8314038862878, 
  "V_25": 275.28650571515084, 
  "V_26": 113.11815596498062, 
  "V_27": 43.112384673590526, 
  "V_31": 281.61972185168827, 
  "V_32": 421.6065432660421, 
  "V_33": 408.09094887988863, 
  "V_34": 562.1750667051725, 
  "V_35": 266.06257526980045, 
  "V_36": 108.81102478387483, 
  "V_37": 41.611699402535756, 
  "V_41": 390.81651032887913, 
  "V_42": 582.8314038862878, 
  "V_43": 562.1750667051725, 
  "V_44": 777.8417572055837, 
  "V_45": 367.8310223126665, 
  "V_46": 150.64047066976354, 
  "V_47": 57.58571735658235, 
  "V_51": 184.66369714634098, 
  "V_52": 275.28650571515084, 
  "V_53": 266.06257526980045, 
  "V_54": 367.8310223126665, 
  "V_55": 173.52679111853206, 
  "V_56": 71.30540149120203, 
  "V_57": 27.00267346226249, 
  "V_61": 75.75084516515722, 
  "V_62": 113.11815596498062, 
  "V_63": 108.81102478387483, 
  "V_64": 150.64047066976354, 
  "V_65": 71.30540149120203, 
  "V_66": 29.053485448952166, 
  "V_67": 11.011561271099833, 
  "V_71": 29.229217191947278, 
  "V_72": 43.112384673590526, 
  "V_73": 41.611699402535756, 
  "V_74": 57.58571735658235, 
  "V_75": 27.00267346226249, 
  "V_76": 11.011561271099833, 
  "V_77": 4.124035812123157
}