{
  "1": 2023.943250967661, 
  "3": 1.135446394988833, 
  "2": 3.0404680438046543, 
  "4": 0.1028989492663166
}