{
  "1": 0.08315073287125367, 
  "3": 0.10261590323291947, 
  "2": 0.06713782162114587, 
  "4": 0.07094290413083698
}