{
  "1": 1517.05660293104, 
  "3": 0.5653265271739055, 
  "2": 1.3834020837696737, 
  "4": 0.27495704304155105
}