{
  "1": [
    0.0033350915659047698, 
    0.07574333375416731, 
    0.2175059185023056, 
    0.25106867827215407, 
    0.15735132213819286, 
    0.12468503305761253, 
    0.13715314324124053
  ], 
  "3": [
    0.002355135844367343, 
    0.07482239760114223, 
    0.36048674315591744, 
    0.25348211946338645, 
    0.2621920768063601, 
    0.20260279570805714, 
    0.20502293254109702
  ], 
  "2": [
    0.0028318404659516956, 
    0.07429967232347422, 
    0.21781218599232643, 
    0.28439248174265563, 
    0.1550610714079612, 
    0.1309276920234394, 
    0.13420456592852043
  ], 
  "5": [
    0.0013375825728440946, 
    0.053628114632498114, 
    0.2636033271987869, 
    0.253841571839053, 
    0.35385288373602247, 
    0.33552991900338314, 
    0.3429427643169989
  ], 
  "4": [
    0.0022738104852126156, 
    0.05306603874969992, 
    0.16966858012012048, 
    0.1980012713501115, 
    0.2734929315300108, 
    0.26051302161177087, 
    0.2692200932547532
  ], 
  "7": [
    0.00039956083441684023, 
    0.017625237319393146, 
    0.12058047175495011, 
    0.21567490790121463, 
    0.3834586340673336, 
    0.4818950585554625, 
    0.47665456935115746
  ], 
  "6": [
    0.0007269416722479735, 
    0.02893080417749535, 
    0.16780751190697282, 
    0.23292721207880424, 
    0.4184517167392751, 
    0.2741793820786153, 
    0.4837668368638418
  ]
}