{
  "1": [
    -0.38516110666666675, 
    0.6295048333333325, 
    0.44558494981032015, 
    -0.24094079570571542, 
    -0.06862088271678844, 
    -0.1176905180450126, 
    -0.00032940727161618813
  ], 
  "3": [
    -0.4478845066666668, 
    -0.20719415999999993, 
    0.3142093832880113, 
    0.5035843840999196, 
    0.1891676164252365, 
    0.08837150530474532, 
    -0.08206775129850234
  ], 
  "2": [
    -0.5476240466666665, 
    0.391246706666667, 
    -0.5626940175244248, 
    0.08532964600217535, 
    0.06635324234805864, 
    0.10920542904070676, 
    0.018455575924228657
  ], 
  "5": [
    -0.2356197533333333, 
    -0.30143911333333273, 
    -0.08283963809715604, 
    -0.36758768199838543, 
    0.29482595873737943, 
    -0.275475265237271, 
    -0.22597244882370926
  ], 
  "4": [
    -0.5308570466666663, 
    -0.5169739600000005, 
    0.005522714607043455, 
    -0.09763802055923887, 
    -0.3373159383854108, 
    -0.10386173480712001, 
    0.14282878857317438
  ], 
  "7": [
    -0.048454193333333284, 
    -0.09521322000000002, 
    0.08802553127203133, 
    -0.1856605866049193, 
    0.3384195578434896, 
    0.1833553114040935, 
    0.41203977238007927
  ], 
  "6": [
    -0.10701197333333327, 
    -0.12973784000000013, 
    0.07606595158961964, 
    -0.2989427814616, 
    -0.013091021189992062, 
    0.5334226705730902, 
    -0.14665708829819646
  ]
}