{
  "P_1": 341.2081104892761, 
  "P_2": 280.1356477211796, 
  "P_3": 159.83577330764075, 
  "P_4": 134.4603441689008, 
  "P_5": 38.153318146782844, 
  "P_6": 10.65230132515312, 
  "P_7": 3.210181896032726
}