{"mode1_error": [5e-06, 7e-06, 1e-05, 1e-05, 1.9e-05, 3.2e-05, 5.4e-05], "mode2": [-8e-05, -0.00043, -0.00028, 0.0008, 0.00215, 0.00546, 0.00828], "mode2_error": [0.000322, 0.000363, 0.000658, 0.000447, 0.001296, 0.003309, 0.005438], "mode1": [0.01322, 0.02346, 0.03309, 0.04453, 0.05782, 0.06675, 0.07072]}