{"mode1_error": [5e-06, 6e-06, 9e-06, 1e-05, 1.9e-05, 4.6e-05, 0.000111], "mode2": [0.00048, 0.00076, -0.00015, -0.00193, -0.00296, -0.00658, -0.00984], "mode2_error": [0.000213, 0.00036, 0.000538, 0.000463, 0.001203, 0.002235, 0.003433], "mode1": [0.02433, 0.04305, 0.06052, 0.08134, 0.1057, 0.1222, 0.12897]}