{"mode1_error": [6e-06, 8e-06, 1.1e-05, 1.3e-05, 2.4e-05, 5.9e-05, 3.1e-05], "mode2": [-0.0007, -0.00019, 0.00092, 0.001, 0.00162, 0.00288, 0.00737], "mode2_error": [0.00045, 0.000872, 0.001145, 0.000783, 0.001733, 0.004201, 0.008008], "mode1": [0.03246, 0.05716, 0.08004, 0.10744, 0.13956, 0.1614, 0.17012]}