{"mode1_error": [7e-06, 1e-05, 1.4e-05, 1.6e-05, 3e-05, 3.9e-05, 0.0], "mode2": [0.00053, -3e-05, -0.00031, -0.00097, -0.0001, -0.00107, -0.00032], "mode2_error": [0.000407, 0.000696, 0.000924, 0.001054, 0.004358, 0.009893, 0.02049], "mode1": [0.03952, 0.06942, 0.09689, 0.12958, 0.16831, 0.19496, 0.20586]}