{"mode1_error": [9e-06, 1.3e-05, 1.8e-05, 2.1e-05, 3.9e-05, 8.6e-05, 3.6e-05], "mode2": [0.00083, 0.00155, 0.00011, -0.00364, -0.00782, -0.01719, -0.02981], "mode2_error": [0.000361, 0.000468, 0.000671, 0.000633, 0.001913, 0.004371, 0.008162], "mode1": [0.0463, 0.08093, 0.11247, 0.15, 0.19491, 0.22631, 0.24002]}