{"mode1_error": [1.4e-05, 1.9e-05, 2.7e-05, 3e-05, 5.6e-05, 0.000103, 0.000264], "mode2": [0.00112, -0.00213, 0.00196, -0.00065, 0.00013, -0.00062, 0.0098], "mode2_error": [0.000994, 0.001797, 0.002108, 0.003258, 0.006616, 0.013615, 0.032891], "mode1": [0.05285, 0.09216, 0.12744, 0.16962, 0.22073, 0.25706, 0.27371]}