{
  "1": [
    -0.4175627299935779, 
    0.48683778745399975, 
    0.666801054154079, 
    0.1820724589667233, 
    -0.08698133500353235, 
    0.3184654444938169, 
    0.043247163100361516
  ], 
  "2": [
    -0.5598276192945366, 
    0.3351341638940241, 
    -0.6935160901042615, 
    0.2337015934494551, 
    0.15070262255298897, 
    0.1190589286988173, 
    -0.042553706120397015
  ], 
  "3": [
    -0.4483036412397403, 
    -0.10977420234092097, 
    0.12513611258670962, 
    -0.38080382041464583, 
    -0.12191812063993426, 
    -0.4069102508376606, 
    -0.6677296556679995
  ], 
  "4": [
    -0.51503664244914, 
    -0.3912606348197495, 
    0.11415978659337386, 
    -0.13211627265999992, 
    0.11350625101664909, 
    -0.30056190975499303, 
    0.6692862433841493
  ], 
  "5": [
    -0.20084485451528314, 
    -0.528392634623381, 
    -0.09606356130330634, 
    -0.06706385390889276, 
    -0.46080747894141794, 
    0.6691216931489247, 
    -0.08166655918071947
  ], 
  "6": [
    -0.07118359112257253, 
    -0.4165875830355377, 
    0.18781705948600808, 
    0.3715276617286803, 
    0.7255491985135525, 
    0.17683743010394606, 
    -0.3006435008488431
  ], 
  "7": [
    -0.02428468963890534, 
    -0.18109337474126389, 
    0.0348830582504424, 
    0.7792538494164409, 
    -0.45078830690738064, 
    -0.3866471277532751, 
    -0.07386443559895144
  ]
}