{
  "1": [
    5.268356063861754e-09, 
    7.450580596923828e-09, 
    0.0, 
    0.0, 
    0.0, 
    3.725290298461914e-09, 
    0.0
  ], 
  "3": [
    5.268356063861754e-09, 
    0.0, 
    1.862645149230957e-09, 
    0.0, 
    1.3170890159654386e-09, 
    0.0, 
    7.450580596923828e-09
  ], 
  "2": [
    0.0, 
    3.725290298461914e-09, 
    7.450580596923828e-09, 
    3.725290298461914e-09, 
    0.0, 
    0.0, 
    4.656612873077393e-10
  ], 
  "5": [
    0.0, 
    0.0, 
    1.3170890159654386e-09, 
    9.313225746154785e-10, 
    0.0, 
    0.0, 
    0.0
  ], 
  "4": [
    0.0, 
    0.0, 
    1.862645149230957e-09, 
    0.0, 
    0.0, 
    0.0, 
    0.0
  ], 
  "7": [
    0.0, 
    0.0, 
    0.0, 
    0.0, 
    5.268356063861754e-09, 
    0.0, 
    9.313225746154785e-10
  ], 
  "6": [
    0.0, 
    5.268356063861754e-09, 
    0.0, 
    5.268356063861754e-09, 
    1.0536712127723509e-08, 
    0.0, 
    0.0
  ]
}