{
  "1": [
    -0.4175666666666666, 
    0.4868333333333335, 
    0.6668333333333334, 
    0.18210000000000015, 
    -0.08696666666666664, 
    0.31843333333333335, 
    0.043233333333333464
  ], 
  "3": [
    -0.4483, 
    -0.10976666666666668, 
    0.12516666666666665, 
    -0.38083333333333336, 
    -0.1219, 
    -0.40689999999999993, 
    -0.6677
  ], 
  "2": [
    -0.5598333333333333, 
    0.33516666666666683, 
    -0.6935, 
    0.2337, 
    0.15070000000000006, 
    0.11903333333333332, 
    -0.042566666666666635
  ], 
  "5": [
    -0.2008333333333333, 
    -0.5283666666666667, 
    -0.0960333333333333, 
    -0.06703333333333328, 
    -0.4608333333333333, 
    0.6691, 
    -0.08163333333333334
  ], 
  "4": [
    -0.5150333333333332, 
    -0.3912333333333333, 
    0.11416666666666674, 
    -0.1321, 
    0.11350000000000016, 
    -0.30056666666666665, 
    0.6693
  ], 
  "7": [
    -0.024299999999999985, 
    -0.18109999999999993, 
    0.03490000000000016, 
    0.7792333333333334, 
    -0.4507666666666666, 
    -0.3866333333333333, 
    -0.0738333333333333
  ], 
  "6": [
    -0.0711666666666666, 
    -0.4165666666666666, 
    0.1878333333333333, 
    0.37150000000000016, 
    0.7255666666666667, 
    0.1768333333333334, 
    -0.3006333333333333
  ]
}