{
  "1": 61.347698556389219, 
  "2": 0.23875839620240707, 
  "3": 0.03320405118323428, 
  "4": 0.025802374876961048, 
  "5": 0.0049502022131800967, 
  "6": -0.059334876051823131, 
  "7": -0.14375736263579361
}