{
  "1": 0.0004586181504589728, 
  "3": 0.0002758929206998569, 
  "2": 0.0007659783866965321, 
  "4": 0.0001248785660299904
}