{
  "1": [
    0.0009537679273748532, 
    0.2379459032330609, 
    0.37891774075558665, 
    0.23813480126743414, 
    0.21117066240414067, 
    0.18730315630856692, 
    0.1491378374429331
  ], 
  "3": [
    0.0006079701073497715, 
    0.3362925317344153, 
    0.22657554268326463, 
    0.29196068384439844, 
    0.2689510932412014, 
    0.2399264648199094, 
    0.23346583777299446
  ], 
  "2": [
    0.0007458472204985829, 
    0.22074661374974489, 
    0.35274318203103827, 
    0.2469838259501942, 
    0.24284236439693938, 
    0.2421431003074641, 
    0.21316265476925308
  ], 
  "5": [
    0.00037323317104534027, 
    0.19076635017710805, 
    0.2584137015972656, 
    0.3323213450573646, 
    0.35706442316912007, 
    0.29594480878164425, 
    0.32464485506710944
  ], 
  "4": [
    0.0005778775709887647, 
    0.2818880499066557, 
    0.2581304069859412, 
    0.26893613591957605, 
    0.23611350954129623, 
    0.26116086495468044, 
    0.22001173212180394
  ], 
  "7": [
    0.0001255886971208558, 
    0.0521535049944179, 
    0.10387372063117215, 
    0.20131498711538656, 
    0.35057149453752817, 
    0.5047468077134367, 
    0.39340881397323696
  ], 
  "6": [
    0.00020255423189088383, 
    0.11875455767202714, 
    0.1851652752158513, 
    0.31620795403620366, 
    0.4072032812412692, 
    0.33629720171884536, 
    0.384971146873159
  ]
}