{
  "dV_11": 0.19697260303363723, 
  "dV_12": 0.11592158990643539, 
  "dV_13": 0.09085270427918007, 
  "dV_14": 0.08996145622874704, 
  "dV_15": 0.04997387199490396, 
  "dV_16": 0.027952459593923194, 
  "dV_17": 0.01772064806490966, 
  "dV_21": 0.11592158990643539, 
  "dV_22": 0.13618761110079197, 
  "dV_23": 0.0756963419828417, 
  "dV_24": 0.07503963313782303, 
  "dV_25": 0.041624891272241324, 
  "dV_26": 0.023251596478815337, 
  "dV_27": 0.014735455751356872, 
  "dV_31": 0.09085270427918007, 
  "dV_32": 0.0756963419828417, 
  "dV_33": 0.08382864232611431, 
  "dV_34": 0.059000523610649114, 
  "dV_35": 0.03266512913958308, 
  "dV_36": 0.018239483850490092, 
  "dV_37": 0.011546967873707289, 
  "dV_41": 0.08996145622874704, 
  "dV_42": 0.07503963313782303, 
  "dV_43": 0.059000523610649114, 
  "dV_44": 0.08217292582910776, 
  "dV_45": 0.032493986242847085, 
  "dV_46": 0.01812017572453138, 
  "dV_47": 0.011469894921968598, 
  "dV_51": 0.04997387199490396, 
  "dV_52": 0.041624891272241324, 
  "dV_53": 0.03266512913958308, 
  "dV_54": 0.032493986242847085, 
  "dV_55": 0.025441619333393357, 
  "dV_56": 0.010114129669371509, 
  "dV_57": 0.006400434376890838, 
  "dV_61": 0.027952459593923194, 
  "dV_62": 0.023251596478815337, 
  "dV_63": 0.018239483850490092, 
  "dV_64": 0.01812017572453138, 
  "dV_65": 0.010114129669371509, 
  "dV_66": 0.00811535371509141, 
  "dV_67": 0.0036218006227252573, 
  "dV_71": 0.01772064806490966, 
  "dV_72": 0.014735455751356872, 
  "dV_73": 0.011546967873707289, 
  "dV_74": 0.011469894921968598, 
  "dV_75": 0.006400434376890838, 
  "dV_76": 0.0036218006227252573, 
  "dV_77": 0.0038128161227588215
}