{
  "V_11": 6.2832710671561, 
  "V_12": 9.192506095236109, 
  "V_13": 8.716001957310025, 
  "V_14": 12.012417509525102, 
  "V_15": 5.432015024232251, 
  "V_16": 2.198705774828003, 
  "V_17": 0.8877608533877863, 
  "V_21": 9.192506095236109, 
  "V_22": 13.82038449429185, 
  "V_23": 13.267127890506744, 
  "V_24": 17.798573062240845, 
  "V_25": 8.22109911837166, 
  "V_26": 3.220617299281939, 
  "V_27": 1.3050275123715018, 
  "V_31": 8.716001957310025, 
  "V_32": 13.267127890506744, 
  "V_33": 12.608183474947516, 
  "V_34": 17.033290631504435, 
  "V_35": 7.7667505391872576, 
  "V_36": 3.0931950765239975, 
  "V_37": 1.2432637322654165, 
  "V_41": 12.012417509525102, 
  "V_42": 17.798573062240845, 
  "V_43": 17.033290631504435, 
  "V_44": 23.04661610065571, 
  "V_45": 10.558552537234108, 
  "V_46": 4.145918079547402, 
  "V_47": 1.685526948163418, 
  "V_51": 5.432015024232251, 
  "V_52": 8.22109911837166, 
  "V_53": 7.7667505391872576, 
  "V_54": 10.558552537234108, 
  "V_55": 4.805063281089401, 
  "V_56": 1.8929674933332454, 
  "V_57": 0.750886059185868, 
  "V_61": 2.198705774828003, 
  "V_62": 3.220617299281939, 
  "V_63": 3.0931950765239975, 
  "V_64": 4.145918079547402, 
  "V_65": 1.8929674933332454, 
  "V_66": 0.7514168909419355, 
  "V_67": 0.2891886100644073, 
  "V_71": 0.8877608533877863, 
  "V_72": 1.3050275123715018, 
  "V_73": 1.2432637322654165, 
  "V_74": 1.685526948163418, 
  "V_75": 0.750886059185868, 
  "V_76": 0.2891886100644073, 
  "V_77": 0.13238603309484726
}