{
  "1": 0.1850087533152958, 
  "3": 0.13656620988275883, 
  "2": 0.1843418308625351, 
  "4": 0.15027330716322432
}