{
  "1": 59.765887658782574, 
  "2": 0.027899193160526484, 
  "3": 0.014626162500878396, 
  "4": 8.5666794758183787e-05, 
  "5": -0.030894634655005526, 
  "6": -0.046241211719048735, 
  "7": -0.080656751215635425
}