{
  "1": [
    0.00032989423866748737, 
    0.3960645605072144, 
    0.4537734738113717, 
    0.3188276230884334, 
    0.31033548359369434, 
    0.28826779895886484, 
    0.24813030662828742
  ], 
  "3": [
    0.00024154623291913757, 
    0.27262636191535544, 
    0.36262260844408356, 
    0.4178918970528187, 
    0.3205729606586483, 
    0.29411552007227404, 
    0.2579374756028308
  ], 
  "2": [
    0.0002951230607803116, 
    0.25126653524584724, 
    0.3397857668433868, 
    0.21490603680273568, 
    0.20910691456398897, 
    0.1965290535802797, 
    0.1650628427132419
  ], 
  "5": [
    0.00014934046108112944, 
    0.2042145787919215, 
    0.3408825356251139, 
    0.43781956148428947, 
    0.394698670621473, 
    0.4877011941991103, 
    0.3928496599991949
  ], 
  "4": [
    0.0002242135490289356, 
    0.19172956345676043, 
    0.2459524957451782, 
    0.25329134271884807, 
    0.2541769311770121, 
    0.343624332645395, 
    0.2607225872838576
  ], 
  "7": [
    5.257983348122021e-05, 
    0.2086574881558617, 
    0.3825072611164685, 
    0.441766517329456, 
    0.41601937332640765, 
    0.45674076407153497, 
    0.494203028223248
  ], 
  "6": [
    8.353546791291804e-05, 
    0.1418858987057066, 
    0.3636720552658413, 
    0.4186398563018276, 
    0.3818089421350185, 
    0.4052322339136411, 
    0.5709730560995537
  ]
}