{
  "V_11": 4.525885799387818, 
  "V_12": 7.964669689048174, 
  "V_13": 7.604610328466501, 
  "V_14": 10.228836560750423, 
  "V_15": 4.6816967895490444, 
  "V_16": 1.868531531596037, 
  "V_17": 0.759791672875519, 
  "V_21": 7.964669689048174, 
  "V_22": 13.80347644845431, 
  "V_23": 13.248360742535098, 
  "V_24": 17.884731251229994, 
  "V_25": 8.160245685397241, 
  "V_26": 3.2493517820320528, 
  "V_27": 1.3338447297878806, 
  "V_31": 7.604610328466501, 
  "V_32": 13.248360742535098, 
  "V_33": 12.615391581971098, 
  "V_34": 17.05260544864456, 
  "V_35": 7.795868193047628, 
  "V_36": 3.098758776536327, 
  "V_37": 1.2572365027396113, 
  "V_41": 10.228836560750423, 
  "V_42": 17.884731251229994, 
  "V_43": 17.05260544864456, 
  "V_44": 23.012164014176307, 
  "V_45": 10.526562798897146, 
  "V_46": 4.1735796665637555, 
  "V_47": 1.6844446929731567, 
  "V_51": 4.6816967895490444, 
  "V_52": 8.160245685397241, 
  "V_53": 7.795868193047628, 
  "V_54": 10.526562798897146, 
  "V_55": 4.811817938168684, 
  "V_56": 1.8939295150000905, 
  "V_57": 0.7573794246215537, 
  "V_61": 1.868531531596037, 
  "V_62": 3.2493517820320528, 
  "V_63": 3.098758776536327, 
  "V_64": 4.1735796665637555, 
  "V_65": 1.8939295150000905, 
  "V_66": 0.7551178791315261, 
  "V_67": 0.2921711165776954, 
  "V_71": 0.759791672875519, 
  "V_72": 1.3338447297878806, 
  "V_73": 1.2572365027396113, 
  "V_74": 1.6844446929731567, 
  "V_75": 0.7573794246215537, 
  "V_76": 0.2921711165776954, 
  "V_77": 0.12685242235934746
}