{
  "1": 59.76597623308591, 
  "3": 0.01594885920627322, 
  "2": 0.030698204989544346, 
  "4": -0.00012302664974861994
}