{
  "1": [
    0.0002212958200824824, 
    0.2658971129792568, 
    0.33258762238716993, 
    0.255930762579569, 
    0.18147713657355463, 
    0.18055127362676507, 
    0.1521756334591723
  ], 
  "3": [
    0.000149165400479545, 
    0.19028858438857163, 
    0.28308720654184233, 
    0.4019797162341893, 
    0.31536015371424847, 
    0.30029933277417237, 
    0.26654020769281345
  ], 
  "2": [
    0.0001780594606190895, 
    0.3354359323088773, 
    0.27151404684441066, 
    0.19697475412911353, 
    0.17964546568195772, 
    0.1893144087572383, 
    0.13132449785611894
  ], 
  "5": [
    9.460130875285607e-05, 
    0.12027593002399534, 
    0.20041583536875363, 
    0.3394399757048133, 
    0.39902157424739854, 
    0.4382934481299911, 
    0.37576260597917194
  ], 
  "4": [
    0.00014070375080950034, 
    0.233320768330517, 
    0.23713058428952552, 
    0.2264992877529548, 
    0.3137948681758893, 
    0.19795478662592805, 
    0.2066615061753327
  ], 
  "7": [
    3.5024557099731386e-05, 
    0.10775654838502316, 
    0.16922069605612866, 
    0.3396498372209097, 
    0.4093104244175915, 
    0.4991000439597756, 
    0.35701683374009235
  ], 
  "6": [
    5.378521236981534e-05, 
    0.07254447622635027, 
    0.1328958378334511, 
    0.2517614687234967, 
    0.418786532404491, 
    0.2974652063396803, 
    0.5833488355096964
  ]
}