{
  "1": 0.0036618193807123494, 
  "3": 0.002668809096249524, 
  "2": 0.005880016874191282, 
  "4": 0.001104950036128332
}