{
  "1": 2024.4898402815043, 
  "3": 0.37974352517773197, 
  "2": 2.3438102531157443, 
  "4": 0.10675469115546268
}