{
  "P_1": 1150.4212086089362, 
  "P_2": 956.0898488627159, 
  "P_3": 553.3189242204373, 
  "P_4": 473.5468632728132, 
  "P_5": 137.22171863188444, 
  "P_6": 38.942030524433044, 
  "P_7": 11.003675323853944
}