{"mode1_error": [5e-06, 6e-06, 8e-06, 8e-06, 1.7e-05, 3e-05, 7.1e-05, 0.000109, 0.0, 0.00013, 0.000606], "mode2": [8e-05, -0.00021, -0.00036, 0.00029, 0.00107, 0.00241, 0.00674, 0.01213, 0.01913, 0.02744, 0.03822], "mode2_error": [0.000291, 0.000204, 0.000387, 0.000275, 0.001145, 0.002183, 0.005612, 0.010714, 0.016135, 0.024637, 0.034938], "mode1": [0.01, 0.02091, 0.03407, 0.05126, 0.07245, 0.08717, 0.09281, 0.08803, 0.07288, 0.05128, 0.02978]}