{"mode1_error": [7e-06, 8e-06, 1.1e-05, 1.1e-05, 2.4e-05, 4e-05, 7.1e-05, 0.000193, 0.000283, 0.000403, 0.000428], "mode2": [-0.00094, 2e-05, 0.00102, 0.00017, -0.00018, -0.0039, 0.00191, -0.00238, 0.00438, -0.0075, 0.00923], "mode2_error": [0.000215, 0.000263, 0.000617, 0.000388, 0.001027, 0.004146, 0.005563, 0.012947, 0.015826, 0.028383, 0.036814], "mode1": [0.0108, 0.0226, 0.0366, 0.05495, 0.07755, 0.09314, 0.09917, 0.09326, 0.0767, 0.05228, 0.0295]}