{"mode1_error": [9e-06, 1e-05, 1.3e-05, 1.4e-05, 2.9e-05, 4.8e-05, 8.4e-05, 0.000182, 0.000317, 0.000426, 0.000434], "mode2": [-2e-05, -0.00067, 0.0001, 0.00049, 0.00167, 0.00559, 0.01297, 0.02399, 0.03673, 0.04676, 0.05794], "mode2_error": [0.000228, 0.000215, 0.000287, 0.000288, 0.000948, 0.002507, 0.004657, 0.008487, 0.014588, 0.019108, 0.026929], "mode1": [0.01118, 0.02334, 0.03775, 0.05662, 0.0798, 0.09582, 0.10205, 0.09627, 0.07754, 0.05296, 0.02846]}