{"mode1_error": [1.2e-05, 1.3e-05, 1.8e-05, 1.9e-05, 3.8e-05, 6.5e-05, 0.00011, 0.000189, 0.000279, 0.000372, 0.000482], "mode2": [-0.00044, -0.00045, 0.00039, 0.00027, 0.00229, 0.0051, 0.01156, 0.01995, 0.04493, 0.06444, 0.08468], "mode2_error": [0.000197, 0.00023, 0.000309, 0.000303, 0.000639, 0.001453, 0.003255, 0.006346, 0.011127, 0.016643, 0.021725], "mode1": [0.01175, 0.02453, 0.03967, 0.0592, 0.08335, 0.10017, 0.10612, 0.09933, 0.07999, 0.05276, 0.02578]}