{
  "1": [
    -0.2877252933333333, 
    0.24478782147503209, 
    0.09144490057296939, 
    -0.42134596383486667, 
    -0.3567757396449693, 
    0.050495663201514725, 
    0.004651978097193886
  ], 
  "3": [
    -0.4664354999999999, 
    0.154610957670369, 
    -0.6336467610380855, 
    -0.052181276015011886, 
    0.16092840941110204, 
    0.006239663487300497, 
    0.11484624914442171
  ], 
  "2": [
    -0.4958928266666667, 
    0.34490905967510604, 
    0.19491272665992568, 
    0.432138512453087, 
    -0.15643539729501219, 
    -0.05491381774014949, 
    0.08179223134839157
  ], 
  "5": [
    -0.26412522, 
    -0.49239013642883256, 
    -0.19748533872598548, 
    0.10867128625042644, 
    -0.25938591856861043, 
    -0.07371262458471713, 
    -0.3562323750855577
  ], 
  "4": [
    -0.6110550800000002, 
    -0.22352261583108077, 
    0.35986040444893824, 
    -0.15845125895598725, 
    0.30541552550014034, 
    0.067667463294395, 
    -0.08403367556468126
  ], 
  "7": [
    -0.03302803999999991, 
    -0.26160758864538547, 
    -0.022110205594877006, 
    0.11266709655407732, 
    -0.11818794730910098, 
    0.5059038723966702, 
    0.23975393566050685
  ], 
  "6": [
    -0.09746973999999992, 
    -0.39298871543413866, 
    0.057300357263228865, 
    -0.04443048106448291, 
    -0.09302099182868355, 
    -0.2953692387382555, 
    0.43135853524982837
  ]
}