{
  "1": 270.11279528957937, 
  "3": 0.150564636081499, 
  "2": 0.5038771306497115, 
  "4": 0.0012106875024835008
}