{
  "dV_11": 0.021038423715788578, 
  "dV_12": 0.013939178438935156, 
  "dV_13": 0.010745402308533443, 
  "dV_14": 0.010377573327532513, 
  "dV_15": 0.005294204166295299, 
  "dV_16": 0.0027992589873724275, 
  "dV_17": 0.0022584291455421215, 
  "dV_21": 0.013939178438935156, 
  "dV_22": 0.018446411089333026, 
  "dV_23": 0.010084283851337326, 
  "dV_24": 0.009732940551093786, 
  "dV_25": 0.004959071697118364, 
  "dV_26": 0.0026224509362135946, 
  "dV_27": 0.0021146138102793983, 
  "dV_31": 0.010745402308533443, 
  "dV_32": 0.010084283851337326, 
  "dV_33": 0.010956029412564013, 
  "dV_34": 0.0075248322016654295, 
  "dV_35": 0.003827875472391268, 
  "dV_36": 0.002023154219170315, 
  "dV_37": 0.0016302905683711318, 
  "dV_41": 0.010377573327532513, 
  "dV_42": 0.009732940551093786, 
  "dV_43": 0.0075248322016654295, 
  "dV_44": 0.010176089913866749, 
  "dV_45": 0.0037166724783081104, 
  "dV_46": 0.001959438985518923, 
  "dV_47": 0.001576008776268024, 
  "dV_51": 0.005294204166295299, 
  "dV_52": 0.004959071697118364, 
  "dV_53": 0.003827875472391268, 
  "dV_54": 0.0037166724783081104, 
  "dV_55": 0.0026756062508444187, 
  "dV_56": 0.0010073483657434498, 
  "dV_57": 0.0008087435218365176, 
  "dV_61": 0.0027992589873724275, 
  "dV_62": 0.0026224509362135946, 
  "dV_63": 0.002023154219170315, 
  "dV_64": 0.001959438985518923, 
  "dV_65": 0.0010073483657434498, 
  "dV_66": 0.0008300771045341249, 
  "dV_67": 0.0004323989437215857, 
  "dV_71": 0.0022584291455421215, 
  "dV_72": 0.0021146138102793983, 
  "dV_73": 0.0016302905683711318, 
  "dV_74": 0.001576008776268024, 
  "dV_75": 0.0008087435218365176, 
  "dV_76": 0.0004323989437215857, 
  "dV_77": 0.0007271064460708474
}