{
  "1": 269.98317403226946, 
  "3": 0.12962650563833816, 
  "2": 0.5245676106341755, 
  "4": -0.02444451921436813
}