{
  "1": [
    7.691387286592343e-05, 
    0.27466958326838814, 
    0.270093872552432, 
    0.21026894322431405, 
    0.24502981078751856, 
    0.23433679871584556, 
    0.21660478881848358
  ], 
  "3": [
    6.268133670337317e-05, 
    0.2608526072882474, 
    0.3116887921222705, 
    0.27189740443632515, 
    0.3809775943271803, 
    0.3126495193349998, 
    0.34784044792127405
  ], 
  "2": [
    7.119899643399183e-05, 
    0.2987510618656857, 
    0.3498740339678509, 
    0.2493432815947528, 
    0.24380600353892481, 
    0.24346909395993147, 
    0.2751493073946174
  ], 
  "5": [
    3.5984626320824664e-05, 
    0.17783258433533014, 
    0.33874974662059687, 
    0.3774913001906401, 
    0.4097002792869008, 
    0.45429314631337575, 
    0.36638689581261613
  ], 
  "4": [
    6.131230624119003e-05, 
    0.2537638852331544, 
    0.29925974414832834, 
    0.2951320113174233, 
    0.34894514871454296, 
    0.37920317265262615, 
    0.2761523046790933
  ], 
  "7": [
    2.6268625982072926e-05, 
    0.29329755263890755, 
    0.4393081432267186, 
    0.5878042651270491, 
    0.40513847107673717, 
    0.3027408454700395, 
    0.3640149670699958
  ], 
  "6": [
    2.3372134404808547e-05, 
    0.1474754896112629, 
    0.3157655890709138, 
    0.3809207253242877, 
    0.4673512162833522, 
    0.37672920965712825, 
    0.501281512263954
  ]
}