{
  "dV_11": 0.18722577044100117, 
  "dV_12": 0.1343613463878177, 
  "dV_13": 0.10303962131466905, 
  "dV_14": 0.1029735795759898, 
  "dV_15": 0.04844683452943723, 
  "dV_16": 0.023406127068031024, 
  "dV_17": 0.014413084721162235, 
  "dV_21": 0.1343613463878177, 
  "dV_22": 0.1867695774748561, 
  "dV_23": 0.10369595621612579, 
  "dV_24": 0.10303314811809616, 
  "dV_25": 0.04872983525087431, 
  "dV_26": 0.023701393098558315, 
  "dV_27": 0.014652743841751633, 
  "dV_31": 0.10303962131466905, 
  "dV_32": 0.10369595621612579, 
  "dV_33": 0.1097342026385924, 
  "dV_34": 0.07938455693993082, 
  "dV_35": 0.03750722899918817, 
  "dV_36": 0.01824893201967151, 
  "dV_37": 0.011258860941269601, 
  "dV_41": 0.1029735795759898, 
  "dV_42": 0.10303314811809616, 
  "dV_43": 0.07938455693993082, 
  "dV_44": 0.10760278400637299, 
  "dV_45": 0.03777423718841023, 
  "dV_46": 0.01839525273932116, 
  "dV_47": 0.011343279278413375, 
  "dV_51": 0.04844683452943723, 
  "dV_52": 0.04872983525087431, 
  "dV_53": 0.03750722899918817, 
  "dV_54": 0.03777423718841023, 
  "dV_55": 0.024855989085644563, 
  "dV_56": 0.008693554064376835, 
  "dV_57": 0.005332303104553109, 
  "dV_61": 0.023406127068031024, 
  "dV_62": 0.023701393098558315, 
  "dV_63": 0.01824893201967151, 
  "dV_64": 0.01839525273932116, 
  "dV_65": 0.008693554064376835, 
  "dV_66": 0.00596946008481287, 
  "dV_67": 0.0025811351705376413, 
  "dV_71": 0.014413084721162235, 
  "dV_72": 0.014652743841751633, 
  "dV_73": 0.011258860941269601, 
  "dV_74": 0.011343279278413375, 
  "dV_75": 0.005332303104553109, 
  "dV_76": 0.0025811351705376413, 
  "dV_77": 0.002934348764845519
}