{
  "1": 893.0579543086873, 
  "3": 0.18558819099024249, 
  "2": 0.251527560200819, 
  "4": 0.12077630365255831
}