{
  "1": [
    6.838413577150465e-05, 
    0.1699669452471099, 
    0.22005738163242486, 
    0.33993046187989356, 
    0.28043114404831543, 
    0.19650786497712439, 
    0.1595300926059698
  ], 
  "3": [
    5.107690005851495e-05, 
    0.16261565088063115, 
    0.37225161720330135, 
    0.3493928616896276, 
    0.38771655733478394, 
    0.2812829963099982, 
    0.23417516785117046
  ], 
  "2": [
    5.928154120704561e-05, 
    0.17344087366791763, 
    0.37562596453861335, 
    0.32656804045339305, 
    0.30724483954823756, 
    0.23317452604095673, 
    0.18968744780352773
  ], 
  "5": [
    3.242999363840527e-05, 
    0.09946630640470634, 
    0.320855061900369, 
    0.35500370435065537, 
    0.28303652903848703, 
    0.39754986880858656, 
    0.2897124976630654
  ], 
  "4": [
    5.164231909961125e-05, 
    0.09832518784483273, 
    0.2699429834910279, 
    0.36126247601728884, 
    0.33794009840022704, 
    0.2668646553987285, 
    0.22002792465311174
  ], 
  "7": [
    0.0, 
    0.04138877499720614, 
    0.14480662824956703, 
    0.21956263341320167, 
    0.3423269605715768, 
    0.43745083904185, 
    0.332669848523876
  ], 
  "6": [
    2.5455858110006662e-05, 
    0.06684742320999955, 
    0.2819664367749782, 
    0.3512914873202977, 
    0.4151491162323804, 
    0.40902235701561174, 
    0.3806086106036952
  ]
}