{
  "1": 3153.439412113076, 
  "3": 0.36608368505696715, 
  "2": 0.9557542316112086, 
  "4": 0.15775076797253912
}