{
  "1": 89.347197974047475, 
  "2": 0.057960640788703104, 
  "3": 0.046875344711284933, 
  "4": 0.032650587247552557, 
  "5": 0.019799845633058352, 
  "6": 0.0054886766355127809, 
  "7": -0.099694275224421036
}