{
  "1": [
    -0.28657771333333326, 
    -0.627287073333333, 
    -0.11680144222292801, 
    -0.14100181540808568, 
    -0.14864402450698685, 
    0.14954608666442729, 
    0.07500057815620742
  ], 
  "3": [
    -0.4727159799999999, 
    -0.3719192799999997, 
    -0.04985254416587335, 
    0.25497706331044956, 
    0.004689936817920398, 
    -0.2856878699660366, 
    0.0010142576824699432
  ], 
  "2": [
    -0.5087332599999999, 
    0.6522286199999994, 
    -0.23658715398991556, 
    -0.011190846681922044, 
    -0.1102263488416617, 
    -0.03893063486731561, 
    0.08351105855145595
  ], 
  "5": [
    -0.2518611333333334, 
    0.1303567133333334, 
    0.3285804541768048, 
    0.12430401983218928, 
    -0.09129889718552563, 
    0.2834805098346586, 
    0.01768340516486172
  ], 
  "4": [
    -0.6018228933333334, 
    -0.0033498599999998682, 
    0.18878833174653553, 
    -0.18267263920671148, 
    0.17497879762588556, 
    0.010406736834247254, 
    -0.15832716282981227
  ], 
  "7": [
    -0.03891629333333326, 
    -0.01252159999999995, 
    0.04205474452554743, 
    -0.06033236460716999, 
    0.04244237028527667, 
    0.016071888179748358, 
    0.6016674620694487
  ], 
  "6": [
    -0.09199544666666665, 
    -0.0713368533333333, 
    -0.22393809020064182, 
    0.07113599542334172, 
    0.13558693088263538, 
    0.36642387563915985, 
    0.03215378604716377
  ]
}