{
  "1": 901.317296013671, 
  "3": 0.1792179270453929, 
  "2": 0.5085352118715311, 
  "4": 0.0973535626851498
}