{"mode1_error": [3e-06, 3e-06, 4e-06, 4e-06, 9e-06, 1.7e-05, 3.5e-05], "mode2": [6e-05, 5e-05, -3e-05, -0.00011, -0.00037, -0.00127, -0.00311], "mode2_error": [7.2e-05, 7.8e-05, 8.2e-05, 9.8e-05, 0.000261, 0.000897, 0.001917], "mode1": [0.00726, 0.01511, 0.02475, 0.03748, 0.05315, 0.06404, 0.0686]}