{"mode1_error": [9e-06, 1e-05, 1.3e-05, 1.4e-05, 2.8e-05, 4.8e-05, 8.2e-05], "mode2": [0.00039, 0.00041, 0.0006, 0.00064, 0.00305, 0.00434, 0.00629], "mode2_error": [0.000135, 0.000146, 0.00025, 0.000308, 0.000813, 0.002369, 0.003905], "mode1": [0.01178, 0.02455, 0.03963, 0.05923, 0.08345, 0.1002, 0.10627]}