{
  "1": [
    -0.4566967103531998, 
    0.5668819047003211, 
    0.34145376613872536, 
    0.5870977326557416, 
    -0.05615005914671537, 
    -0.07313762401869196, 
    0.017223750661848003
  ], 
  "2": [
    -0.5202818496502442, 
    0.28764600771197435, 
    -0.5878932601853133, 
    -0.3580083590501726, 
    -0.3808343098478449, 
    0.1267589727718862, 
    -0.10805319021322247
  ], 
  "3": [
    -0.4306855984224058, 
    0.05744797784127796, 
    0.4164528323855913, 
    -0.5669701004063148, 
    0.5482551446046627, 
    0.11724916593285274, 
    0.04461522497430104
  ], 
  "4": [
    -0.5254122859451972, 
    -0.642241440143463, 
    -0.277455736946729, 
    0.3968730345962863, 
    0.2754521620436628, 
    -0.010674717113259291, 
    0.0314662934892869
  ], 
  "5": [
    -0.22471897780318167, 
    -0.30764244484639736, 
    0.3535233416198413, 
    -0.21197887072600288, 
    -0.5409647686463737, 
    -0.5440039389989049, 
    0.3104199508353827
  ], 
  "6": [
    -0.08735461360581176, 
    -0.24851209782962205, 
    0.34485659428384113, 
    -0.004667023972904411, 
    -0.2892680838553986, 
    0.21975963617516966, 
    -0.8244347972708271
  ], 
  "7": [
    -0.03251629227534148, 
    -0.15403962521490877, 
    0.20849788718502987, 
    0.056799155532833566, 
    -0.31469969317832125, 
    0.7877100678162948, 
    0.45715853239854437
  ]
}