{
  "1": [
    6.274590750884393e-05, 
    0.13425650854436902, 
    0.3820313244755626, 
    0.3135693318528328, 
    0.27631209061034256, 
    0.15573820716606393, 
    0.13454048607859972
  ], 
  "3": [
    4.820465505715293e-05, 
    0.14271948487332936, 
    0.43420302941256866, 
    0.4085399289960608, 
    0.36262192560382245, 
    0.24037211674967174, 
    0.2284687926301822
  ], 
  "2": [
    5.545903164801387e-05, 
    0.17565516142381146, 
    0.3030676272971803, 
    0.38698333491028947, 
    0.2437895029031801, 
    0.18627568275809803, 
    0.18085119620567291
  ], 
  "5": [
    3.236800555719551e-05, 
    0.09018153593206864, 
    0.2847618716044841, 
    0.40097657898599876, 
    0.3115914806909185, 
    0.29101052290744306, 
    0.3844542962486966
  ], 
  "4": [
    4.940563420292602e-05, 
    0.10332225937127013, 
    0.2931939008131502, 
    0.2763684406089938, 
    0.2603340861029204, 
    0.15305731415538382, 
    0.1403027723472776
  ], 
  "7": [
    4.559683207167183e-06, 
    0.03966553187226526, 
    0.14104473707430207, 
    0.25554167801512484, 
    0.3165636808026771, 
    0.3902892859173152, 
    0.5221193893103119
  ], 
  "6": [
    1.500505249869649e-05, 
    0.06424917005283977, 
    0.21901115998272203, 
    0.32833407520118296, 
    0.3305880295700018, 
    0.5120662118830027, 
    0.3023712207756077
  ]
}