{
  "dV_11": 1.1490849646192356, 
  "dV_12": 0.7336070605579198, 
  "dV_13": 0.5796838845772873, 
  "dV_14": 0.6165653066461876, 
  "dV_15": 0.31157265764738545, 
  "dV_16": 0.16158696538524076, 
  "dV_17": 0.08920991132358792, 
  "dV_21": 0.7336070605579198, 
  "dV_22": 0.9061894980353065, 
  "dV_23": 0.5168880434496351, 
  "dV_24": 0.5458766484690842, 
  "dV_25": 0.2774886068056671, 
  "dV_26": 0.14499784207111202, 
  "dV_27": 0.08051510442328372, 
  "dV_31": 0.5796838845772873, 
  "dV_32": 0.5168880434496351, 
  "dV_33": 0.5626705367873425, 
  "dV_34": 0.43195663376456533, 
  "dV_35": 0.21952195604898914, 
  "dV_36": 0.11490222009305232, 
  "dV_37": 0.06385439469389918, 
  "dV_41": 0.6165653066461876, 
  "dV_42": 0.5458766484690842, 
  "dV_43": 0.43195663376456533, 
  "dV_44": 0.6159122670720795, 
  "dV_45": 0.2342107453376308, 
  "dV_46": 0.12301823279608519, 
  "dV_47": 0.06861925396269986, 
  "dV_51": 0.31157265764738545, 
  "dV_52": 0.2774886068056671, 
  "dV_53": 0.21952195604898914, 
  "dV_54": 0.2342107453376308, 
  "dV_55": 0.16480378937056323, 
  "dV_56": 0.06251192888901964, 
  "dV_57": 0.03453940018839218, 
  "dV_61": 0.16158696538524076, 
  "dV_62": 0.14499784207111202, 
  "dV_63": 0.11490222009305232, 
  "dV_64": 0.12301823279608519, 
  "dV_65": 0.06251192888901964, 
  "dV_66": 0.04510059747690835, 
  "dV_67": 0.017789572926327553, 
  "dV_71": 0.08920991132358792, 
  "dV_72": 0.08051510442328372, 
  "dV_73": 0.06385439469389918, 
  "dV_74": 0.06861925396269986, 
  "dV_75": 0.03453940018839218, 
  "dV_76": 0.017789572926327553, 
  "dV_77": 0.013709738220264701
}