{
  "V_11": 1315.89328325335, 
  "V_12": 1498.590324484267, 
  "V_13": 1240.6091800093918, 
  "V_14": 1511.9419509540724, 
  "V_15": 646.8887717334937, 
  "V_16": 251.3292249741516, 
  "V_17": 93.47895126776132, 
  "V_21": 1498.590324484267, 
  "V_22": 1707.4021559254297, 
  "V_23": 1412.5489807588676, 
  "V_24": 1723.413953797727, 
  "V_25": 736.8776114377138, 
  "V_26": 286.2707546585849, 
  "V_27": 106.5274775069174, 
  "V_31": 1240.6091800093918, 
  "V_32": 1412.5489807588676, 
  "V_33": 1169.7795078975885, 
  "V_34": 1426.8489512083395, 
  "V_35": 610.1581726681497, 
  "V_36": 237.2512187149619, 
  "V_37": 88.29995451144683, 
  "V_41": 1511.9419509540724, 
  "V_42": 1723.413953797727, 
  "V_43": 1426.8489512083395, 
  "V_44": 1741.7413595841354, 
  "V_45": 744.8573347348457, 
  "V_46": 289.6715903157345, 
  "V_47": 107.86197501286023, 
  "V_51": 646.8887717334937, 
  "V_52": 736.8776114377138, 
  "V_53": 610.1581726681497, 
  "V_54": 744.8573347348457, 
  "V_55": 318.90717197507496, 
  "V_56": 124.15247540944506, 
  "V_57": 46.32024616335796, 
  "V_61": 251.3292249741516, 
  "V_62": 286.2707546585849, 
  "V_63": 237.2512187149619, 
  "V_64": 289.6715903157345, 
  "V_65": 124.15247540944506, 
  "V_66": 48.41184814593605, 
  "V_67": 18.131802647596153, 
  "V_71": 93.47895126776132, 
  "V_72": 106.5274775069174, 
  "V_73": 88.29995451144683, 
  "V_74": 107.86197501286023, 
  "V_75": 46.32024616335796, 
  "V_76": 18.131802647596153, 
  "V_77": 6.846501127987197
}