{
  "1": [
    -0.28631668, 
    0.8841808600000006, 
    0.2434396933333334, 
    -0.20393373938722767, 
    -0.04563956040257131, 
    0.04064203728316814, 
    0.0014381238745626637
  ], 
  "3": [
    -0.47201777999999994, 
    0.054224953333333416, 
    -0.12526346666666666, 
    0.5075877546226389, 
    0.44495219293816657, 
    0.09698703268241145, 
    0.07250876567118554
  ], 
  "2": [
    -0.5065986199999999, 
    -0.0022031199999999734, 
    -0.43304325333333166, 
    0.24405081714151503, 
    -0.46830537210946244, 
    -0.011615516477524035, 
    -0.04245630754595217
  ], 
  "5": [
    -0.2535797733333333, 
    -0.1634355933333331, 
    0.6170923066666678, 
    0.25727430115104527, 
    -0.04851820997004284, 
    -0.38692709334423875, 
    0.04127462032412584
  ], 
  "4": [
    -0.6039766333333333, 
    -0.35767649333333273, 
    0.012053860000000097, 
    -0.6345197657639502, 
    0.1194269850886935, 
    0.008491405105135949, 
    0.010197808582203718
  ], 
  "7": [
    -0.03130000666666666, 
    -0.13985908000000008, 
    0.2840112799999998, 
    0.056397701265143256, 
    -0.16135814399676884, 
    0.31190901066693993, 
    0.6170218360343845
  ], 
  "6": [
    -0.09223803999999994, 
    -0.1711181266666665, 
    0.3918825733333331, 
    0.12350735595154193, 
    -0.15708627351980967, 
    0.3435309988753715, 
    -0.5319422518941341
  ]
}