{
  "1": 0.08216450795366032, 
  "3": 0.10865753605324488, 
  "2": 0.059033477815009755, 
  "4": 0.05198798105713794
}