{
  "1": 2440.5131486981777, 
  "3": 0.6449892371992173, 
  "2": 1.476800187540198, 
  "4": 0.2565034825352815
}