{
  "dV_11": 0.12858194668325823, 
  "dV_12": 0.08372454993565934, 
  "dV_13": 0.06407585682915956, 
  "dV_14": 0.06107906579313481, 
  "dV_15": 0.03215679257761324, 
  "dV_16": 0.017512186898790846, 
  "dV_17": 0.012836326953426097, 
  "dV_21": 0.08372454993565934, 
  "dV_22": 0.10921397246892499, 
  "dV_23": 0.05912397719645364, 
  "dV_24": 0.05646007257792949, 
  "dV_25": 0.02970489552782281, 
  "dV_26": 0.01614493952397312, 
  "dV_27": 0.011862502810046745, 
  "dV_31": 0.06407585682915956, 
  "dV_32": 0.05912397719645364, 
  "dV_33": 0.06381867363819244, 
  "dV_34": 0.043263916165524524, 
  "dV_35": 0.02271389286147712, 
  "dV_36": 0.012363329383861286, 
  "dV_37": 0.009061225270604874, 
  "dV_41": 0.06107906579313481, 
  "dV_42": 0.05646007257792949, 
  "dV_43": 0.043263916165524524, 
  "dV_44": 0.0581396005119203, 
  "dV_45": 0.021773669454641195, 
  "dV_46": 0.01183596494505814, 
  "dV_47": 0.008661835517075007, 
  "dV_51": 0.03215679257761324, 
  "dV_52": 0.02970489552782281, 
  "dV_53": 0.02271389286147712, 
  "dV_54": 0.021773669454641195, 
  "dV_55": 0.016205344329496704, 
  "dV_56": 0.00626994161072064, 
  "dV_57": 0.004598114799505569, 
  "dV_61": 0.017512186898790846, 
  "dV_62": 0.01614493952397312, 
  "dV_63": 0.012363329383861286, 
  "dV_64": 0.01183596494505814, 
  "dV_65": 0.00626994161072064, 
  "dV_66": 0.005141233555405318, 
  "dV_67": 0.0025387230833807404, 
  "dV_71": 0.012836326953426097, 
  "dV_72": 0.011862502810046745, 
  "dV_73": 0.009061225270604874, 
  "dV_74": 0.008661835517075007, 
  "dV_75": 0.004598114799505569, 
  "dV_76": 0.0025387230833807404, 
  "dV_77": 0.003509470575737532
}