{
  "V_11": 2.6661583545847534, 
  "V_12": 4.57908513980906, 
  "V_13": 4.4476087057207145, 
  "V_14": 5.47563613881308, 
  "V_15": 2.2345894358618574, 
  "V_16": 0.8183482098264849, 
  "V_17": 0.36531469579649933, 
  "V_21": 4.57908513980906, 
  "V_22": 8.212115339776878, 
  "V_23": 7.4798593725402025, 
  "V_24": 9.260094269547075, 
  "V_25": 3.8432143195691735, 
  "V_26": 1.4220105172323283, 
  "V_27": 0.6063812711946786, 
  "V_31": 4.4476087057207145, 
  "V_32": 7.4798593725402025, 
  "V_33": 6.953176803213447, 
  "V_34": 8.591268798427851, 
  "V_35": 3.576282896603266, 
  "V_36": 1.304463948472761, 
  "V_37": 0.5535788407344387, 
  "V_41": 5.47563613881308, 
  "V_42": 9.260094269547075, 
  "V_43": 8.591268798427851, 
  "V_44": 10.87264964333162, 
  "V_45": 4.502788769100907, 
  "V_46": 1.6188178097198584, 
  "V_47": 0.7085351193315699, 
  "V_51": 2.2345894358618574, 
  "V_52": 3.8432143195691735, 
  "V_53": 3.576282896603266, 
  "V_54": 4.502788769100907, 
  "V_55": 1.8580580987859991, 
  "V_56": 0.6576466253487238, 
  "V_57": 0.27568373309299643, 
  "V_61": 0.8183482098264849, 
  "V_62": 1.4220105172323283, 
  "V_63": 1.304463948472761, 
  "V_64": 1.6188178097198584, 
  "V_65": 0.6576466253487238, 
  "V_66": 0.2372519460242872, 
  "V_67": 0.08896396432966497, 
  "V_71": 0.36531469579649933, 
  "V_72": 0.6063812711946786, 
  "V_73": 0.5535788407344387, 
  "V_74": 0.7085351193315699, 
  "V_75": 0.27568373309299643, 
  "V_76": 0.08896396432966497, 
  "V_77": 0.03173471378295561
}