{
  "1": [
    0.29816634, 
    0.28220489060489046, 
    0.34606840299656905, 
    -0.21030796859802742, 
    0.025413941880341927, 
    -0.09524286277291706, 
    0.0023428416821273763
  ], 
  "3": [
    0.47557738666666666, 
    -0.003390814875024963, 
    -0.17292198417699414, 
    -0.5826770737807424, 
    0.028740287179487362, 
    0.09217887601481846, 
    0.04777506957328401
  ], 
  "2": [
    0.51275522, 
    -0.4360937478832221, 
    0.14495085766295607, 
    0.14940158399333042, 
    0.08108637264957261, 
    -0.056396334830929366, 
    0.051455480828695124
  ], 
  "5": [
    0.2457519466666668, 
    0.05607217367743698, 
    0.011598669747252226, 
    0.1720182298179796, 
    -0.45339434529914546, 
    0.5799593599747779, 
    0.08371357452071748
  ], 
  "4": [
    0.5934115066666668, 
    0.21873625279414785, 
    -0.1631299586921504, 
    0.37903552174517174, 
    0.19037867350427345, 
    -0.1709378970599826, 
    -0.058919472789115385
  ], 
  "7": [
    0.03849878666666665, 
    0.009907071733387578, 
    -0.029007484422039938, 
    0.002862887314158766, 
    -0.5621829606837624, 
    -0.37153640734610366, 
    0.4266954004329006
  ], 
  "6": [
    0.0893681933333334, 
    -0.03228269999322626, 
    -0.0049316600154027754, 
    -0.046491267194664294, 
    -0.47816188034188056, 
    -0.1486995822495463, 
    -0.5799944109461961
  ]
}