{
  "1": 30.66461652015188, 
  "3": 0.11741075627383049, 
  "2": 0.24588889176533224, 
  "4": 0.014198667191598804
}