{
  "1": 7.4155737598964505e-06, 
  "3": 3.7738680074652304e-08, 
  "2": 3.351143999085216e-07, 
  "4": 8.410956649197471e-09
}