{
  "1": [
    6.497731431184317e-05, 
    0.29571786903536473, 
    0.3592894941396283, 
    0.1529242844299896, 
    0.07632879058426537, 
    0.08295822236580876, 
    0.06051538664326403
  ], 
  "3": [
    4.7958795257113895e-05, 
    0.13385021808925385, 
    0.15588965352518433, 
    0.08596407230706674, 
    0.12649535591849148, 
    0.0885625842090397, 
    0.07985444769820768
  ], 
  "2": [
    5.758518220689142e-05, 
    0.25859562624451793, 
    0.1737156966910442, 
    0.11183313245002159, 
    0.21450867615483693, 
    0.25836807771213255, 
    0.30734086108624914
  ], 
  "5": [
    3.455108647772422e-05, 
    0.23848659967765012, 
    0.20225249588925767, 
    0.10225693227113195, 
    0.2684882913319675, 
    0.29034987519151256, 
    0.19158216792057903
  ], 
  "4": [
    4.54877935258507e-05, 
    0.1364858780890547, 
    0.18005305301030347, 
    0.12218948567178668, 
    0.1978322608968325, 
    0.31315569078299954, 
    0.2884973652607237
  ], 
  "7": [
    2.4624378164149108e-05, 
    0.14091499271294053, 
    0.11244271120906589, 
    0.05217168739960994, 
    0.21230516397353505, 
    0.5393840169679255, 
    0.40569759598830346
  ], 
  "6": [
    8.01815711259457e-06, 
    0.20016173483974617, 
    0.17713220172710445, 
    0.07091445967851118, 
    0.3758954011942487, 
    0.3952768473450186, 
    0.40917123331565125
  ]
}