{
  "1": 0.06182410402433594, 
  "3": 0.026734529123706184, 
  "2": 0.05716698773627507, 
  "4": 0.013992770286185655
}