{
  "1": 827.2307136992664, 
  "2": 0.31934681825382261, 
  "3": 0.014551174762651444, 
  "4": -0.050795826133444161, 
  "5": -0.19224383054652036, 
  "6": -0.84200528464381419, 
  "7": -1.9732633509242439
}