{
  "1": [
    0.00027386852955037125, 
    0.07549081091452964, 
    0.19473711444116187, 
    0.14499466429761684, 
    0.10195791065072857, 
    0.07597637708553528, 
    0.08700098665482472
  ], 
  "3": [
    0.00017181463754051277, 
    0.10755608788329013, 
    0.27017449891806744, 
    0.24846194445321904, 
    0.29627831648205033, 
    0.20990451877212443, 
    0.22378943234238938
  ], 
  "2": [
    0.0002116999975855641, 
    0.19444512802196703, 
    0.20604896656210756, 
    0.2854715716523916, 
    0.1415942145724487, 
    0.10470674739262241, 
    0.11542097184077726
  ], 
  "5": [
    0.00010062588120072694, 
    0.07360780753321856, 
    0.21182311462124287, 
    0.3553152155135705, 
    0.2765443623201763, 
    0.27353554806229424, 
    0.3588225667325128
  ], 
  "4": [
    0.00016519460785409848, 
    0.07311157729511451, 
    0.2340366096277606, 
    0.2517948174123308, 
    0.2250635065029642, 
    0.14876897972382924, 
    0.17431024846327095
  ], 
  "7": [
    3.4285574555814446e-05, 
    0.021977367305396074, 
    0.060201829514384415, 
    0.1345688736688948, 
    0.4053888863522678, 
    0.5274590686116101, 
    0.4579130316690536
  ], 
  "6": [
    5.338184084108697e-05, 
    0.045768188949679156, 
    0.1170909637465181, 
    0.16072793123258705, 
    0.31756711169099244, 
    0.47770655625351965, 
    0.5269883116541603
  ]
}