{
  "dV_11": 0.7681125909740152, 
  "dV_12": 0.4482460184019029, 
  "dV_13": 0.34639919444374506, 
  "dV_14": 0.3411934039187802, 
  "dV_15": 0.17687323325159954, 
  "dV_16": 0.09295622716735523, 
  "dV_17": 0.0511978250229906, 
  "dV_21": 0.4482460184019029, 
  "dV_22": 0.5216855426690165, 
  "dV_23": 0.28577544803497373, 
  "dV_24": 0.28090138544746185, 
  "dV_25": 0.14572226794670884, 
  "dV_26": 0.07662156958931096, 
  "dV_27": 0.04222538199431827, 
  "dV_31": 0.34639919444374506, 
  "dV_32": 0.28577544803497373, 
  "dV_33": 0.31069707126148605, 
  "dV_34": 0.2173396263532405, 
  "dV_35": 0.11257903561378738, 
  "dV_36": 0.059228665132386546, 
  "dV_37": 0.032633931839338125, 
  "dV_41": 0.3411934039187802, 
  "dV_42": 0.28090138544746185, 
  "dV_43": 0.2173396263532405, 
  "dV_44": 0.29816195306461185, 
  "dV_45": 0.11104308289422915, 
  "dV_46": 0.058338813572190895, 
  "dV_47": 0.032155866155001024, 
  "dV_51": 0.17687323325159954, 
  "dV_52": 0.14572226794670884, 
  "dV_53": 0.11257903561378738, 
  "dV_54": 0.11104308289422915, 
  "dV_55": 0.08103789620980116, 
  "dV_56": 0.03036912484018437, 
  "dV_57": 0.016714417438698847, 
  "dV_61": 0.09295622716735523, 
  "dV_62": 0.07662156958931096, 
  "dV_63": 0.059228665132386546, 
  "dV_64": 0.058338813572190895, 
  "dV_65": 0.03036912484018437, 
  "dV_66": 0.022544846325113867, 
  "dV_67": 0.008812451047925066, 
  "dV_71": 0.0511978250229906, 
  "dV_72": 0.04222538199431827, 
  "dV_73": 0.032633931839338125, 
  "dV_74": 0.032155866155001024, 
  "dV_75": 0.016714417438698847, 
  "dV_76": 0.008812451047925066, 
  "dV_77": 0.006890589826753332
}