{
  "1": [
    0.3218125266666668, 
    -0.8628950288233321, 
    0.19407609355289648, 
    -0.11246056673819, 
    -0.07201155122428327, 
    0.048894807664180216, 
    -0.014180165728248045
  ], 
  "3": [
    0.4655063733333332, 
    0.0831274194642253, 
    0.262423964406259, 
    0.5167712237321633, 
    0.33639838974466496, 
    0.060076817317537105, 
    0.039574960161478635
  ], 
  "2": [
    0.49826799999999993, 
    -0.04038294337063394, 
    -0.7194885377245924, 
    0.09875087020196895, 
    -0.10231338502916583, 
    0.03312294866169386, 
    0.006027369949360887
  ], 
  "5": [
    0.2527954066666668, 
    0.16451993218039987, 
    0.24491393747229923, 
    0.22180792547937758, 
    -0.5303292570470495, 
    -0.2413148968845986, 
    -0.023111452246892678
  ], 
  "4": [
    0.5983275533333332, 
    0.32980761614106474, 
    0.16540297637312096, 
    -0.5111135622083703, 
    0.1227955744175488, 
    -0.0805962922334355, 
    0.0002542901660821774
  ], 
  "7": [
    0.03160070666666674, 
    0.07143017972193973, 
    0.06359372336435856, 
    -0.03831471339532031, 
    -0.18590214467847188, 
    0.2694022890156505, 
    0.4522181132476364
  ], 
  "6": [
    0.09257015333333335, 
    0.19367988470668018, 
    0.11861685929562574, 
    -0.02830241817376775, 
    -0.17248556708232834, 
    0.43752740236946003, 
    -0.2750439711037911
  ]
}