{
  "1": 2106.91441147143, 
  "2": 0.67661131942565089, 
  "3": 0.25539023985139031, 
  "4": 0.081710343557428372, 
  "5": 0.012825022246900275, 
  "6": -0.0020123687524369448, 
  "7": -0.0053013334764088482, 
  "8": -0.011685932421997388, 
  "9": -0.070800013435940085, 
  "10": -0.11562524662214775, 
  "11": -1.0684324400253038
}