{
  "11": [
    3.0132268417758125e-05, 
    0.04570519287821289, 
    0.059741522668231836, 
    0.06828912371503786, 
    0.09741841517784516, 
    0.15235273384693682, 
    0.1781156647138425, 
    0.2810203089205176, 
    0.4112934220391764, 
    0.4378154678906581, 
    0.4714920974537415
  ], 
  "10": [
    0.0, 
    0.05657470857729028, 
    0.06597469867082305, 
    0.06585439106588815, 
    0.09172052504799548, 
    0.13653665363043577, 
    0.17796239756947252, 
    0.25067252845779575, 
    0.37288855043936014, 
    0.4033486727056953, 
    0.5345766817185492
  ], 
  "1": [
    0.0001245979800942288, 
    0.2652204800900381, 
    0.3936443344862478, 
    0.3188029300694713, 
    0.2972582595846257, 
    0.21640491195551595, 
    0.15982963634161748, 
    0.08494848000991874, 
    0.05786294559720575, 
    0.04311839582774125, 
    0.042968615997422875
  ], 
  "3": [
    9.497926883750487e-05, 
    0.16800306063814527, 
    0.28185219146993246, 
    0.43879075717476884, 
    0.49731255713420613, 
    0.24106723091606097, 
    0.21976433255529876, 
    0.1237077596710302, 
    0.08368532323517798, 
    0.06488264182499115, 
    0.06218354896420484
  ], 
  "2": [
    0.00011546641971142677, 
    0.19667242763317694, 
    0.3919084693215677, 
    0.24740886985666702, 
    0.3005507903262664, 
    0.2608466057134392, 
    0.1605707884818793, 
    0.09125668032008033, 
    0.06228438257488514, 
    0.04724593983137224, 
    0.04482758781546059
  ], 
  "5": [
    6.184347254842624e-05, 
    0.2669069631367882, 
    0.2548084701838387, 
    0.30737747963457773, 
    0.26467668147838397, 
    0.433517865620732, 
    0.29764405323251514, 
    0.18084745223738802, 
    0.13373081457571434, 
    0.10420415840665997, 
    0.09642048624088831
  ], 
  "4": [
    9.003186980810352e-05, 
    0.15337687184055593, 
    0.2874575595332637, 
    0.3094808169934198, 
    0.374911188150435, 
    0.1977113023335857, 
    0.16519699627629889, 
    0.09830701568037975, 
    0.0676696861903613, 
    0.051420091700553464, 
    0.04625645817029099
  ], 
  "7": [
    1.5232707517857272e-05, 
    0.12978674536545398, 
    0.1547833924803523, 
    0.17568252704938228, 
    0.24369590315480713, 
    0.37548191759105104, 
    0.34392194274279775, 
    0.2832257508999899, 
    0.2906173242087772, 
    0.2242145591363068, 
    0.21194104537649391
  ], 
  "6": [
    3.730080482226795e-05, 
    0.24926227779462573, 
    0.22596403350861238, 
    0.2780576264862913, 
    0.28167183984673216, 
    0.4236866581215707, 
    0.26813094785814096, 
    0.2605747299065747, 
    0.19040640966822123, 
    0.14818559911453544, 
    0.1434881452715224
  ], 
  "9": [
    4.0476659935829035e-06, 
    0.052700018570992296, 
    0.0907555264307977, 
    0.12372592383564843, 
    0.1579356377026118, 
    0.24492293930875614, 
    0.2625475590657606, 
    0.3190146550341024, 
    0.3692549927230061, 
    0.44651029680386634, 
    0.33144328787097666
  ], 
  "8": [
    2.2280074805932648e-05, 
    0.11177425390231589, 
    0.11486417253369656, 
    0.13323078777574213, 
    0.16667103218827153, 
    0.2679165317403433, 
    0.336445914158405, 
    0.3298533589949611, 
    0.34958108658288684, 
    0.29794103826852414, 
    0.2850646627378509
  ]
}