{
  "11": [
    -0.001014253333333329, 
    -0.08472839319851078, 
    0.01312588099364534, 
    -0.008797614509328115, 
    0.04529133756464508, 
    0.051581323489198826, 
    -0.12883349313358272, 
    -0.0562445606208467, 
    -0.2804105835806131, 
    0.29492840806500115, 
    0.26139789871131924
  ], 
  "10": [
    -0.0022999999999999653, 
    -0.09906879632424458, 
    0.02764866716183875, 
    -0.016157182464044267, 
    0.03509449929478144, 
    0.04071641782882153, 
    -0.07025898127340825, 
    0.021709377759189564, 
    -0.11690705572040916, 
    -0.40928853445681573, 
    0.23241997865878727
  ], 
  "1": [
    -0.27184156666666665, 
    0.3863127108696391, 
    0.36174069489147476, 
    0.25720142667359774, 
    -0.05902132110954357, 
    0.057425162701667885, 
    -0.05885970037453167, 
    -0.007331683628421371, 
    -0.013278861099335813, 
    -0.008532500752332169, 
    -0.002658417466962058
  ], 
  "3": [
    -0.45580302666666667, 
    -0.018521189254452015, 
    -0.18842064867541491, 
    0.03065680702362392, 
    -0.03138468500235121, 
    0.19836347279190614, 
    0.01645475655430706, 
    -0.0037481899716529134, 
    0.003734148179548829, 
    0.0003680208646805401, 
    0.005189165230238938
  ], 
  "2": [
    -0.47219251999999995, 
    0.3447025019284296, 
    0.047926194602624456, 
    -0.39116932362964335, 
    0.1708616125999057, 
    -0.017183587640141933, 
    -0.023914332084893797, 
    -0.004216287931595194, 
    -0.010097465969572712, 
    -0.005558100110341935, 
    -0.0031985225313961446
  ], 
  "5": [
    -0.29349412666666663, 
    -0.3837208069222251, 
    0.28336094742923135, 
    -0.14793220701207194, 
    -0.2183521979313592, 
    -0.05178731747333861, 
    -0.03250889887640392, 
    -0.02697195501649722, 
    -0.01626835759031611, 
    0.006709980940916896, 
    -0.025998530739555114
  ], 
  "4": [
    -0.6265698000000002, 
    -0.14572149780326632, 
    -0.2357935049929855, 
    0.24136731357939165, 
    -0.0263586154207804, 
    -0.13955071916871709, 
    0.004223415730337141, 
    -0.008297230354570362, 
    0.00852094107672755, 
    -0.0008170729260707424, 
    0.01734472625790044
  ], 
  "7": [
    -0.04530131999999999, 
    -0.22929020022135033, 
    0.05674509367005043, 
    -0.030055178189799747, 
    0.12773030089327694, 
    0.14356712605961142, 
    -0.3527865617977524, 
    0.37889542729680786, 
    0.13819374028543166, 
    0.027889798374962332, 
    -0.043129812033160894
  ], 
  "6": [
    -0.11951711999999995, 
    -0.3442180199215207, 
    0.2155828670462986, 
    -0.043061705077109824, 
    0.185263575458392, 
    -0.032254082581351, 
    0.38811194506866353, 
    0.09009934011803514, 
    -0.015243422354104617, 
    0.02431431437456114, 
    -0.011516219322005958
  ], 
  "9": [
    -0.005900246666666569, 
    -0.11096517087567495, 
    -0.010629537014112346, 
    0.0018621902616531665, 
    0.08638677715091672, 
    0.08582266885425206, 
    -0.15380177278402024, 
    -0.17885572284957466, 
    -0.31882809570910453, 
    -0.08430776406861275, 
    -0.2961569482065154
  ], 
  "8": [
    -0.016508539999999954, 
    -0.17666051245933542, 
    0.06920296277956597, 
    -0.027752665626985588, 
    0.10298023037141517, 
    0.0862329176920974, 
    -0.15209480649188456, 
    -0.4879532087922305, 
    0.24883803400687746, 
    0.018062162704383596, 
    0.05540604941311661
  ]
}