{
  "1": 0.0008300602238968574, 
  "3": 0.0007918152779860052, 
  "2": 0.0009072526414771569, 
  "4": 0.000220941778212068
}