{
  "1": [
    0.0002190149546861382, 
    0.24226069330858835, 
    0.3351418014436932, 
    0.25114863591203385, 
    0.27268739725895336, 
    0.1422715567462191, 
    0.1243895553072698
  ], 
  "3": [
    0.00015484178020900528, 
    0.20477079164098433, 
    0.2975909250355526, 
    0.5014011783730632, 
    0.3032289837184743, 
    0.21363401707376353, 
    0.19310211136984057
  ], 
  "2": [
    0.00019231001055958696, 
    0.23649297641142514, 
    0.2499098071477346, 
    0.394522349438144, 
    0.33902155302491543, 
    0.2087315869385997, 
    0.1760893333949671
  ], 
  "5": [
    8.986775455761172e-05, 
    0.13482325837797246, 
    0.24513620523797472, 
    0.3386949136407596, 
    0.41353763019925777, 
    0.3763521341023074, 
    0.3646163565961172
  ], 
  "4": [
    0.0001466144385439764, 
    0.2894857863026677, 
    0.24696423216044286, 
    0.21480568298083863, 
    0.22645452058803456, 
    0.13228045822869686, 
    0.11867604954926773
  ], 
  "7": [
    2.8557743450310278e-05, 
    0.07044293332571222, 
    0.149549828290052, 
    0.24444861888712213, 
    0.40813607836875343, 
    0.5488809376584861, 
    0.37490040260516216
  ], 
  "6": [
    4.8700939526602294e-05, 
    0.1203517716552176, 
    0.19066766122965415, 
    0.24042251345005689, 
    0.3706672285877928, 
    0.3513273613766573, 
    0.5691706524665728
  ]
}