{
  "dV_11": 0.2962030325652305, 
  "dV_12": 0.19535589764620556, 
  "dV_13": 0.1505127240369677, 
  "dV_14": 0.14682548722144947, 
  "dV_15": 0.07645003287239127, 
  "dV_16": 0.040357981690376785, 
  "dV_17": 0.022352829389619647, 
  "dV_21": 0.19535589764620556, 
  "dV_22": 0.2572131634360737, 
  "dV_23": 0.1403826479681359, 
  "dV_24": 0.1368349602158949, 
  "dV_25": 0.07122788600961709, 
  "dV_26": 0.03760795360795805, 
  "dV_27": 0.020840863671689552, 
  "dV_31": 0.1505127240369677, 
  "dV_32": 0.1403826479681359, 
  "dV_33": 0.15243307317849675, 
  "dV_34": 0.10562418845960664, 
  "dV_35": 0.05488076861099307, 
  "dV_36": 0.028994586664479894, 
  "dV_37": 0.016065501348806934, 
  "dV_41": 0.14682548722144947, 
  "dV_42": 0.1368349602158949, 
  "dV_43": 0.10562418845960664, 
  "dV_44": 0.1439295788527949, 
  "dV_45": 0.05369438031101185, 
  "dV_46": 0.0282945478817826, 
  "dV_47": 0.015679782051235727, 
  "dV_51": 0.07645003287239127, 
  "dV_52": 0.07122788600961709, 
  "dV_53": 0.05488076861099307, 
  "dV_54": 0.05369438031101185, 
  "dV_55": 0.039320634389018186, 
  "dV_56": 0.014793958603794443, 
  "dV_57": 0.008180628602347705, 
  "dV_61": 0.040357981690376785, 
  "dV_62": 0.03760795360795805, 
  "dV_63": 0.028994586664479894, 
  "dV_64": 0.0282945478817826, 
  "dV_65": 0.014793958603794443, 
  "dV_66": 0.01104323322553576, 
  "dV_67": 0.004341348325172587, 
  "dV_71": 0.022352829389619647, 
  "dV_72": 0.020840863671689552, 
  "dV_73": 0.016065501348806934, 
  "dV_74": 0.015679782051235727, 
  "dV_75": 0.008180628602347705, 
  "dV_76": 0.004341348325172587, 
  "dV_77": 0.003451860699854017
}