{
  "V_11": 35.868285593473466, 
  "V_12": 63.813537121413134, 
  "V_13": 59.32955575402202, 
  "V_14": 76.42982853286098, 
  "V_15": 32.03075655024499, 
  "V_16": 11.699199655529721, 
  "V_17": 3.9793440250248633, 
  "V_21": 63.813537121413134, 
  "V_22": 113.02917179642216, 
  "V_23": 105.10922499098727, 
  "V_24": 134.49032904958023, 
  "V_25": 56.58049707545045, 
  "V_26": 20.586973923964585, 
  "V_27": 7.051200729875296, 
  "V_31": 59.32955575402202, 
  "V_32": 105.10922499098727, 
  "V_33": 97.96999144304455, 
  "V_34": 125.22312779353231, 
  "V_35": 52.54345175703417, 
  "V_36": 19.12275322261298, 
  "V_37": 6.519513957860049, 
  "V_41": 76.42982853286098, 
  "V_42": 134.49032904958023, 
  "V_43": 125.22312779353231, 
  "V_44": 160.5217843244718, 
  "V_45": 67.21835149862574, 
  "V_46": 24.406245456554824, 
  "V_47": 8.29819921553262, 
  "V_51": 32.03075655024499, 
  "V_52": 56.58049707545045, 
  "V_53": 52.54345175703417, 
  "V_54": 67.21835149862574, 
  "V_55": 28.22545981910002, 
  "V_56": 10.21248960433883, 
  "V_57": 3.43491557210755, 
  "V_61": 11.699199655529721, 
  "V_62": 20.586973923964585, 
  "V_63": 19.12275322261298, 
  "V_64": 24.406245456554824, 
  "V_65": 10.21248960433883, 
  "V_66": 3.651078938978751, 
  "V_67": 1.2294479176668578, 
  "V_71": 3.9793440250248633, 
  "V_72": 7.051200729875296, 
  "V_73": 6.519513957860049, 
  "V_74": 8.29819921553262, 
  "V_75": 3.43491557210755, 
  "V_76": 1.2294479176668578, 
  "V_77": 0.4049268079461311
}