{
  "1": 439.75369354528755, 
  "3": 0.18200063663351426, 
  "2": 0.39220673900730746, 
  "4": 0.030082938748350323
}