{"mode1_error": [2.9921176444971378e-06, 2.259006267018219e-06, 2.9515602899525767e-06, 3.28930818865214e-06, 1.626635868839399e-05, 0.00011135782389731461, 0.0008737398548086759], "mode1": [0.04905739707661663, 0.08142343245799219, 0.11467720819997522, 0.1540355406754593, 0.2006523987671995, 0.2312043151495653, 0.24228914004938182]}