{
  "1": 30.268606434847491, 
  "2": 0.46890890024005799, 
  "3": 0.071970895043635089, 
  "4": 0.021848503174119634, 
  "5": 0.0042547915842461523, 
  "6": -0.043300123116552271, 
  "7": -0.10994937472639037
}