{
  "1": [
    -0.29153196254625424, 
    -0.8604104256902418, 
    0.05819686465736958, 
    -0.27585418416194446, 
    0.22377766686460152, 
    0.182653334533851, 
    0.10854456871793815
  ], 
  "2": [
    -0.5072159088365835, 
    0.3300791823666861, 
    0.7351169134987003, 
    -0.24157032697247044, 
    -0.0514475720954678, 
    0.15305099835301808, 
    0.09463189226892771
  ], 
  "3": [
    -0.47628690315422945, 
    -0.22622719903076002, 
    0.08185644130327252, 
    0.6747247542518184, 
    -0.2689584620711763, 
    -0.362010494107838, 
    -0.23796599999906662
  ], 
  "4": [
    -0.5996763322894885, 
    0.31110089362477916, 
    -0.5582943741680474, 
    0.05940044011241745, 
    0.4238663468332318, 
    0.18606603019961326, 
    0.11874452573689218
  ], 
  "5": [
    -0.24788774288407325, 
    0.031265717773291346, 
    -0.28636985882491706, 
    -0.6232627929920618, 
    -0.3870206997280406, 
    -0.5488293371209404, 
    -0.1269301120526249
  ], 
  "6": [
    -0.09119640389890382, 
    -0.018105548872527164, 
    -0.19672714009041245, 
    -0.048780556965306476, 
    -0.5487772184452813, 
    0.6837467633560722, 
    -0.4261551627582145
  ], 
  "7": [
    -0.0389243093238173, 
    -0.03838964871397987, 
    -0.13082010369248473, 
    0.12621524493865632, 
    -0.49430143772616425, 
    0.09390265259218954, 
    0.8430986454313822
  ]
}