{
  "dV_11": 0.12696188258041777, 
  "dV_12": 0.08248967136588263, 
  "dV_13": 0.06293542139497312, 
  "dV_14": 0.05963758502973454, 
  "dV_15": 0.031617697674344594, 
  "dV_16": 0.017341334280864613, 
  "dV_17": 0.012778782864959943, 
  "dV_21": 0.08248967136588263, 
  "dV_22": 0.10722424199725675, 
  "dV_23": 0.05789503928249039, 
  "dV_24": 0.05488841562314523, 
  "dV_25": 0.029072550513986297, 
  "dV_26": 0.015932982160108806, 
  "dV_27": 0.011743624806521441, 
  "dV_31": 0.06293542139497312, 
  "dV_32": 0.05789503928249039, 
  "dV_33": 0.06239190041769056, 
  "dV_34": 0.041961437637497545, 
  "dV_35": 0.0221989341002737, 
  "dV_36": 0.012163705763556912, 
  "dV_37": 0.008959038541589723, 
  "dV_41": 0.05963758502973454, 
  "dV_42": 0.05488841562314523, 
  "dV_43": 0.041961437637497545, 
  "dV_44": 0.05612167756385111, 
  "dV_45": 0.021107000361950037, 
  "dV_46": 0.011559001862264776, 
  "dV_47": 0.008527213181565936, 
  "dV_51": 0.031617697674344594, 
  "dV_52": 0.029072550513986297, 
  "dV_53": 0.0221989341002737, 
  "dV_54": 0.021107000361950037, 
  "dV_55": 0.015853387084581894, 
  "dV_56": 0.0061737908444015905, 
  "dV_57": 0.004550061951430656, 
  "dV_61": 0.017341334280864613, 
  "dV_62": 0.015932982160108806, 
  "dV_63": 0.012163705763556912, 
  "dV_64": 0.011559001862264776, 
  "dV_65": 0.0061737908444015905, 
  "dV_66": 0.005103414430976944, 
  "dV_67": 0.0025302067018891953, 
  "dV_71": 0.012778782864959943, 
  "dV_72": 0.011743624806521441, 
  "dV_73": 0.008959038541589723, 
  "dV_74": 0.008527213181565936, 
  "dV_75": 0.004550061951430656, 
  "dV_76": 0.0025302067018891953, 
  "dV_77": 0.0035076102081452757
}