{
  "1": [
    -0.2915312266666665, 
    -0.8512079000000004, 
    0.08177188575002606, 
    -0.15157076732583127, 
    0.09986001436781632, 
    0.11363011125559891, 
    0.022360559528817808
  ], 
  "3": [
    -0.4762895599999999, 
    -0.2267284000000006, 
    -0.043457802564369215, 
    0.3602338941694885, 
    -0.10394433908045982, 
    -0.2327232914318734, 
    -0.047307684756695965
  ], 
  "2": [
    -0.5072307400000002, 
    0.3278724133333336, 
    0.5490857812988635, 
    -0.04483674205178613, 
    -0.06670581178160928, 
    0.10746037422337838, 
    0.016420067311737528
  ], 
  "5": [
    -0.24788639333333326, 
    0.030541633333333436, 
    -0.1344713819104206, 
    -0.25169978877599203, 
    -0.3102865517241375, 
    -0.3390574627943936, 
    -0.025326693310895286
  ], 
  "4": [
    -0.5996589266666668, 
    0.3092404933333336, 
    -0.39050374578685965, 
    -0.07328825885866158, 
    0.27761058908046055, 
    0.10584726195636479, 
    0.056096746599354985
  ], 
  "7": [
    -0.038923286666666605, 
    -0.03860665333333327, 
    -0.0882495604433788, 
    0.049848963909829375, 
    -0.26287027298850507, 
    0.19090552665799748, 
    0.5256798555602294
  ], 
  "6": [
    -0.09119553999999996, 
    -0.018283606666666632, 
    -0.11633302408005823, 
    -0.0034402381732763655, 
    -0.27556166666666626, 
    0.39852402831960704, 
    -0.4403205300799328
  ]
}