{
  "1": [
    5.1178485001301094e-05, 
    0.30169095711805655, 
    0.37566950987929554, 
    0.27399982114530247, 
    0.17841014325482107, 
    0.12094038103815939, 
    0.11753500017822677
  ], 
  "3": [
    4.1019114806982966e-05, 
    0.26683751986986437, 
    0.3667391006610037, 
    0.2093048880565423, 
    0.1732209717751375, 
    0.20963952308457337, 
    0.16220772675932169
  ], 
  "2": [
    4.7120402825236874e-05, 
    0.32629034596288, 
    0.2921881980563659, 
    0.2662925141808233, 
    0.16603020750025418, 
    0.16894924683244605, 
    0.1549141371877977
  ], 
  "5": [
    2.211020362581906e-05, 
    0.14068895550397717, 
    0.18514128991994738, 
    0.3038041269158958, 
    0.3222592103949533, 
    0.4426313477634173, 
    0.35604916823321436
  ], 
  "4": [
    4.0552782645586015e-05, 
    0.25390013594546246, 
    0.3387813913238193, 
    0.30160658420464775, 
    0.12242691521799506, 
    0.13004441388132254, 
    0.10490494864384044
  ], 
  "7": [
    3.317549564266369e-05, 
    0.05871024644086389, 
    0.07895557150152586, 
    0.15186872789901687, 
    0.4396624579517992, 
    0.35374694317320865, 
    0.5515008133164844
  ], 
  "6": [
    1.3702612909160584e-05, 
    0.11648664694834382, 
    0.14751062538272935, 
    0.19374334072546076, 
    0.34611279268452844, 
    0.49461237480116094, 
    0.353038622075524
  ]
}