{
  "1": 0.06703672259744771, 
  "3": 0.0638871149699532, 
  "2": 0.07039754587446717, 
  "4": 0.017136137144413217
}