{
  "1": [
    -0.41656579333333327, 
    -0.45785047269264717, 
    0.2705273358290436, 
    0.39471521004345744, 
    0.06045020282863745, 
    0.04886378465278598, 
    0.006946004335800317
  ], 
  "3": [
    -0.4483777666666667, 
    0.509250064612664, 
    -0.13853012790516298, 
    0.3845597859327219, 
    0.00502872126594311, 
    -0.11615381327686912, 
    -0.16631638633475396
  ], 
  "2": [
    -0.55859474, 
    -0.2680463442834789, 
    -0.387612790516301, 
    -0.24531430870754856, 
    0.20892079450352657, 
    -0.043902187977884734, 
    -0.030417836585183725
  ], 
  "5": [
    -0.20184016666666665, 
    0.034491239883016986, 
    -0.22581136328185922, 
    0.11812252535007232, 
    -0.3894283996637791, 
    0.2499384346939573, 
    0.35014388876429753
  ], 
  "4": [
    -0.5167369733333332, 
    0.23041715296198007, 
    0.40947544844798034, 
    -0.4170163689039099, 
    -0.05072536271607614, 
    0.0373454221072031, 
    0.07814023323615168
  ], 
  "7": [
    -0.023930093333333246, 
    -0.08340424403183036, 
    0.02434769926688515, 
    0.01527821503299551, 
    -0.2200516134926717, 
    -0.4981052464415954, 
    0.2378331314943556
  ], 
  "6": [
    -0.07123038666666659, 
    -0.16730284975855284, 
    -0.009206130088909449, 
    -0.11994045549653909, 
    -0.47820947630011124, 
    -0.022117535191938657, 
    -0.3942139717425431
  ]
}