{
  "1": [
    -0.2863, 
    0.8907, 
    0.24863333333333348, 
    -0.23456666666666662, 
    -0.0847, 
    0.02463333333333329, 
    0.0066333333333332715
  ], 
  "3": [
    -0.4720333333333333, 
    0.05336666666666679, 
    -0.11383333333333334, 
    0.5577666666666667, 
    0.4318333333333333, 
    0.5052333333333334, 
    0.09263333333333335
  ], 
  "2": [
    -0.5065666666666666, 
    -0.0036999999999999217, 
    -0.4433666666666667, 
    0.2837666666666667, 
    -0.5383, 
    -0.4177, 
    -0.04496666666666659
  ], 
  "5": [
    -0.2535666666666666, 
    -0.1623, 
    0.6721666666666668, 
    0.2515666666666667, 
    0.26103333333333345, 
    -0.5710333333333333, 
    0.009500000000000067
  ], 
  "4": [
    -0.6039666666666667, 
    -0.3595666666666666, 
    -0.02029999999999998, 
    -0.6886333333333333, 
    0.1403000000000001, 
    0.10750000000000016, 
    0.010366666666666639
  ], 
  "7": [
    -0.03129999999999999, 
    -0.13883333333333325, 
    0.3079666666666667, 
    0.048566666666666654, 
    -0.4522999999999999, 
    0.24350000000000005, 
    0.7865666666666669
  ], 
  "6": [
    -0.09223333333333328, 
    -0.1699666666666666, 
    0.42623333333333346, 
    0.11636666666666672, 
    -0.4735, 
    0.4156333333333333, 
    -0.6086333333333334
  ]
}