{
  "P_1": 1851.3312503618404, 
  "P_2": 1143.522919458929, 
  "P_3": 642.6478452162048, 
  "P_4": 546.2622151222155, 
  "P_5": 164.10375071435973, 
  "P_6": 50.73204595395271, 
  "P_7": 16.612853355595217
}