{
  "1": [
    3.098891327539684e-05, 
    0.07127561178045869, 
    0.21455380228916401, 
    0.2676099782459546, 
    0.24433297043975732, 
    0.24757038114090216, 
    0.26756074446023437
  ], 
  "3": [
    3.882824883258134e-06, 
    0.05934330339379349, 
    0.2376881624127294, 
    0.31150104647983, 
    0.29540448088360627, 
    0.33063603785324236, 
    0.2818493289561533
  ], 
  "2": [
    3.23258411709966e-05, 
    0.06383104686458696, 
    0.1932369437011653, 
    0.2340253703520372, 
    0.2212641536122572, 
    0.22761045399763813, 
    0.28709764917596475
  ], 
  "5": [
    0.0, 
    0.045235163525581344, 
    0.35821922404898204, 
    0.3041021738192073, 
    0.30607538249712185, 
    0.32409007842665316, 
    0.28367823855543656
  ], 
  "4": [
    3.189684400253808e-05, 
    0.03139041204358672, 
    0.19165517901386628, 
    0.18169063515212563, 
    0.18680820599009723, 
    0.21862751361168073, 
    0.15431853477022744
  ], 
  "7": [
    1.3330666399556238e-06, 
    0.011111923009330884, 
    0.13198719329430128, 
    0.3238641239181029, 
    0.4276900007155004, 
    0.38593315790490257, 
    0.507222294329744
  ], 
  "6": [
    9.313225746154785e-10, 
    0.021515006308668524, 
    0.19004698471446446, 
    0.405627678279684, 
    0.4102160265655717, 
    0.38385917774745004, 
    0.3683624330760411
  ]
}