{
  "1": [
    -0.4213210533333333, 
    0.4772431533333338, 
    0.3970288350279003, 
    0.21830463585737997, 
    0.15082746709274925, 
    0.22418923283419329, 
    -0.021644664974229223
  ], 
  "3": [
    -0.44836647999999996, 
    -0.09389363333333313, 
    -0.3590156071342998, 
    -0.17039046792507373, 
    -0.0098465799284796, 
    0.2762759993288874, 
    -0.3103720363104843
  ], 
  "2": [
    -0.5635414666666667, 
    0.43523291999999986, 
    -0.22630269761391242, 
    -0.05434932378679365, 
    -0.12705540591950076, 
    -0.32692560295289463, 
    0.1307081467805217
  ], 
  "5": [
    -0.19623333333333326, 
    -0.36627925999999933, 
    -0.34865985758789547, 
    0.42450482389527744, 
    0.19115596134824642, 
    -0.0652467220334713, 
    0.09361117778290663
  ], 
  "4": [
    -0.5100763466666667, 
    -0.6269388066666662, 
    0.33683375098421786, 
    -0.16899837998119546, 
    -0.011471566613406592, 
    -0.019192689065055956, 
    0.1558812985614277
  ], 
  "7": [
    -0.023100026666666672, 
    -0.059342273333333216, 
    -0.003216729998972934, 
    0.24745159470600958, 
    -0.4847461842806064, 
    0.19013299358248423, 
    0.02444014154934964
  ], 
  "6": [
    -0.06829999999999992, 
    -0.16421601333333338, 
    0.26224341172845766, 
    0.17897554784118017, 
    -0.1168906109716197, 
    -0.23283445744725514, 
    -0.34892785598892234
  ]
}