{
  "1": 2918.8749581707357, 
  "3": 0.16841860090192193, 
  "2": 0.5286317438370889, 
  "4": 0.12372003833001129
}