{
  "P_1": 2411.1423618376375, 
  "P_2": 1550.4922297764906, 
  "P_3": 915.0257068455544, 
  "P_4": 835.4323546347804, 
  "P_5": 278.1144838789503, 
  "P_6": 94.56510757870834, 
  "P_7": 33.62275533085501
}