{
  "1": [
    7.591805522137119e-05, 
    0.15872481331803245, 
    0.21400467664463127, 
    0.35980534621370247, 
    0.33019081144972445, 
    0.23272025381504444, 
    0.13078613085178345
  ], 
  "3": [
    5.580728423150751e-05, 
    0.13103979569720103, 
    0.27894646496283815, 
    0.2937819315474997, 
    0.25882712537566477, 
    0.20778111740997657, 
    0.1802385113305265
  ], 
  "2": [
    6.687298135206579e-05, 
    0.14191240069865727, 
    0.16326609819250612, 
    0.21184174515132045, 
    0.18163832786851683, 
    0.09392294241932968, 
    0.12069829944037898
  ], 
  "5": [
    3.696849821962027e-05, 
    0.08583891932203723, 
    0.22205173687447208, 
    0.35637044618318786, 
    0.3106366092186999, 
    0.23725614754816968, 
    0.23771906614066401
  ], 
  "4": [
    5.2028555545254734e-05, 
    0.11282714074269469, 
    0.24578181699365173, 
    0.22702339542167477, 
    0.2742736377493943, 
    0.17715438622354848, 
    0.16368756793235661
  ], 
  "7": [
    3.3272877841395274e-05, 
    0.056299183207579345, 
    0.07975676607815849, 
    0.2282242420164008, 
    0.31086255151230563, 
    0.3406251874569876, 
    0.32435745953172024
  ], 
  "6": [
    3.3288582608335426e-05, 
    0.08854380828057787, 
    0.15399557004771205, 
    0.345851867240845, 
    0.32531155802737277, 
    0.22310773819741503, 
    0.2951194398787752
  ]
}