{
  "1": [
    -0.2842234, 
    0.08637491415808242, 
    0.5749899387043247, 
    -0.3996651017595063, 
    0.05296982154238367, 
    0.14182883902701993, 
    -0.050063280829294426
  ], 
  "3": [
    -0.4689946466666666, 
    -0.10161491149114894, 
    -0.5127304988316559, 
    -0.17306825589880756, 
    0.22554554652645023, 
    0.35066983356916664, 
    -0.04715080102315546
  ], 
  "2": [
    -0.4992165999999999, 
    0.7064476014268102, 
    -0.06700492735954461, 
    0.09675980702181158, 
    -0.27344010516252404, 
    -0.02176396469240617, 
    0.041306778406031405
  ], 
  "5": [
    -0.26093217999999996, 
    -0.3400110644397776, 
    -0.19871870703376324, 
    -0.2562262790886238, 
    -0.2771211759082199, 
    -0.4877604474092037, 
    -0.04941807350565406
  ], 
  "4": [
    -0.6094958733333333, 
    -0.329545244524454, 
    0.24938254258525439, 
    0.3353559150247295, 
    0.21102329509241544, 
    -0.1873367091166365, 
    0.0758073572967151
  ], 
  "7": [
    -0.03339799333333331, 
    -0.2338582291562489, 
    0.026952246943682524, 
    -0.033976664234168355, 
    -0.2210077756532825, 
    0.2358787480627988, 
    0.685832552504038
  ], 
  "6": [
    -0.09673160666666668, 
    -0.3326198586525317, 
    0.09767344982898175, 
    0.10391988972674919, 
    -0.3437851258763542, 
    0.41008278417896304, 
    -0.41862005923532347
  ]
}