{
  "1": [
    0.00029617548778425974, 
    0.43001074210928697, 
    0.318687020139188, 
    0.5051505916406233, 
    0.10223622432939054, 
    0.08337010208253942, 
    0.09550853213750357
  ], 
  "3": [
    0.00020759526411666366, 
    0.3313466561744682, 
    0.3701763791165985, 
    0.3098017211828179, 
    0.1078864384787941, 
    0.1622020559688377, 
    0.12141802615511266
  ], 
  "2": [
    0.00025460891170728353, 
    0.5128581024269696, 
    0.30783272322711713, 
    0.26405362483363853, 
    0.06849778022971184, 
    0.11025045443294293, 
    0.07583860068440451
  ], 
  "5": [
    0.00011681597599648301, 
    0.17950045720660343, 
    0.3516963497212034, 
    0.29908683763297295, 
    0.1337564559333355, 
    0.1642668910352118, 
    0.3024697633384242
  ], 
  "4": [
    0.00019288799761480775, 
    0.14302983590935373, 
    0.1891731545649291, 
    0.21946596560191411, 
    0.10999226844154097, 
    0.2379011717492344, 
    0.15044856220435673
  ], 
  "7": [
    4.758744512783046e-05, 
    0.09573374955744587, 
    0.25098365733790445, 
    0.1921297574443717, 
    0.142050158719838, 
    0.3551233209907782, 
    0.253170754986355
  ], 
  "6": [
    6.344346772790149e-05, 
    0.17870108226763537, 
    0.2819921549710312, 
    0.263210915434242, 
    0.1939662968961088, 
    0.15441236627713822, 
    0.3165849302652223
  ]
}