{
  "1": 0.007672886132843179, 
  "3": 0.003367363790297828, 
  "2": 0.011246594281778308, 
  "4": 0.0023734612537987744
}