{"mode1_error": [0.0, 0.0, 0.0, 0.0, 0.0, 0.0, 0.0], "mode2": [-0.00022, -0.00012, 9e-05, 0.00023, 0.00094, 0.0032, 0.00545], "mode2_error": [0.0, 0.0, 0.0, 0.0, 0.0, 0.0, 0.0], "mode1": [0.0066, 0.01453, 0.02425, 0.03694, 0.05243, 0.06258, 0.06568]}