{
  "1": [
    -0.28336666666666666, 
    -0.4776333333333334, 
    0.8034333333333334, 
    -0.040433333333333314, 
    -0.08443333333333325, 
    -0.19309999999999994, 
    0.000766666666666808
  ], 
  "3": [
    -0.4686333333333333, 
    0.39050000000000007, 
    -0.07823333333333327, 
    -0.5727, 
    -0.04556666666666664, 
    -0.4627666666666667, 
    0.27836666666666665
  ], 
  "2": [
    -0.4993666666666666, 
    -0.6545666666666666, 
    -0.5657666666666666, 
    0.0236333333333334, 
    -0.019766666666666596, 
    0.001633333333333379, 
    -0.03343333333333331
  ], 
  "5": [
    -0.2615666666666666, 
    0.05923333333333347, 
    0.1371, 
    -0.3915666666666666, 
    0.08496666666666663, 
    0.8535000000000001, 
    0.1423000000000001
  ], 
  "4": [
    -0.6095666666666666, 
    0.4269666666666667, 
    0.08783333333333343, 
    0.5249666666666668, 
    0.04869999999999997, 
    0.07116666666666682, 
    -0.39416666666666667
  ], 
  "7": [
    -0.03389999999999992, 
    -0.04836666666666666, 
    0.04156666666666676, 
    0.1257666666666668, 
    0.9452333333333334, 
    -0.09616666666666662, 
    0.27616666666666667
  ], 
  "6": [
    -0.09743333333333326, 
    0.052566666666666664, 
    0.00716666666666677, 
    0.4744333333333335, 
    -0.2956333333333333, 
    0.0760333333333334, 
    0.8182333333333334
  ]
}