{
  "1": 0.04401097510703215, 
  "3": 0.04478737446363558, 
  "2": 0.07599379951293546, 
  "4": 0.01862887770709001
}