{
  "1": [
    6.464399531466766e-05, 
    0.3010363557767253, 
    0.360305984357326, 
    0.15319227565660906, 
    0.07646564080639874, 
    0.08208252030998837, 
    0.060157497821733824
  ], 
  "3": [
    4.801072103260845e-05, 
    0.13562126151789153, 
    0.16071482061815381, 
    0.09181742179204874, 
    0.12546567425501864, 
    0.09019764581686567, 
    0.07991848263840934
  ], 
  "2": [
    5.77719561678651e-05, 
    0.25789379435115073, 
    0.1791257732255349, 
    0.1142447123515694, 
    0.21689680422022867, 
    0.25853947163093993, 
    0.30972285612481754
  ], 
  "5": [
    3.453357488759047e-05, 
    0.24041228576349824, 
    0.20775760021570014, 
    0.10468439011175083, 
    0.26847388213842915, 
    0.2921167921244346, 
    0.19263236343250575
  ], 
  "4": [
    4.612436196100577e-05, 
    0.14004026509279172, 
    0.1792209317538008, 
    0.12183550148776384, 
    0.20038960307491144, 
    0.3124262941068127, 
    0.29159470056866005
  ], 
  "7": [
    2.495397986181917e-05, 
    0.14138591661617858, 
    0.11579170240949826, 
    0.05462034953411213, 
    0.21342985566561215, 
    0.5441286786070377, 
    0.40577647304212167
  ], 
  "6": [
    8.439526057230224e-06, 
    0.2021017729984937, 
    0.17953175959582296, 
    0.07467540187345967, 
    0.3735890833190289, 
    0.39472113771831674, 
    0.41585123386394535
  ]
}