{
  "1": 807.2582997936663, 
  "3": 0.28865496734258633, 
  "2": 0.5847993672239427, 
  "4": 0.07729368581624456
}