{
  "1": [
    -0.28551687333333337, 
    0.7374436964422671, 
    0.13059032861966333, 
    0.2876967977002267, 
    0.10632591406458504, 
    0.01899046085731542, 
    -0.02336301287208354
  ], 
  "3": [
    -0.4712281399999999, 
    0.10295883098262801, 
    0.08519474141677542, 
    -0.8167021259526679, 
    -0.10122790899386198, 
    -0.037409841014288445, 
    0.013105450522928443
  ], 
  "2": [
    -0.5040143666666667, 
    -0.2576262045280247, 
    0.4133527663557655, 
    0.28579405000668584, 
    -0.23917290499065913, 
    0.23222618233044892, 
    -0.011617839903459926
  ], 
  "5": [
    -0.2559322333333333, 
    0.04353841152345707, 
    -0.470020135058334, 
    0.18553594063377452, 
    -0.5623443554843853, 
    -0.18620330717112699, 
    -0.13219609144542752
  ], 
  "4": [
    -0.6059055466666666, 
    -0.2396742722816846, 
    -0.19611476281215576, 
    0.202224448455676, 
    0.43118552175073355, 
    -0.15991556986650707, 
    0.07967926387771497
  ], 
  "7": [
    -0.03188876666666659, 
    0.07330403454369655, 
    -0.2644358940928694, 
    -0.011218585372375899, 
    -0.02696142914331472, 
    0.20390621855504165, 
    0.5744861222847958
  ], 
  "6": [
    -0.09356754666666658, 
    0.026886749358140758, 
    -0.40848841975060957, 
    -0.11744513303917625, 
    0.2288597477982385, 
    0.35489435164687727, 
    -0.2821927125234653
  ]
}