{
  "1": 439.63090878413294, 
  "3": 0.031117720497719898, 
  "2": 0.148189673973721, 
  "4": 0.0011396749953701915
}