{
  "1": [
    -0.42295422673233557, 
    0.36481497297164106, 
    -0.5068141051072975, 
    -0.25028008038451, 
    -0.5143331040997119, 
    -0.30296293247783734, 
    -0.11042654293309072
  ], 
  "2": [
    -0.5652581600425964, 
    0.3372373267432379, 
    0.6171799212569021, 
    0.3793556633431811, 
    0.03734551197756658, 
    -0.19240856476468524, 
    -0.059301605233773105
  ], 
  "3": [
    -0.44790946398728054, 
    0.0357422698576643, 
    -0.126003357430221, 
    -0.5142884843456351, 
    0.7066300430159486, 
    0.0600166296033957, 
    0.12166387088648459
  ], 
  "4": [
    -0.507111895078638, 
    -0.44128638663807973, 
    -0.3121493780063688, 
    0.4248857463163047, 
    -0.11292004857715686, 
    0.48383161129148855, 
    0.15262618965802557
  ], 
  "5": [
    -0.19483555558674362, 
    -0.4941166274824401, 
    0.47272864659636576, 
    -0.5571765756812023, 
    -0.4078871116575672, 
    0.07804651084090115, 
    -0.10726882684950818
  ], 
  "6": [
    -0.06982582669901806, 
    -0.42109921530109845, 
    -0.15660725941628434, 
    0.17247034844787795, 
    0.23575085333235854, 
    -0.4258056640681832, 
    -0.7256989882889122
  ], 
  "7": [
    -0.03116139823393353, 
    -0.36836672675240806, 
    -0.030267480460902118, 
    0.09075715904170636, 
    0.006281321167700509, 
    -0.6679039305384935, 
    0.6387854288935471
  ]
}