{
  "1": 0.00928621141182085, 
  "3": 0.003532616176985728, 
  "2": 0.004896642400351573, 
  "4": 0.0008463942233618966
}