{
  "P_1": 38.95606239316239, 
  "P_10": 1.0993770945312427, 
  "P_11": 1.0698295388582735, 
  "P_2": 32.9145443438914, 
  "P_3": 19.576395676268344, 
  "P_4": 17.692867208431192, 
  "P_5": 5.7867540718321235, 
  "P_6": 2.3870707710350243, 
  "P_7": 1.5117938829501503, 
  "P_8": 1.2487067966166003, 
  "P_9": 1.1496007776860802
}