{
  "1": 439.63134867230235, 
  "3": 0.03446511048560595, 
  "2": 0.14927705888055146, 
  "4": 0.0013440076768499213
}