{
  "1": 0.00017711011376542413, 
  "3": 0.00014886592875200546, 
  "2": 0.00035193729673643444, 
  "4": 7.982726591282078e-05
}