{
  "1": 30.381894025611857, 
  "3": 0.03977513619129853, 
  "2": 0.1577899479362603, 
  "4": 0.019068471270888364
}