{
  "1": 0.0018849112157613424, 
  "3": 0.0007435916076105839, 
  "2": 0.0029323991289292315, 
  "4": 0.00020103228979720486
}