{
  "11": [
    -0.0010999333333333195, 
    -0.037426291173916056, 
    -0.012741888703857805, 
    0.009501803812180411, 
    0.04341693435754203, 
    0.18408445374244553, 
    -0.18995735076135276, 
    -0.05497057471264297, 
    -0.13287735153879482, 
    0.24532353765701648, 
    0.19037005352065553
  ], 
  "10": [
    -0.002433333333333284, 
    -0.054213897240596005, 
    -0.018032354981959476, 
    0.015614904695490445, 
    0.03785401536312862, 
    0.10000392375639235, 
    -0.07353547590172073, 
    0.03261859979101356, 
    -0.32604759427828295, 
    -0.09706461264758225, 
    -0.2536410269275794
  ], 
  "1": [
    -0.27216372, 
    0.3085041290839857, 
    -0.33078892589508724, 
    0.012421403998140517, 
    0.08666881983240236, 
    0.17604848907484938, 
    0.03183959484346237, 
    -0.02279073145245549, 
    0.013026083658430953, 
    -0.0219308264596473, 
    -0.004277889279143586
  ], 
  "3": [
    -0.45651762000000007, 
    0.012805458675753183, 
    0.05130604357479897, 
    -0.22097885634588516, 
    -0.3190914804469267, 
    0.14263440260344043, 
    -0.0729792256209859, 
    0.004695809822361584, 
    -0.0165405830082357, 
    0.0055693406652650235, 
    -0.017679804315102857
  ], 
  "2": [
    -0.4739503066666667, 
    0.24555622369212252, 
    0.3075114904246462, 
    -0.044731985123198446, 
    0.22573321694599602, 
    0.0843875127847513, 
    -0.014619328033059348, 
    0.030090010449320848, 
    0.01477324447334208, 
    0.0012384764677341989, 
    -0.013879319284161144
  ], 
  "5": [
    -0.29186795333333326, 
    -0.23827793813055292, 
    -0.11503768387454953, 
    -0.39013722919572186, 
    0.18518924581005564, 
    -0.19752301255230123, 
    0.02814522301576609, 
    -0.01865865203761738, 
    -0.012290041179020215, 
    -0.012544660089492584, 
    0.03753461281150701
  ], 
  "4": [
    -0.6256466533333332, 
    -0.1698434021513996, 
    -0.07755219261726336, 
    0.3570591724779171, 
    -0.06484009543761654, 
    -0.23147762900976263, 
    -0.02674065040650389, 
    -0.0018870010449319296, 
    -0.011508766796705596, 
    0.011156315704350717, 
    0.012115320287673634
  ], 
  "7": [
    -0.044628613333333296, 
    -0.13386586490278604, 
    0.030751810990840928, 
    0.04731420734542075, 
    0.0447177956238362, 
    0.23396754067875392, 
    -0.21670026950545793, 
    -0.33735853709509045, 
    0.034223938014737915, 
    -0.11693474041727366, 
    -0.03525065228298978
  ], 
  "6": [
    -0.11820354666666665, 
    -0.18724076969332545, 
    0.021114099361643244, 
    0.057269167828916986, 
    -0.011636196461824986, 
    0.2999640911204092, 
    0.47039944751381124, 
    0.05291452455590436, 
    0.033251365409623146, 
    0.02576249393498305, 
    0.011482689412945403
  ], 
  "9": [
    -0.005902339999999905, 
    -0.07033647357519873, 
    -0.007227144046627658, 
    0.03233775918177602, 
    0.012884776536312812, 
    0.1477468061366804, 
    -0.19352145263441523, 
    0.2188683594566355, 
    0.039350931946250334, 
    -0.259253291282549, 
    0.280897340692423
  ], 
  "8": [
    -0.01623342666666665, 
    -0.10455560900648078, 
    -0.050127012212045456, 
    0.0036619804741979027, 
    0.04776771415270018, 
    0.13743511854951188, 
    -0.26504485918339754, 
    0.24059846394984336, 
    0.1873699284785437, 
    0.19707653781875012, 
    -0.23121309583542393
  ]
}