{
  "1": [
    0.0006882241550588342, 
    0.073044889755092, 
    0.11251675827312116, 
    0.15491747554215846, 
    0.12208672021232506, 
    0.09499264096374285, 
    0.08627737697324571
  ], 
  "3": [
    0.0004776306813124632, 
    0.13507061107528154, 
    0.19328204603158947, 
    0.41566339899037225, 
    0.40485152505206107, 
    0.27692064690397533, 
    0.3013666805159668
  ], 
  "2": [
    0.000598579817046942, 
    0.1313885153801353, 
    0.17585032181807317, 
    0.4128379561021568, 
    0.2749862657143254, 
    0.23552528703453887, 
    0.23827597099146264
  ], 
  "5": [
    0.0002674791767523773, 
    0.08256454885525198, 
    0.13238801357111857, 
    0.25709229797087246, 
    0.30884330446625236, 
    0.4946562050293307, 
    0.29641985256549963
  ], 
  "4": [
    0.00044783863704413797, 
    0.1322726786804708, 
    0.1786763725702658, 
    0.30502884766086535, 
    0.40574136690493484, 
    0.23686685286592413, 
    0.23796952976668395
  ], 
  "7": [
    0.00010139208625774458, 
    0.056813544397138566, 
    0.1533187637472722, 
    0.26327160068440714, 
    0.3395201141716508, 
    0.45898476740497396, 
    0.3822747703245478
  ], 
  "6": [
    0.0001429872993686165, 
    0.057615944286192454, 
    0.13227618204906852, 
    0.33445923625566476, 
    0.3440294739026176, 
    0.278917156056093, 
    0.5242849296263876
  ]
}