{
  "1": [
    3.9730897098546525e-05, 
    0.06101308337352389, 
    0.06760192936059274, 
    0.15938542603426684, 
    0.14545906827404806, 
    0.18096620015518253, 
    0.13848876998491194
  ], 
  "3": [
    2.9531476092409507e-05, 
    0.039120920670229896, 
    0.15290231492371903, 
    0.23341643842228127, 
    0.2443972964586117, 
    0.32090604683697277, 
    0.2589428063455675
  ], 
  "2": [
    3.6825098141370634e-05, 
    0.06675323125590188, 
    0.051577823054676765, 
    0.1582710602667922, 
    0.13435476651000178, 
    0.14969498410769239, 
    0.12233218045022244
  ], 
  "5": [
    2.9513856607253842e-05, 
    0.02657464286581609, 
    0.10777233962412122, 
    0.18505005348633818, 
    0.2896868711092309, 
    0.33447715650884, 
    0.3063188297246627
  ], 
  "4": [
    2.9259354908788274e-05, 
    0.02868514726815151, 
    0.10103169072709271, 
    0.19294065905698368, 
    0.19862131197669913, 
    0.14917158998133617, 
    0.19690316301478303
  ], 
  "7": [
    1.3330665586241905e-06, 
    0.012471114884817985, 
    0.06401318459230934, 
    0.17960827808260513, 
    0.3462192032549914, 
    0.5051185428124988, 
    0.37981421581578634
  ], 
  "6": [
    9.42715606389714e-07, 
    0.018948248804638246, 
    0.085166564829554, 
    0.27982314792645546, 
    0.3522375635131956, 
    0.29067952618981974, 
    0.49578947382791516
  ]
}