{
  "1": 0.00026744194632839335, 
  "3": 0.0002716913667730718, 
  "2": 0.0001966863667356279, 
  "4": 8.483423466422984e-05
}