{
  "1": [
    7.618104150081702e-05, 
    0.15291365449020908, 
    0.16970804296318948, 
    0.15526842254137957, 
    0.19779159831383167, 
    0.11378729203343013, 
    0.09909606381315685
  ], 
  "3": [
    5.9307061939096044e-05, 
    0.0765855721720595, 
    0.17392164183409572, 
    0.4720440657177789, 
    0.5586999818803464, 
    0.1956355270679271, 
    0.2306986456256926
  ], 
  "2": [
    6.844792435739015e-05, 
    0.1270478353407648, 
    0.13249553480333973, 
    0.31275588982780606, 
    0.37774717738683866, 
    0.30564842052983104, 
    0.26426818818435033
  ], 
  "5": [
    3.547751645678176e-05, 
    0.07372298536949191, 
    0.16538168802254993, 
    0.5301226379166154, 
    0.43116207660354144, 
    0.28137895373760274, 
    0.25784901650259767
  ], 
  "4": [
    5.883679625883921e-05, 
    0.05554780655106192, 
    0.1453266299108958, 
    0.4679253807974206, 
    0.3403233263140196, 
    0.34800685179069724, 
    0.3083463712863221
  ], 
  "7": [
    1.632873268128432e-05, 
    0.058380232055705895, 
    0.13472139508024483, 
    0.2459616160090747, 
    0.251719764844236, 
    0.5904501929956937, 
    0.5680459094556377
  ], 
  "6": [
    1.0127188872174036e-05, 
    0.06541663273888466, 
    0.14889027711393274, 
    0.19029671482443594, 
    0.24716143967937404, 
    0.5229784042342905, 
    0.5882483671401793
  ]
}