{
  "V_11": 65.13843075302579, 
  "V_12": 86.74164156480707, 
  "V_13": 68.66927864786697, 
  "V_14": 77.79075439436942, 
  "V_15": 29.888417965276307, 
  "V_16": 10.688226228483211, 
  "V_17": 4.766113316896038, 
  "V_21": 86.74164156480707, 
  "V_22": 116.0704755712078, 
  "V_23": 91.88349025120198, 
  "V_24": 104.02189823920533, 
  "V_25": 39.93230733638764, 
  "V_26": 14.293925425398486, 
  "V_27": 6.374614761348046, 
  "V_31": 68.66927864786697, 
  "V_32": 91.88349025120198, 
  "V_33": 72.83601644793936, 
  "V_34": 82.44513685354616, 
  "V_35": 31.677327587640917, 
  "V_36": 11.352983439724477, 
  "V_37": 5.062321698970024, 
  "V_41": 77.79075439436942, 
  "V_42": 104.02189823920533, 
  "V_43": 82.44513685354616, 
  "V_44": 93.46498610555311, 
  "V_45": 35.95133914563029, 
  "V_46": 12.873301486557834, 
  "V_47": 5.760398684415516, 
  "V_51": 29.888417965276307, 
  "V_52": 39.93230733638764, 
  "V_53": 31.677327587640917, 
  "V_54": 35.95133914563029, 
  "V_55": 13.9105328878044, 
  "V_56": 4.999512323470718, 
  "V_57": 2.246343856511915, 
  "V_61": 10.688226228483211, 
  "V_62": 14.293925425398486, 
  "V_63": 11.352983439724477, 
  "V_64": 12.873301486557834, 
  "V_65": 4.999512323470718, 
  "V_66": 1.9261148782684459, 
  "V_67": 0.8293227969580634, 
  "V_71": 4.766113316896038, 
  "V_72": 6.374614761348046, 
  "V_73": 5.062321698970024, 
  "V_74": 5.760398684415516, 
  "V_75": 2.246343856511915, 
  "V_76": 0.8293227969580634, 
  "V_77": 0.5092419628146779
}