{
  "1": [
    -0.2718432190443405, 
    0.33118696214814286, 
    0.6977159304000987, 
    0.5090836894927603, 
    -0.1207711439764239, 
    0.1615604994455442, 
    -0.16003975525441044, 
    -0.006020009195192743, 
    -0.04888100931822397, 
    -0.039939010868433135, 
    -0.011037766487815256
  ], 
  "2": [
    -0.47219342622695215, 
    0.4131985325418381, 
    0.1669112725026679, 
    -0.5899786100258263, 
    0.43419508173264315, 
    -0.20233190625687314, 
    -0.020313102889106534, 
    0.005872301868040544, 
    -0.015587863555835075, 
    0.00015585993103504105, 
    0.01457829228252598
  ], 
  "3": [
    -0.45580354350874835, 
    0.026858606681599905, 
    -0.30531632233871886, 
    0.003307284509047799, 
    -0.027924198224667834, 
    0.7677408971728596, 
    0.3244384315435768, 
    0.0190734507187151, 
    -0.0380051989516194, 
    -0.03165037099970099, 
    -0.004082964601518914
  ], 
  "4": [
    -0.6265686719731903, 
    -0.10628303370612012, 
    -0.4258645172418985, 
    0.38484623045570415, 
    -0.11631014976422892, 
    -0.46027122507285, 
    -0.18727606539466504, 
    -0.024986819089574536, 
    0.053377648257186876, 
    0.01398094988785322, 
    0.05029364022081501
  ], 
  "5": [
    -0.29349373286086805, 
    -0.526453586557001, 
    0.34403926247890204, 
    -0.43584859859722164, 
    -0.5451958222180691, 
    -0.00859992245011587, 
    -0.06265292538364862, 
    -0.10005992804383476, 
    -0.029084428268952394, 
    0.03616320493251564, 
    -0.12238272794103275
  ], 
  "6": [
    -0.11951678329512044, 
    -0.4787767928111866, 
    0.2894174558002242, 
    0.20746658866186843, 
    0.4349313285558262, 
    -0.1818967621020748, 
    0.6023725912077399, 
    0.19801321321533608, 
    -0.015221569558810077, 
    0.05515428430805036, 
    0.04578555358790504
  ], 
  "7": [
    -0.045302399278027324, 
    -0.3052577452032491, 
    0.02411766097252626, 
    -0.011829516671754067, 
    0.31201658337647775, 
    0.2520205548004136, 
    -0.5812742027309559, 
    0.5583592138338447, 
    0.28896032565215735, 
    0.04030795122943763, 
    -0.09169287358718844
  ], 
  "8": [
    -0.016521613395856442, 
    -0.24001508651795347, 
    0.06994811899049225, 
    0.04977863864265062, 
    0.33243533060664165, 
    0.15877351878616291, 
    -0.19502169273714542, 
    -0.7537880685814965, 
    0.37903966844591075, 
    -0.01428196322098234, 
    0.22118296795398448
  ], 
  "9": [
    -0.005917387180071025, 
    -0.14263150501272367, 
    -0.054331032185577825, 
    0.083650390440169, 
    0.27805465277003066, 
    0.03088613489614833, 
    -0.17108817251452996, 
    -0.2490557070494638, 
    -0.5308217017693685, 
    -0.17547560464280385, 
    -0.6982409120707536
  ], 
  "10": [
    -0.0023101282130085993, 
    -0.1324714107680297, 
    0.012846290500396613, 
    -0.04491248273123402, 
    0.02904691366115251, 
    0.008615107605096567, 
    -0.11102082888135796, 
    0.08236767971798613, 
    -0.30450190989752773, 
    -0.8071376777222471, 
    0.4648044578551586
  ], 
  "11": [
    -0.0010027679278560553, 
    -0.11181301808174308, 
    -0.006139775027054707, 
    -0.001649852057103098, 
    0.10075561729248847, 
    0.09366090145109032, 
    -0.22215751110658102, 
    -0.030745279581121623, 
    -0.6247673683478143, 
    0.5556673840315297, 
    0.46811604066920487
  ]
}