{
  "1": 0.0007440799014247529, 
  "3": 6.71586259354649e-08, 
  "2": 2.705648363816356e-07, 
  "5": 1.0880941008727926e-08, 
  "4": 8.319583324390387e-08, 
  "7": 3.8750742043119945e-09, 
  "6": 9.411658594108996e-09
}