{
  "1": 2942.050043353819, 
  "3": 0.22409723215895147, 
  "2": 0.9263980444916352, 
  "5": 0.04836285390258574, 
  "4": 0.17316444610133658, 
  "7": -0.015709246908005868, 
  "6": 0.024503165305533595
}