{
  "V_11": 655.8471606061289, 
  "V_12": 878.0145752245955, 
  "V_13": 700.4281330473804, 
  "V_14": 799.7419546441383, 
  "V_15": 308.9250054909541, 
  "V_16": 107.88091724758614, 
  "V_17": 36.04790624125119, 
  "V_21": 878.0145752245955, 
  "V_22": 1175.049573164663, 
  "V_23": 937.3879420634865, 
  "V_24": 1070.301121578116, 
  "V_25": 413.44943197061133, 
  "V_26": 144.38526234585058, 
  "V_27": 48.2495088890159, 
  "V_31": 700.4281330473804, 
  "V_32": 937.3879420634865, 
  "V_33": 747.7758997845834, 
  "V_34": 854.202398293788, 
  "V_35": 329.8849562868597, 
  "V_36": 115.25655822426505, 
  "V_37": 38.487901294160295, 
  "V_41": 799.7419546441383, 
  "V_42": 1070.301121578116, 
  "V_43": 854.202398293788, 
  "V_44": 975.4322142827442, 
  "V_45": 376.922237638444, 
  "V_46": 131.6082534955056, 
  "V_47": 43.96685892601642, 
  "V_51": 308.9250054909541, 
  "V_52": 413.44943197061133, 
  "V_53": 329.8849562868597, 
  "V_54": 376.922237638444, 
  "V_55": 145.69540840421, 
  "V_56": 50.91483934354399, 
  "V_57": 17.000950661933075, 
  "V_61": 107.88091724758614, 
  "V_62": 144.38526234585058, 
  "V_63": 115.25655822426505, 
  "V_64": 131.6082534955056, 
  "V_65": 50.91483934354399, 
  "V_66": 17.820797887289384, 
  "V_67": 5.957273092682308, 
  "V_71": 36.04790624125119, 
  "V_72": 48.2495088890159, 
  "V_73": 38.487901294160295, 
  "V_74": 43.96685892601642, 
  "V_75": 17.000950661933075, 
  "V_76": 5.957273092682308, 
  "V_77": 2.0338313112429773
}