{
  "V_11": 1315.0060522043236, 
  "V_12": 1498.4421871375027, 
  "V_13": 1240.7162371228894, 
  "V_14": 1511.5235395317047, 
  "V_15": 646.4712321646691, 
  "V_16": 251.16796461872508, 
  "V_17": 93.57557507622974, 
  "V_21": 1498.4421871375027, 
  "V_22": 1707.9504609037172, 
  "V_23": 1413.2832521798457, 
  "V_24": 1723.0731365812032, 
  "V_25": 736.4332676558429, 
  "V_26": 286.1594701641761, 
  "V_27": 106.61714595406264, 
  "V_31": 1240.7162371228894, 
  "V_32": 1413.2832521798457, 
  "V_33": 1171.3350534915244, 
  "V_34": 1427.5328240608353, 
  "V_35": 610.1956967137864, 
  "V_36": 237.3952184077672, 
  "V_37": 88.34959572605962, 
  "V_41": 1511.5235395317047, 
  "V_42": 1723.0731365812032, 
  "V_43": 1427.5328240608353, 
  "V_44": 1741.9220069987928, 
  "V_45": 744.4629923198347, 
  "V_46": 289.57452444769854, 
  "V_47": 107.9485829844302, 
  "V_51": 646.4712321646691, 
  "V_52": 736.4332676558429, 
  "V_53": 610.1956967137864, 
  "V_54": 744.4629923198347, 
  "V_55": 318.8854613547075, 
  "V_56": 124.11899877173447, 
  "V_57": 46.34329325324261, 
  "V_61": 251.16796461872508, 
  "V_62": 286.1594701641761, 
  "V_63": 237.3952184077672, 
  "V_64": 289.57452444769854, 
  "V_65": 124.11899877173447, 
  "V_66": 48.36919448244086, 
  "V_67": 18.13650309210894, 
  "V_71": 93.57557507622974, 
  "V_72": 106.61714595406264, 
  "V_73": 88.34959572605962, 
  "V_74": 107.9485829844302, 
  "V_75": 46.34329325324261, 
  "V_76": 18.13650309210894, 
  "V_77": 6.836095229432472
}