{
  "1": [
    -0.4565577533333333, 
    0.4234041916167664, 
    0.3083956605826187, 
    -0.06018160225442837, 
    -0.22387120658991008, 
    0.05269580610719632, 
    -0.0009906492629682283
  ], 
  "3": [
    -0.43090552666666654, 
    -0.050547315538414676, 
    0.16944952254321327, 
    0.29577800925925896, 
    0.19954982682767006, 
    -0.02170843903480646, 
    0.027897156895840575
  ], 
  "2": [
    -0.5203022, 
    0.42847845664602957, 
    -0.33926198074056063, 
    -0.10361090982286698, 
    0.14070479266123767, 
    -0.05153419175742048, 
    0.038582420014253056
  ], 
  "5": [
    -0.22461257999999998, 
    -0.29337907574681205, 
    0.15022790201055658, 
    -0.35051488526569957, 
    0.19024791725170817, 
    0.046706423232970556, 
    -0.2647102846854964
  ], 
  "4": [
    -0.5253805666666667, 
    -0.5817768902872219, 
    -0.15547687255731502, 
    0.09714972826086984, 
    -0.18981204717775854, 
    0.04348712790945976, 
    -0.009629860095270077
  ], 
  "7": [
    -0.0325512333333333, 
    -0.11581689840657682, 
    0.04759616825818931, 
    -0.14096987721417176, 
    0.08836881025929035, 
    0.3475186034593203, 
    0.43006901091481997
  ], 
  "6": [
    -0.08732931999999993, 
    -0.21929269258093992, 
    0.10415151698295641, 
    -0.15790480072463797, 
    -0.03281652157633673, 
    -0.37259589579329394, 
    0.21617761149244227
  ]
}