{
  "1": 0.08158386270749499, 
  "3": 0.11089775661482555, 
  "2": 0.05838758689902097, 
  "4": 0.05165107730684603
}