{
  "1": [
    3.9628806491963836e-05, 
    0.0616170125146253, 
    0.06849242433205076, 
    0.1614504089927889, 
    0.14598304362610254, 
    0.18456511314783636, 
    0.14041191510684908
  ], 
  "3": [
    3.0154399541564234e-05, 
    0.039055818615576644, 
    0.15328914003010852, 
    0.24182072545296393, 
    0.2482289961976575, 
    0.3274782594899819, 
    0.26468361354953834
  ], 
  "2": [
    3.666171120755296e-05, 
    0.06719609636935901, 
    0.05314865064824192, 
    0.15856152308953772, 
    0.13678459238080737, 
    0.1496911453120225, 
    0.1218003640488968
  ], 
  "5": [
    2.9172619647233773e-05, 
    0.02663505212402236, 
    0.10534198093936491, 
    0.18853614292076679, 
    0.29467574991310974, 
    0.33417414331532325, 
    0.3058570219007019
  ], 
  "4": [
    2.960377076916138e-05, 
    0.029066329305677797, 
    0.10268211754239549, 
    0.19592657075982842, 
    0.20235961219697818, 
    0.1494901245741466, 
    0.2027063580909798
  ], 
  "7": [
    1.4903392199236717e-06, 
    0.012327718646177538, 
    0.06308818568527257, 
    0.19298690462728396, 
    0.3530071418157862, 
    0.5023800957699703, 
    0.382434542693031
  ], 
  "6": [
    0.0, 
    0.018708422382158876, 
    0.08446856015309942, 
    0.28294350800810847, 
    0.35062503330277855, 
    0.2916721996941075, 
    0.4962274240308159
  ]
}