{
  "V_11": 422.32479645386746, 
  "V_12": 566.5930759346038, 
  "V_13": 455.0840612100774, 
  "V_14": 523.8835355498791, 
  "V_15": 205.29090683918233, 
  "V_16": 73.03788670655038, 
  "V_17": 25.060077759966447, 
  "V_21": 566.5930759346038, 
  "V_22": 762.1348318628244, 
  "V_23": 611.4834783708669, 
  "V_24": 704.386768193572, 
  "V_25": 276.11837712042154, 
  "V_26": 98.33208615648364, 
  "V_27": 33.79481596980967, 
  "V_31": 455.0840612100774, 
  "V_32": 611.4834783708669, 
  "V_33": 491.06542833689184, 
  "V_34": 565.4829267054674, 
  "V_35": 221.74191278285812, 
  "V_36": 79.05996768422362, 
  "V_37": 27.20017185092729, 
  "V_41": 523.8835355498791, 
  "V_42": 704.386768193572, 
  "V_43": 565.4829267054674, 
  "V_44": 652.2180430334712, 
  "V_45": 255.8864895614197, 
  "V_46": 91.34090507649327, 
  "V_47": 31.46561149144404, 
  "V_51": 205.29090683918233, 
  "V_52": 276.11837712042154, 
  "V_53": 221.74191278285812, 
  "V_54": 255.8864895614197, 
  "V_55": 100.65491512379397, 
  "V_56": 36.02664853897082, 
  "V_57": 12.489091774049609, 
  "V_61": 73.03788670655038, 
  "V_62": 98.33208615648364, 
  "V_63": 79.05996768422362, 
  "V_64": 91.34090507649327, 
  "V_65": 36.02664853897082, 
  "V_66": 12.967480827977852, 
  "V_67": 4.554878671047042, 
  "V_71": 25.060077759966447, 
  "V_72": 33.79481596980967, 
  "V_73": 27.20017185092729, 
  "V_74": 31.46561149144404, 
  "V_75": 12.489091774049609, 
  "V_76": 4.554878671047042, 
  "V_77": 1.6320540227913796
}