{
  "1": 2440.512334331591, 
  "3": 0.6460544858128633, 
  "2": 1.4771687169449903, 
  "4": 0.2558836793332936
}