{
  "P_1": 1428.5634954887219, 
  "P_2": 1143.487887017544, 
  "P_3": 642.6305563659148, 
  "P_4": 546.2496093734336, 
  "P_5": 164.09745140350879, 
  "P_6": 50.72647927318296, 
  "P_7": 16.613933378875604
}