{"mode1_error": [7e-06, 7e-06, 1.1e-05, 1.2e-05, 2.3e-05, 4.3e-05, 9.4e-05], "mode2": [-0.00063, 0.00056, 0.0003, -0.00031, 0.00017, 0.00081, -0.00163], "mode2_error": [0.000216, 0.000261, 0.000668, 0.000687, 0.001088, 0.00184, 0.003174], "mode1": [0.01387, 0.02231, 0.03101, 0.0417, 0.05629, 0.07003, 0.08307]}