{"mode1_error": [6e-06, 6e-06, 9e-06, 1.1e-05, 2.1e-05, 4.6e-05, 4.4e-05], "mode2": [0.00036, -0.00017, -0.00028, -3e-05, 6e-05, -0.00111, 0.0003], "mode2_error": [0.000201, 0.000345, 0.000504, 0.000601, 0.001154, 0.003276, 0.005074], "mode1": [0.01936, 0.03129, 0.04342, 0.05849, 0.07885, 0.09792, 0.11652]}