{"mode1_error": [5e-06, 6e-06, 9e-06, 1.1e-05, 2.2e-05, 2.5e-05, 0.000158], "mode2": [0.00063, 4e-05, -0.00064, -0.00076, 0.00057, -0.00056, -0.00215], "mode2_error": [0.000308, 0.000459, 0.000702, 0.00067, 0.001554, 0.00324, 0.005536], "mode1": [0.0345, 0.056, 0.07782, 0.10508, 0.1422, 0.17728, 0.21088]}