{"mode1_error": [6e-06, 7e-06, 1.1e-05, 1.3e-05, 2.6e-05, 2e-05, 8.7e-05], "mode2": [-0.00076, -0.00072, 0.00087, 0.00188, 0.00384, 0.00346, -0.00379], "mode2_error": [0.000546, 0.00058, 0.001352, 0.001474, 0.002905, 0.004561, 0.006829], "mode1": [0.04446, 0.07231, 0.10058, 0.13565, 0.1835, 0.22846, 0.27167]}