{"mode1_error": [1.1e-05, 1.2e-05, 1.9e-05, 2.2e-05, 4.5e-05, 0.000104, 0.00034], "mode2": [-0.00148, 0.00072, 0.00146, -0.00023, 0.00078, 0.00738, -0.00558], "mode2_error": [0.000642, 0.000852, 0.001306, 0.001513, 0.003741, 0.011065, 0.063669], "mode1": [0.05894, 0.09606, 0.13369, 0.18026, 0.24333, 0.30203, 0.3576]}