{
  "V_11": 86.62787355443253, 
  "V_12": 152.96014109718973, 
  "V_13": 143.22392307170003, 
  "V_14": 186.2731295480137, 
  "V_15": 79.9230383064963, 
  "V_16": 29.772662115034098, 
  "V_17": 10.374757276005685, 
  "V_21": 152.96014109718973, 
  "V_22": 269.2386769569365, 
  "V_23": 252.38975420994083, 
  "V_24": 328.33074806350504, 
  "V_25": 140.94295377897714, 
  "V_26": 52.466696431701514, 
  "V_27": 18.29122862065879, 
  "V_31": 143.22392307170003, 
  "V_32": 252.38975420994083, 
  "V_33": 237.03659265816117, 
  "V_34": 308.3768070681464, 
  "V_35": 132.2115756758586, 
  "V_36": 49.32986419463471, 
  "V_37": 17.160308175167142, 
  "V_41": 186.2731295480137, 
  "V_42": 328.33074806350504, 
  "V_43": 308.3768070681464, 
  "V_44": 400.99849922661826, 
  "V_45": 172.0905670311662, 
  "V_46": 64.01190648303832, 
  "V_47": 22.27075565699952, 
  "V_51": 79.9230383064963, 
  "V_52": 140.94295377897714, 
  "V_53": 132.2115756758586, 
  "V_54": 172.0905670311662, 
  "V_55": 73.86752315864261, 
  "V_56": 27.540769588763677, 
  "V_57": 9.571660497162112, 
  "V_61": 29.772662115034098, 
  "V_62": 52.466696431701514, 
  "V_63": 49.32986419463471, 
  "V_64": 64.01190648303832, 
  "V_65": 27.540769588763677, 
  "V_66": 10.256927372878765, 
  "V_67": 3.5680880753856843, 
  "V_71": 10.374757276005685, 
  "V_72": 18.29122862065879, 
  "V_73": 17.160308175167142, 
  "V_74": 22.27075565699952, 
  "V_75": 9.571660497162112, 
  "V_76": 3.5680880753856843, 
  "V_77": 1.2523120236689826
}