{
  "1": 807.99524096536538, 
  "2": 1.1663997115716933, 
  "3": 0.15726999723087445, 
  "4": 0.012516117806096308, 
  "5": -0.11002419120982865, 
  "6": -0.26643909656709208, 
  "7": -0.58723870693104041
}