{
  "1": [
    -0.2852024311833475, 
    -0.8148223669798472, 
    -0.06711621716260095, 
    -0.46730959477165784, 
    -0.08594948657309158, 
    0.13034352711492095, 
    -0.08639728144840964
  ], 
  "2": [
    -0.5042686835052946, 
    0.42149155362126417, 
    -0.558591935507807, 
    -0.27858382238670726, 
    -0.4097035609666546, 
    0.03819395349980368, 
    0.0954373228831603
  ], 
  "3": [
    -0.47167381044095424, 
    -0.30969599207107423, 
    -0.14607802749448293, 
    0.743699266826769, 
    -0.013679352873346729, 
    -0.2355536451911215, 
    0.22696293747222895
  ], 
  "4": [
    -0.6055811285370014, 
    0.22873940152753472, 
    0.26939496854668105, 
    -0.060922267879908946, 
    0.5963265649996148, 
    0.19914672312675558, 
    -0.3307564386227793
  ], 
  "5": [
    -0.2557513089566938, 
    0.08847708913668527, 
    0.7275143494952633, 
    -0.03841804443040734, 
    -0.5930381363776374, 
    -0.20136726816989672, 
    -0.061375808890742484
  ], 
  "6": [
    -0.0934923770119658, 
    0.046963035239944176, 
    0.1542934627003922, 
    -0.36372488814220205, 
    0.3308492849621115, 
    -0.43156252368809567, 
    0.7329692494665668
  ], 
  "7": [
    -0.03191276851822063, 
    0.011930515419766414, 
    0.19098278045647213, 
    0.11593504191805495, 
    -0.0883611934708306, 
    0.8121649224253051, 
    0.5305698068135777
  ]
}