{
  "1": [
    0.00033902175602087585, 
    0.2002407520823089, 
    0.2974060023855816, 
    0.23509996365279878, 
    0.25545774152399087, 
    0.18391210585309326, 
    0.1550414889284092
  ], 
  "3": [
    0.00024200022602326082, 
    0.20362142454065582, 
    0.3485310159459485, 
    0.26017044234972114, 
    0.3738410997240837, 
    0.2687551490481596, 
    0.2301483237029623
  ], 
  "2": [
    0.0002993134660629805, 
    0.21784085412530055, 
    0.25169865581800627, 
    0.33854790511758026, 
    0.25263136386138696, 
    0.17746090844692186, 
    0.1568609225456063
  ], 
  "5": [
    0.00014032982590181852, 
    0.17348464015455864, 
    0.3720277155087936, 
    0.46754698611611223, 
    0.26560041286653047, 
    0.31781771451051327, 
    0.2741854666852534
  ], 
  "4": [
    0.00022888481408884196, 
    0.19722048697302277, 
    0.22583250007425354, 
    0.3566990791304651, 
    0.2782457735093915, 
    0.2498657723137797, 
    0.24219750627948325
  ], 
  "7": [
    4.170293034579486e-05, 
    0.04629923773035902, 
    0.1122666913971077, 
    0.21281131254433092, 
    0.3629269868636121, 
    0.42300413071751947, 
    0.540475792557083
  ], 
  "6": [
    7.332309139621044e-05, 
    0.06997148848986257, 
    0.13731105393654308, 
    0.3183100002111616, 
    0.46297252054667365, 
    0.5186437331430596, 
    0.45042655978295476
  ]
}