{
  "dV_11": 0.8442512360498056, 
  "dV_12": 0.5590394046202175, 
  "dV_13": 0.43220422362501615, 
  "dV_14": 0.4255974316938175, 
  "dV_15": 0.22074518799359544, 
  "dV_16": 0.11596875308474293, 
  "dV_17": 0.06388526752715046, 
  "dV_21": 0.5590394046202175, 
  "dV_22": 0.7390744051321589, 
  "dV_23": 0.40467251688724865, 
  "dV_24": 0.39775895914737014, 
  "dV_25": 0.2064808930985252, 
  "dV_26": 0.10845016729390534, 
  "dV_27": 0.05978019879940584, 
  "dV_31": 0.43220422362501615, 
  "dV_32": 0.40467251688724865, 
  "dV_33": 0.440219292754129, 
  "dV_34": 0.30796101023758354, 
  "dV_35": 0.15946436168315126, 
  "dV_36": 0.0838262645113065, 
  "dV_37": 0.0462337638653984, 
  "dV_41": 0.4255974316938175, 
  "dV_42": 0.39775895914737014, 
  "dV_43": 0.30796101023758354, 
  "dV_44": 0.42209828063080185, 
  "dV_45": 0.15728117261153432, 
  "dV_46": 0.08254201340682807, 
  "dV_47": 0.0455283881982732, 
  "dV_51": 0.22074518799359544, 
  "dV_52": 0.2064808930985252, 
  "dV_53": 0.15946436168315126, 
  "dV_54": 0.15728117261153432, 
  "dV_55": 0.11473719774671619, 
  "dV_56": 0.04300778268818188, 
  "dV_57": 0.023661670008750003, 
  "dV_61": 0.11596875308474293, 
  "dV_62": 0.10845016729390534, 
  "dV_63": 0.0838262645113065, 
  "dV_64": 0.08254201340682807, 
  "dV_65": 0.04300778268818188, 
  "dV_66": 0.031914759341059744, 
  "dV_67": 0.012485467008692614, 
  "dV_71": 0.06388526752715046, 
  "dV_72": 0.05978019879940584, 
  "dV_73": 0.0462337638653984, 
  "dV_74": 0.0455283881982732, 
  "dV_75": 0.023661670008750003, 
  "dV_76": 0.012485467008692614, 
  "dV_77": 0.009760723065009507
}