{
  "V_11": 66.43681527509595, 
  "V_12": 115.75400454492014, 
  "V_13": 109.07668997777435, 
  "V_14": 139.32620835424842, 
  "V_15": 58.882801332139536, 
  "V_16": 21.462540842288305, 
  "V_17": 7.3722350678977815, 
  "V_21": 115.75400454492014, 
  "V_22": 205.4913299166629, 
  "V_23": 192.0353503953709, 
  "V_24": 246.90347616319798, 
  "V_25": 104.52307640634534, 
  "V_26": 38.11064241359521, 
  "V_27": 13.080380816631536, 
  "V_31": 109.07668997777435, 
  "V_32": 192.0353503953709, 
  "V_33": 179.70672964855578, 
  "V_34": 230.7520846988188, 
  "V_35": 97.51089331630484, 
  "V_36": 35.681498811669634, 
  "V_37": 12.135928752074735, 
  "V_41": 139.32620835424842, 
  "V_42": 246.90347616319798, 
  "V_43": 230.7520846988188, 
  "V_44": 296.37669223661516, 
  "V_45": 124.99035826050203, 
  "V_46": 45.78528677192846, 
  "V_47": 15.603027665619905, 
  "V_51": 58.882801332139536, 
  "V_52": 104.52307640634534, 
  "V_53": 97.51089331630484, 
  "V_54": 124.99035826050203, 
  "V_55": 52.60327374261518, 
  "V_56": 19.230196263331347, 
  "V_57": 6.5252433865393735, 
  "V_61": 21.462540842288305, 
  "V_62": 38.11064241359521, 
  "V_63": 35.681498811669634, 
  "V_64": 45.78528677192846, 
  "V_65": 19.230196263331347, 
  "V_66": 6.97632453970127, 
  "V_67": 2.35354750823529, 
  "V_71": 7.3722350678977815, 
  "V_72": 13.080380816631536, 
  "V_73": 12.135928752074735, 
  "V_74": 15.603027665619905, 
  "V_75": 6.5252433865393735, 
  "V_76": 2.35354750823529, 
  "V_77": 0.776559438020299
}