{
  "1": 807.9996347313354, 
  "3": 0.21475339714191247, 
  "2": 1.1847864399611967, 
  "4": 0.022953906544485415
}