{"mode1_error": [0.0, 0.0, 0.0, 0.0, 0.0, 0.0, 0.0], "mode2": [-0.00135, -0.00062, 0.00079, 0.00232, 0.00849, 0.01721, 0.02848], "mode2_error": [0.0, 0.0, 0.0, 0.0, 0.0, 0.0, 0.0], "mode1": [0.04277, 0.07119, 0.10064, 0.13552, 0.17663, 0.20316, 0.21048]}