{
  "1": 814.17499519369221, 
  "2": 0.22612179893788123, 
  "3": 0.12929655511369925, 
  "4": 0.083469633982320726, 
  "5": 0.035746436425078389, 
  "6": 0.012691525812815534, 
  "7": -0.016818848742375166
}