{
  "1": 0.03865333594162499, 
  "3": 0.04313995891246596, 
  "2": 0.050471985209496466, 
  "4": 0.02659566685617154
}