{
  "dV_10_1": 0.020932411181136763, 
  "dV_10_10": 0.001583505258038332, 
  "dV_10_11": 0.0008462438970747093, 
  "dV_10_2": 0.021600945096569957, 
  "dV_10_3": 0.017123074079177868, 
  "dV_10_4": 0.01836715479189013, 
  "dV_10_5": 0.009240427285476732, 
  "dV_10_6": 0.004764224491698239, 
  "dV_10_7": 0.002624668744015905, 
  "dV_10_8": 0.001556093233369757, 
  "dV_10_9": 0.0010274729950117256, 
  "dV_11_1": 0.02097518552449415, 
  "dV_11_10": 0.0008462438970747093, 
  "dV_11_11": 0.0018324986940044064, 
  "dV_11_2": 0.021628656106428272, 
  "dV_11_3": 0.017135542465701807, 
  "dV_11_4": 0.018372969961426695, 
  "dV_11_5": 0.009247779123888716, 
  "dV_11_6": 0.004773537627322691, 
  "dV_11_7": 0.002632200464282813, 
  "dV_11_8": 0.0015629880076910776, 
  "dV_11_9": 0.0010319672486742877, 
  "dV_1_1": 0.7393377419399427, 
  "dV_1_10": 0.020932411181136763, 
  "dV_1_11": 0.02097518552449415, 
  "dV_1_2": 0.5380625552070227, 
  "dV_1_3": 0.42497073395361673, 
  "dV_1_4": 0.45142559038629343, 
  "dV_1_5": 0.22879335746275492, 
  "dV_1_6": 0.11894684871341181, 
  "dV_1_7": 0.06579372054454963, 
  "dV_1_8": 0.03890263450608474, 
  "dV_1_9": 0.025520679823411517, 
  "dV_2_1": 0.5380625552070227, 
  "dV_2_10": 0.021600945096569957, 
  "dV_2_11": 0.021628656106428272, 
  "dV_2_2": 0.7578562228614605, 
  "dV_2_3": 0.43213426874894995, 
  "dV_2_4": 0.4554937022453691, 
  "dV_2_5": 0.23225873492614482, 
  "dV_2_6": 0.12174875637108018, 
  "dV_2_7": 0.06775716258663357, 
  "dV_2_8": 0.04017102899521622, 
  "dV_2_9": 0.026364312535759125, 
  "dV_3_1": 0.42497073395361673, 
  "dV_3_10": 0.017123074079177868, 
  "dV_3_11": 0.017135542465701807, 
  "dV_3_2": 0.43213426874894995, 
  "dV_3_3": 0.47015973937681704, 
  "dV_3_4": 0.36023674195200023, 
  "dV_3_5": 0.1837429436776305, 
  "dV_3_6": 0.09639075994408494, 
  "dV_3_7": 0.05369944152902259, 
  "dV_3_8": 0.03182892558317745, 
  "dV_3_9": 0.020902775117525745, 
  "dV_4_1": 0.45142559038629343, 
  "dV_4_10": 0.01836715479189013, 
  "dV_4_11": 0.018372969961426695, 
  "dV_4_2": 0.4554937022453691, 
  "dV_4_3": 0.36023674195200023, 
  "dV_4_4": 0.5136603355063889, 
  "dV_4_5": 0.1955721997598926, 
  "dV_4_6": 0.10297238258208975, 
  "dV_4_7": 0.057531623384560276, 
  "dV_4_8": 0.034160738117622665, 
  "dV_4_9": 0.02242814221662583, 
  "dV_5_1": 0.22879335746275492, 
  "dV_5_10": 0.009240427285476732, 
  "dV_5_11": 0.009247779123888716, 
  "dV_5_2": 0.23225873492614482, 
  "dV_5_3": 0.1837429436776305, 
  "dV_5_4": 0.1955721997598926, 
  "dV_5_5": 0.1381299542316989, 
  "dV_5_6": 0.05251891174979753, 
  "dV_5_7": 0.029072297704571988, 
  "dV_5_8": 0.017200093836328447, 
  "dV_5_9": 0.011281971191700026, 
  "dV_6_1": 0.11894684871341181, 
  "dV_6_10": 0.004764224491698239, 
  "dV_6_11": 0.004773537627322691, 
  "dV_6_2": 0.12174875637108018, 
  "dV_6_3": 0.09639075994408494, 
  "dV_6_4": 0.10297238258208975, 
  "dV_6_5": 0.05251891174979753, 
  "dV_6_6": 0.03805848580415307, 
  "dV_6_7": 0.01505441480632741, 
  "dV_6_8": 0.008866177539866196, 
  "dV_6_9": 0.005807955344026612, 
  "dV_7_1": 0.06579372054454963, 
  "dV_7_10": 0.002624668744015905, 
  "dV_7_11": 0.002632200464282813, 
  "dV_7_2": 0.06775716258663357, 
  "dV_7_3": 0.05369944152902259, 
  "dV_7_4": 0.057531623384560276, 
  "dV_7_5": 0.029072297704571988, 
  "dV_7_6": 0.01505441480632741, 
  "dV_7_7": 0.0116388834487007, 
  "dV_7_8": 0.004882021184295012, 
  "dV_7_9": 0.0031974209070329282, 
  "dV_8_1": 0.03890263450608474, 
  "dV_8_10": 0.001556093233369757, 
  "dV_8_11": 0.0015629880076910776, 
  "dV_8_2": 0.04017102899521622, 
  "dV_8_3": 0.03182892558317745, 
  "dV_8_4": 0.034160738117622665, 
  "dV_8_5": 0.017200093836328447, 
  "dV_8_6": 0.008866177539866196, 
  "dV_8_7": 0.004882021184295012, 
  "dV_8_8": 0.0040847553816716195, 
  "dV_8_9": 0.0018940723225257118, 
  "dV_9_1": 0.025520679823411517, 
  "dV_9_10": 0.0010274729950117256, 
  "dV_9_11": 0.0010319672486742877, 
  "dV_9_2": 0.026364312535759125, 
  "dV_9_3": 0.020902775117525745, 
  "dV_9_4": 0.02242814221662583, 
  "dV_9_5": 0.011281971191700026, 
  "dV_9_6": 0.005807955344026612, 
  "dV_9_7": 0.0031974209070329282, 
  "dV_9_8": 0.0018940723225257118, 
  "dV_9_9": 0.001939841629393221
}