{
  "1": 0.06516570770366743, 
  "3": 0.043692917945542135, 
  "2": 0.051621282322380564, 
  "4": 0.061246040571957594
}