{
  "1": 439.66797345019961, 
  "2": 0.15910241083079302, 
  "3": 0.025158420367550543, 
  "4": 0.0077328640383117382, 
  "5": -0.029960901814106943, 
  "6": -0.23785234417375048, 
  "7": -0.4373734313477004
}