{
  "1": [
    9.414046811081124e-05, 
    0.09184635196570273, 
    0.16592028164417, 
    0.15986272301742382, 
    0.10918335436154096, 
    0.06698504940971212, 
    0.07103875824575262
  ], 
  "3": [
    6.858796297338151e-05, 
    0.06588696999943046, 
    0.1953702817502183, 
    0.19372668437111332, 
    0.16309173656425802, 
    0.18078347446148688, 
    0.17299139812485495
  ], 
  "2": [
    8.317132810758004e-05, 
    0.14398068780212922, 
    0.1480383935832299, 
    0.18943938967529653, 
    0.14196051827420494, 
    0.25695860615436406, 
    0.22895610112129908
  ], 
  "5": [
    4.217628175849313e-05, 
    0.09578351294704679, 
    0.16833696285357774, 
    0.15097328415046124, 
    0.26133574719656527, 
    0.2833664802599364, 
    0.3269767681033414
  ], 
  "4": [
    6.499157426917905e-05, 
    0.060965898178053826, 
    0.15081464967309283, 
    0.15267195628799848, 
    0.13592530835297478, 
    0.1930470580125022, 
    0.17027688735420307
  ], 
  "7": [
    6.5005435749141634e-06, 
    0.04138500558964283, 
    0.09030090074982074, 
    0.07132239822862776, 
    0.42164791681372343, 
    0.33851271077229245, 
    0.4062670243089321
  ], 
  "6": [
    2.1227566982126496e-05, 
    0.061733089196814694, 
    0.11699547998254588, 
    0.09265206443294177, 
    0.20586512186572326, 
    0.4807252146212766, 
    0.3141884959884401
  ]
}