{
  "dV_11": 0.2195651198842285, 
  "dV_12": 0.14477945868827105, 
  "dV_13": 0.11155632271920639, 
  "dV_14": 0.108828256363684, 
  "dV_15": 0.05667591765579989, 
  "dV_16": 0.029922080886437465, 
  "dV_17": 0.01657860416319029, 
  "dV_21": 0.14477945868827105, 
  "dV_22": 0.19066966220831083, 
  "dV_23": 0.10404427348841011, 
  "dV_24": 0.10143775261695379, 
  "dV_25": 0.052795347957101696, 
  "dV_26": 0.02787728243131097, 
  "dV_27": 0.015451679385968458, 
  "dV_31": 0.11155632271920639, 
  "dV_32": 0.10404427348841011, 
  "dV_33": 0.11292530483068829, 
  "dV_34": 0.07826169936734655, 
  "dV_35": 0.04067394005447539, 
  "dV_36": 0.021475805125401346, 
  "dV_37": 0.011903048528152174, 
  "dV_41": 0.108828256363684, 
  "dV_42": 0.10143775261695379, 
  "dV_43": 0.07826169936734655, 
  "dV_44": 0.10667259938529541, 
  "dV_45": 0.039791557691973255, 
  "dV_46": 0.020970644090641796, 
  "dV_47": 0.01162007497963954, 
  "dV_51": 0.05667591765579989, 
  "dV_52": 0.052795347957101696, 
  "dV_53": 0.04067394005447539, 
  "dV_54": 0.039791557691973255, 
  "dV_55": 0.029162939026413193, 
  "dV_56": 0.010968688159990686, 
  "dV_57": 0.006067716591526569, 
  "dV_61": 0.029922080886437465, 
  "dV_62": 0.02787728243131097, 
  "dV_63": 0.021475805125401346, 
  "dV_64": 0.020970644090641796, 
  "dV_65": 0.010968688159990686, 
  "dV_66": 0.008187285808638386, 
  "dV_67": 0.0032200589687314835, 
  "dV_71": 0.01657860416319029, 
  "dV_72": 0.015451679385968458, 
  "dV_73": 0.011903048528152174, 
  "dV_74": 0.01162007497963954, 
  "dV_75": 0.006067716591526569, 
  "dV_76": 0.0032200589687314835, 
  "dV_77": 0.002559386062730045
}