{
  "1": 439.6682819629446, 
  "3": 0.029715803271737208, 
  "2": 0.1600002018023812, 
  "4": 0.007934432117908698
}