{
  "1": [
    -0.2864991733333333, 
    0.8219201183431952, 
    0.3426159344700774, 
    0.18071133595087102, 
    -0.049476242399537754, 
    0.07036243362831884, 
    -0.01944336862787892
  ], 
  "3": [
    -0.47200277333333324, 
    0.05999987630795988, 
    -0.0708767168171181, 
    -0.7053881707439819, 
    0.2951052175685313, 
    0.11748550147492634, 
    -0.0044796819852273365
  ], 
  "2": [
    -0.50649782, 
    0.05799641961688904, 
    -0.5468093413574047, 
    0.05462187657303934, 
    -0.4707126634736229, 
    -0.05744168879056133, 
    -0.052917625441181934
  ], 
  "5": [
    -0.25345748666666656, 
    -0.21842700832413992, 
    0.5244263323303233, 
    -0.19937012315849528, 
    -0.22460662726315422, 
    -0.4218567109144546, 
    0.15363364625404774
  ], 
  "4": [
    -0.60402992, 
    -0.34595919165580113, 
    0.07314922768304943, 
    0.5125120071143323, 
    0.3287012092802069, 
    0.04399204277286135, 
    0.06361311719972362
  ], 
  "7": [
    -0.031300639999999984, 
    -0.19256786347073207, 
    0.19864049481778678, 
    -0.06461338635524683, 
    -0.3618278643975641, 
    0.4271814601769914, 
    0.36732743514172445
  ], 
  "6": [
    -0.09229518666666661, 
    -0.2471456991943306, 
    0.31339953192912046, 
    -0.03806179737575084, 
    -0.1840400862801055, 
    0.2216209365781709, 
    -0.589196954480953
  ]
}