{
  "1": [
    -0.2852670951256511, 
    0.9333908036801611, 
    -0.024631538000647192, 
    -0.07446456027756247, 
    0.15086689953286345, 
    -0.13312766095781955, 
    -0.027727480150852572
  ], 
  "2": [
    -0.5041783057548798, 
    -0.06228062016004968, 
    0.7918031271838621, 
    0.033575410344472374, 
    -0.27960082874824105, 
    0.17588426729926804, 
    -0.06880378652909919
  ], 
  "3": [
    -0.47133868409434976, 
    -0.2522349747844203, 
    -0.15798330504697616, 
    -0.741644469827083, 
    0.2742458564945804, 
    -0.05506861827807775, 
    0.24693880932242152
  ], 
  "4": [
    -0.6057146105013758, 
    -0.11457440391486376, 
    -0.5687268405376679, 
    0.3295953910186223, 
    -0.3600572653491136, 
    0.056337688885089235, 
    -0.23469982135526432
  ], 
  "5": [
    -0.2559321067516323, 
    -0.13651511721379286, 
    0.062304201800309884, 
    0.5252863483237254, 
    0.7708008499813511, 
    0.12579068536199212, 
    0.16154742756483148
  ], 
  "6": [
    -0.09395325680391974, 
    -0.15168199340795546, 
    0.13261692820319854, 
    0.14345357441326478, 
    -0.002882835784550454, 
    -0.9638832768909699, 
    -0.03032982923603451
  ], 
  "7": [
    -0.032374653908469275, 
    0.08067931004125038, 
    -0.05062695021457764, 
    0.19532896336652142, 
    -0.31633569191505345, 
    -0.015523997636427353, 
    0.9227225878971819
  ]
}