{
  "1": 0.0011129220810826913, 
  "3": 0.0007336199040381107, 
  "2": 0.0011532496550818953, 
  "4": 0.000385787572116909
}