{
  "dV_11": 0.37351731193930116, 
  "dV_12": 0.2521752158929658, 
  "dV_13": 0.19708827071001878, 
  "dV_14": 0.1951701822935778, 
  "dV_15": 0.09879533634683411, 
  "dV_16": 0.049560738735578855, 
  "dV_17": 0.025353332638670664, 
  "dV_21": 0.2521752158929658, 
  "dV_22": 0.3393591540130781, 
  "dV_23": 0.18798655142150958, 
  "dV_24": 0.18586293843489396, 
  "dV_25": 0.0940588519039261, 
  "dV_26": 0.04724179355044185, 
  "dV_27": 0.024189481132277143, 
  "dV_31": 0.19708827071001878, 
  "dV_32": 0.18798655142150958, 
  "dV_33": 0.20659101391547363, 
  "dV_34": 0.1453852199040011, 
  "dV_35": 0.07347735130982544, 
  "dV_36": 0.03690021250087977, 
  "dV_37": 0.01889627268302646, 
  "dV_41": 0.1951701822935778, 
  "dV_42": 0.18586293843489396, 
  "dV_43": 0.1453852199040011, 
  "dV_44": 0.19987345127469855, 
  "dV_45": 0.0728928524220688, 
  "dV_46": 0.036551039714184365, 
  "dV_47": 0.018735027317560698, 
  "dV_51": 0.09879533634683411, 
  "dV_52": 0.0940588519039261, 
  "dV_53": 0.07347735130982544, 
  "dV_54": 0.0728928524220688, 
  "dV_55": 0.05185221454189075, 
  "dV_56": 0.01861156002247845, 
  "dV_57": 0.009506771762018543, 
  "dV_61": 0.049560738735578855, 
  "dV_62": 0.04724179355044185, 
  "dV_63": 0.03690021250087977, 
  "dV_64": 0.036551039714184365, 
  "dV_65": 0.01861156002247845, 
  "dV_66": 0.013172495114001311, 
  "dV_67": 0.004792026281674725, 
  "dV_71": 0.025353332638670664, 
  "dV_72": 0.024189481132277143, 
  "dV_73": 0.01889627268302646, 
  "dV_74": 0.018735027317560698, 
  "dV_75": 0.009506771762018543, 
  "dV_76": 0.004792026281674725, 
  "dV_77": 0.003534092168551695
}