{
  "1": 0.0010256349117475285, 
  "3": 0.0003424197877692763, 
  "2": 0.0007615716456936101, 
  "4": 8.130011030816581e-05
}