{
  "1": 1099.7921989613312, 
  "2": 0.27275189739865635, 
  "3": 0.12279308167586055, 
  "4": 0.075495233034267029, 
  "5": 0.00086389294502852267, 
  "6": -0.23888194583507477, 
  "7": -0.59687839672946019
}