{
  "1": [
    8.226190558291411e-05, 
    0.156523614945761, 
    0.3170151618836521, 
    0.43588714554658253, 
    0.20441296388684632, 
    0.1802265134150428, 
    0.15658677777718658
  ], 
  "3": [
    6.0129896051878516e-05, 
    0.11362703227976163, 
    0.4316767650695811, 
    0.33770076031946894, 
    0.25544589247639377, 
    0.22494835709372382, 
    0.21828473886818683
  ], 
  "2": [
    7.269890950763819e-05, 
    0.09303135194814147, 
    0.2194614365532761, 
    0.2600192695354021, 
    0.30787954320588334, 
    0.24576596247631496, 
    0.3104792706980729
  ], 
  "5": [
    3.844314618567949e-05, 
    0.0565087831868942, 
    0.18856659164759393, 
    0.2569010140236077, 
    0.3345736138101907, 
    0.41476500242271286, 
    0.4185495338945198
  ], 
  "4": [
    5.748525189860119e-05, 
    0.055190756761467126, 
    0.27465124806532876, 
    0.27794899591472844, 
    0.26066334454290085, 
    0.2883478350355246, 
    0.27934843195224557
  ], 
  "7": [
    1.7920000005881307e-05, 
    0.04283463116252821, 
    0.14202880574867377, 
    0.24761516755844282, 
    0.5288250493723714, 
    0.43593000932400894, 
    0.3538254350334151
  ], 
  "6": [
    1.5032881017622894e-05, 
    0.06399830140404433, 
    0.21229166035215408, 
    0.2417008178135145, 
    0.3468392964486455, 
    0.25000366407368546, 
    0.38662243590632894
  ]
}