{
  "1": 0.0767038220655801, 
  "3": 0.04507279015584342, 
  "2": 0.0764748424105095, 
  "4": 0.03991490615742196
}