{
  "V_11": 88.76253428454574, 
  "V_12": 156.480822158524, 
  "V_13": 147.10384932043445, 
  "V_14": 190.22697291452104, 
  "V_15": 81.13887517156634, 
  "V_16": 30.070990758587197, 
  "V_17": 10.398273144709329, 
  "V_21": 156.480822158524, 
  "V_22": 275.72608786441475, 
  "V_23": 258.6867191164326, 
  "V_24": 335.11557614164207, 
  "V_25": 142.9742829755058, 
  "V_26": 52.85280778705, 
  "V_27": 18.223706049165457, 
  "V_31": 147.10384932043445, 
  "V_32": 258.6867191164326, 
  "V_33": 242.80779974429063, 
  "V_34": 314.318017337711, 
  "V_35": 134.0669625805111, 
  "V_36": 49.522502330958005, 
  "V_37": 17.06428304181155, 
  "V_41": 190.22697291452104, 
  "V_42": 335.11557614164207, 
  "V_43": 314.318017337711, 
  "V_44": 407.08707115808807, 
  "V_45": 173.4578344026943, 
  "V_46": 63.883214124515135, 
  "V_47": 21.972694116768874, 
  "V_51": 81.13887517156634, 
  "V_52": 142.9742829755058, 
  "V_53": 134.0669625805111, 
  "V_54": 173.4578344026943, 
  "V_55": 73.98994561966775, 
  "V_56": 27.130389268100785, 
  "V_57": 9.28524705318402, 
  "V_61": 30.070990758587197, 
  "V_62": 52.85280778705, 
  "V_63": 49.522502330958005, 
  "V_64": 63.883214124515135, 
  "V_65": 27.130389268100785, 
  "V_66": 9.934838970577731, 
  "V_67": 3.3537215081487477, 
  "V_71": 10.398273144709329, 
  "V_72": 18.223706049165457, 
  "V_73": 17.06428304181155, 
  "V_74": 21.972694116768874, 
  "V_75": 9.28524705318402, 
  "V_76": 3.3537215081487477, 
  "V_77": 1.1200650822355958
}