{
  "1": 1099.792830953517, 
  "3": 0.13795343467366314, 
  "2": 0.284004156228525, 
  "4": 0.06814026521151081
}