{
  "1": [
    -0.2843347, 
    -0.3764543866680026, 
    0.5561961007311134, 
    -0.19445499119751375, 
    0.036435455237129086, 
    0.05706132147395178, 
    0.01570749778172139
  ], 
  "3": [
    -0.46985886666666665, 
    -0.023047760745416097, 
    -0.33661743839696795, 
    -0.41310237479866646, 
    0.015200295882999593, 
    0.15470885218127917, 
    -0.032372537710736324
  ], 
  "2": [
    -0.5007540799999999, 
    -0.39849120328624404, 
    -0.1465240387219055, 
    0.15914754841367953, 
    -0.1473981993406039, 
    -0.32862371876323615, 
    0.11310628512274504
  ], 
  "5": [
    -0.2593926733333333, 
    0.3685786627926389, 
    0.1363037300297859, 
    0.0931216353897443, 
    -0.3656795502578406, 
    0.18183071579839064, 
    -0.08168970718722238
  ], 
  "4": [
    -0.6083615133333334, 
    0.25783687339277955, 
    0.036657852694286744, 
    0.27516692886841204, 
    0.24392788063234536, 
    0.10837309614570119, 
    -0.03889096421177133
  ], 
  "7": [
    -0.03296143999999991, 
    0.3631277928063321, 
    0.07272212293528284, 
    -0.09149417162977123, 
    0.03998112266463796, 
    0.048367852604828176, 
    0.4979989130434791
  ], 
  "6": [
    -0.09569894, 
    0.5536504725645377, 
    0.1393453086921205, 
    -0.19700419148218884, 
    0.01513303745033395, 
    -0.40801280813214763, 
    -0.18240266932859936
  ]
}