{"mode1_error": [3e-06, 3e-06, 5e-06, 6e-06, 1.1e-05, 2.3e-05, 1.5e-05], "mode2": [0.00033, 9e-05, -8e-05, -0.00051, -0.00243, -0.00701, -0.01394], "mode2_error": [0.000165, 0.000189, 0.000226, 0.000166, 0.000954, 0.002026, 0.003352], "mode1": [0.01025, 0.01721, 0.02463, 0.03346, 0.04385, 0.05084, 0.05402]}