{"mode1_error": [1.2e-05, 1.3e-05, 1.9e-05, 2.2e-05, 4.1e-05, 7e-05, 0.000116], "mode2": [0.00025, 0.00025, 0.00038, 0.00044, 0.00101, 0.00244, 0.00432], "mode2_error": [3.8e-05, 4.4e-05, 8.7e-05, 9e-05, 0.000185, 0.000625, 0.001407], "mode1": [0.00194, 0.00354, 0.0051, 0.00705, 0.0103, 0.01425, 0.01979]}