{"mode1_error": [3e-06, 3e-06, 5e-06, 5e-06, 1.1e-05, 2.4e-05, 6.9e-05], "mode2": [0.00024, 4e-05, 0.00055, -0.00035, -0.0016, -0.00581, -0.01328], "mode2_error": [9.4e-05, 0.00011, 0.000131, 0.000351, 0.001083, 0.003488, 0.004927], "mode1": [0.01437, 0.02413, 0.03448, 0.04674, 0.06103, 0.07035, 0.07386]}