{"mode1_error": [3e-06, 4e-06, 7e-06, 8e-06, 9e-06, 7.9e-05, 0.000173], "mode2": [0.00058, 0.00068, 0.00048, -0.00112, -0.00342, -0.01009, -0.02538], "mode2_error": [8.8e-05, 0.000102, 0.000153, 6.4e-05, 0.000242, 0.001129, 0.002216], "mode1": [0.03516, 0.05869, 0.08328, 0.11245, 0.1466, 0.16865, 0.17513]}