{"mode1_error": [6e-06, 7e-06, 1e-05, 1.2e-05, 3e-05, 6e-06, 5e-06], "mode2": [0.00112, 0.00084, 0.00049, -0.00289, -0.0071, -0.01812, -0.03713], "mode2_error": [8.9e-05, 0.00014, 0.000181, 9.3e-05, 0.000249, 0.001019, 0.002982], "mode1": [0.04998, 0.08287, 0.11671, 0.15673, 0.20423, 0.23519, 0.24416]}