{
  "1": [
    -0.4802137080219303, 
    -0.6949560065897837, 
    0.3371208209887854, 
    -0.24835199772853445, 
    0.2992621600131151, 
    0.14386503588765664, 
    0.029099688070543212
  ], 
  "2": [
    -0.5416403044756587, 
    -0.18235734316884045, 
    -0.2736939087879503, 
    0.6449627649261802, 
    -0.3074562055041409, 
    -0.29643182613028063, 
    0.009225522471322885
  ], 
  "3": [
    -0.4331271221246077, 
    0.3884233217274079, 
    -0.5006776614555878, 
    -0.07972720257560247, 
    0.5736470697449435, 
    0.2498359315843473, 
    0.1140382320500987
  ], 
  "4": [
    -0.49606973976812524, 
    0.3554491334136023, 
    0.15653873470573285, 
    -0.45863152210343877, 
    -0.6001015114413671, 
    0.16552952716993394, 
    -0.07212232603550325
  ], 
  "5": [
    -0.19275564659257707, 
    0.348948041254799, 
    0.4340191722722901, 
    -0.03744105865292946, 
    0.3389135677121359, 
    -0.7026064161411012, 
    -0.20685228559669727
  ], 
  "6": [
    -0.06815153534531207, 
    0.25642156975228425, 
    0.5203245463596875, 
    0.5439992681453796, 
    0.10645111231811924, 
    0.5529005712833884, 
    -0.21424198577672887
  ], 
  "7": [
    -0.023171393970534967, 
    0.1380160427673593, 
    0.27775605260727254, 
    0.09114812433513775, 
    -0.022930567524009824, 
    -0.04752040721889922, 
    0.9445497620990179
  ]
}