{
  "1": 0.002837776113672999, 
  "3": 0.0016635357505282902, 
  "2": 0.0031291859635247006, 
  "4": 0.001767150973600099
}