{
  "1": [
    -0.4802140533333332, 
    -0.6479362912400464, 
    0.2734413122321135, 
    -0.07392569325045124, 
    0.12851015104606414, 
    0.04188704190776778, 
    0.0070229320780095476
  ], 
  "3": [
    -0.43312685999999984, 
    0.35775171652278587, 
    -0.24977996483130102, 
    -0.19373234140105133, 
    0.25637444413171967, 
    0.11710752235665461, 
    0.04894989912575663
  ], 
  "2": [
    -0.5416403666666667, 
    -0.17547441611456926, 
    -0.3499906326702568, 
    0.2568655777454476, 
    -0.06806720142602476, 
    -0.05780804839558129, 
    0.020662893222745327
  ], 
  "5": [
    -0.1927560133333333, 
    0.3374966874121657, 
    0.25507675935084456, 
    0.149390578847595, 
    0.21383730181067667, 
    -0.4191575398912867, 
    -0.13553422252110847
  ], 
  "4": [
    -0.49606926, 
    0.33416973164692587, 
    0.19927820273290142, 
    -0.13927495040338558, 
    -0.37214326859930535, 
    0.021618840960898167, 
    -0.0271836882612266
  ], 
  "7": [
    -0.023166666666666665, 
    0.13583066318677645, 
    0.13516016045719306, 
    0.10110453202839145, 
    0.03631517027863783, 
    -0.013074697527616017, 
    0.7032270641859085
  ], 
  "6": [
    -0.06816043999999992, 
    0.2533941778759294, 
    0.22437586914312924, 
    0.2675357889168101, 
    0.09775429214748105, 
    0.4526322461862181, 
    -0.1826988941194052
  ]
}