{
  "1": [
    0.0001038009443333057, 
    0.22363882268163182, 
    0.23564245894847463, 
    0.3376089121436821, 
    0.2367077267720405, 
    0.27579415681587366, 
    0.12610689159296645
  ], 
  "3": [
    7.476187897285216e-05, 
    0.2421474678606634, 
    0.25747567844413033, 
    0.3049636844801513, 
    0.27630898683572624, 
    0.15750284539910517, 
    0.12207856955164322
  ], 
  "2": [
    9.076508773958498e-05, 
    0.18516270621210432, 
    0.2586848368203057, 
    0.29715338935207375, 
    0.1842782803136864, 
    0.13461277103433303, 
    0.0873878809034743
  ], 
  "5": [
    4.4871510254935626e-05, 
    0.18078951399009482, 
    0.27625834880709305, 
    0.28762376858371685, 
    0.2035382321948144, 
    0.17729296936037015, 
    0.17465666258451137
  ], 
  "4": [
    6.990882116543706e-05, 
    0.1581465737433947, 
    0.2536734662228753, 
    0.27417917750021836, 
    0.11637838080360938, 
    0.17630238678061982, 
    0.08726632579794959
  ], 
  "7": [
    2.635160210367478e-05, 
    0.11076310551982266, 
    0.13687631345002468, 
    0.09028089157456866, 
    0.16984770453490974, 
    0.3312790003179592, 
    0.1906081929978449
  ], 
  "6": [
    2.5528057825698697e-05, 
    0.10460408889839642, 
    0.17110583875712526, 
    0.20145489091725016, 
    0.35597063441027604, 
    0.16953239669696255, 
    0.2848873407809877
  ]
}