{
  "1": [
    -0.2876291133333333, 
    0.20240064520442602, 
    0.27863722244650807, 
    0.40566649115108966, 
    -0.4221794385046195, 
    0.24692520052797226, 
    -0.11224320962617526
  ], 
  "3": [
    -0.4726259400000001, 
    0.21854474977434574, 
    0.05680721975508007, 
    -0.5227901930671315, 
    -0.3224117899483601, 
    0.05434930449791864, 
    0.08694751571689319
  ], 
  "2": [
    -0.5082974333333332, 
    0.44060079898372007, 
    -0.3823540707845518, 
    0.20107147871873626, 
    0.3269743181322274, 
    0.005353386130571685, 
    0.11253106874873263
  ], 
  "5": [
    -0.2514742599999999, 
    -0.39714916925751415, 
    -0.45118069573408837, 
    0.07567716834869119, 
    -0.3380597207069614, 
    -0.33220486343791195, 
    -0.2358385858176175
  ], 
  "4": [
    -0.6025030333333334, 
    -0.4139806605823559, 
    0.3704511303996768, 
    0.022588540295451282, 
    0.3108916357553279, 
    -0.13671146647713756, 
    -0.0183537078347867
  ], 
  "7": [
    -0.031246253333333328, 
    -0.26601104202186276, 
    -0.10120564526981553, 
    0.08611039198478877, 
    -0.11606748127136526, 
    0.12607476562764408, 
    0.8145656594335171
  ], 
  "6": [
    -0.09110920666666661, 
    -0.30566819443051424, 
    -0.2109001009285421, 
    -0.0782550680122857, 
    0.09809405774965473, 
    0.6863726029715359, 
    -0.23162317312242178
  ]
}