{
  "1": 0.00024248177536497108, 
  "3": 5.828025880143797e-08, 
  "2": 1.245154250145046e-07, 
  "5": 2.882590059291974e-08, 
  "4": 7.563807258101908e-08, 
  "7": 6.986859295574789e-09, 
  "6": 2.6292343090275496e-08
}