{
  "1": 363.0063471521935, 
  "3": 0.1398064634066358, 
  "2": 0.34137996202441157, 
  "5": 0.06842033043820918, 
  "4": 0.11719729572633399, 
  "7": 0.011858934233845313, 
  "6": 0.053861889613200924
}