{
  "1": 2390.8680867888638, 
  "2": 0.38987497175526353, 
  "3": 0.12833668831897346, 
  "4": 0.04715405595684443, 
  "5": -0.027375426911764682, 
  "6": -0.056898073782192041, 
  "7": -0.42580540943234668
}