{
  "1": 0.0028564987969791323, 
  "3": 0.0013213412467759328, 
  "2": 0.002593087933600016, 
  "4": 0.0007040553185815851
}