{
  "1": [
    0.00012163930615059178, 
    0.3020528667148493, 
    0.4097945822684943, 
    0.32109815589169277, 
    0.2334121678399303, 
    0.18915754842005936, 
    0.1749430165859538
  ], 
  "3": [
    9.635875924219765e-05, 
    0.36197978756200194, 
    0.4102708440851955, 
    0.3767921772672423, 
    0.2928465750371014, 
    0.2481230501708525, 
    0.2305249164552492
  ], 
  "2": [
    0.00011106528815964084, 
    0.4286185656296419, 
    0.28237430955609927, 
    0.3336083551396082, 
    0.22337657421401008, 
    0.17787116734135305, 
    0.16925157243702624
  ], 
  "5": [
    5.281039450929855e-05, 
    0.20388702204260972, 
    0.311765852319823, 
    0.3738979648585563, 
    0.5307933226241768, 
    0.41025991072977863, 
    0.3614275557788612
  ], 
  "4": [
    9.354911257940232e-05, 
    0.3676676635270139, 
    0.3633455992002724, 
    0.39494308934353484, 
    0.2562697708759214, 
    0.22295906656414832, 
    0.22082966555575104
  ], 
  "7": [
    8.863407921147256e-06, 
    0.0713302971189522, 
    0.12800204756576886, 
    0.24100251330142974, 
    0.3610248677382858, 
    0.4689471994966063, 
    0.5414918716258134
  ], 
  "6": [
    3.287479550643581e-05, 
    0.16352759436791542, 
    0.248606267805718, 
    0.3468584303774521, 
    0.4590623560156461, 
    0.44324382850318, 
    0.44779279225434016
  ]
}