{
  "1": 2390.871066336057, 
  "3": 0.19414512061918093, 
  "2": 0.49490444510544673, 
  "4": 0.06929707610141278
}