{
  "1": [
    -0.4176693933333333, 
    0.5411362605773529, 
    -0.0216963649197103, 
    -0.05208838758804504, 
    0.024702865571007364, 
    -0.04783933779867932, 
    -0.03689125528913924
  ], 
  "3": [
    -0.44839472, 
    -0.20448931130815104, 
    0.1954073936827249, 
    -0.25577579161114283, 
    0.0827924252001686, 
    -0.013438188209586071, 
    0.037702570130073755
  ], 
  "2": [
    -0.55982322, 
    -0.2172075428154985, 
    -0.3961147167813651, 
    0.0011927723840343448, 
    -0.04031144121365373, 
    -0.026033200323024905, 
    -0.0026983544898919773
  ], 
  "5": [
    -0.20037446666666664, 
    0.010188991457144391, 
    -0.014745314981471972, 
    0.2276119106542288, 
    0.14985851243152182, 
    0.14547812930502094, 
    0.1478695188841877
  ], 
  "4": [
    -0.5152098266666668, 
    -0.02131281023523258, 
    0.27175836127286657, 
    0.15162956405863326, 
    -0.1234899705014753, 
    0.08208355422545245, 
    -0.049874518100611366
  ], 
  "7": [
    -0.02356786666666662, 
    0.00419657071136488, 
    0.03694185636139062, 
    0.04025196395710396, 
    -0.19629441635061026, 
    -0.30322932402261227, 
    0.3905446325027437
  ], 
  "6": [
    -0.0703248399999999, 
    -0.05516035871897626, 
    0.07488481265807898, 
    0.1578016942699411, 
    0.18984384745048455, 
    -0.3370764476746937, 
    -0.18657945463093603
  ]
}