{
  "1": 0.14317588434181316, 
  "3": 0.07240713026365267, 
  "2": 0.12558137578545767, 
  "4": 0.04779174824978818
}