{
  "1": [
    -0.2842202533333333, 
    0.6380921159787536, 
    -0.18448763221517014, 
    0.1531679377541005, 
    0.2832646881590845, 
    0.018498535106134893, 
    -0.016369008374066886
  ], 
  "3": [
    -0.46902208, 
    0.6916486574201468, 
    0.21535540193411945, 
    0.25382917426047935, 
    -0.19134792608215276, 
    -0.08999118731047283, 
    0.027931283392065822
  ], 
  "2": [
    -0.4994120133333332, 
    0.6815199969136377, 
    -0.01573637050468415, 
    -0.14428706481611295, 
    -0.10695796926785252, 
    0.10421190109633767, 
    0.0079286612860446
  ], 
  "5": [
    -0.2609655733333333, 
    0.23761867725437263, 
    -0.3722748715624047, 
    -0.055541777653162115, 
    0.039891272471627943, 
    -0.42472785164450627, 
    0.026198283505740837
  ], 
  "4": [
    -0.6093076266666667, 
    0.44490087423661395, 
    0.156285864309459, 
    -0.13488098976587728, 
    0.11212406347293342, 
    0.10183100069979031, 
    0.001202762305331302
  ], 
  "7": [
    -0.03335599333333332, 
    0.19476652101053504, 
    -0.22290859776367392, 
    0.03133355296976514, 
    -0.06990549362257657, 
    0.2867826778633077, 
    0.5700143420105345
  ], 
  "6": [
    -0.09671636666666668, 
    0.3114961634525395, 
    -0.3241486778482926, 
    0.05278478900883194, 
    -0.14210769308024546, 
    0.24958459062281357, 
    -0.4031211663066959
  ]
}