{
  "1": [
    0.00011903860564031102, 
    0.3514966052692896, 
    0.2828318043625987, 
    0.3574276027604955, 
    0.18840089002516722, 
    0.2377020019155528, 
    0.1718847735908456
  ], 
  "3": [
    8.624770521508788e-05, 
    0.3000691352506655, 
    0.36954836818879266, 
    0.3210689777130765, 
    0.263724037372907, 
    0.2044828756130019, 
    0.17425775205272112
  ], 
  "2": [
    0.00010100377216092351, 
    0.24451882139219341, 
    0.3659177152969988, 
    0.22851642119040974, 
    0.19619032517324186, 
    0.16260278174701429, 
    0.11414067273326604
  ], 
  "5": [
    5.331616343707588e-05, 
    0.22565909448477103, 
    0.2911714820631292, 
    0.24478590103834802, 
    0.45040044972916154, 
    0.2765933549178489, 
    0.34700262911844953
  ], 
  "4": [
    8.743113031826183e-05, 
    0.20972431859715132, 
    0.20357985085063532, 
    0.26363899449899164, 
    0.3464310902287417, 
    0.3341660360299414, 
    0.27294100643873026
  ], 
  "7": [
    1.2977544700887291e-05, 
    0.11031899309930814, 
    0.1625902353264273, 
    0.19431266792375468, 
    0.3007845259305363, 
    0.45383844343358204, 
    0.30480269947838623
  ], 
  "6": [
    3.328915408600781e-05, 
    0.16214573993683823, 
    0.23175940757263053, 
    0.32179728026901955, 
    0.32438471576035344, 
    0.4568451704819563, 
    0.2986619151190821
  ]
}