{
  "V_11": 840.0214277318064, 
  "V_12": 955.9152211293348, 
  "V_13": 795.6996656681822, 
  "V_14": 975.8664451357711, 
  "V_15": 420.49791663465953, 
  "V_16": 164.46124866804348, 
  "V_17": 61.6836847215357, 
  "V_21": 955.9152211293348, 
  "V_22": 1092.1646242863762, 
  "V_23": 907.1623060689112, 
  "V_24": 1112.6809890001177, 
  "V_25": 478.7298611657989, 
  "V_26": 187.58754583877186, 
  "V_27": 70.42507197062699, 
  "V_31": 795.6996656681822, 
  "V_32": 907.1623060689112, 
  "V_33": 753.2180614599994, 
  "V_34": 925.5488748430697, 
  "V_35": 398.7790756810168, 
  "V_36": 155.86500323058434, 
  "V_37": 58.62923775519928, 
  "V_41": 975.8664451357711, 
  "V_42": 1112.6809890001177, 
  "V_43": 925.5488748430697, 
  "V_44": 1135.9088565435713, 
  "V_45": 489.774760793566, 
  "V_46": 191.84600061137456, 
  "V_47": 72.18671412859818, 
  "V_51": 420.49791663465953, 
  "V_52": 478.7298611657989, 
  "V_53": 398.7790756810168, 
  "V_54": 489.774760793566, 
  "V_55": 211.29910573851396, 
  "V_56": 83.01675905344548, 
  "V_57": 31.355057124471386, 
  "V_61": 164.46124866804348, 
  "V_62": 187.58754583877186, 
  "V_63": 155.86500323058434, 
  "V_64": 191.84600061137456, 
  "V_65": 83.01675905344548, 
  "V_66": 32.812828426231185, 
  "V_67": 12.452514628965144, 
  "V_71": 61.6836847215357, 
  "V_72": 70.42507197062699, 
  "V_73": 58.62923775519928, 
  "V_74": 72.18671412859818, 
  "V_75": 31.355057124471386, 
  "V_76": 12.452514628965144, 
  "V_77": 4.794787302932291
}