{
  "1": 0.001736121922342024, 
  "3": 0.0018785505565667778, 
  "2": 0.0012614382879853618, 
  "4": 0.0009084685231338161
}