{
  "1": [
    7.543871264943181e-05, 
    0.12134595380036506, 
    0.3623004807237426, 
    0.3590436107771322, 
    0.19266415892094682, 
    0.1550629141324416, 
    0.09885123840706543
  ], 
  "3": [
    5.822241465032402e-05, 
    0.13433453910157692, 
    0.4147172995219653, 
    0.29558487031739905, 
    0.24427144371130124, 
    0.17823349140350025, 
    0.11897387892011649
  ], 
  "2": [
    6.67134509910376e-05, 
    0.15814831918900135, 
    0.31160590761785, 
    0.383854975696385, 
    0.1759353002003185, 
    0.19805715141520328, 
    0.15221333848793003
  ], 
  "5": [
    3.592069720523804e-05, 
    0.08330493836843592, 
    0.22563255250349323, 
    0.25019152597771427, 
    0.3379780365272691, 
    0.22250828558105343, 
    0.3078619352885924
  ], 
  "4": [
    5.7268413159199433e-05, 
    0.08024335870318682, 
    0.1614574008886132, 
    0.19651944920655112, 
    0.2255201864762814, 
    0.2574096483801176, 
    0.23024215299154802
  ], 
  "7": [
    2.332458502898171e-05, 
    0.050083207414903116, 
    0.1502440388595981, 
    0.19537571905364212, 
    0.32923529956724296, 
    0.38823723133753385, 
    0.29678312632706344
  ], 
  "6": [
    2.4196674694473122e-05, 
    0.07636449797141609, 
    0.21922397385297468, 
    0.27903851383357675, 
    0.2706103860647941, 
    0.30705798414498875, 
    0.2785880770304265
  ]
}