{
  "1": [
    -0.4156749733333332, 
    0.4882843247400271, 
    0.31641053072158076, 
    -0.335436932707355, 
    0.1375722974830177, 
    -0.0904310222442326, 
    0.01975104255319155
  ], 
  "3": [
    -0.44858085333333336, 
    0.34578793259103247, 
    0.11922398459735511, 
    0.46583449683608874, 
    -0.20368808654336928, 
    0.15518750773802162, 
    -0.04144439716312047
  ], 
  "2": [
    -0.5584657333333333, 
    0.01896164443106971, 
    -0.48229049054076883, 
    -0.16898086003946414, 
    -0.22423024698629548, 
    -0.09000949610003693, 
    0.04194156028368792
  ], 
  "5": [
    -0.2027295133333333, 
    -0.41659746213261106, 
    0.22763721747865462, 
    0.10162507994828904, 
    -0.14062431774453235, 
    -0.5603129090834036, 
    0.02186385106382976
  ], 
  "4": [
    -0.5168830066666665, 
    -0.4954978399705763, 
    0.04242649589820879, 
    0.04075342586922472, 
    0.4297435544037385, 
    0.20089574924683226, 
    -0.0018733687943258384
  ], 
  "7": [
    -0.02484285333333326, 
    -0.20330963653994033, 
    0.14367357441821535, 
    -0.09478556848336345, 
    -0.2399294891428121, 
    0.23605040237712027, 
    0.6550594964539
  ], 
  "6": [
    -0.07224373999999993, 
    -0.31897252482696536, 
    0.1756250359953122, 
    -0.20018986187657276, 
    -0.3909338948443079, 
    0.3062470430440347, 
    -0.45384056737588496
  ]
}