{
  "1": 2440.110708017329, 
  "3": 0.7541677816387361, 
  "2": 1.4717614818324274, 
  "4": 0.21675286739632038
}