{
  "1": [
    -0.48263792288270063, 
    0.3826987190722322, 
    -0.7818700508979493, 
    0.06376298337015854, 
    0.07182937395847952, 
    -0.00636743150765568, 
    0.003978458155794066
  ], 
  "2": [
    -0.5440546852645696, 
    0.37977487744304905, 
    0.5758515317960989, 
    0.18669043599141644, 
    0.431788240797722, 
    0.07967675091502521, 
    -0.022973175979903997
  ], 
  "3": [
    -0.4328074379596979, 
    0.0732336925196549, 
    0.2200492112047715, 
    -0.061372413044974705, 
    -0.8562934096683708, 
    -0.13055852744529525, 
    -0.06958726148995034
  ], 
  "4": [
    -0.49254155543774203, 
    -0.6403910598168729, 
    -0.028232082590911655, 
    -0.4590152311024975, 
    0.18852258017078746, 
    0.037739800481124845, 
    0.3143962754670378
  ], 
  "5": [
    -0.19010680646088204, 
    -0.46596767388786525, 
    -0.07218532585839292, 
    0.3802686447146092, 
    0.10329183226639366, 
    -0.21779964164684246, 
    -0.7340386087203407
  ], 
  "6": [
    -0.06686649232121053, 
    -0.23221513587158354, 
    -0.05113968423601856, 
    0.5185552470728045, 
    -0.17010436624437847, 
    0.7794886571504894, 
    0.18317240311988078
  ], 
  "7": [
    -0.023107293064669222, 
    -0.15099373243225298, 
    -0.005435294345340925, 
    0.5771616941327676, 
    -0.00394859993615312, 
    -0.5657755730170888, 
    0.5686863737685978
  ]
}