{
  "1": 0.0012958397198242254, 
  "3": 0.0003554603478411436, 
  "2": 0.00092974643250792, 
  "4": 0.00038494681359477656
}