{
  "1": [
    -0.48263801999999995, 
    0.3856890066666671, 
    -0.5973549385332784, 
    0.05676368024132719, 
    0.02698349646201452, 
    -0.009596543388929155, 
    -0.0006554791271345404
  ], 
  "3": [
    -0.43280680000000005, 
    0.044636879999999976, 
    0.1812424191041399, 
    -0.1086712669683256, 
    -0.41935555696792537, 
    -0.04976739182982831, 
    -0.011500964579380058
  ], 
  "2": [
    -0.5440548733333334, 
    0.2977480533333338, 
    0.48249020064999365, 
    0.16327736048265493, 
    0.19206473030803786, 
    0.029169209572153878, 
    -0.021353107210626037
  ], 
  "5": [
    -0.1901062199999999, 
    -0.39813618666666695, 
    -0.085063197682634, 
    0.28937343137254956, 
    -0.009890669886870125, 
    -0.1738219531061152, 
    -0.3054678921568624
  ], 
  "4": [
    -0.49254154000000006, 
    -0.5595078066666666, 
    -0.06641179171965443, 
    -0.31682365007541463, 
    0.15087649252150315, 
    0.04516972202078826, 
    0.14013995098039228
  ], 
  "7": [
    -0.023100000000000006, 
    -0.12912305999999976, 
    -0.008590497385897915, 
    0.37347802413272957, 
    -0.04947947544595543, 
    -0.2208257239545555, 
    0.33362930107526906
  ], 
  "6": [
    -0.06686600666666663, 
    -0.1975154333333337, 
    -0.05314508972728535, 
    0.34715894419306226, 
    -0.10930466929367372, 
    0.39183876722262506, 
    -0.02617760120176958
  ]
}