{
  "1": 1929.0804564075806, 
  "3": 0.19127967702075532, 
  "2": 0.8782829248216217, 
  "4": 0.0632283625402526
}