{
  "1": [
    3.230391190637502e-05, 
    0.033466026395558394, 
    0.14478822197572896, 
    0.19881375372605473, 
    0.17468347013194072, 
    0.12189109152521194, 
    0.07369019074916158
  ], 
  "3": [
    1.293546320950692e-05, 
    0.028451968717765307, 
    0.20839459517014827, 
    0.2551711016247388, 
    0.31842433859656627, 
    0.27486963822373434, 
    0.21419954910484448
  ], 
  "2": [
    2.535522998376738e-05, 
    0.03872463775594237, 
    0.16986034599299987, 
    0.2920701452648354, 
    0.3192382204320045, 
    0.23245935472152923, 
    0.13529101044158648
  ], 
  "5": [
    2.492691090786556e-06, 
    0.021829704556553864, 
    0.16392601739090773, 
    0.30734964986133534, 
    0.257850200377885, 
    0.3611170167729297, 
    0.2789315058554361
  ], 
  "4": [
    6.5994566451123685e-06, 
    0.02248461753722839, 
    0.17046083381619256, 
    0.3318539262208512, 
    0.28634601773612267, 
    0.19443872351306868, 
    0.1477024349927043
  ], 
  "7": [
    1.3878655076026769e-05, 
    0.009648731909717592, 
    0.0962005205051542, 
    0.13710395239312242, 
    0.24528075950474038, 
    0.5557007342250943, 
    0.49248034068089186
  ], 
  "6": [
    0.0, 
    0.01501303116300932, 
    0.11262286087251092, 
    0.16248075267237752, 
    0.29526502924354847, 
    0.4119870050742565, 
    0.5824330382021741
  ]
}