{
  "1": [
    -0.42119178, 
    -0.6450605600000004, 
    -0.4935972121699517, 
    -0.13282107665458484, 
    0.1909522592516868, 
    0.008063118523093892, 
    -0.007113358881269278
  ], 
  "3": [
    -0.44816920666666654, 
    0.17054582666666665, 
    0.409271203592012, 
    -0.4788539736877436, 
    0.11179717167586725, 
    0.0420009814014135, 
    0.1765926784993949
  ], 
  "2": [
    -0.5634883666666667, 
    -0.23726376000000024, 
    0.2556453759549663, 
    0.23354912739965114, 
    -0.459988638996796, 
    0.006256379109189431, 
    -0.031087992470082034
  ], 
  "5": [
    -0.19696657333333328, 
    0.4586642000000005, 
    -0.369726933386945, 
    -0.31810496039736896, 
    -0.21396312274245252, 
    -0.0735077894447876, 
    -0.2389482654296093
  ], 
  "4": [
    -0.5099666133333333, 
    0.42197426666666654, 
    -0.02965560916767166, 
    0.3805549402604379, 
    0.359677332515505, 
    -0.0577774209045367, 
    -0.055791757429071075
  ], 
  "7": [
    -0.023903026666666584, 
    0.15678696666666664, 
    -0.3001095563597378, 
    0.07776241106188754, 
    -0.1229124923328557, 
    -0.2679991489945787, 
    0.3793119940836367
  ], 
  "6": [
    -0.06923333333333326, 
    0.28419956666666624, 
    -0.3531990885940227, 
    0.08197449993287688, 
    -0.13981125195938152, 
    0.3554856495779288, 
    0.11274621487158892
  ]
}