{
  "1": 7.097340639535838e-05, 
  "3": 7.903556545507082e-05, 
  "2": 8.58263701736411e-05, 
  "4": 1.6738986019461038e-05
}