{
  "1": 87.77535550983644, 
  "3": 0.019672595859492555, 
  "2": 0.10402620676710422, 
  "4": 0.004857596998088344
}