{
  "V_10_1": 1.180064025312602, 
  "V_10_10": -0.01216148813784658, 
  "V_10_11": -0.015708884297728973, 
  "V_10_2": 2.0205113823868137, 
  "V_10_3": 1.9424975305720358, 
  "V_10_4": 2.593418987771326, 
  "V_10_5": 1.17881407146334, 
  "V_10_6": 0.44836070984780996, 
  "V_10_7": 0.14244342588599548, 
  "V_10_8": 0.03557915965084891, 
  "V_10_9": 0.0010843239046945444, 
  "V_11_1": 0.5155047817667253, 
  "V_11_10": -0.015708884297728973, 
  "V_11_11": -0.025398043741468698, 
  "V_11_2": 0.8898530626638845, 
  "V_11_3": 0.8685823401504918, 
  "V_11_4": 1.1562037982470361, 
  "V_11_5": 0.5116977945172515, 
  "V_11_6": 0.17160479464634348, 
  "V_11_7": 0.04262196397822958, 
  "V_11_8": 0.00032424666351918376, 
  "V_11_9": -0.01325255264352749, 
  "V_1_1": 127.30374126492725, 
  "V_1_10": 1.180064025312602, 
  "V_1_11": 0.5155047817667253, 
  "V_1_2": 220.66125056332277, 
  "V_1_3": 212.94055594818929, 
  "V_1_4": 292.0361545683049, 
  "V_1_5": 136.43695366151476, 
  "V_1_6": 55.20276517654599, 
  "V_1_7": 20.827213293924554, 
  "V_1_8": 7.672406822644267, 
  "V_1_9": 2.7915642415554807, 
  "V_2_1": 220.66125056332277, 
  "V_2_10": 2.0205113823868137, 
  "V_2_11": 0.8898530626638845, 
  "V_2_2": 385.0360385642551, 
  "V_2_3": 370.99552136410136, 
  "V_2_4": 508.43341120823186, 
  "V_2_5": 237.2248750804621, 
  "V_2_6": 96.25605770943602, 
  "V_2_7": 36.39818412907371, 
  "V_2_8": 13.253372344520677, 
  "V_2_9": 4.875605092059077, 
  "V_3_1": 212.94055594818929, 
  "V_3_10": 1.9424975305720358, 
  "V_3_11": 0.8685823401504918, 
  "V_3_2": 370.99552136410136, 
  "V_3_3": 357.1066943857172, 
  "V_3_4": 489.71622025707967, 
  "V_3_5": 228.44316937268712, 
  "V_3_6": 92.53526003939227, 
  "V_3_7": 34.98416347741584, 
  "V_3_8": 12.751443439304934, 
  "V_3_9": 4.661656287199338, 
  "V_4_1": 292.0361545683049, 
  "V_4_10": 2.593418987771326, 
  "V_4_11": 1.1562037982470361, 
  "V_4_2": 508.43341120823186, 
  "V_4_3": 489.71622025707967, 
  "V_4_4": 670.875051471908, 
  "V_4_5": 313.0546157895517, 
  "V_4_6": 126.6742647863659, 
  "V_4_7": 47.79026512306982, 
  "V_4_8": 17.373746390841635, 
  "V_4_9": 6.312553970006309, 
  "V_5_1": 136.43695366151476, 
  "V_5_10": 1.17881407146334, 
  "V_5_11": 0.5116977945172515, 
  "V_5_2": 237.2248750804621, 
  "V_5_3": 228.44316937268712, 
  "V_5_4": 313.0546157895517, 
  "V_5_5": 145.67747432723795, 
  "V_5_6": 59.010614262522914, 
  "V_5_7": 22.21628269067674, 
  "V_5_8": 8.033364800257987, 
  "V_5_9": 2.913760253180454, 
  "V_6_1": 55.20276517654599, 
  "V_6_10": 0.44836070984780996, 
  "V_6_11": 0.17160479464634348, 
  "V_6_2": 96.25605770943602, 
  "V_6_3": 92.53526003939227, 
  "V_6_4": 126.6742647863659, 
  "V_6_5": 59.010614262522914, 
  "V_6_6": 23.815192362114896, 
  "V_6_7": 8.927327265006964, 
  "V_6_8": 3.184528035433094, 
  "V_6_9": 1.127413304957979, 
  "V_7_1": 20.827213293924554, 
  "V_7_10": 0.14244342588599548, 
  "V_7_11": 0.04262196397822958, 
  "V_7_2": 36.39818412907371, 
  "V_7_3": 34.98416347741584, 
  "V_7_4": 47.79026512306982, 
  "V_7_5": 22.21628269067674, 
  "V_7_6": 8.927327265006964, 
  "V_7_7": 3.334817361138565, 
  "V_7_8": 1.1653357613987358, 
  "V_7_9": 0.4008569319415784, 
  "V_8_1": 7.672406822644267, 
  "V_8_10": 0.03557915965084891, 
  "V_8_11": 0.00032424666351918376, 
  "V_8_2": 13.253372344520677, 
  "V_8_3": 12.751443439304934, 
  "V_8_4": 17.373746390841635, 
  "V_8_5": 8.033364800257987, 
  "V_8_6": 3.184528035433094, 
  "V_8_7": 1.1653357613987358, 
  "V_8_8": 0.39863333457245254, 
  "V_8_9": 0.1278966565664533, 
  "V_9_1": 2.7915642415554807, 
  "V_9_10": 0.0010843239046945444, 
  "V_9_11": -0.01325255264352749, 
  "V_9_2": 4.875605092059077, 
  "V_9_3": 4.661656287199338, 
  "V_9_4": 6.312553970006309, 
  "V_9_5": 2.913760253180454, 
  "V_9_6": 1.127413304957979, 
  "V_9_7": 0.4008569319415784, 
  "V_9_8": 0.1278966565664533, 
  "V_9_9": 0.03540008649869261
}