{
  "1": 1714.3124527348011, 
  "3": 0.06970057561789507, 
  "2": 0.7225906936301383, 
  "4": 0.017038507854369174
}