{
  "P_1": 1574.0011649380217, 
  "P_2": 1260.3653680242853, 
  "P_3": 709.0123397419682, 
  "P_4": 603.8893185428789, 
  "P_5": 182.00488413862888, 
  "P_6": 56.40268859094359, 
  "P_7": 18.483335488658838
}