{
  "V_11": 65.02252185192818, 
  "V_12": 86.82772982466851, 
  "V_13": 68.75296845053694, 
  "V_14": 77.78215535319694, 
  "V_15": 29.869659101393225, 
  "V_16": 10.686016452459251, 
  "V_17": 4.757251145155736, 
  "V_21": 86.82772982466851, 
  "V_22": 116.04339854462759, 
  "V_23": 91.89960289541709, 
  "V_24": 103.9966851051769, 
  "V_25": 39.911549145534714, 
  "V_26": 14.298720449442316, 
  "V_27": 6.366846341098902, 
  "V_31": 68.75296845053694, 
  "V_32": 91.89960289541709, 
  "V_33": 72.87865457397044, 
  "V_34": 82.4374294234132, 
  "V_35": 31.6671916520482, 
  "V_36": 11.34105505103428, 
  "V_37": 5.063499950077411, 
  "V_41": 77.78215535319694, 
  "V_42": 103.9966851051769, 
  "V_43": 82.4374294234132, 
  "V_44": 93.46529783251012, 
  "V_45": 35.932719152224045, 
  "V_46": 12.878234733486861, 
  "V_47": 5.7602218155207465, 
  "V_51": 29.869659101393225, 
  "V_52": 39.911549145534714, 
  "V_53": 31.6671916520482, 
  "V_54": 35.932719152224045, 
  "V_55": 13.89634840380802, 
  "V_56": 5.001414915956074, 
  "V_57": 2.2476876491386557, 
  "V_61": 10.686016452459251, 
  "V_62": 14.298720449442316, 
  "V_63": 11.34105505103428, 
  "V_64": 12.878234733486861, 
  "V_65": 5.001414915956074, 
  "V_66": 1.9231902871768878, 
  "V_67": 0.8292417908860276, 
  "V_71": 4.757251145155736, 
  "V_72": 6.366846341098902, 
  "V_73": 5.063499950077411, 
  "V_74": 5.7602218155207465, 
  "V_75": 2.2476876491386557, 
  "V_76": 0.8292417908860276, 
  "V_77": 0.5094605335622545
}