{
  "1": 30.453485274572202, 
  "2": 0.13352827584683352, 
  "3": 0.099149465533228523, 
  "4": 0.019464839644080131, 
  "5": -0.0016752511472127721, 
  "6": -0.064548568634840112, 
  "7": -0.12840268286470746
}