{
  "1": 0.00039888512855458123, 
  "3": 0.0004240082071581362, 
  "2": 0.0005224477687116252, 
  "4": 7.73550406454319e-05
}