{
  "dV_11": 0.14719153691104137, 
  "dV_12": 0.09577852819468358, 
  "dV_13": 0.07312959335543694, 
  "dV_14": 0.06944908693100926, 
  "dV_15": 0.036675132024517616, 
  "dV_16": 0.020067133320558952, 
  "dV_17": 0.01474743201655287, 
  "dV_21": 0.09577852819468358, 
  "dV_22": 0.1245761087530421, 
  "dV_23": 0.06741076136132011, 
  "dV_24": 0.06406739612769803, 
  "dV_25": 0.033818106559564604, 
  "dV_26": 0.018452590865453568, 
  "dV_27": 0.013568549209752485, 
  "dV_31": 0.07312959335543694, 
  "dV_32": 0.06741076136132011, 
  "dV_33": 0.07267718426778703, 
  "dV_34": 0.049042758984412474, 
  "dV_35": 0.02581843643252219, 
  "dV_36": 0.01411458557114955, 
  "dV_37": 0.010369194175825802, 
  "dV_41": 0.06944908693100926, 
  "dV_42": 0.06406739612769803, 
  "dV_43": 0.049042758984412474, 
  "dV_44": 0.06570015694053541, 
  "dV_45": 0.02467283064311885, 
  "dV_46": 0.013462279348079798, 
  "dV_47": 0.009888121700296414, 
  "dV_51": 0.036675132024517616, 
  "dV_52": 0.033818106559564604, 
  "dV_53": 0.02581843643252219, 
  "dV_54": 0.02467283064311885, 
  "dV_55": 0.018455433252666013, 
  "dV_56": 0.0071644412055329645, 
  "dV_57": 0.0052637889834717755, 
  "dV_61": 0.020067133320558952, 
  "dV_62": 0.018452590865453568, 
  "dV_63": 0.01411458557114955, 
  "dV_64": 0.013462279348079798, 
  "dV_65": 0.0071644412055329645, 
  "dV_66": 0.005903551361928855, 
  "dV_67": 0.002924475097891726, 
  "dV_71": 0.01474743201655287, 
  "dV_72": 0.013568549209752485, 
  "dV_73": 0.010369194175825802, 
  "dV_74": 0.009888121700296414, 
  "dV_75": 0.0052637889834717755, 
  "dV_76": 0.002924475097891726, 
  "dV_77": 0.004040893655582067
}