{
  "V_11": 2.64943962559276, 
  "V_12": 4.533889329401696, 
  "V_13": 4.174890471938015, 
  "V_14": 5.246279222427499, 
  "V_15": 2.1465466214157365, 
  "V_16": 0.7747836264659751, 
  "V_17": 0.3418777805984797, 
  "V_21": 4.533889329401696, 
  "V_22": 7.947813440036689, 
  "V_23": 7.33627546498409, 
  "V_24": 9.34450063251078, 
  "V_25": 3.886388838185104, 
  "V_26": 1.39880546851691, 
  "V_27": 0.6152427942574547, 
  "V_31": 4.174890471938015, 
  "V_32": 7.33627546498409, 
  "V_33": 6.9388391531981455, 
  "V_34": 8.714660064428887, 
  "V_35": 3.5519303567447627, 
  "V_36": 1.306458306301855, 
  "V_37": 0.5774664535315605, 
  "V_41": 5.246279222427499, 
  "V_42": 9.34450063251078, 
  "V_43": 8.714660064428887, 
  "V_44": 10.827258453545253, 
  "V_45": 4.534266505656052, 
  "V_46": 1.6120157951015708, 
  "V_47": 0.7033482851849269, 
  "V_51": 2.1465466214157365, 
  "V_52": 3.886388838185104, 
  "V_53": 3.5519303567447627, 
  "V_54": 4.534266505656052, 
  "V_55": 1.853337776010891, 
  "V_56": 0.6706673915547811, 
  "V_57": 0.26856901285763934, 
  "V_61": 0.7747836264659751, 
  "V_62": 1.39880546851691, 
  "V_63": 1.306458306301855, 
  "V_64": 1.6120157951015708, 
  "V_65": 0.6706673915547811, 
  "V_66": 0.25425546188070974, 
  "V_67": 0.09199570717798265, 
  "V_71": 0.3418777805984797, 
  "V_72": 0.6152427942574547, 
  "V_73": 0.5774664535315605, 
  "V_74": 0.7033482851849269, 
  "V_75": 0.26856901285763934, 
  "V_76": 0.09199570717798265, 
  "V_77": 0.040057442685163244
}