{
  "1": [
    0.2897027666666668, 
    0.09305045265571002, 
    0.1903068160472292, 
    -0.16714457971014385, 
    -0.000664520547945173, 
    0.07809514533085964, 
    0.06356472713864306
  ], 
  "3": [
    0.47584607333333323, 
    -0.13507402183626654, 
    -0.23267140301444586, 
    -0.20675119668736952, 
    -0.03013489345509852, 
    0.0363318800247371, 
    0.015501474926253778
  ], 
  "2": [
    0.5111576266666664, 
    -0.25597961300850824, 
    0.16607201127062907, 
    0.13571893995859222, 
    -0.1443466742770161, 
    -0.17249755720469917, 
    -0.00018650442477867403
  ], 
  "5": [
    0.24755611333333336, 
    -0.024276259859346554, 
    0.05301912876246682, 
    0.10139363146997926, 
    0.4861617503805176, 
    0.21282616728509604, 
    -0.05522970501474961
  ], 
  "4": [
    0.5979906666666664, 
    0.28302559350351625, 
    -0.0667137662686173, 
    0.08609409523809575, 
    -0.08695345509893458, 
    0.05607509276437858, 
    -0.09403401917404118
  ], 
  "7": [
    0.03891204000000008, 
    0.033353160819054345, 
    -0.01830906122814066, 
    -0.02937312629399599, 
    0.2264539345509897, 
    -0.5420925865800866, 
    -0.2482383775811203
  ], 
  "6": [
    0.08923316000000006, 
    0.041413074561914794, 
    -0.01847754819088491, 
    0.021101002070393313, 
    0.12611266362252696, 
    -0.18903227427334482, 
    0.6036998230088504
  ]
}