{
  "1": [
    2.6917077253456992e-05, 
    0.10018104054757385, 
    0.041740270540008347, 
    0.08182427463499094, 
    0.22824590357920257, 
    0.24142890274934825, 
    0.17349172110778513
  ], 
  "3": [
    3.1629834336459084e-05, 
    0.02182840404545222, 
    0.018839158571668974, 
    0.042552503988780216, 
    0.23630039339051542, 
    0.3193635742007114, 
    0.4426835384936569
  ], 
  "2": [
    2.4474886226096865e-05, 
    0.08780836749851025, 
    0.04422287941601213, 
    0.08320219827043897, 
    0.1953489684978866, 
    0.24734254664598948, 
    0.15460486083021568
  ], 
  "5": [
    3.227658192037295e-05, 
    0.028858290636323683, 
    0.047698293782872325, 
    0.06689808047479455, 
    0.24559152126133563, 
    0.42083854040686924, 
    0.35245710058000584
  ], 
  "4": [
    2.3378431986984387e-05, 
    0.025165570822089582, 
    0.05307117124284878, 
    0.10381185516495303, 
    0.16034662840483585, 
    0.22510901993635452, 
    0.23169516171807367
  ], 
  "7": [
    2.951735534380931e-05, 
    0.10935909949738079, 
    0.11566262790190127, 
    0.07352292777388755, 
    0.017375948141914063, 
    0.025331336003287977, 
    0.024500094380423554
  ], 
  "6": [
    6.666331265038233e-07, 
    0.06221184840588445, 
    0.12631447665766332, 
    0.11029312511669644, 
    0.0857077733658083, 
    0.08728575342754745, 
    0.07552292325840315
  ]
}