{
  "1": 0.008443561243809461, 
  "3": 0.0017211681147980833, 
  "2": 0.0008087811617412905, 
  "4": 0.005855567118418232
}