{
  "1": 30.402596656719581, 
  "2": 0.26561195137106552, 
  "3": 0.069285798074685559, 
  "4": 0.0262800574094758, 
  "5": 0.0123874709081843, 
  "6": 0.0047052907771562014, 
  "7": -0.049900713523924098
}