{
  "1": 30.402349401468832, 
  "3": 0.0708245035998034, 
  "2": 0.2665420079951834, 
  "4": 0.030744614579027
}