{
  "1": [
    2.9243364170394413e-05, 
    0.03459864838010617, 
    0.044048755200464834, 
    0.19326501337737229, 
    0.22927423894277546, 
    0.20833408812573634, 
    0.11477127303470988
  ], 
  "3": [
    3.2755688084295705e-05, 
    0.02736681514064805, 
    0.05388257029256695, 
    0.5977313280014345, 
    0.325407202321793, 
    0.3010360452201046, 
    0.2025999481522151
  ], 
  "2": [
    2.6413325426693052e-05, 
    0.034169470930945786, 
    0.06904104761383091, 
    0.25562611838874927, 
    0.36452540846149056, 
    0.33320366235970467, 
    0.21255477854562185
  ], 
  "5": [
    2.0088581389861596e-05, 
    0.025653402991989583, 
    0.03805861036008321, 
    0.2784751842253687, 
    0.3687388598139045, 
    0.27505413624939185, 
    0.1527990900337508
  ], 
  "4": [
    1.8153278084003237e-05, 
    0.0195608496651129, 
    0.05360626752114009, 
    0.3809267610137827, 
    0.24957585792776135, 
    0.23040131700848393, 
    0.153428159861809
  ], 
  "7": [
    0.0, 
    0.01398300966579647, 
    0.03938644320041805, 
    0.3900742949629141, 
    0.5931036008932845, 
    0.4071963564188872, 
    0.09564685909566051
  ], 
  "6": [
    0.0, 
    0.016480868862525862, 
    0.029005566288705608, 
    0.08666022493764472, 
    0.22910479204816667, 
    0.2595470810554956, 
    0.20712165128201798
  ]
}