{
  "1": [
    -0.4222431733333334, 
    0.6034357466666668, 
    -0.49068729999999966, 
    0.12524753438443476, 
    0.06089999204075134, 
    -0.19205498530409176, 
    -0.006841074400651463
  ], 
  "3": [
    -0.44806020666666657, 
    -0.04897523999999994, 
    0.19661999999999977, 
    -0.030365958477766502, 
    -0.24892600286532923, 
    -0.18751245007159528, 
    0.10898119267679439
  ], 
  "2": [
    -0.56444172, 
    0.2370023733333333, 
    0.17679144000000005, 
    -0.16381161057065075, 
    0.026184208850684204, 
    0.39943849574195556, 
    0.021565760118984388
  ], 
  "5": [
    -0.1959067333333333, 
    -0.4318075599999989, 
    -0.484320626666666, 
    0.1529092884565211, 
    -0.09295362145813445, 
    0.2701259627703673, 
    -0.3918440419278312
  ], 
  "4": [
    -0.5085023599999999, 
    -0.5040449733333334, 
    0.29640579333333406, 
    0.058591244548809145, 
    0.17302742757083775, 
    -0.22453730499660923, 
    -0.060662059563015645
  ], 
  "7": [
    -0.025566666666666623, 
    -0.21320847333333326, 
    -0.47420529333333444, 
    -0.29535951023146634, 
    0.03431944444444515, 
    -0.17819809330017333, 
    -0.1600572860228759
  ], 
  "6": [
    -0.0688333333333333, 
    -0.29444494666666676, 
    -0.35453206666666753, 
    0.0143106079242611, 
    0.005636708054759531, 
    0.07937235662069515, 
    0.7787410566946427
  ]
}