{
  "1": 87.86613463126362, 
  "3": 0.013726152876227467, 
  "2": 0.026540719408461363, 
  "5": -0.03938088114279025, 
  "4": -0.01069944042632107, 
  "7": -0.15853485027262978, 
  "6": -0.11770777999183711
}