{"mode1_error": [5e-06, 7e-06, 1e-05, 1e-05, 2.1e-05, 3.7e-05, 6.6e-05], "mode2": [0.0003, -3e-05, 0.00015, -0.00038, -0.00163, -0.00175, -0.00354], "mode2_error": [7.5e-05, 0.000197, 0.000245, 0.000185, 0.001221, 0.001613, 0.002423], "mode1": [0.00522, 0.01293, 0.02159, 0.03297, 0.04689, 0.05605, 0.05913]}