{"mode1_error": [1e-05, 1.2e-05, 1.7e-05, 1.9e-05, 3.8e-05, 6.4e-05, 0.000105], "mode2": [-0.00023, 0.00013, 0.00014, 2e-05, 0.00028, 0.00015, 0.00122], "mode2_error": [1.8e-05, 6.8e-05, 9.1e-05, 0.000109, 0.000214, 0.000444, 0.000749], "mode1": [0.00243, 0.00593, 0.0098, 0.01489, 0.02092, 0.02501, 0.02564]}