{"mode1_error": [8e-06, 1.1e-05, 1.5e-05, 1.7e-05, 3.5e-05, 6.1e-05, 0.000109], "mode2": [0.00031, -0.00063, -0.0001, 0.00052, 0.00057, 0.00258, 0.0007], "mode2_error": [0.000244, 0.000292, 0.000497, 0.000657, 0.001316, 0.00438, 0.007835], "mode1": [0.00815, 0.02042, 0.03389, 0.05135, 0.07254, 0.08652, 0.08947]}