{"mode1_error": [1.2e-05, 1.5e-05, 2.2e-05, 2.5e-05, 5e-05, 8.4e-05, 0.000147], "mode2": [0.00063, -0.00054, 0.00041, -0.00043, -0.00113, -8e-05, -0.00547], "mode2_error": [0.000325, 0.000627, 0.000998, 0.000838, 0.001707, 0.00282, 0.010231], "mode1": [0.00884, 0.02199, 0.03633, 0.05473, 0.07728, 0.09139, 0.09479]}