{"mode1_error": [1.9e-05, 2.3e-05, 3.4e-05, 3.8e-05, 7.6e-05, 0.000128, 0.000214], "mode2": [0.00083, 0.00064, -0.00067, -0.00166, -0.00224, -0.0054, -0.01728], "mode2_error": [0.000252, 0.00056, 0.000476, 0.000869, 0.001359, 0.003283, 0.00769], "mode1": [0.00938, 0.02332, 0.03839, 0.05787, 0.08117, 0.09579, 0.09871]}