{"mode1_error": [3.2e-05, 3.9e-05, 5.6e-05, 6.3e-05, 0.000127, 0.000215, 0.000357], "mode2": [-0.00107, 3e-05, 0.00032, 0.00127, 0.00214, 0.00362, 0.01136], "mode2_error": [0.00017, 0.000399, 0.000662, 0.000694, 0.001593, 0.002616, 0.006268], "mode1": [0.0099, 0.02475, 0.0404, 0.0605, 0.08547, 0.09997, 0.10098]}