{
  "1": 0.0005477144721822806, 
  "3": 1.883483344331075e-08, 
  "2": 7.92308688497802e-08, 
  "5": 1.3985352048353485e-08, 
  "4": 8.887301517646906e-09, 
  "7": 2.655167830170015e-07, 
  "6": 1.1842087898591409e-07
}