{
  "1": 1100.1161685780703, 
  "3": 0.04844553753031254, 
  "2": 0.20057268241146148, 
  "5": -0.056232583255727185, 
  "4": 0.01862086662573171, 
  "7": -0.9144465631623856, 
  "6": -0.2228291403969852
}