{
  "1": [
    6.86679740339748e-05, 
    0.05765298737151845, 
    0.20684697889358866, 
    0.2951571700804952, 
    0.22500823886425825, 
    0.20986123494345887, 
    0.15206640984114772
  ], 
  "3": [
    5.071916320486173e-05, 
    0.0611899493438863, 
    0.2997529034275849, 
    0.44764229975674474, 
    0.23473194863757682, 
    0.20363743269245, 
    0.16239175199661607
  ], 
  "2": [
    6.098231947760815e-05, 
    0.06788462308326998, 
    0.3486359177772355, 
    0.3163545033941306, 
    0.32149846798736875, 
    0.23385936941077726, 
    0.1907451251205545
  ], 
  "5": [
    3.167070593623536e-05, 
    0.03862194290274727, 
    0.1398465490283073, 
    0.22912250114262522, 
    0.35862198072783313, 
    0.3299160011585774, 
    0.45765374367770256
  ], 
  "4": [
    4.795135326694377e-05, 
    0.03625930370054929, 
    0.3538106504304317, 
    0.2932807833083501, 
    0.2899384702105858, 
    0.18828211676101483, 
    0.2260970833075038
  ], 
  "7": [
    3.191298168488195e-05, 
    0.02513729062531369, 
    0.26745711466167404, 
    0.2970734380204887, 
    0.28910924965772, 
    0.4765144607030519, 
    0.3028822154126243
  ], 
  "6": [
    8.887154244629928e-06, 
    0.03740584565250981, 
    0.3000765033842953, 
    0.29922555246572163, 
    0.30522824127632125, 
    0.35071074461766033, 
    0.3492884269220376
  ]
}