{
  "1": 0.0627031197038274, 
  "3": 0.027337609910986233, 
  "2": 0.057993065690462045, 
  "4": 0.013833389375655413
}