{
  "1": [
    -0.28428353999999995, 
    -0.7086384133333333, 
    0.19995562685434368, 
    0.12402925889932709, 
    0.31314640778186353, 
    0.03077671802708121, 
    -0.04889311842706904
  ], 
  "3": [
    -0.46986204666666653, 
    0.12554614666666683, 
    -0.47141589732974565, 
    -0.11356936615916088, 
    0.30358114276960774, 
    0.012142726771085586, 
    0.096243621399177
  ], 
  "2": [
    -0.5008557, 
    -0.31350187333333274, 
    0.07334268957427768, 
    -0.320279483857035, 
    -0.3343318780637262, 
    -0.07358232098136563, 
    -0.02518409541228477
  ], 
  "5": [
    -0.2593727466666666, 
    0.3444124799999996, 
    0.16723797005450905, 
    0.03573029910376846, 
    0.11574313725490185, 
    -0.4705395857209571, 
    -0.17291623990245372
  ], 
  "4": [
    -0.6083083666666667, 
    0.27764313333333374, 
    0.0849274201338578, 
    0.3186745095921972, 
    -0.18920574448529445, 
    0.1890977078823383, 
    0.06595998323426294
  ], 
  "7": [
    -0.03292370666666659, 
    0.20195869333333344, 
    0.27263077347685055, 
    -0.13357314544865515, 
    0.1505436734068625, 
    -0.029744305785474313, 
    0.5334654778235031
  ], 
  "6": [
    -0.09569964000000002, 
    0.3616347933333335, 
    0.24978733871524206, 
    -0.21115854659324268, 
    0.16622186734068667, 
    0.31761929199032174, 
    -0.32968304374333235
  ]
}