{
  "1": 0.5980903127518278, 
  "3": 0.0, 
  "2": 0.8615458836019096, 
  "4": 0.0
}