{
  "1": [
    -0.3993496975412564, 
    -0.5484897786111081, 
    -0.6290328649379131, 
    0.050946151555719105, 
    0.06503054692007669, 
    0.37032241506447294, 
    0.005767423195688206
  ], 
  "2": [
    -0.5408530812332828, 
    -0.2575190200798324, 
    0.10421280247286943, 
    -0.2641712582087839, 
    -0.2148934926417422, 
    -0.712261592407075, 
    -0.08378154783098041
  ], 
  "3": [
    -0.44502587418019984, 
    -0.019078544459351737, 
    0.4198754530181587, 
    0.7670158985131427, 
    0.04326343795909936, 
    0.08935545862267669, 
    0.16469084000872794
  ], 
  "4": [
    -0.5378653351766951, 
    0.38492545046370447, 
    0.2418026905907575, 
    -0.5213370579269851, 
    0.09541583799095277, 
    0.45373973521881955, 
    0.1314856653791168
  ], 
  "5": [
    -0.2276931472524256, 
    0.5141986312594874, 
    -0.3632750496511815, 
    0.20551022166188804, 
    0.36801282619395104, 
    -0.18483281264796422, 
    -0.5830572669336637
  ], 
  "6": [
    -0.08782594284329387, 
    0.3856762840431709, 
    -0.3130755910898677, 
    0.1545626842393768, 
    -0.8437347016515767, 
    0.07055281563450619, 
    0.06905441354318342
  ], 
  "7": [
    -0.03306131542381681, 
    0.2667674929979445, 
    -0.3587594207394139, 
    0.03725915822132524, 
    0.30214933488197215, 
    -0.3202182367622533, 
    0.7770531175767914
  ]
}