{
  "1": 1460.7666613322431, 
  "2": 0.57844946653231488, 
  "3": 0.23357630322345707, 
  "4": 0.093158315027502145, 
  "5": 0.072152991466301067, 
  "6": 0.030983038683819179, 
  "7": 0.01243998284920228
}