{
  "1": 0.0004978240449398701, 
  "3": 0.0004177560120215492, 
  "2": 0.0003451600482029743, 
  "4": 0.0002875613399898085
}