{
  "V_11": 233.23983617735945, 
  "V_12": 315.5569971871272, 
  "V_13": 259.5562475650865, 
  "V_14": 313.62176236307755, 
  "V_15": 132.71218161835412, 
  "V_16": 51.15780896019168, 
  "V_17": 19.24710759360449, 
  "V_21": 315.5569971871272, 
  "V_22": 427.3869207746117, 
  "V_23": 351.60158500020907, 
  "V_24": 424.8712471978754, 
  "V_25": 179.81676738936275, 
  "V_26": 69.32365066117089, 
  "V_27": 26.08021443489255, 
  "V_31": 259.5562475650865, 
  "V_32": 351.60158500020907, 
  "V_33": 289.3538260680603, 
  "V_34": 349.6745003720508, 
  "V_35": 147.96953941118664, 
  "V_36": 57.06069520373074, 
  "V_37": 21.464954717590707, 
  "V_41": 313.62176236307755, 
  "V_42": 424.8712471978754, 
  "V_43": 349.6745003720508, 
  "V_44": 422.7180007822814, 
  "V_45": 178.97807404277214, 
  "V_46": 69.07232129832356, 
  "V_47": 26.014957117580614, 
  "V_51": 132.71218161835412, 
  "V_52": 179.81676738936275, 
  "V_53": 147.96953941118664, 
  "V_54": 178.97807404277214, 
  "V_55": 75.95485727263394, 
  "V_56": 29.338847619284927, 
  "V_57": 11.071802733024935, 
  "V_61": 51.15780896019168, 
  "V_62": 69.32365066117089, 
  "V_63": 57.06069520373074, 
  "V_64": 69.07232129832356, 
  "V_65": 29.338847619284927, 
  "V_66": 11.399565546510502, 
  "V_67": 4.322833254415084, 
  "V_71": 19.24710759360449, 
  "V_72": 26.08021443489255, 
  "V_73": 21.464954717590707, 
  "V_74": 26.014957117580614, 
  "V_75": 11.071802733024935, 
  "V_76": 4.322833254415084, 
  "V_77": 1.734414808566839
}