{
  "1": [
    0.00010290100992528294, 
    0.22018907745909222, 
    0.2436127254519598, 
    0.3400663907628379, 
    0.2320955206817114, 
    0.27498415829398504, 
    0.12373462518938022
  ], 
  "3": [
    7.330363497861636e-05, 
    0.23647227702572665, 
    0.26167704715303713, 
    0.3059256565914225, 
    0.2719263852680398, 
    0.15927678932900832, 
    0.12021797336612487
  ], 
  "2": [
    8.901026286078688e-05, 
    0.18381298026651421, 
    0.25355742698056816, 
    0.29725721765305196, 
    0.1807106197914768, 
    0.13538856077473332, 
    0.08933594721182164
  ], 
  "5": [
    4.5209774658971234e-05, 
    0.17837808847080114, 
    0.2811227916828178, 
    0.29021016514861425, 
    0.20435638951826252, 
    0.17775363940843852, 
    0.17629802483951101
  ], 
  "4": [
    6.965929005295413e-05, 
    0.1548578350489008, 
    0.25141475534616387, 
    0.27466567614184073, 
    0.11631242067796707, 
    0.17586978396959643, 
    0.08690455149249329
  ], 
  "7": [
    2.64441247436958e-05, 
    0.10834936707583909, 
    0.13778029433354477, 
    0.08971260557873602, 
    0.16934808032981205, 
    0.32860939311492504, 
    0.18725724966059146
  ], 
  "6": [
    2.606565985721134e-05, 
    0.10443593377274, 
    0.1738536886498462, 
    0.20563836850576897, 
    0.3542906077972593, 
    0.16963578715057828, 
    0.2816913135803369
  ]
}