{"V_16": 8.096810414806702, "V_17": 2.888642539604958, "V_14": 49.21333120009539, "V_15": 21.581782823129732, "V_12": 39.291640983825125, "V_13": 37.027497420830734, "V_11": 22.098458780171562, "V_75": 2.7877670853148455, "V_55": 20.689122039575725, "V_52": 37.72981132966436, "V_45": 47.038179576345044, "V_76": 1.0546151175381546, "V_51": 21.581782823129732, "V_56": 7.835651386203404, "V_57": 2.7877670853148455, "V_54": 47.038179576345044, "V_44": 107.47238277124927, "V_31": 37.027497420830734, "V_32": 65.459145514226, "V_33": 61.950537050484186, "V_34": 81.5652898884957, "V_35": 35.74294503256612, "V_36": 13.52329034355838, "V_37": 4.78218227511479, "V_27": 5.050927653230321, "V_72": 5.050927653230321, "V_43": 81.5652898884957, "V_42": 86.0995733445729, "V_73": 4.78218227511479, "V_47": 6.324477419481044, "V_67": 1.0546151175381546, "V_66": 2.9872565216797535, "V_65": 7.835651386203404, "V_64": 17.828424395836013, "V_63": 13.52329034355838, "V_62": 14.428400830567067, "V_61": 8.096810414806702, "V_23": 65.459145514226, "V_22": 69.27479426500283, "V_21": 39.291640983825125, "V_46": 17.828424395836013, "V_41": 49.21333120009539, "V_26": 14.428400830567067, "V_25": 37.72981132966436, "V_24": 86.0995733445729, "V_74": 6.324477419481044, "V_53": 35.74294503256612, "V_77": 0.38447093392918164, "V_71": 2.888642539604958}