{
  "1": 815.11368161634493, 
  "2": 0.54775851310204127, 
  "3": 0.28618192720021263, 
  "4": 0.091673096703354134, 
  "5": 0.044758261901871224, 
  "6": 0.013046491791688783, 
  "7": -0.28318128895277972
}