{
  "1": 0.0015677835809135324, 
  "3": 0.001278449644224017, 
  "2": 0.002078660311443674, 
  "4": 0.0006650786843723796
}