{
  "1": [
    0.00021510421973119906, 
    0.49134550089767987, 
    0.38961654858252204, 
    0.36769760491469017, 
    0.2510324989050637, 
    0.18503614100880975, 
    0.1594228631828025
  ], 
  "3": [
    0.00015725125494536274, 
    0.31455194948603543, 
    0.44547899605509084, 
    0.28729602606615934, 
    0.2808206679010425, 
    0.19075487743270333, 
    0.1703504203848349
  ], 
  "2": [
    0.00019201330708640683, 
    0.36312985562522787, 
    0.41285264215848044, 
    0.3232498152781155, 
    0.21615669287258008, 
    0.15570530245823266, 
    0.13769272225078036
  ], 
  "5": [
    9.147804363934091e-05, 
    0.17398679335664904, 
    0.2862754712592, 
    0.3777735375129728, 
    0.2885201622329384, 
    0.3715420777675415, 
    0.34362924935541644
  ], 
  "4": [
    0.00014880403164162128, 
    0.3594620292857086, 
    0.3228559932090036, 
    0.3002810506535614, 
    0.25559276951969623, 
    0.19596251189002872, 
    0.18779372841271771
  ], 
  "7": [
    2.7850317372284004e-05, 
    0.07238968555675751, 
    0.13074287552248726, 
    0.23519952116212348, 
    0.3994556155338637, 
    0.5120675520997048, 
    0.3908071595131812
  ], 
  "6": [
    4.7035105059218174e-05, 
    0.12309865829339878, 
    0.1911652191912522, 
    0.27247147028148805, 
    0.40321772273610484, 
    0.3747968778176225, 
    0.5108160768011593
  ]
}