{
  "V_11": 66.15609582855515, 
  "V_12": 116.91103494721176, 
  "V_13": 109.55877438134145, 
  "V_14": 140.771302745485, 
  "V_15": 59.37862766943622, 
  "V_16": 21.845285461027768, 
  "V_17": 7.486723707321693, 
  "V_21": 116.91103494721176, 
  "V_22": 207.9106491990511, 
  "V_23": 193.84152589537354, 
  "V_24": 249.00751575458844, 
  "V_25": 105.19028036926336, 
  "V_26": 38.68534041196081, 
  "V_27": 13.304337661132301, 
  "V_31": 109.55877438134145, 
  "V_32": 193.84152589537354, 
  "V_33": 181.3918296018272, 
  "V_34": 232.57643589508885, 
  "V_35": 98.26993436447844, 
  "V_36": 36.02992442916072, 
  "V_37": 12.391949317427935, 
  "V_41": 140.771302745485, 
  "V_42": 249.00751575458844, 
  "V_43": 232.57643589508885, 
  "V_44": 298.7857187475382, 
  "V_45": 126.31585344843698, 
  "V_46": 46.33445224204427, 
  "V_47": 16.008505673095343, 
  "V_51": 59.37862766943622, 
  "V_52": 105.19028036926336, 
  "V_53": 98.26993436447844, 
  "V_54": 126.31585344843698, 
  "V_55": 53.45771962554842, 
  "V_56": 19.606919813424188, 
  "V_57": 6.749585977841852, 
  "V_61": 21.845285461027768, 
  "V_62": 38.68534041196081, 
  "V_63": 36.02992442916072, 
  "V_64": 46.33445224204427, 
  "V_65": 19.606919813424188, 
  "V_66": 7.232443499342158, 
  "V_67": 2.484599446397487, 
  "V_71": 7.486723707321693, 
  "V_72": 13.304337661132301, 
  "V_73": 12.391949317427935, 
  "V_74": 16.008505673095343, 
  "V_75": 6.749585977841852, 
  "V_76": 2.484599446397487, 
  "V_77": 0.8794621162293672
}