{
  "1": 1079.0214152264859, 
  "2": 0.37040930881798462, 
  "3": 0.18968394775329045, 
  "4": 0.069141298827727599, 
  "5": 0.0068582676795937861, 
  "6": -0.10505826826098359, 
  "7": -0.57101200083458403
}