{
  "1": 0.0016675616257013006, 
  "3": 0.0011395458992262868, 
  "2": 0.00211270465947118, 
  "4": 0.0005716770046134591
}