{
  "1": [
    -0.2836522533333333, 
    -0.4977883362936641, 
    -0.2860006879136198, 
    -0.15727936795491113, 
    -0.03700857484589198, 
    0.010867883954701575, 
    0.012347894813519774
  ], 
  "3": [
    -0.46885753999999996, 
    -0.16523339602270803, 
    0.029613392546151345, 
    0.3440801328502414, 
    0.1563379795749378, 
    -0.15076111888705102, 
    -0.04426453234265712
  ], 
  "2": [
    -0.49944536, 
    -0.12585896632187468, 
    0.3709754179728325, 
    -0.23235712560386393, 
    -0.026723258809458594, 
    0.022319018535012985, 
    0.019019573135198222
  ], 
  "5": [
    -0.2613839, 
    0.007242472050987255, 
    -0.0032013235806335194, 
    0.20646831723027398, 
    -0.02581746250805021, 
    0.4243214106968661, 
    -0.046991899766899964
  ], 
  "4": [
    -0.60937424, 
    0.46123884303277296, 
    -0.19638516196447345, 
    -0.11016636473429892, 
    0.0035920047842485717, 
    -0.05845506637825003, 
    0.0032121212121214234
  ], 
  "7": [
    -0.033897279999999926, 
    -0.00364284122174613, 
    0.0027815743643330856, 
    0.044195259661835795, 
    -0.024432551292667005, 
    -0.05133762141069703, 
    0.722507976398602
  ], 
  "6": [
    -0.09726719999999994, 
    -0.013455239786855897, 
    0.024305764541971416, 
    0.11305538446054751, 
    -0.4530367099089149, 
    -0.17577828816219213, 
    -0.06591164044289122
  ]
}