{
  "1": 1079.0221402526056, 
  "3": 0.18795762275709646, 
  "2": 0.45198659050160206, 
  "4": 0.060439847158723865
}