{
  "1": 0.0031122740875228344, 
  "3": 0.0036063589852790134, 
  "2": 0.0019060976306491222, 
  "4": 0.002171439849288235
}