{
  "V_10_1": 4.218788437743605, 
  "V_10_10": 0.06636704972194328, 
  "V_10_11": 0.039368538585497194, 
  "V_10_2": 5.770091526024849, 
  "V_10_3": 4.832595253660906, 
  "V_10_4": 5.966686947147217, 
  "V_10_5": 2.631785315002131, 
  "V_10_6": 1.0745341218765507, 
  "V_10_7": 0.4396126840383808, 
  "V_10_8": 0.18781387476211336, 
  "V_10_9": 0.09079486278133322, 
  "V_11_1": 2.204701879832786, 
  "V_11_10": 0.039368538585497194, 
  "V_11_11": 0.045664357409321454, 
  "V_11_2": 3.1185805342768314, 
  "V_11_3": 2.5835724931811153, 
  "V_11_4": 3.2044567936491557, 
  "V_11_5": 1.4516291440497504, 
  "V_11_6": 0.6089233427231858, 
  "V_11_7": 0.2583605877893012, 
  "V_11_8": 0.11632218448296944, 
  "V_11_9": 0.06251304916354956, 
  "V_1_1": 798.9528775439773, 
  "V_1_10": 4.218788437743605, 
  "V_1_11": 2.204701879832786, 
  "V_1_2": 1082.2522449740852, 
  "V_1_3": 900.1696868255507, 
  "V_1_4": 1102.5903892102335, 
  "V_1_5": 473.4122025827842, 
  "V_1_6": 184.83678862366918, 
  "V_1_7": 69.05589574850728, 
  "V_1_8": 25.52111466366481, 
  "V_1_9": 9.618134943767823, 
  "V_2_1": 1082.2522449740852, 
  "V_2_10": 5.770091526024849, 
  "V_2_11": 3.1185805342768314, 
  "V_2_2": 1468.9418764592376, 
  "V_2_3": 1220.6095520537613, 
  "V_2_4": 1495.3679606283586, 
  "V_2_5": 642.6885611098982, 
  "V_2_6": 250.8706800079111, 
  "V_2_7": 93.80677047612276, 
  "V_2_8": 34.690499124766205, 
  "V_2_9": 13.142618747716773, 
  "V_3_1": 900.1696868255507, 
  "V_3_10": 4.832595253660906, 
  "V_3_11": 2.5835724931811153, 
  "V_3_2": 1220.6095520537613, 
  "V_3_3": 1014.3049890062883, 
  "V_3_4": 1243.0558436045847, 
  "V_3_5": 534.3629788842545, 
  "V_3_6": 208.73666183263597, 
  "V_3_7": 78.11530534144678, 
  "V_3_8": 28.82817593681005, 
  "V_3_9": 10.901599764907758, 
  "V_4_1": 1102.5903892102335, 
  "V_4_10": 5.966686947147217, 
  "V_4_11": 3.2044567936491557, 
  "V_4_2": 1495.3679606283586, 
  "V_4_3": 1243.0558436045847, 
  "V_4_4": 1523.504916474557, 
  "V_4_5": 654.6073612848642, 
  "V_4_6": 255.96932523038475, 
  "V_4_7": 95.98650022988171, 
  "V_4_8": 35.498305941676826, 
  "V_4_9": 13.45846219970732, 
  "V_5_1": 473.4122025827842, 
  "V_5_10": 2.631785315002131, 
  "V_5_11": 1.4516291440497504, 
  "V_5_2": 642.6885611098982, 
  "V_5_3": 534.3629788842545, 
  "V_5_4": 654.6073612848642, 
  "V_5_5": 281.9273151137403, 
  "V_5_6": 110.44020665929284, 
  "V_5_7": 41.47972948555413, 
  "V_5_8": 15.398174954299323, 
  "V_5_9": 5.890843109164457, 
  "V_6_1": 184.83678862366918, 
  "V_6_10": 1.0745341218765507, 
  "V_6_11": 0.6089233427231858, 
  "V_6_2": 250.8706800079111, 
  "V_6_3": 208.73666183263597, 
  "V_6_4": 255.96932523038475, 
  "V_6_5": 110.44020665929284, 
  "V_6_6": 43.29040459036134, 
  "V_6_7": 16.345291197563995, 
  "V_6_8": 6.119326881975554, 
  "V_6_9": 2.3571200049253065, 
  "V_7_1": 69.05589574850728, 
  "V_7_10": 0.4396126840383808, 
  "V_7_11": 0.2583605877893012, 
  "V_7_2": 93.80677047612276, 
  "V_7_3": 78.11530534144678, 
  "V_7_4": 95.98650022988171, 
  "V_7_5": 41.47972948555413, 
  "V_7_6": 16.345291197563995, 
  "V_7_7": 6.256336066844735, 
  "V_7_8": 2.356334446808284, 
  "V_7_9": 0.9368176971727943, 
  "V_8_1": 25.52111466366481, 
  "V_8_10": 0.18781387476211336, 
  "V_8_11": 0.11632218448296944, 
  "V_8_2": 34.690499124766205, 
  "V_8_3": 28.82817593681005, 
  "V_8_4": 35.498305941676826, 
  "V_8_5": 15.398174954299323, 
  "V_8_6": 6.119326881975554, 
  "V_8_7": 2.356334446808284, 
  "V_8_8": 0.9167784670771585, 
  "V_8_9": 0.3779984075574962, 
  "V_9_1": 9.618134943767823, 
  "V_9_10": 0.09079486278133322, 
  "V_9_11": 0.06251304916354956, 
  "V_9_2": 13.142618747716773, 
  "V_9_3": 10.901599764907758, 
  "V_9_4": 13.45846219970732, 
  "V_9_5": 5.890843109164457, 
  "V_9_6": 2.3571200049253065, 
  "V_9_7": 0.9368176971727943, 
  "V_9_8": 0.3779984075574962, 
  "V_9_9": 0.17113075661954882
}