{
  "1": [
    0.00019494229789442964, 
    0.18200459547194378, 
    0.3006344385101061, 
    0.20581225655877136, 
    0.1426038426548006, 
    0.0946522519895799, 
    0.10460839099643739
  ], 
  "3": [
    0.00013933925043145752, 
    0.23950114358717953, 
    0.3368387416365774, 
    0.31473111528017506, 
    0.31026620473441746, 
    0.16989908575378052, 
    0.1826451206161159
  ], 
  "2": [
    0.00017181364582075654, 
    0.20346552925451827, 
    0.32186070274293, 
    0.3461280335177858, 
    0.36627111280768576, 
    0.21242808515718978, 
    0.2002077615951957
  ], 
  "5": [
    8.182232793092585e-05, 
    0.11406714643194539, 
    0.20506069553869877, 
    0.3650221289707512, 
    0.29301956563636866, 
    0.2622774934600413, 
    0.3933352919867335
  ], 
  "4": [
    0.0001317855981203165, 
    0.20775986030563406, 
    0.1981314354512835, 
    0.3405226601528568, 
    0.1953398843674512, 
    0.1408211101085335, 
    0.1694693234365285
  ], 
  "7": [
    3.19823256767728e-05, 
    0.053775752157935834, 
    0.10445748591829115, 
    0.22880737053893382, 
    0.3263291024560414, 
    0.5332429208448775, 
    0.30433359976193897
  ], 
  "6": [
    4.5255517001753535e-05, 
    0.06402330688925653, 
    0.13106189483764585, 
    0.3980204974256378, 
    0.34596106353466827, 
    0.29540245229449724, 
    0.4408531288802119
  ]
}