{
  "1": 0.0018612553179685849, 
  "3": 0.0003120230587176896, 
  "2": 0.002162544867286102, 
  "4": 0.0005709504373696248
}