{
  "1": [
    3.247995008321892e-05, 
    0.033405120929343564, 
    0.14503540574433216, 
    0.19690484902466251, 
    0.17548268480372312, 
    0.1200321640277609, 
    0.07318333235965914
  ], 
  "3": [
    1.2460183346649204e-05, 
    0.028501574072009064, 
    0.20844761323113287, 
    0.25731798283496804, 
    0.31831826329987767, 
    0.27455092930488484, 
    0.21234262462124348
  ], 
  "2": [
    2.5246582315690647e-05, 
    0.03866906193592772, 
    0.16886244320421567, 
    0.2929915760766904, 
    0.3206746872956524, 
    0.2297574605372361, 
    0.1349067126774993
  ], 
  "5": [
    2.746399372365813e-06, 
    0.02208172829449441, 
    0.1641115297030259, 
    0.3050264428083209, 
    0.2566619265489303, 
    0.36133326716852404, 
    0.27891275003115246
  ], 
  "4": [
    6.631770117962545e-06, 
    0.022630859457298164, 
    0.17066774935104753, 
    0.33219333422000913, 
    0.28494737376189805, 
    0.19455899760888593, 
    0.14649315486224784
  ], 
  "7": [
    1.3965672199812315e-05, 
    0.009653686277558705, 
    0.0964418446708598, 
    0.13836234973204914, 
    0.24742145104109758, 
    0.5615612508076506, 
    0.49613378596942337
  ], 
  "6": [
    0.0, 
    0.014995202903660052, 
    0.11253087373223977, 
    0.16298746101041053, 
    0.2978259233464474, 
    0.40988772349147135, 
    0.5815640447987277
  ]
}