{
  "1": 0.03003462850358478, 
  "3": 0.02145081499076747, 
  "2": 0.026112846148459396, 
  "4": 0.03011137310711936
}