{
  "1": [
    -0.42119244666666666, 
    -0.6450299133333329, 
    -0.49338078313252925, 
    -0.13599799188709005, 
    0.19044427556190274, 
    0.007122439593629974, 
    -0.007273500471761506
  ], 
  "3": [
    -0.44816903999999996, 
    0.17040086666666676, 
    0.4094702141900943, 
    -0.47765942874383804, 
    0.11097127750008488, 
    0.04382370950027469, 
    0.1781949049737161
  ], 
  "2": [
    -0.5634885133333333, 
    -0.2371040133333327, 
    0.2537573025435068, 
    0.23665967682456637, 
    -0.4585898228433471, 
    0.00851353651839658, 
    -0.030441407197735457
  ], 
  "5": [
    -0.1969665533333333, 
    0.4588070533333341, 
    -0.3702111244979918, 
    -0.31849008347581226, 
    -0.21478968002992294, 
    -0.07592569330038518, 
    -0.2400077705890284
  ], 
  "4": [
    -0.5099665266666666, 
    0.4218100333333342, 
    -0.027618340026773772, 
    0.3791731301753328, 
    0.3593743921928654, 
    -0.06074859967051035, 
    -0.05812474727052166
  ], 
  "7": [
    -0.023903066666666584, 
    0.15691910000000017, 
    -0.3007825970548862, 
    0.0760240537731737, 
    -0.12078976163759396, 
    -0.2587991968698518, 
    0.37357490901738816
  ], 
  "6": [
    -0.06923333333333326, 
    0.28440989333333344, 
    -0.3538408099062917, 
    0.08012394984746389, 
    -0.13890790234281977, 
    0.35661658429434395, 
    0.12026511659253256
  ]
}