{
  "1": 79.17898406760234, 
  "3": 0.43797293988874325, 
  "2": 1.1611578736269192, 
  "4": 0.03761737685856268
}