{
  "1": 87.866134631279934, 
  "2": 0.026540719408466553, 
  "3": 0.013726152876227219, 
  "4": -0.010699440426319873, 
  "5": -0.039380881142790078, 
  "6": -0.11770777999181188, 
  "7": -0.15853485027260278
}