{
  "1": 0.09386579653032974, 
  "3": 0.08670696130414242, 
  "2": 0.07547636492295755, 
  "4": 0.01626330530034285
}