{
  "1": [
    -0.37556200666666656, 
    0.45562085361088894, 
    0.17827036370303764, 
    -0.2887445841359959, 
    -0.16161441765369408, 
    0.16507801367684458, 
    -0.024082537154989637
  ], 
  "3": [
    -0.4487833200000002, 
    0.2036038923869727, 
    -0.4780376671000434, 
    -0.06924885261414665, 
    -0.06793972081218246, 
    0.0168732665394402, 
    -0.039410031847133487
  ], 
  "2": [
    -0.550453606666667, 
    0.3189384348990802, 
    0.08707219721972209, 
    0.3879712291730036, 
    -0.041880499153976354, 
    -0.00496783555979654, 
    0.017235410979678612
  ], 
  "5": [
    -0.23831609999999992, 
    0.06956035726730504, 
    0.1150486682001535, 
    0.0030761059853326254, 
    -0.11390281302876482, 
    0.09281778784987336, 
    -0.5128242948134663
  ], 
  "4": [
    -0.5337441266666666, 
    0.26304397418177666, 
    0.12395967930126345, 
    -0.145034644631451, 
    0.336176128031585, 
    -0.22897547709923527, 
    0.1842427964816503
  ], 
  "7": [
    -0.04712187999999993, 
    0.03529512935196417, 
    0.05007135713571367, 
    -0.026757886376694195, 
    -0.5673074238578675, 
    -0.2608195928753183, 
    0.14417329390354888
  ], 
  "6": [
    -0.10317562666666666, 
    0.07024168841230033, 
    0.03686634330099688, 
    0.037143658116191844, 
    -0.10987465454032705, 
    0.4414136529898213, 
    0.33231202608432
  ]
}