{
  "1": 0.056305615313057, 
  "3": 0.03381138540312658, 
  "2": 0.03921797854339888, 
  "4": 0.049679162187753256
}