{
  "1": 2941.686544828042, 
  "3": 0.22587573159057378, 
  "2": 0.870268698953879, 
  "4": 0.12170491527069764
}