{
  "1": [
    -0.4200072333333333, 
    0.4435844666666664, 
    0.24705351301048753, 
    0.24734394094652573, 
    0.24080061553566712, 
    0.10939176206509538, 
    0.00921449108482513
  ], 
  "3": [
    -0.4482029599999999, 
    -0.061036466666666525, 
    -0.2813464655141555, 
    0.2282496451478238, 
    -0.2995469921830763, 
    -0.18067084923307264, 
    0.1545360863951987
  ], 
  "2": [
    -0.5624011066666667, 
    0.38279165333333337, 
    0.10099857188875797, 
    -0.294777839766216, 
    -0.18135489218685083, 
    0.015225402169846674, 
    -0.030378558219058382
  ], 
  "5": [
    -0.19810003333333326, 
    -0.45760766666666813, 
    0.36191383728837784, 
    -0.01702112793654388, 
    0.10485587024659211, 
    -0.3673288065843607, 
    0.07339972434488279
  ], 
  "4": [
    -0.5115985200000001, 
    -0.49368815999999954, 
    -0.24862172232363366, 
    -0.08664654066567977, 
    0.2669378762131341, 
    0.1511974859708196, 
    -0.11652989636763306
  ], 
  "7": [
    -0.023764793333333267, 
    -0.24598299999999948, 
    0.14256197072193014, 
    -0.003348472427796007, 
    -0.06796773913371851, 
    0.357382499064721, 
    0.521150239017411
  ], 
  "6": [
    -0.0698138533333333, 
    -0.3605707999999996, 
    0.2528195032034074, 
    0.10566968385896965, 
    -0.2952801895698809, 
    0.19204121960344217, 
    -0.3344327122369926
  ]
}