{
  "1": [
    0.00029372976958621665, 
    0.12920681808221668, 
    0.3177641343784802, 
    0.5109863150806102, 
    0.10069395562938929, 
    0.08406922056919047, 
    0.09792940244751067
  ], 
  "3": [
    0.00020448804361174126, 
    0.08929127484725202, 
    0.3736880738344179, 
    0.31243018407304496, 
    0.10512110202288252, 
    0.1642238259176435, 
    0.12193555736585658
  ], 
  "2": [
    0.00025335892457959254, 
    0.05633238431008838, 
    0.30846207293211786, 
    0.2612359428838606, 
    0.06930196085324068, 
    0.1091370104496669, 
    0.07589897717683475
  ], 
  "5": [
    0.00011816240995443612, 
    0.10077057307663652, 
    0.3511539696029514, 
    0.2978038357329804, 
    0.1407969140305997, 
    0.16546023897380496, 
    0.30086484730083185
  ], 
  "4": [
    0.00019140312959386983, 
    0.08092576254146469, 
    0.1882303107804676, 
    0.2222465650974282, 
    0.11259717649108979, 
    0.24015118899325394, 
    0.15389434525655166
  ], 
  "7": [
    4.6881652891891755e-05, 
    0.07701529996018305, 
    0.25185503653486163, 
    0.192775927624514, 
    0.14742849075656572, 
    0.35667879683761045, 
    0.24844741120496663
  ], 
  "6": [
    6.409021418570538e-05, 
    0.07373983180771194, 
    0.2815723361143033, 
    0.26643849498548106, 
    0.18847005880164844, 
    0.15360387820606589, 
    0.31602179836463307
  ]
}