{
  "1": 30.383667584437447, 
  "3": 0.02373083964298367, 
  "2": 0.06464888188472967, 
  "4": 0.004213668083378358
}