{
  "1": [
    0.41994320873582913, 
    -0.2984421753835219, 
    0.2815156275644814, 
    -0.8082284655152365, 
    -0.04071569385091784, 
    -0.02084762379379265, 
    0.001810307326306841
  ], 
  "2": [
    0.5620461162724474, 
    -0.5572904953861303, 
    0.04272729729227653, 
    0.5295092022611982, 
    -0.26000251013479436, 
    -0.1381492411704671, 
    0.0681126391342714
  ], 
  "3": [
    0.44842234454936436, 
    0.08623704947588268, 
    -0.7703556336983628, 
    -0.08857765334588415, 
    0.2981114835895342, 
    0.22830639726648438, 
    -0.22179382652148696
  ], 
  "4": [
    0.512082229036123, 
    0.5671143951880808, 
    0.48213841839203087, 
    0.20436976004960491, 
    0.35712494611063456, 
    0.0931904125499629, 
    0.07553754058838813
  ], 
  "5": [
    0.19782499946029808, 
    0.4764419908926407, 
    -0.2681019333839459, 
    -0.12557315912459188, 
    -0.5477465242042988, 
    -0.4895217081573551, 
    0.32644031060992645
  ], 
  "6": [
    0.06909074366003526, 
    0.20626700473743576, 
    0.14339246038480605, 
    0.02900938541717537, 
    -0.5277295837593756, 
    0.21358295450327958, 
    -0.7792055298381633
  ], 
  "7": [
    0.023082351764883397, 
    0.04196376822554997, 
    -0.02404221835190339, 
    -0.012790231498555422, 
    -0.36852065730788197, 
    0.7965065715425692, 
    0.47616639479795814
  ]
}