{
  "1": 0.00019588085085338333, 
  "3": 9.275898037842462e-08, 
  "2": 3.489043134251459e-07, 
  "5": 2.501575386494433e-09, 
  "4": 4.131546805206469e-08, 
  "7": 1.8212059977025266e-07, 
  "6": 4.3188672329026995e-08
}