{
  "1": 807.2578055036056, 
  "3": 0.2885570755317245, 
  "2": 0.5822990821251226, 
  "5": -0.005208495993428583, 
  "4": 0.07554648557448723, 
  "7": -0.39310593258994775, 
  "6": -0.0597178792164521
}