{
  "V_11": 36.00697120780315, 
  "V_12": 64.19834898758562, 
  "V_13": 59.79031907399219, 
  "V_14": 76.58791542885052, 
  "V_15": 32.21845993875612, 
  "V_16": 11.756836799034119, 
  "V_17": 4.106402614122073, 
  "V_21": 64.19834898758562, 
  "V_22": 113.84011222508504, 
  "V_23": 106.10408730442678, 
  "V_24": 135.6474087986673, 
  "V_25": 57.07731624672594, 
  "V_26": 20.842318582101218, 
  "V_27": 7.267401995789681, 
  "V_31": 59.79031907399219, 
  "V_32": 106.10408730442678, 
  "V_33": 98.87004622587227, 
  "V_34": 126.50682698206221, 
  "V_35": 53.21878042768227, 
  "V_36": 19.41799674488494, 
  "V_37": 6.777196563079046, 
  "V_41": 76.58791542885052, 
  "V_42": 135.6474087986673, 
  "V_43": 126.50682698206221, 
  "V_44": 161.90661846325395, 
  "V_45": 68.14057514893427, 
  "V_46": 24.856824697848687, 
  "V_47": 8.676440254710608, 
  "V_51": 32.21845993875612, 
  "V_52": 57.07731624672594, 
  "V_53": 53.21878042768227, 
  "V_54": 68.14057514893427, 
  "V_55": 28.741177439685735, 
  "V_56": 10.480349554008907, 
  "V_57": 3.6514852257296337, 
  "V_61": 11.756836799034119, 
  "V_62": 20.842318582101218, 
  "V_63": 19.41799674488494, 
  "V_64": 24.856824697848687, 
  "V_65": 10.480349554008907, 
  "V_66": 3.831582794158009, 
  "V_67": 1.3401367882226995, 
  "V_71": 4.106402614122073, 
  "V_72": 7.267401995789681, 
  "V_73": 6.777196563079046, 
  "V_74": 8.676440254710608, 
  "V_75": 3.6514852257296337, 
  "V_76": 1.3401367882226995, 
  "V_77": 0.49848466592076707
}