{
  "1": 901.66485072120156, 
  "2": 0.44033884436701859, 
  "3": 0.32207098944431195, 
  "4": 0.14457864436812082, 
  "5": 0.080332168844852295, 
  "6": 0.029271852620216365, 
  "7": -0.11938576815150129
}