{
  "1": [
    -0.4221033043173097, 
    0.18853882153843007, 
    0.7699226784682739, 
    -0.04172934892194229, 
    0.2918815873973571, 
    0.13646457718386518, 
    -0.2965505049539676
  ], 
  "2": [
    -0.5646185865837319, 
    0.4736389441254297, 
    -0.4761815324076873, 
    0.45062670181666087, 
    0.1592923960862288, 
    -0.0055303518944583826, 
    -0.04067030676907992
  ], 
  "3": [
    -0.44811254066154765, 
    0.12376646229036334, 
    -0.16967560735261414, 
    -0.8183561291319527, 
    -0.08550570064985902, 
    -0.10102471747526064, 
    0.2605057187685671
  ], 
  "4": [
    -0.5084412249825022, 
    -0.5441422981469052, 
    0.18024341427039037, 
    0.31306650976082145, 
    -0.46645699884214864, 
    -0.15006975511629608, 
    0.2734872739534826
  ], 
  "5": [
    -0.1957728680544718, 
    -0.49328503948016156, 
    -0.32246274985864914, 
    -0.13820821410021505, 
    0.09644697564341846, 
    0.5918934866924693, 
    -0.4854062213938294
  ], 
  "6": [
    -0.06882747429610332, 
    -0.31624835111250993, 
    -0.12323543617615217, 
    -0.05842357465014757, 
    0.3626917925377592, 
    -0.7607313878882538, 
    -0.407911622172752
  ], 
  "7": [
    -0.025555561517765377, 
    -0.29217654903132584, 
    -0.004849688634465793, 
    0.07044159926535706, 
    0.7236645351197225, 
    0.13989197737173395, 
    0.6047595508644568
  ]
}