{
  "1": [
    7.811369914527455e-05, 
    0.33671804288992674, 
    0.2825701863836668, 
    0.3760187335580005, 
    0.20902654605009438, 
    0.2883926750747319, 
    0.21391873852161813
  ], 
  "3": [
    6.123097398148448e-05, 
    0.3131234265260686, 
    0.4152178178340251, 
    0.34890027090363596, 
    0.2446975442323474, 
    0.2611878578930941, 
    0.2322658243865865
  ], 
  "2": [
    7.062835556821332e-05, 
    0.28527635793040845, 
    0.3447157288627077, 
    0.3462657113657038, 
    0.16041230617385363, 
    0.15748335853682133, 
    0.16041494189665745
  ], 
  "5": [
    3.617876535102856e-05, 
    0.20186717062775472, 
    0.3289167554186265, 
    0.2708770774248554, 
    0.35888568690052947, 
    0.3820325834766413, 
    0.4358597378481565
  ], 
  "4": [
    6.155931788567153e-05, 
    0.2310593390152484, 
    0.3040342057314559, 
    0.26063336076185833, 
    0.2261609457253808, 
    0.28972346923708403, 
    0.26138349186112697
  ], 
  "7": [
    3.459421914075885e-06, 
    0.11316466337338343, 
    0.19458376654566514, 
    0.2853867949741676, 
    0.38317276942957756, 
    0.5130936030309045, 
    0.3720803983754199
  ], 
  "6": [
    1.3159586265630334e-05, 
    0.12090504815271153, 
    0.21505988477997962, 
    0.2204292083184828, 
    0.4145018894008449, 
    0.4217949940275481, 
    0.5550575874418122
  ]
}