{
  "dV_11": 0.19176247301098687, 
  "dV_12": 0.1361543609024953, 
  "dV_13": 0.10411498801840133, 
  "dV_14": 0.10420208580581405, 
  "dV_15": 0.05016079083260739, 
  "dV_16": 0.02522250054745946, 
  "dV_17": 0.014894016007744676, 
  "dV_21": 0.1361543609024953, 
  "dV_22": 0.18761330204633986, 
  "dV_23": 0.1038105820270876, 
  "dV_24": 0.10352889211427327, 
  "dV_25": 0.05001559846189086, 
  "dV_26": 0.025275482521406004, 
  "dV_27": 0.014948822839576093, 
  "dV_31": 0.10411498801840133, 
  "dV_32": 0.1038105820270876, 
  "dV_33": 0.10968254305714477, 
  "dV_34": 0.07958774015762224, 
  "dV_35": 0.03840347976162495, 
  "dV_36": 0.01939829097209597, 
  "dV_37": 0.011479285798299238, 
  "dV_41": 0.10420208580581405, 
  "dV_42": 0.10352889211427327, 
  "dV_43": 0.07958774015762224, 
  "dV_44": 0.10800274571737808, 
  "dV_45": 0.03876850608777855, 
  "dV_46": 0.01957832545600623, 
  "dV_47": 0.011574465149713645, 
  "dV_51": 0.05016079083260739, 
  "dV_52": 0.05001559846189086, 
  "dV_53": 0.03840347976162495, 
  "dV_54": 0.03876850608777855, 
  "dV_55": 0.025957338350654672, 
  "dV_56": 0.009453860874616391, 
  "dV_57": 0.00556646378639423, 
  "dV_61": 0.02522250054745946, 
  "dV_62": 0.025275482521406004, 
  "dV_63": 0.01939829097209597, 
  "dV_64": 0.01957832545600623, 
  "dV_65": 0.009453860874616391, 
  "dV_66": 0.0066884927750577045, 
  "dV_67": 0.002804226720466157, 
  "dV_71": 0.014894016007744676, 
  "dV_72": 0.014948822839576093, 
  "dV_73": 0.011479285798299238, 
  "dV_74": 0.011574465149713645, 
  "dV_75": 0.00556646378639423, 
  "dV_76": 0.002804226720466157, 
  "dV_77": 0.002723890904760173
}