{
  "V_11": 160.87699740193628, 
  "V_12": 214.82257067324562, 
  "V_13": 170.50361790631584, 
  "V_14": 193.48483079726432, 
  "V_15": 74.40670974919965, 
  "V_16": 26.160320914784727, 
  "V_17": 9.717919157763204, 
  "V_21": 214.82257067324562, 
  "V_22": 287.5968496036162, 
  "V_23": 228.22568812761455, 
  "V_24": 258.67618241742395, 
  "V_25": 99.62504823479499, 
  "V_26": 35.0057368268352, 
  "V_27": 12.960937919462927, 
  "V_31": 170.50361790631584, 
  "V_32": 228.22568812761455, 
  "V_33": 181.00154576060518, 
  "V_34": 205.43733290522724, 
  "V_35": 79.06563854832918, 
  "V_36": 27.78257782888885, 
  "V_37": 10.320176068057538, 
  "V_41": 193.48483079726432, 
  "V_42": 258.67618241742395, 
  "V_43": 205.43733290522724, 
  "V_44": 233.25888401494356, 
  "V_45": 89.83568683802274, 
  "V_46": 31.594238953416816, 
  "V_47": 11.746744560644055, 
  "V_51": 74.40670974919965, 
  "V_52": 99.62504823479499, 
  "V_53": 79.06563854832918, 
  "V_54": 89.83568683802274, 
  "V_55": 34.72700767159746, 
  "V_56": 12.23784094510457, 
  "V_57": 4.565169598721932, 
  "V_61": 26.160320914784727, 
  "V_62": 35.0057368268352, 
  "V_63": 27.78257782888885, 
  "V_64": 31.594238953416816, 
  "V_65": 12.23784094510457, 
  "V_66": 4.36923450947862, 
  "V_67": 1.6423469174974767, 
  "V_71": 9.717919157763204, 
  "V_72": 12.960937919462927, 
  "V_73": 10.320176068057538, 
  "V_74": 11.746744560644055, 
  "V_75": 4.565169598721932, 
  "V_76": 1.6423469174974767, 
  "V_77": 0.731538490517003
}