{
  "1": [
    0.2898333333333334, 
    -0.7626999999999999, 
    0.4553, 
    -0.2603, 
    -0.1424333333333333, 
    0.19296666666666673, 
    0.04163333333333342
  ], 
  "3": [
    0.4731000000000001, 
    0.4397666666666666, 
    0.3193666666666668, 
    -0.5026333333333333, 
    0.3287, 
    -0.21943333333333326, 
    0.2681
  ], 
  "2": [
    0.5122333333333333, 
    -0.2579666666666667, 
    -0.7768333333333333, 
    -0.049166666666666574, 
    0.14163333333333328, 
    0.03696666666666682, 
    0.2090333333333334
  ], 
  "5": [
    0.2471000000000001, 
    0.14450000000000007, 
    0.21870000000000014, 
    0.5347000000000002, 
    0.37450000000000006, 
    0.6509666666666667, 
    0.1424333333333334
  ], 
  "4": [
    0.5991, 
    0.2275666666666667, 
    0.07256666666666667, 
    0.25583333333333336, 
    -0.5211, 
    -0.10649999999999993, 
    -0.48543333333333333
  ], 
  "7": [
    0.0391666666666668, 
    -0.009766666666666587, 
    0.12203333333333344, 
    0.39036666666666675, 
    -0.39416666666666667, 
    -0.3138333333333333, 
    0.7597666666666667
  ], 
  "6": [
    0.09063333333333334, 
    -0.2926333333333333, 
    0.13856666666666673, 
    0.4164333333333334, 
    0.5333000000000001, 
    -0.6161666666666666, 
    -0.22249999999999992
  ]
}