{"mode1_error": [3e-06, 4e-06, 5e-06, 6e-06, 1.2e-05, 2.2e-05, 4.4e-05], "mode2": [0.00019, 0.00025, 0.00043, 0.00032, 0.00066, 0.0018, 0.00506], "mode2_error": [5.7e-05, 7.5e-05, 0.000129, 9.5e-05, 0.000193, 0.000527, 0.00148], "mode1": [0.0059, 0.01295, 0.02162, 0.03297, 0.04685, 0.05603, 0.05897]}