{"mode1_error": [6e-06, 7e-06, 1e-05, 1.1e-05, 2.1e-05, 3.5e-05, 5.8e-05], "mode2": [-4e-05, 9e-05, -0.00012, 7e-05, 0.00133, 0.00253, 0.00618], "mode2_error": [8.7e-05, 9.7e-05, 0.000139, 0.000166, 0.000708, 0.001629, 0.003616], "mode1": [0.00274, 0.0059, 0.00978, 0.01491, 0.02107, 0.02489, 0.02563]}