{"mode1_error": [4e-06, 4e-06, 6e-06, 8e-06, 1.5e-05, 2.9e-05, 7.4e-05], "mode2": [0.00021, 0.00046, 0.00043, 0.00077, 0.00336, 0.00969, 0.02209], "mode2_error": [4.4e-05, 9e-05, 0.000144, 0.000188, 0.000665, 0.002191, 0.004708], "mode1": [0.00836, 0.01844, 0.03072, 0.04667, 0.06611, 0.07866, 0.08191]}