{"mode1_error": [8e-06, 8e-06, 1.2e-05, 1.4e-05, 2.8e-05, 4.9e-05, 9.6e-05], "mode2": [0.00023, 0.00023, 0.00041, 0.00046, 0.00111, 0.00231, 0.00875], "mode2_error": [0.000122, 0.000136, 0.000199, 0.000286, 0.000866, 0.002507, 0.00691], "mode1": [0.01, 0.02199, 0.03634, 0.05482, 0.07719, 0.09146, 0.09423]}