{"mode1_error": [1.2e-05, 1.3e-05, 1.9e-05, 2.1e-05, 4.3e-05, 7.2e-05, 0.000125], "mode2": [0.00026, 0.00049, 0.00083, 0.00069, 0.00096, 0.00542, 0.00712], "mode2_error": [6.6e-05, 0.00012, 0.000168, 0.000193, 0.000375, 0.001868, 0.003387], "mode1": [0.01064, 0.02335, 0.03849, 0.05792, 0.08128, 0.09601, 0.09825]}