{
  "1": [
    0.00028957440036435047, 
    0.42808192891288643, 
    0.39723884015399186, 
    0.23499212938742714, 
    0.22505940271714214, 
    0.08115687370765665, 
    0.07581613552731012
  ], 
  "3": [
    0.00020623800707674273, 
    0.25879757142934307, 
    0.2802431981868931, 
    0.2457002500227897, 
    0.30648110270650386, 
    0.19697693282597042, 
    0.20149755371766329
  ], 
  "2": [
    0.00025339745699429114, 
    0.38348689662883345, 
    0.4302176829400929, 
    0.12871466923470923, 
    0.12738059169102614, 
    0.06709232356665294, 
    0.06265808789271662
  ], 
  "5": [
    0.000119081853119511, 
    0.10665928118753557, 
    0.20171679602598921, 
    0.2586814509925731, 
    0.31107788213876447, 
    0.2774117403329253, 
    0.41431959379364963
  ], 
  "4": [
    0.0001914889718430417, 
    0.2318796320210449, 
    0.24119710824657128, 
    0.2667465155398342, 
    0.23083365473280038, 
    0.19299055048583316, 
    0.18310418498893416
  ], 
  "7": [
    3.743971509931107e-05, 
    0.06659936509353671, 
    0.15118536459847348, 
    0.17974900076006697, 
    0.268483130382121, 
    0.41923530408910964, 
    0.4774686986889157
  ], 
  "6": [
    6.193490345735406e-05, 
    0.10036480757698082, 
    0.19939760025346834, 
    0.19004449253796632, 
    0.30598990240891893, 
    0.5119785357079767, 
    0.31969228362723673
  ]
}