{
  "V_11": 17.52728716982596, 
  "V_12": 31.000259044599442, 
  "V_13": 28.525221677891423, 
  "V_14": 36.402352691756555, 
  "V_15": 15.27993509225415, 
  "V_16": 5.527213949677618, 
  "V_17": 1.9261315908708234, 
  "V_21": 31.000259044599442, 
  "V_22": 54.18619409878348, 
  "V_23": 50.596783178248074, 
  "V_24": 64.59342776853865, 
  "V_25": 27.03276526816751, 
  "V_26": 9.8076853773683, 
  "V_27": 3.3863114504250733, 
  "V_31": 28.525221677891423, 
  "V_32": 50.596783178248074, 
  "V_33": 47.15622586560192, 
  "V_34": 60.00425975741385, 
  "V_35": 25.1235901205283, 
  "V_36": 9.057051643376642, 
  "V_37": 3.1181610400275117, 
  "V_41": 36.402352691756555, 
  "V_42": 64.59342776853865, 
  "V_43": 60.00425975741385, 
  "V_44": 76.54612239545536, 
  "V_45": 31.975431928626914, 
  "V_46": 11.528053652259269, 
  "V_47": 3.9497074384158246, 
  "V_51": 15.27993509225415, 
  "V_52": 27.03276526816751, 
  "V_53": 25.1235901205283, 
  "V_54": 31.975431928626914, 
  "V_55": 13.337692682804, 
  "V_56": 4.785697094104957, 
  "V_57": 1.6334137469715093, 
  "V_61": 5.527213949677618, 
  "V_62": 9.8076853773683, 
  "V_63": 9.057051643376642, 
  "V_64": 11.528053652259269, 
  "V_65": 4.785697094104957, 
  "V_66": 1.717761032767132, 
  "V_67": 0.5679549340685025, 
  "V_71": 1.9261315908708234, 
  "V_72": 3.3863114504250733, 
  "V_73": 3.1181610400275117, 
  "V_74": 3.9497074384158246, 
  "V_75": 1.6334137469715093, 
  "V_76": 0.5679549340685025, 
  "V_77": 0.1934651925603171
}