{
  "1": 210.7707703167589, 
  "3": 0.08349326275972037, 
  "2": 0.2947513993733148, 
  "4": 0.014258893430145815
}