{
  "1": [
    3.074528778868272e-05, 
    0.0450285644188931, 
    0.32961535011350096, 
    0.20278344377456817, 
    0.24099612002371332, 
    0.2031819157680299, 
    0.12473272144818812
  ], 
  "3": [
    3.3320635783413295e-05, 
    0.03357177827817986, 
    0.24158999717157467, 
    0.2522299437554253, 
    0.3343098091146725, 
    0.31388918790184356, 
    0.3086663504522537
  ], 
  "2": [
    9.347676098434817e-06, 
    0.041107629231035024, 
    0.186613532355567, 
    0.27126420465821577, 
    0.21280492088999742, 
    0.19503057392532483, 
    0.1518298383747297
  ], 
  "5": [
    1.8848643661548968e-06, 
    0.02283404115141339, 
    0.21569499210661447, 
    0.23271276239902944, 
    0.28081817388904234, 
    0.28916791437279804, 
    0.32144193722251124
  ], 
  "4": [
    2.842743616950675e-05, 
    0.02550929010293686, 
    0.15475977423138207, 
    0.27705282103126466, 
    0.24546211138184246, 
    0.18753860689959193, 
    0.24478965084506515
  ], 
  "7": [
    0.0, 
    0.010658046229069771, 
    0.1568373219989817, 
    0.21365742182320016, 
    0.2970623533928952, 
    0.44924459514349924, 
    0.2765938487560559
  ], 
  "6": [
    1.6387914205813778e-05, 
    0.01672291448146167, 
    0.22074462370293818, 
    0.3313328797102389, 
    0.28404851879949583, 
    0.39480742337915625, 
    0.2611426995202769
  ]
}