{
  "1": 0.046271721092799596, 
  "3": 0.034740812386676555, 
  "2": 0.03355589426181062, 
  "4": 0.0404844699214784
}