{
  "1": 2942.0497148454924, 
  "3": 0.23370953806317088, 
  "2": 0.9281846382118943, 
  "4": 0.16634538521399475
}