{
  "1": [
    -0.4200796133333333, 
    -0.45814467333333353, 
    -0.2191342998585569, 
    0.5036643496383475, 
    -0.15395952407142574, 
    -0.0532962876123489, 
    0.0042038191395963155
  ], 
  "3": [
    -0.44820091999999984, 
    0.09478297333333348, 
    -0.10574517523180918, 
    -0.31498981243104035, 
    -0.23588400615993785, 
    -0.34043210629151965, 
    0.2506184079601995
  ], 
  "2": [
    -0.5623662466666668, 
    -0.3966950666666664, 
    0.4511341584158413, 
    -0.183429933390544, 
    0.20071804715286132, 
    0.13759896834701044, 
    -0.061243239683933325
  ], 
  "5": [
    -0.1980999466666666, 
    0.47030419333333373, 
    0.23471378280685218, 
    0.26471207960443005, 
    0.24924905584277549, 
    -0.30863905431809285, 
    -0.30863043605501916
  ], 
  "4": [
    -0.5115825933333333, 
    0.4922774266666663, 
    -0.3775667373880242, 
    -0.06705815455028456, 
    0.07543994793385411, 
    0.2845826182102384, 
    -0.06452496341820314
  ], 
  "7": [
    -0.0237666666666666, 
    0.2124013000000002, 
    0.16669478233537627, 
    0.24064303461239822, 
    0.19335279947200557, 
    0.05641279406018016, 
    0.6262147278314311
  ], 
  "6": [
    -0.06977097333333332, 
    0.32970463333333333, 
    0.4076809916705962, 
    0.12770993012136816, 
    -0.5019940490595094, 
    0.1690451504493947, 
    -0.005343283582089631
  ]
}