{
  "1": [
    1.6960586014970497e-05, 
    0.33407385836334447, 
    0.2762341257134106, 
    0.33061883593849356, 
    0.2525700320796738, 
    0.17455784064629493, 
    0.20634551236603763
  ], 
  "3": [
    1.8610141736303778e-05, 
    0.30368250686115716, 
    0.1306712255325129, 
    0.34929004783971324, 
    0.2347853683533579, 
    0.19865895452145, 
    0.29092160780915216
  ], 
  "2": [
    2.708851596657303e-05, 
    0.40907941642104995, 
    0.254197402439236, 
    0.33305940315362037, 
    0.23820481586033998, 
    0.17264493948629434, 
    0.18257987048723634
  ], 
  "5": [
    2.595657160554699e-05, 
    0.22584947131098349, 
    0.3015558359822989, 
    0.2235352798424054, 
    0.16923685405270528, 
    0.4328035258149479, 
    0.2765429423447213
  ], 
  "4": [
    3.0148012792637707e-05, 
    0.20632056679757285, 
    0.2973392158647838, 
    0.25395981077187774, 
    0.1468899553777659, 
    0.2946455855006104, 
    0.3456540975212899
  ], 
  "7": [
    6.364959633246736e-06, 
    0.24538443945330404, 
    0.44723080591074543, 
    0.511527293204299, 
    0.06654301533835062, 
    0.05578110566705419, 
    0.06695119365999283
  ], 
  "6": [
    9.313225746154785e-10, 
    0.167597424198541, 
    0.2104880846377957, 
    0.1766291044510101, 
    0.1922467527386412, 
    0.40452987401035856, 
    0.3858812852543078
  ]
}