{
  "1": [
    -0.42343136000000003, 
    -0.24655915333333323, 
    0.16068573999999988, 
    -0.25505531333333253, 
    -0.44838505424803826, 
    -0.207790999665664, 
    -0.06892338173927588
  ], 
  "3": [
    -0.4481610199999999, 
    0.009705913333333439, 
    -0.03352932666666661, 
    -0.2459847933333339, 
    0.487347971957937, 
    0.30696216649949815, 
    -0.012924356534801902
  ], 
  "2": [
    -0.5653528266666666, 
    -0.2287956599999999, 
    0.09822361333333327, 
    0.3349027200000004, 
    -0.018534184610248538, 
    0.1648471481109996, 
    0.13382300450676052
  ], 
  "5": [
    -0.19404575333333327, 
    0.29880654000000034, 
    -0.11408081333333257, 
    -0.07403733333333333, 
    -0.3071585812051398, 
    0.033561344032095805, 
    0.5179725955600062
  ], 
  "4": [
    -0.50721422, 
    0.28957749333333405, 
    -0.20332431333333345, 
    0.08374236666666647, 
    0.12872848272408624, 
    -0.34490336342360445, 
    -0.2288615423134711
  ], 
  "7": [
    -0.027633946666666617, 
    0.32935710000000007, 
    0.5720246933333322, 
    0.013570826666666648, 
    0.13374062760807887, 
    -0.0766221397525912, 
    0.025368195626773605
  ], 
  "6": [
    -0.06756666666666666, 
    0.22824759333333344, 
    0.013302700000000191, 
    0.006167580000000178, 
    -0.406243501919545, 
    0.41089459043798027, 
    -0.38205843765648456
  ]
}