{
  "1": 893.76841892071, 
  "3": 0.22515362371347306, 
  "2": 0.2715698088031065, 
  "4": 0.14573861268678712
}