{
  "1": 2440.5149841437615, 
  "3": 0.6470073320240559, 
  "2": 1.478293010027805, 
  "4": 0.25737861187424244
}