{
  "1": [
    -0.4156586533333333, 
    -0.5241435399999984, 
    -0.5979625075467918, 
    0.10675237488497216, 
    -0.24905854130808885, 
    0.07962284707540529, 
    0.08549865201161355
  ], 
  "3": [
    -0.4485006066666667, 
    -0.13421052666666675, 
    -0.1166417790299853, 
    -0.46191695335173877, 
    0.4502046113023529, 
    -0.11366004228329682, 
    -0.14004498824830652
  ], 
  "2": [
    -0.5586748399999999, 
    -0.18943063333333351, 
    0.7070749983229357, 
    -0.05600100516740993, 
    -0.2194270295467585, 
    0.06533536997885842, 
    0.05821435780450716
  ], 
  "5": [
    -0.20265023999999998, 
    0.47592254666666683, 
    -0.1770703964580401, 
    -0.24681934593331875, 
    -0.40937862880091896, 
    -0.293795680056377, 
    -0.20431717129821675
  ], 
  "4": [
    -0.5167697066666666, 
    0.49364487999999984, 
    -0.0897675521567048, 
    0.5210312876052947, 
    0.21397962564543901, 
    0.0103326638477802, 
    0.050719072307479705
  ], 
  "7": [
    -0.024833346666666593, 
    0.23275571333333336, 
    -0.08312482055410206, 
    -0.28485124938061873, 
    -0.02572588927137128, 
    -0.041754108527131996, 
    0.5433744020461783
  ], 
  "6": [
    -0.07223335999999994, 
    0.3675769000000003, 
    -0.13596819614946024, 
    -0.2501341544560052, 
    -0.03849771227768202, 
    0.5068762790697682, 
    -0.049267952440203155
  ]
}