{
  "1": [
    5.912887318331401e-05, 
    0.02759538002746724, 
    0.2610605749131256, 
    0.25009118098635486, 
    0.2749930753267622, 
    0.353856723946194, 
    0.23815014442027058
  ], 
  "3": [
    4.585551000084127e-05, 
    0.021711405914485324, 
    0.21002286569957224, 
    0.31376025417686587, 
    0.30406105804013334, 
    0.37253549668019864, 
    0.2593409610570013
  ], 
  "2": [
    5.353408537049813e-05, 
    0.024281575422244055, 
    0.1840499331695821, 
    0.23257975174873358, 
    0.22050367784921354, 
    0.18173008394061546, 
    0.16193282452782273
  ], 
  "5": [
    2.590581230395878e-05, 
    0.0, 
    0.24570692087963206, 
    0.2894478912942798, 
    0.2634247774003973, 
    0.15270314323459194, 
    0.21696773151625742
  ], 
  "4": [
    4.5550804287041524e-05, 
    0.0, 
    0.20875187775651413, 
    0.22919275437333875, 
    0.3017771114181609, 
    0.24695469537977655, 
    0.25923853334178126
  ], 
  "7": [
    3.2927225399135965e-10, 
    0.0, 
    0.19185154963328954, 
    0.2663395638445786, 
    0.42143592490763737, 
    0.41986199607258096, 
    0.3743899009076239
  ], 
  "6": [
    6.227551827900628e-06, 
    0.0, 
    0.1170642437501752, 
    0.24888975588473472, 
    0.3363768911662431, 
    0.3653855210728635, 
    0.34656162562634757
  ]
}