{
  "1": 0.019996683205978066, 
  "3": 0.006153658810053782, 
  "2": 0.009222219171097501, 
  "4": 0.004083227064585954
}