{
  "1": 362.9720224963943, 
  "3": 0.13639165772310743, 
  "2": 0.33172197931002484, 
  "4": 0.1135990956197295
}