{"mode1_error": [2.1351345897405144e-06, 1.8952517902015446e-06, 2.3635870954644396e-06, 2.119151767821621e-06, 6.097954179059015e-06, 2.3017941481612957e-05, 0.00011988001428132124], "mode1": [0.0093549999908154, 0.017099867212673887, 0.02449967509066843, 0.0332972492914612, 0.04363724470126891, 0.05115255309375542, 0.05689501424013831]}