{"mode1_error": [2.45276487242994e-06, 2.2030295931758788e-06, 2.7847444883845185e-06, 2.510199124114867e-06, 7.32012313748083e-06, 2.716344641152944e-05, 0.00013607613532759345], "mode1": [0.013038575873606219, 0.023844802233702986, 0.034088980701909334, 0.04624399856346804, 0.06046799131915416, 0.0700336664409936, 0.07525576348093246]}