{
  "11": [
    1.642328834290028e-05, 
    0.014438475935842661, 
    0.10425229981430165, 
    0.23274417361011443, 
    0.2142782018595887, 
    0.27702815360332056, 
    0.25259378648626496, 
    0.27306181423634246, 
    0.23005251921214168, 
    0.3602729858257321, 
    0.27102363092547704
  ], 
  "10": [
    1.6840130640641078e-05, 
    0.011397264173796363, 
    0.07731976631818675, 
    0.13643071888642885, 
    0.13022372217442693, 
    0.16572975357273098, 
    0.16479378365878056, 
    0.19244329373457872, 
    0.3507150465653159, 
    0.5204822250998483, 
    0.32686777102806314
  ], 
  "1": [
    6.280009572235056e-05, 
    0.04638544766994162, 
    0.28284573188752243, 
    0.3814764996635269, 
    0.3067937726684716, 
    0.32497069874565016, 
    0.20906976592865126, 
    0.20471475991013507, 
    0.12532520945690376, 
    0.1297587175609646, 
    0.12403296848989652
  ], 
  "3": [
    5.220860344788688e-05, 
    0.023921484489869384, 
    0.28909441398104274, 
    0.35688264019327787, 
    0.2491361656839506, 
    0.1594752247789463, 
    0.08572294256797607, 
    0.0906714292575799, 
    0.08413082905059904, 
    0.08967278596947205, 
    0.08453307692901268
  ], 
  "2": [
    6.001388745210684e-05, 
    0.04330294035308862, 
    0.2853311614053463, 
    0.28152855495001006, 
    0.3296069047214835, 
    0.27715643232663406, 
    0.16336083784244473, 
    0.16713875147081797, 
    0.13624442011837345, 
    0.16525374422801367, 
    0.13604917074246584
  ], 
  "5": [
    3.528214594600731e-05, 
    0.015188023527327054, 
    0.16117811186476697, 
    0.41356227996172223, 
    0.5444264765777497, 
    0.3460363014004736, 
    0.1701197142269323, 
    0.1529210486281975, 
    0.12642873776851737, 
    0.12394534425817887, 
    0.1215414450634752
  ], 
  "4": [
    5.243422148684001e-05, 
    0.03071799944207516, 
    0.2342193065050842, 
    0.37846584441660863, 
    0.32468324875098986, 
    0.30168085599602534, 
    0.1533974412706068, 
    0.1532214810560675, 
    0.12638003736216583, 
    0.13654811038899517, 
    0.12100469727913502
  ], 
  "7": [
    1.635243916909311e-05, 
    0.009946924761828615, 
    0.07318827360273387, 
    0.1521729124984996, 
    0.18238125141219114, 
    0.3177212541305196, 
    0.37297908122878426, 
    0.40510352736350386, 
    0.13587961423402284, 
    0.14861663563388805, 
    0.165258705071308
  ], 
  "6": [
    2.7215380448947722e-05, 
    0.010291087020322604, 
    0.0697237975852035, 
    0.17128182787364918, 
    0.2811801370588126, 
    0.34423364795987504, 
    0.3767330783159423, 
    0.3469320404046272, 
    0.2365374567013094, 
    0.20390526126227948, 
    0.19351792705524354
  ], 
  "9": [
    3.207468991755208e-05, 
    0.008552719280420966, 
    0.06412342305505027, 
    0.09673149260022298, 
    0.10460088085620706, 
    0.14416527819309363, 
    0.18658834318296938, 
    0.2647763574159569, 
    0.5699931788663689, 
    0.30466110163164717, 
    0.44493293171160336
  ], 
  "8": [
    6.666334517807605e-07, 
    0.008088595664791389, 
    0.054294390756431166, 
    0.10355566687932188, 
    0.09666247794570575, 
    0.11342627745373306, 
    0.1362489831762291, 
    0.33482660931867053, 
    0.3937851955819594, 
    0.47718392557962774, 
    0.45543048900464894
  ]
}