{
  "1": [
    -0.28554051872576447, 
    0.4313697536178313, 
    -0.6997796921451976, 
    0.19292970470139859, 
    0.4307595152062794, 
    0.13830680855978786, 
    0.02811985242013389
  ], 
  "2": [
    -0.5041338179834953, 
    -0.7265536087817417, 
    -0.2768060560052581, 
    0.25850409298978927, 
    -0.15682089831151394, 
    -0.0020137643539483094, 
    -0.22344157850281562
  ], 
  "3": [
    -0.4712428609357845, 
    0.22671801981442471, 
    0.633674996340704, 
    0.505922286520782, 
    0.22046386438145266, 
    0.1397959754317728, 
    -0.029673460825829993
  ], 
  "4": [
    -0.6056036329146214, 
    0.36706020296995234, 
    0.007899605525910994, 
    -0.4837336687856807, 
    -0.4770663559968363, 
    -0.1823240151231579, 
    -0.06013340666384085
  ], 
  "5": [
    -0.2561656435970625, 
    -0.30598965297085023, 
    0.16621975572081127, 
    -0.583626450654463, 
    0.6435995714909537, 
    0.027357218816146514, 
    0.23985793373480338
  ], 
  "6": [
    -0.0939162925075849, 
    -0.07889799281263699, 
    -0.061636558659373536, 
    0.12066579260068942, 
    -0.29325886444618254, 
    0.3049280468993205, 
    0.8874760067192242
  ], 
  "7": [
    -0.032388340355863424, 
    -0.007153678907993378, 
    -0.02554040935210999, 
    0.22542864331891788, 
    0.11591226160468707, 
    -0.9134290771671296, 
    0.31565979019163837
  ]
}