{
  "1": [
    0.0003649791089456743, 
    0.21621811202481175, 
    0.23982779944449611, 
    0.19659603398301584, 
    0.19752766700187263, 
    0.19858933994132622, 
    0.18464979918229604
  ], 
  "3": [
    0.00025211975943666425, 
    0.10297810248462691, 
    0.32328081884250914, 
    0.3202348378682617, 
    0.15696235016387539, 
    0.2234825574692861, 
    0.16122476014980444
  ], 
  "2": [
    0.00031489654806172215, 
    0.13471541885595395, 
    0.3213570543286574, 
    0.3226079142274215, 
    0.19743430542532234, 
    0.17647575427225548, 
    0.11611035165717488
  ], 
  "5": [
    0.00014960137781011974, 
    0.1631094393816256, 
    0.26725235184604584, 
    0.24655239251724836, 
    0.21114754108278927, 
    0.3642344516409228, 
    0.1993638832635647
  ], 
  "4": [
    0.0002340649345554957, 
    0.11516651583793927, 
    0.26975456440517626, 
    0.2327234899462793, 
    0.17772467616950713, 
    0.23657717110736498, 
    0.16367150244475118
  ], 
  "7": [
    4.624155129894954e-05, 
    0.08016886802543885, 
    0.12308122140570364, 
    0.12213983426277651, 
    0.26601796497410907, 
    0.39646357574561836, 
    0.5918438948507758
  ], 
  "6": [
    7.902514367969696e-05, 
    0.10563662471301835, 
    0.2538321791061157, 
    0.22724057227312738, 
    0.2650959548507903, 
    0.4167688444588999, 
    0.38780480169385284
  ]
}