{
  "1": 0.08447824996913446, 
  "3": 0.08663679598380984, 
  "2": 0.07224687173587896, 
  "4": 0.020670513420005403
}