{
  "1": 269.98247697903463, 
  "3": 0.09410965228632935, 
  "2": 0.5175978189995846, 
  "4": -0.030564592736745146
}