{
  "1": [
    0.2870238333333334, 
    -0.09198010921060985, 
    0.04365049133044908, 
    0.20375632877447053, 
    -0.5113038467069301, 
    -0.124256463306808, 
    -0.017326140457396742
  ], 
  "3": [
    0.4661639866666668, 
    -0.18432470386536923, 
    -0.5298937753630487, 
    -0.07886413917940426, 
    0.2107206715559393, 
    0.12186231653404077, 
    0.161504476826553
  ], 
  "2": [
    0.4964742200000001, 
    0.18584206695604866, 
    0.25572963410135235, 
    -0.5254405269509256, 
    -0.2052153724475123, 
    0.006032449160035266, 
    0.13448385751872102
  ], 
  "5": [
    0.2640254533333334, 
    0.47867952708267064, 
    -0.2702016400040239, 
    0.09425748860284247, 
    -0.3285612812769633, 
    -0.0712321220159159, 
    -0.30949498886864957
  ], 
  "4": [
    0.6111434133333334, 
    0.03167945402564499, 
    0.2795144145957005, 
    0.2831152185572536, 
    0.4197781708369294, 
    -0.03339425287356343, 
    -0.15540172839506186
  ], 
  "7": [
    0.03304350666666681, 
    0.21803428457439467, 
    -0.045839363450380706, 
    0.1367923504961118, 
    0.04627377049180336, 
    -0.4736319982316527, 
    0.328796620117386
  ], 
  "6": [
    0.09758726666666681, 
    0.2738274766212919, 
    0.09798794982727982, 
    0.37635718691338144, 
    -0.2142395455852744, 
    0.31482685234305885, 
    0.29446528637927605
  ]
}