{
  "1": [
    -0.27226825930126436, 
    0.7149823534051777, 
    -0.6133170720114983, 
    0.1620604832618411, 
    0.0950605216444953, 
    -0.04394072384806186, 
    -0.03579815990053657
  ], 
  "2": [
    -0.47069248160001437, 
    0.3335723832148294, 
    0.5595050554462325, 
    -0.32619629268821204, 
    0.44068975725276954, 
    0.21449979693025198, 
    0.08666313782573308
  ], 
  "3": [
    -0.45476629213884506, 
    -0.10425944046238664, 
    0.3015518413906032, 
    0.7747924216447312, 
    -0.06885033058649889, 
    -0.22755019850364488, 
    -0.18590674561089168
  ], 
  "4": [
    -0.6274733989619944, 
    -0.2570955984183542, 
    -0.20593560796737037, 
    -0.25114006194258254, 
    -0.571536086138758, 
    0.28941087080008265, 
    0.15583976267706248
  ], 
  "5": [
    -0.2951942451907001, 
    -0.2883854820455578, 
    -0.1961044834888123, 
    -0.34345425865852014, 
    0.2780740989040509, 
    -0.7715994921510009, 
    -0.024194924005621746
  ], 
  "6": [
    -0.12058713123248609, 
    -0.373105067965284, 
    -0.3012055921689018, 
    0.021768158810170777, 
    0.45727328964473385, 
    0.4359465187055603, 
    -0.5965772891706044
  ], 
  "7": [
    -0.04585234191467398, 
    -0.27962107185962054, 
    -0.219707754155752, 
    0.2924432774438751, 
    0.4230107603745738, 
    0.17636938926326967, 
    0.7588615066619685
  ]
}