{
  "1": [
    9.462905444789872e-05, 
    0.24310487852247162, 
    0.32882110109826124, 
    0.22649711476808457, 
    0.17592736006072204, 
    0.14408041607061817, 
    0.1290964399072569
  ], 
  "3": [
    7.334101448178714e-05, 
    0.13950511234426238, 
    0.2424953760706177, 
    0.2748079860347185, 
    0.3762041882103503, 
    0.2841447842803904, 
    0.2524173823897341
  ], 
  "2": [
    8.760961341896056e-05, 
    0.21949700643339942, 
    0.20929726127316037, 
    0.2669931010884016, 
    0.2305086352911123, 
    0.2336903926416521, 
    0.22039141243994906
  ], 
  "5": [
    4.8408344520705064e-05, 
    0.12197920818440011, 
    0.20594286433363507, 
    0.3357559021696982, 
    0.4254558579816685, 
    0.2988409774054544, 
    0.409237194833799
  ], 
  "4": [
    6.940391270392822e-05, 
    0.14406367241523668, 
    0.17019624151273963, 
    0.32700236577774194, 
    0.2631315225722567, 
    0.2901686188608878, 
    0.2586854107357536
  ], 
  "7": [
    2.363361446763389e-05, 
    0.10420542325150894, 
    0.20187632646474893, 
    0.29478088595853885, 
    0.3688384848586932, 
    0.5023655954685469, 
    0.3242123495571702
  ], 
  "6": [
    3.150740231124345e-05, 
    0.14219075058946856, 
    0.2591661747886067, 
    0.2951610689825039, 
    0.34970908255313987, 
    0.3798499677346914, 
    0.3616049055771846
  ]
}