{
  "1": 0.174544413147586, 
  "3": 0.06608950532931214, 
  "2": 0.1406515469202149, 
  "4": 0.056238883234204944
}