{
  "V_11": 150.56869857730675, 
  "V_12": 261.8113483673085, 
  "V_13": 253.21656206484786, 
  "V_14": 349.1238431838695, 
  "V_15": 164.31650737521224, 
  "V_16": 67.21569082686715, 
  "V_17": 25.622632583529448, 
  "V_21": 261.8113483673085, 
  "V_22": 452.23576121931023, 
  "V_23": 437.1605219086656, 
  "V_24": 603.6266216803812, 
  "V_25": 284.05561010361953, 
  "V_26": 116.21012670057348, 
  "V_27": 44.25140874639773, 
  "V_31": 253.21656206484786, 
  "V_32": 437.1605219086656, 
  "V_33": 422.54139972296093, 
  "V_34": 582.9416412086421, 
  "V_35": 274.22870351738, 
  "V_36": 112.06462118769605, 
  "V_37": 42.672478538187704, 
  "V_41": 349.1238431838695, 
  "V_42": 603.6266216803812, 
  "V_43": 582.9416412086421, 
  "V_44": 804.2208916763085, 
  "V_45": 378.324418658758, 
  "V_46": 154.46710091749173, 
  "V_47": 58.679272681484875, 
  "V_51": 164.31650737521224, 
  "V_52": 284.05561010361953, 
  "V_53": 274.22870351738, 
  "V_54": 378.324418658758, 
  "V_55": 177.93621606899353, 
  "V_56": 72.51931560262307, 
  "V_57": 27.485001259813686, 
  "V_61": 67.21569082686715, 
  "V_62": 116.21012670057348, 
  "V_63": 112.06462118769605, 
  "V_64": 154.46710091749173, 
  "V_65": 72.51931560262307, 
  "V_66": 29.445255632871383, 
  "V_67": 11.115755212594495, 
  "V_71": 25.622632583529448, 
  "V_72": 44.25140874639773, 
  "V_73": 42.672478538187704, 
  "V_74": 58.679272681484875, 
  "V_75": 27.485001259813686, 
  "V_76": 11.115755212594495, 
  "V_77": 4.1437554989562475
}