{
  "1": 2940.9986769976808, 
  "2": 109.08137463729652, 
  "3": 6.8767074890323139, 
  "4": 5.525429766505578, 
  "5": 2.3718646225704889, 
  "6": 1.0297373333108992, 
  "7": 0.43104451437588209
}