{
  "1": 0.04743733744009454, 
  "3": 0.33608547998247357, 
  "2": 0.3524966235620548, 
  "4": 0.16186531228266435
}