{
  "1": [
    0.0010785772593699251, 
    0.03803083984302226, 
    0.3868731872156619, 
    0.31018101248782143, 
    0.11049193206289126, 
    0.14682775865402256, 
    0.15624710158041177
  ], 
  "3": [
    0.0007718355768942701, 
    0.04941334705273603, 
    0.38664923181908756, 
    0.5281637327906139, 
    0.07742197433830553, 
    0.10856408648256384, 
    0.11850996711458292
  ], 
  "2": [
    0.0009085976986144534, 
    0.03660222205117202, 
    0.47133673498866796, 
    0.3361926335173299, 
    0.1009392556342521, 
    0.13072375194734115, 
    0.09114696122827899
  ], 
  "5": [
    0.00043748313614342565, 
    0.027289384660890672, 
    0.1682714466784158, 
    0.22381983078287834, 
    0.21931000091784397, 
    0.4570925834609294, 
    0.26391667476016295
  ], 
  "4": [
    0.0007370820668226902, 
    0.02968494591215522, 
    0.20133863010234213, 
    0.23857981836064035, 
    0.1576915392093068, 
    0.28699915759838596, 
    0.2806572043729952
  ], 
  "7": [
    0.00013051992848598715, 
    0.012043460969595637, 
    0.08607384590414341, 
    0.15470556991000067, 
    0.37000812858477233, 
    0.2154820042846477, 
    0.4347584624133787
  ], 
  "6": [
    0.00023450283522617838, 
    0.02132935195964234, 
    0.14626291176940842, 
    0.1902802033568238, 
    0.2696025562428355, 
    0.3105415266435382, 
    0.41405291291624935
  ]
}