{
  "1": [
    0.3218105201987595, 
    -0.8972775724454849, 
    0.2179364429889195, 
    -0.15212637990785258, 
    -0.10426542788033823, 
    0.07128707897835769, 
    -0.06884105859770286
  ], 
  "2": [
    0.49826650857156035, 
    -0.03404424717762024, 
    -0.8340436747106413, 
    0.18807837373935127, 
    -0.12032862804163467, 
    0.059862403478713924, 
    -0.03881576484006247
  ], 
  "3": [
    0.46550793250376166, 
    0.08620933215792195, 
    0.3356303180756781, 
    0.5941562334407986, 
    0.5233812362402083, 
    0.12757694450243465, 
    0.1414113873064104
  ], 
  "4": [
    0.5983286546628787, 
    0.3398622068103812, 
    0.16179358049076595, 
    -0.6793352133656553, 
    0.09776973426115154, 
    -0.15529996103047702, 
    0.07173567976365687
  ], 
  "5": [
    0.2527959389318009, 
    0.16564028221708824, 
    0.3048572857903401, 
    0.35315444430047666, 
    -0.7236525625362484, 
    -0.3951679320619881, 
    -0.10569180735784414
  ], 
  "6": [
    0.09257013561314811, 
    0.19551202868336715, 
    0.14076972460403414, 
    -0.03334606427497483, 
    -0.14716104255489362, 
    0.6709469120464139, 
    -0.6785658479723791
  ], 
  "7": [
    0.031601337991398526, 
    0.07165139355565334, 
    0.0727729505266615, 
    -0.03370617867344259, 
    -0.38188152446223567, 
    0.587037679404886, 
    0.7049742468082857
  ]
}