{
  "1": [
    0.0002705256590652524, 
    0.07891530862462338, 
    0.19503789415399297, 
    0.1511538428807937, 
    0.10445289668322785, 
    0.07750041535191934, 
    0.08738832207519405
  ], 
  "3": [
    0.00017270581752838325, 
    0.1062869020082185, 
    0.28047613429534557, 
    0.253520564401612, 
    0.29705203168978095, 
    0.20878817069769817, 
    0.2235161424017049
  ], 
  "2": [
    0.00021070595715739265, 
    0.19732817821389306, 
    0.20849332877045512, 
    0.2947908142569103, 
    0.14505659748104008, 
    0.10443739307139667, 
    0.11352274130571066
  ], 
  "5": [
    0.00010024260700693771, 
    0.0740459202712301, 
    0.21916667595297987, 
    0.3553259964157167, 
    0.2750871345908206, 
    0.27610786811833604, 
    0.3599157826341307
  ], 
  "4": [
    0.00016441721689175966, 
    0.07273781683924295, 
    0.2366163802076915, 
    0.2569093235777408, 
    0.22574590530201727, 
    0.15045166121181625, 
    0.17248923697854224
  ], 
  "7": [
    3.432796333492838e-05, 
    0.02185617085772435, 
    0.06111732001564974, 
    0.13916778550895623, 
    0.4027663442128708, 
    0.5198111235355279, 
    0.4532766812772939
  ], 
  "6": [
    5.3024613182213046e-05, 
    0.045818479973408356, 
    0.11928083961723318, 
    0.16280376593399112, 
    0.32354521718420787, 
    0.4824293702657447, 
    0.5255123835193548
  ]
}