{
  "1": [
    -0.34428300666666667, 
    -0.2832811333333334, 
    -0.04623752000000007, 
    0.5795141466666668, 
    0.41900010666666676, 
    -0.1966664133333332, 
    -0.12722589333333328
  ], 
  "3": [
    -0.2914484000000001, 
    0.26946510666666673, 
    -0.021077226666666626, 
    0.14077887333333325, 
    -0.17751899999999946, 
    0.45939184666666744, 
    -0.5571401933333323
  ], 
  "2": [
    -0.4849223200000003, 
    -0.22057567333333344, 
    -0.5586833066666661, 
    -0.07479884666666671, 
    -0.3616658400000005, 
    -0.15063671333333334, 
    0.12166749333333328
  ], 
  "5": [
    -0.5022166799999991, 
    -0.5068554399999999, 
    0.49838296666666676, 
    -0.2958898933333331, 
    -0.06878031333333345, 
    0.04949192000000013, 
    -0.029874739999999896
  ], 
  "4": [
    -0.11338431999999996, 
    -0.05750518666666659, 
    -0.008870139999999907, 
    0.21696790000000038, 
    0.008832653333333357, 
    0.578357606666667, 
    0.5473194200000008
  ], 
  "7": [
    -0.40989749333333336, 
    0.6541675066666668, 
    0.29583234000000014, 
    0.1683928066666667, 
    -0.20569773333333347, 
    -0.2820703666666665, 
    0.23422882666666697
  ], 
  "6": [
    -0.3581118133333334, 
    0.33199986, 
    -0.2177004666666671, 
    -0.41627885333333314, 
    0.5605240999999997, 
    0.08989777333333343, 
    0.011799766666666737
  ]
}