{
  "1": 87.86912705278073, 
  "3": 0.012443847695503397, 
  "2": 0.022288146429797175, 
  "4": -0.011182800295139487
}