{
  "1": [
    0.2879169733333334, 
    0.46235038292899305, 
    0.43236999965281353, 
    -0.1294956798601568, 
    0.21551351702384275, 
    -0.014226290287691939, 
    0.017133407485462396
  ], 
  "3": [
    0.4732600066666668, 
    0.5038681662032274, 
    -0.06900389195569914, 
    0.20909911765930006, 
    -0.35845892939975754, 
    0.06131306510923646, 
    0.10027883151855771
  ], 
  "2": [
    0.5092879266666668, 
    0.6666355158240067, 
    0.4748744471062049, 
    -0.09438337287218533, 
    -0.018627915391037926, 
    0.07650126324897247, 
    0.05599623385239832
  ], 
  "5": [
    0.24971158666666673, 
    0.6162552673248302, 
    -0.180331941117245, 
    -0.4309093228451344, 
    -0.2092455144261995, 
    -0.0801027860696522, 
    -0.31845675760059167
  ], 
  "4": [
    0.6018425000000001, 
    0.44579580709640915, 
    -0.40883454154081106, 
    0.2094309360302997, 
    0.26435815010668884, 
    -0.11666143629677687, 
    -0.03426335323732567
  ], 
  "7": [
    0.032947186666666815, 
    0.1550389709505093, 
    -0.23505163698225864, 
    -0.2940692262870933, 
    -0.07195893867705652, 
    -0.2560398399307809, 
    0.3624683097217347
  ], 
  "6": [
    0.08999494000000009, 
    0.42345708678401073, 
    -0.3874131409922567, 
    -0.24827534440421356, 
    0.13987320716207483, 
    0.38639154228855704, 
    0.08117691527143572
  ]
}