{
  "1": [
    0.00014136829748377777, 
    0.11356321057186884, 
    0.3489352782989066, 
    0.4072249499101787, 
    0.2897988515782516, 
    0.23418785586272173, 
    0.1920587905762795
  ], 
  "3": [
    0.00010025689230441789, 
    0.11620714753439101, 
    0.40528585068479056, 
    0.364908390665095, 
    0.34906172933540425, 
    0.2779030786632072, 
    0.24038214202209038
  ], 
  "2": [
    0.000124197518237048, 
    0.09332109344040981, 
    0.3099864270193743, 
    0.329680060286433, 
    0.3202835270160762, 
    0.2347964889177372, 
    0.25002783359612457
  ], 
  "5": [
    6.045544351203906e-05, 
    0.09329774000705057, 
    0.2587996794772572, 
    0.3241738872958452, 
    0.2989003773072754, 
    0.4458820300684137, 
    0.3981300279495363
  ], 
  "4": [
    9.544113625862784e-05, 
    0.12454747988051718, 
    0.29985687050278204, 
    0.3088609988184124, 
    0.2851608078277183, 
    0.29989536359526625, 
    0.2598424455805795
  ], 
  "7": [
    2.751215568893173e-05, 
    0.047681440647216425, 
    0.20470881847579944, 
    0.27510165001637177, 
    0.4490541237568199, 
    0.47836498418178536, 
    0.3301658214341246
  ], 
  "6": [
    3.390719293674373e-05, 
    0.07449442660531827, 
    0.2931092400660753, 
    0.27898328494301017, 
    0.3794033478376565, 
    0.2560774321150269, 
    0.36376108068073065
  ]
}