{
  "1": [
    -0.2843349333333334, 
    -0.37554013547761456, 
    0.4397678756878248, 
    -0.12883900483091773, 
    0.027944173128746322, 
    0.020154254455114363, 
    0.02472494770868997
  ], 
  "3": [
    -0.4698583333333333, 
    -0.28104097328505606, 
    -0.25124133147329997, 
    -0.35142371980676274, 
    0.015738673486223338, 
    0.09145398213176636, 
    0.007565305191100989
  ], 
  "2": [
    -0.50075458, 
    -0.39041760222444616, 
    -0.16620284429977603, 
    0.14160930434782593, 
    -0.11911423307484995, 
    -0.19751957861545105, 
    0.05202835900361305
  ], 
  "5": [
    -0.25939203999999993, 
    -0.19295095450414756, 
    0.11752237464155614, 
    0.0640465700483095, 
    -0.3374132046416975, 
    0.22965552051980334, 
    -0.04911613234455166
  ], 
  "4": [
    -0.6083613866666667, 
    -0.24600311521431686, 
    0.04552723397659447, 
    0.21507973913043496, 
    0.2127796238244512, 
    0.03799376522860802, 
    -0.024224495151169607
  ], 
  "7": [
    -0.032952153333333255, 
    -0.14287377041055732, 
    0.09271357823761904, 
    -0.0805442705314012, 
    0.027583506572072845, 
    0.044056628923606615, 
    0.538532097356913
  ], 
  "6": [
    -0.09569767333333334, 
    -0.2718605081928301, 
    0.15673229481515896, 
    -0.1460294396135259, 
    0.015362684925480133, 
    -0.35458239453442447, 
    -0.28118850351777763
  ]
}