{
  "1": [
    2.192184608844305e-05, 
    0.05775571452613271, 
    0.06927758646457692, 
    0.14256132210590897, 
    0.10732430145975412, 
    0.04453604138321888, 
    0.038930329367285244
  ], 
  "3": [
    3.232950082656121e-05, 
    0.035519143289130334, 
    0.12911318302518232, 
    0.2545079071989557, 
    0.2852092003099822, 
    0.20265890714824822, 
    0.18925290580328355
  ], 
  "2": [
    2.3673479759783416e-05, 
    0.05718976069511474, 
    0.08187411658036835, 
    0.16502268668743456, 
    0.15800697841725975, 
    0.05381570765669416, 
    0.045668247122419285
  ], 
  "5": [
    1.6387914047033034e-05, 
    0.025432043332649416, 
    0.12650417147900855, 
    0.2865563071871664, 
    0.27369759472008603, 
    0.18135051809946232, 
    0.1864826886942017
  ], 
  "4": [
    3.328505667660519e-05, 
    0.05307564517533925, 
    0.08013310861503077, 
    0.26060713800879454, 
    0.21494194844065526, 
    0.1509860888923704, 
    0.1215141216216368
  ], 
  "7": [
    3.7060850743088407e-06, 
    0.01187397779242629, 
    0.058411660441674174, 
    0.13053187454221687, 
    0.16117174909572787, 
    0.327825228850317, 
    0.41508959970601644
  ], 
  "6": [
    0.0, 
    0.018496259798761523, 
    0.0889188804629441, 
    0.17222167128561855, 
    0.20622069718035216, 
    0.3719773666422573, 
    0.2854466656259655
  ]
}