{
  "1": [
    -0.42117070666666667, 
    0.5533054988246148, 
    -0.522040398369093, 
    -0.16615184665262897, 
    0.13031439477281023, 
    -0.032177114378104436, 
    0.008996756342300984
  ], 
  "3": [
    -0.44820817333333324, 
    -0.11935157801479843, 
    0.032808602366152156, 
    0.4928715966442733, 
    0.4003199286595338, 
    0.3205188885555222, 
    -0.17271633496682998
  ], 
  "2": [
    -0.5634422533333333, 
    0.2112844554767876, 
    0.7129742797941295, 
    -0.22503243758147018, 
    -0.13466947028036128, 
    -0.008813764709804293, 
    0.0034913791379138893
  ], 
  "5": [
    -0.19696235999999998, 
    -0.41139751116724255, 
    -0.06308495421429057, 
    -0.3563183094354758, 
    0.4955846551321808, 
    -0.31444196753008763, 
    0.1839076474314101
  ], 
  "4": [
    -0.5100017933333334, 
    -0.2666047101199151, 
    -0.3326129804157471, 
    0.15430603629800435, 
    -0.48342959295929555, 
    -0.17717406073940753, 
    0.13811791512484603
  ], 
  "7": [
    -0.023900206666666587, 
    -0.14342976597626467, 
    -0.11038848339014745, 
    -0.28002328620608985, 
    -0.07375909257592415, 
    0.6221345234523457, 
    0.39987133713371414
  ], 
  "6": [
    -0.06923333333333326, 
    -0.23559548253697343, 
    -0.17132630171779914, 
    -0.37494835723119024, 
    -0.11151252791945812, 
    0.17710939427276054, 
    -0.6438491882521601
  ]
}