{
  "1": [
    -0.4179351509258691, 
    -0.36012346922118044, 
    -0.625665928331687, 
    -0.547580284560868, 
    -0.03238437922225162, 
    0.053655077201984744, 
    0.02028938870770577
  ], 
  "2": [
    -0.5598374833079209, 
    -0.5758006312688397, 
    0.5767863569038715, 
    0.14417593321098804, 
    -0.011341942185534205, 
    -0.023880850931437676, 
    -0.029453172876369636
  ], 
  "3": [
    -0.44832955348019715, 
    0.6613569199266317, 
    0.34281917187098637, 
    -0.4685355447611627, 
    -0.1289616914574777, 
    0.08849381960194636, 
    -0.009737590235285304
  ], 
  "4": [
    -0.5150173554516495, 
    0.30313216251725356, 
    -0.33471403411013373, 
    0.531073830458282, 
    0.45366767112810236, 
    -0.12338982235073996, 
    -0.16660046073538673
  ], 
  "5": [
    -0.20038864944467485, 
    0.09665061486907031, 
    -0.1780576167132646, 
    0.32629955778646347, 
    -0.6899708091067196, 
    -0.2691053854793084, 
    0.5136630273086504
  ], 
  "6": [
    -0.07041038904599646, 
    0.01173193735502014, 
    -0.11376452275414926, 
    0.2659920464313957, 
    -0.3826112170892953, 
    0.8110612690186288, 
    -0.32710682935877683
  ], 
  "7": [
    -0.02359455979651115, 
    0.00191226321614673, 
    0.040673011626041616, 
    0.02410377489740539, 
    0.39233414046899684, 
    0.49321044462346336, 
    0.7746106981545694
  ]
}