{
  "1": [
    3.590728804215189e-05, 
    0.2561038254416974, 
    0.3226214384750566, 
    0.38814166870987926, 
    0.17801636168525967, 
    0.08739931626849796, 
    0.09245611178609409
  ], 
  "3": [
    3.355151969853066e-05, 
    0.21760057729420823, 
    0.36312891176328593, 
    0.21324206610173166, 
    0.16929128648295277, 
    0.09464062004851154, 
    0.10910394180824914
  ], 
  "2": [
    3.070189089098017e-05, 
    0.24039217864360846, 
    0.2917677670888425, 
    0.2937638701161468, 
    0.125652062593785, 
    0.06852142758341792, 
    0.06867267194579618
  ], 
  "5": [
    2.4733329981124858e-05, 
    0.08875551550143407, 
    0.23008941938106636, 
    0.29384803849695934, 
    0.21827801933899757, 
    0.39448016449561635, 
    0.31981349552399313
  ], 
  "4": [
    2.931446440108586e-05, 
    0.16703030017895948, 
    0.3484931523152624, 
    0.22622976780298054, 
    0.230763304421871, 
    0.170560103011348, 
    0.17458794269343772
  ], 
  "7": [
    1.0824989609250955e-05, 
    0.01817984105443173, 
    0.0430703785300399, 
    0.10771601209862232, 
    0.2780760087265952, 
    0.5828540034430936, 
    0.45453420742207434
  ], 
  "6": [
    1.1821590481046562e-05, 
    0.04707863778346769, 
    0.1549005424562253, 
    0.2140136984677747, 
    0.23031372533248626, 
    0.384693763511439, 
    0.5752639524125718
  ]
}