{
  "1": 2391.843441102608, 
  "3": 0.1640828655636387, 
  "2": 0.4736415525420715, 
  "4": 0.030028617202259272
}