{
  "1": [
    -0.41793533333333327, 
    -0.3234577788927912, 
    -0.5057512669774985, 
    -0.3031822809031759, 
    0.0024352069026240017, 
    0.04206755959499326, 
    0.002298033500446991
  ], 
  "3": [
    -0.44832938000000006, 
    0.5851217561465138, 
    0.16938780998716108, 
    -0.3854232160873937, 
    -0.08554729705934147, 
    0.055817308458901455, 
    -0.014815813610042116
  ], 
  "2": [
    -0.5598370533333332, 
    -0.5113107308914523, 
    0.40648458003919236, 
    0.02235689733152472, 
    -0.01513106180665589, 
    -0.01835462807940674, 
    -0.014577035482492
  ], 
  "5": [
    -0.20037765333333324, 
    0.08634778056531199, 
    -0.07000469626326093, 
    0.2137503844414297, 
    -0.5794317133298106, 
    -0.15928258789763233, 
    0.31084553651237734
  ], 
  "4": [
    -0.5150195333333332, 
    0.2737489713998999, 
    -0.14720427055882135, 
    0.4472105173433536, 
    0.3469146856841003, 
    -0.07274402455552885, 
    -0.08342339201741086
  ], 
  "7": [
    -0.023568473333333288, 
    0.00226382003679553, 
    0.026346523413744282, 
    0.025289263472845647, 
    0.3284585067793625, 
    0.2973989077573147, 
    0.3953211107224752
  ], 
  "6": [
    -0.07043116666666667, 
    0.010890908178625303, 
    -0.041425934184741976, 
    0.18801228473019496, 
    -0.34794381053002327, 
    0.4265731882324793, 
    -0.21033417667405013
  ]
}