{
  "1": [
    0.28791324, 
    0.10545491794110123, 
    0.4673515512807677, 
    -0.158551721339979, 
    0.29949363736091533, 
    -0.04452831930290936, 
    0.009925924711198625
  ], 
  "3": [
    0.47325648666666664, 
    0.011991693096943533, 
    -0.07774835186855013, 
    0.23124786136548048, 
    -0.48766982447892143, 
    0.10910800472603756, 
    0.13076333588426117
  ], 
  "2": [
    0.5092931, 
    0.6440241865364011, 
    0.5123568680492926, 
    -0.13443368880645967, 
    -0.00026672935276594645, 
    0.08405426820262879, 
    0.07370109325461906
  ], 
  "5": [
    0.24971213333333334, 
    0.07370290343920893, 
    -0.1892707844905321, 
    -0.5101687454116919, 
    -0.27350958313743856, 
    -0.05753002510707429, 
    -0.3352500747057323
  ], 
  "4": [
    0.6018424600000001, 
    0.34748237248914315, 
    -0.4440282970978196, 
    0.28359566090954713, 
    0.32051127566212195, 
    -0.15451668881996766, 
    -0.06754071280201174
  ], 
  "7": [
    0.03295010000000015, 
    0.06345782555744284, 
    -0.24145600307250495, 
    -0.3701726247053837, 
    -0.06275695815702921, 
    -0.2802789395953343, 
    0.36820603840967875
  ], 
  "6": [
    0.08999412666666676, 
    0.10572244178356471, 
    -0.4028519620612497, 
    -0.29343474749816467, 
    0.24623714934963195, 
    0.38861795894254897, 
    0.11068960679275577
  ]
}