{
  "1": 0.002021413556710807, 
  "3": 0.0021754552737920274, 
  "2": 0.0025640352030595775, 
  "4": 0.0015361275385864061
}