{
  "1": [
    0.00014421922803437893, 
    0.24295733875189265, 
    0.4350244363299969, 
    0.23512183183615729, 
    0.1264265776134728, 
    0.09504658081559435, 
    0.09488403717024231
  ], 
  "3": [
    0.0001101393868704624, 
    0.26007305303279205, 
    0.3764593407383945, 
    0.2356992582121023, 
    0.25800069241156565, 
    0.17822237703850172, 
    0.16284608107082107
  ], 
  "2": [
    0.00012871827523196135, 
    0.4096096604120307, 
    0.2502479674410982, 
    0.27287956018861004, 
    0.14327465861016284, 
    0.11263450381631439, 
    0.10219927174040906
  ], 
  "5": [
    6.069185383703367e-05, 
    0.11015547762295033, 
    0.18485698054973407, 
    0.3733163892030198, 
    0.30775937706533535, 
    0.35327862998765125, 
    0.35281614862473604
  ], 
  "4": [
    0.00010704114231596779, 
    0.346998222209141, 
    0.2856074035118062, 
    0.27297963739057923, 
    0.19924405757247898, 
    0.16717609640974082, 
    0.157408498050892
  ], 
  "7": [
    2.167189577721597e-05, 
    0.02981120102928235, 
    0.05526057844407557, 
    0.1252395216159569, 
    0.253631356238577, 
    0.5674993392419341, 
    0.34584926569217345
  ], 
  "6": [
    3.5374413876511497e-05, 
    0.04965850674199663, 
    0.10146795473807721, 
    0.30689326998802663, 
    0.39748228555612347, 
    0.30804733375197657, 
    0.4756949792235394
  ]
}