{
  "dV_11": 0.6064482317224799, 
  "dV_12": 0.41527672874475396, 
  "dV_13": 0.31866814399917315, 
  "dV_14": 0.3098981174494657, 
  "dV_15": 0.15597193821210104, 
  "dV_16": 0.07912102398812777, 
  "dV_17": 0.040851703386440744, 
  "dV_21": 0.41527672874475396, 
  "dV_22": 0.560975532126312, 
  "dV_23": 0.30870858001377116, 
  "dV_24": 0.30042435821113866, 
  "dV_25": 0.15059104242929092, 
  "dV_26": 0.07629539076249015, 
  "dV_27": 0.03935406225155715, 
  "dV_31": 0.31866814399917315, 
  "dV_32": 0.30870858001377116, 
  "dV_33": 0.3303818500152629, 
  "dV_34": 0.23143035826652592, 
  "dV_35": 0.11574368072348394, 
  "dV_36": 0.05858910190965128, 
  "dV_37": 0.030235203033158235, 
  "dV_41": 0.3098981174494657, 
  "dV_42": 0.30042435821113866, 
  "dV_43": 0.23143035826652592, 
  "dV_44": 0.31117568853805905, 
  "dV_45": 0.1132668416669042, 
  "dV_46": 0.057121177806202614, 
  "dV_47": 0.029406287647007968, 
  "dV_51": 0.15597193821210104, 
  "dV_52": 0.15059104242929092, 
  "dV_53": 0.11574368072348394, 
  "dV_54": 0.1132668416669042, 
  "dV_55": 0.07962952952599399, 
  "dV_56": 0.02884959973136238, 
  "dV_57": 0.01484828557014931, 
  "dV_61": 0.07912102398812777, 
  "dV_62": 0.07629539076249015, 
  "dV_63": 0.05858910190965128, 
  "dV_64": 0.057121177806202614, 
  "dV_65": 0.02884959973136238, 
  "dV_66": 0.02063528356448522, 
  "dV_67": 0.007567981447166619, 
  "dV_71": 0.040851703386440744, 
  "dV_72": 0.03935406225155715, 
  "dV_73": 0.030235203033158235, 
  "dV_74": 0.029406287647007968, 
  "dV_75": 0.01484828557014931, 
  "dV_76": 0.007567981447166619, 
  "dV_77": 0.005540889141060901
}