{"mode1_error": [4e-06, 5e-06, 7e-06, 8e-06, 1.5e-05, 2.8e-05, 6.6e-05], "mode2": [-0.00038, -0.00037, 0.00021, 0.00091, 0.00313, 0.00704, 0.01003], "mode2_error": [0.000146, 0.000178, 0.000207, 0.000168, 0.000643, 0.001315, 0.00276], "mode1": [0.01025, 0.01722, 0.02462, 0.03344, 0.04381, 0.05094, 0.0541]}