{"mode1_error": [1.7e-05, 1.8e-05, 2.7e-05, 3e-05, 5.8e-05, 0.0001, 0.000166], "mode2": [0.00058, 0.00045, -0.00042, -0.00121, -0.00231, -0.00318, -0.00713], "mode2_error": [6.9e-05, 8.7e-05, 0.000152, 0.000126, 0.00041, 0.000712, 0.001319], "mode1": [0.00198, 0.00351, 0.00507, 0.00698, 0.01014, 0.01471, 0.02026]}