{"mode1_error": [4e-06, 4e-06, 6e-06, 7e-06, 1.4e-05, 3.1e-05, 9.9e-05], "mode2": [-0.00063, -0.00031, 0.00053, 0.00088, 0.00412, 0.00761, 0.0113], "mode2_error": [0.000124, 0.000186, 0.000196, 0.000263, 0.000486, 0.001319, 0.002426], "mode1": [0.01438, 0.02414, 0.03445, 0.04673, 0.06098, 0.07038, 0.07394]}