{"mode1_error": [3e-06, 4e-06, 6e-06, 7e-06, 1.5e-05, 1.6e-05, 0.0], "mode2": [-0.00036, -0.00042, -0.0004, 0.00142, 0.00467, 0.01254, 0.02127], "mode2_error": [0.000152, 0.000159, 0.000265, 0.000266, 0.000745, 0.001859, 0.003405], "mode1": [0.02641, 0.04424, 0.06301, 0.08528, 0.11131, 0.12796, 0.13323]}