{"mode1_error": [4e-06, 5e-06, 7e-06, 9e-06, 2.5e-05, 6.8e-05, 0.0], "mode2": [0.00078, 0.00019, 0.00039, -0.00153, -0.0068, -0.01456, -0.02404], "mode2_error": [0.000219, 0.000352, 0.000321, 0.000359, 0.001021, 0.002329, 0.00465], "mode1": [0.03516, 0.05869, 0.08331, 0.11248, 0.14659, 0.16853, 0.17474]}