{
  "1": 0.1736917393856149, 
  "3": 0.22560726095789885, 
  "2": 0.16111434794477103, 
  "4": 0.13633677840868322
}