{
  "1": 2440.2760935749429, 
  "2": 2.0238233705097417, 
  "3": 0.90026026425480099, 
  "4": 0.29285174427842231, 
  "5": 0.026719587586631861, 
  "6": 0.0066170007473633384, 
  "7": -0.14076299097687522
}