{
  "1": [
    -0.4158465933333333, 
    -0.6284549434037876, 
    0.4501113364213411, 
    0.037894151638549485, 
    -0.1375905206331773, 
    -0.032404710396154134, 
    0.0036421407980581333
  ], 
  "3": [
    -0.44818703333333326, 
    0.2411289625697016, 
    -0.2768458569222839, 
    -0.2811395733953849, 
    -0.1086582395461616, 
    -0.29321846715665734, 
    -0.049087096040054824
  ], 
  "2": [
    -0.5588301533333332, 
    -0.2468238171558303, 
    -0.5213800960713669, 
    0.22177892185379125, 
    0.07377841522554697, 
    0.08425242453658799, 
    -0.004226961007434286
  ], 
  "5": [
    -0.2025692, 
    0.47225117032288155, 
    0.03445160747984202, 
    0.18768955982160193, 
    -0.31183063409278033, 
    0.26245411639624694, 
    0.16067766651494472
  ], 
  "4": [
    -0.5167516999999999, 
    0.3343796220241079, 
    0.3908272396637501, 
    -0.15192990110529367, 
    0.24211517979687122, 
    0.12397775158322946, 
    0.029596654528903216
  ], 
  "7": [
    -0.024866433333333254, 
    0.13126115396173513, 
    0.14662078915766008, 
    0.22695376769439618, 
    0.0952196724311467, 
    -0.3744627143715608, 
    0.5006696631770595
  ], 
  "6": [
    -0.07227825999999993, 
    0.26966064643226817, 
    0.2169785589294904, 
    0.29272463447740926, 
    0.005111034861378223, 
    -0.1398764156612574, 
    -0.5180683507813681
  ]
}