{
  "1": [
    -0.2875317065664801, 
    0.4439725423608596, 
    0.31028930061032906, 
    -0.5258806527604364, 
    0.5494898025848666, 
    0.20706093408695986, 
    0.05070221649860021
  ], 
  "2": [
    -0.5083212397375493, 
    0.2352013106659671, 
    0.2663824587724566, 
    -0.12394999538430454, 
    -0.7055378807584871, 
    -0.12398645053491708, 
    0.2946358835814843
  ], 
  "3": [
    -0.4726319762458314, 
    0.24694252766689173, 
    -0.7869083962920396, 
    0.19991676583431606, 
    0.11548678595368465, 
    0.1632709373791108, 
    0.12826639825116934
  ], 
  "4": [
    -0.6025646102217371, 
    -0.32652715757174483, 
    0.354727570221177, 
    0.46443769992974737, 
    0.21440618903937192, 
    0.03452321604597787, 
    -0.376297772170974
  ], 
  "5": [
    -0.2514052615474746, 
    -0.45996633349643523, 
    -0.22718748408980782, 
    -0.48546714276311725, 
    0.14583326291985454, 
    -0.6453809789535893, 
    0.012244113585865836
  ], 
  "6": [
    -0.09104083881792656, 
    -0.41354202184334915, 
    -0.14479161709608554, 
    -0.45385465197884967, 
    -0.28485169360477963, 
    0.6526125977861595, 
    -0.29445239716156174
  ], 
  "7": [
    -0.03125540949193138, 
    -0.4442770494948059, 
    0.1229865726281028, 
    0.10370369083776108, 
    0.19637264605439728, 
    0.2673650452764614, 
    0.8159133327599369
  ]
}