{
  "dV_11": 0.14294091363776815, 
  "dV_12": 0.09377707249842786, 
  "dV_13": 0.07196090499895738, 
  "dV_14": 0.06951176915595322, 
  "dV_15": 0.036405723243805574, 
  "dV_16": 0.01934706709619973, 
  "dV_17": 0.010939403857163963, 
  "dV_21": 0.09377707249842786, 
  "dV_22": 0.12289285355135975, 
  "dV_23": 0.06680115088191604, 
  "dV_24": 0.06450030219779707, 
  "dV_25": 0.03376946379620731, 
  "dV_26": 0.017940180587974253, 
  "dV_27": 0.01014776995632883, 
  "dV_31": 0.07196090499895738, 
  "dV_32": 0.06680115088191604, 
  "dV_33": 0.07232852703974191, 
  "dV_34": 0.04960803707933889, 
  "dV_35": 0.02594102053758388, 
  "dV_36": 0.013775456550637607, 
  "dV_37": 0.007789991327276194, 
  "dV_41": 0.06951176915595322, 
  "dV_42": 0.06450030219779707, 
  "dV_43": 0.04960803707933889, 
  "dV_44": 0.06720023601050522, 
  "dV_45": 0.02513304333555745, 
  "dV_46": 0.013327760584448976, 
  "dV_47": 0.007530963548712106, 
  "dV_51": 0.036405723243805574, 
  "dV_52": 0.03376946379620731, 
  "dV_53": 0.02594102053758388, 
  "dV_54": 0.02513304333555745, 
  "dV_55": 0.01854472978198619, 
  "dV_56": 0.0070097242982383335, 
  "dV_57": 0.003959964291787079, 
  "dV_61": 0.01934706709619973, 
  "dV_62": 0.017940180587974253, 
  "dV_63": 0.013775456550637607, 
  "dV_64": 0.013327760584448976, 
  "dV_65": 0.0070097242982383335, 
  "dV_66": 0.0052765395049655635, 
  "dV_67": 0.002118871654973969, 
  "dV_71": 0.010939403857163963, 
  "dV_72": 0.01014776995632883, 
  "dV_73": 0.007789991327276194, 
  "dV_74": 0.007530963548712106, 
  "dV_75": 0.003959964291787079, 
  "dV_76": 0.002118871654973969, 
  "dV_77": 0.0017998545011060712
}