{
  "1": [
    -0.42000486000000004, 
    0.4003548904462017, 
    0.22055291759118684, 
    0.16749612572037356, 
    0.18664909787030434, 
    0.0606600334301048, 
    0.03209919399977625
  ], 
  "3": [
    -0.4482024199999999, 
    0.12617855504750827, 
    -0.257702358986336, 
    0.24938635769286677, 
    -0.25624265613783287, 
    -0.08389748394475224, 
    0.09834724056867807
  ], 
  "2": [
    -0.5624004400000001, 
    0.3783864286494136, 
    0.06907342831562166, 
    -0.23960781151629634, 
    -0.1397948360851874, 
    0.026151341602885663, 
    -0.0349679577596174
  ], 
  "5": [
    -0.1981020866666666, 
    -0.2048886521710195, 
    0.2944014130561716, 
    -0.019490159329749217, 
    0.03651534338358428, 
    -0.3246165215096326, 
    0.03716932348221894
  ], 
  "4": [
    -0.5115989266666667, 
    -0.281049138359692, 
    -0.17900243294795457, 
    -0.09815715531018492, 
    0.24186391481215613, 
    0.0800500043986979, 
    -0.06929493264674046
  ], 
  "7": [
    -0.023757133333333267, 
    -0.19508235484932424, 
    0.12012728794425634, 
    0.002114296091820424, 
    -0.05744103852596293, 
    0.3540071170933405, 
    0.5155713086309194
  ], 
  "6": [
    -0.06980730666666664, 
    -0.25482920907276513, 
    0.20667047763634244, 
    0.09540006295704363, 
    -0.20820908829863674, 
    0.17723304301926587, 
    -0.3158369304824806
  ]
}