{"mode1_error": [0.0, 0.0, 0.0, 0.0, 0.0, 0.0, 0.0], "mode2": [0.00064, 0.0004, 6e-05, -0.00164, -0.00474, -0.01003, -0.01914], "mode2_error": [0.0, 0.0, 0.0, 0.0, 0.0, 0.0, 0.0], "mode1": [0.02642, 0.04424, 0.06301, 0.08528, 0.11128, 0.12808, 0.13324]}