{
  "1": 89.334790836099685, 
  "2": 0.1264244985473082, 
  "3": 0.072425999091073265, 
  "4": 0.046783003325503246, 
  "5": 0.038331716399675933, 
  "6": 0.0077312695702396999, 
  "7": -0.12825556778419575
}