{
  "1": 89.33496725945054, 
  "3": 0.07464912014661332, 
  "2": 0.1347621123865842, 
  "4": 0.04879595868256655
}