{
  "1": [
    -0.2865932733333333, 
    0.17048065876682064, 
    0.5246744335088112, 
    0.006216423611111108, 
    0.10334936670557214, 
    -0.13264919753086435, 
    -0.03789864365451286
  ], 
  "3": [
    -0.4728222533333333, 
    0.1311796679386757, 
    -0.14237222858014703, 
    0.2946924305555558, 
    0.13062270781999727, 
    0.14259146384479704, 
    0.1830448851297295
  ], 
  "2": [
    -0.50909406, 
    -0.6338869116957874, 
    -0.0701511329823756, 
    -0.09524822916666685, 
    0.0673158993645441, 
    -0.09750761022927698, 
    -0.07526462071855784
  ], 
  "5": [
    -0.2514289133333333, 
    -0.1820163821383142, 
    0.23295772487983513, 
    0.14566269097222243, 
    -0.29407790169886916, 
    0.18346643738977053, 
    0.05355162494761316
  ], 
  "4": [
    -0.60163044, 
    0.42783759121644466, 
    -0.18557589837491498, 
    -0.15971710937500067, 
    -0.08425678035706592, 
    -0.0534146825396823, 
    -0.14669059702061166
  ], 
  "7": [
    -0.038848926666666596, 
    0.011349179888866657, 
    -0.04481795223926144, 
    0.0062436024305557595, 
    -0.1051004841568322, 
    -0.4019463580246919, 
    0.4237574694250776
  ], 
  "6": [
    -0.09187164666666664, 
    -0.0028587869050009677, 
    0.0812505836575877, 
    -0.3635791927083327, 
    0.03377655729909738, 
    0.2378600440917107, 
    0.22803648035965995
  ]
}