{
  "V_11": 423.99251307541317, 
  "V_12": 338.28145656650713, 
  "V_13": 381.5977069101167, 
  "V_14": 147.28368035915457, 
  "V_15": 51.531650725199235, 
  "V_16": 18.344000276072332, 
  "V_17": 450.37084434447377, 
  "V_21": 338.28145656650713, 
  "V_22": 510.58491687031454, 
  "V_23": 195.97113155001384, 
  "V_24": 67.93427610706848, 
  "V_25": 24.33262983907634, 
  "V_26": 406.7981442702127, 
  "V_27": 156.21309866775607, 
  "V_31": 381.5977069101167, 
  "V_32": 195.97113155001384, 
  "V_33": 54.369586363588624, 
  "V_34": 19.413049606954477, 
  "V_35": 176.8469716517282, 
  "V_36": 61.50806539325094, 
  "V_37": 21.90301095400724, 
  "V_41": 147.28368035915457, 
  "V_42": 67.93427610706848, 
  "V_43": 19.413049606954477, 
  "V_44": 23.644767799650733, 
  "V_45": 8.403330080518966, 
  "V_46": 2.992436481443789, 
  "V_47": 326.05657902434996, 
  "V_51": 51.531650725199235, 
  "V_52": 24.33262983907634, 
  "V_53": 176.8469716517282, 
  "V_54": 8.403330080518966, 
  "V_55": 576.0311879699208, 
  "V_56": 360.9182393682969, 
  "V_57": 463.399743533556, 
  "V_61": 18.344000276072332, 
  "V_62": 406.7981442702127, 
  "V_63": 61.50806539325094, 
  "V_64": 2.992436481443789, 
  "V_65": 360.9182393682969, 
  "V_66": 66.3395292467145, 
  "V_67": 8.366212420229772, 
  "V_71": 450.37084434447377, 
  "V_72": 156.21309866775607, 
  "V_73": 21.90301095400724, 
  "V_74": 326.05657902434996, 
  "V_75": 463.399743533556, 
  "V_76": 8.366212420229772, 
  "V_77": 1.2470635515735708
}