{
  "1": [
    0.2847372023790895, 
    -0.5403373472006637, 
    0.7208127474947734, 
    -0.24172512575448546, 
    -0.15178371189958012, 
    -0.15802368705643768, 
    -0.030796794647800312
  ], 
  "2": [
    0.49573515782774696, 
    -0.38979568735099357, 
    -0.6143884797527679, 
    -0.2501586432700635, 
    -0.183507297336008, 
    0.051683183880055855, 
    -0.3548342498813708
  ], 
  "3": [
    0.46761932573339837, 
    0.14417009873857856, 
    -0.07313925055855668, 
    -0.034888438802412595, 
    0.6105403109218012, 
    -0.5654075808450745, 
    0.24806328216490334
  ], 
  "4": [
    0.611684978106253, 
    0.15661086913309402, 
    0.12840575783079813, 
    0.6256209399812226, 
    -0.19844606812929702, 
    0.35226101232938756, 
    0.17307877188763932
  ], 
  "5": [
    0.2641137698109156, 
    0.501999962156652, 
    0.1392093061614143, 
    -0.6837919021158964, 
    -0.0035866237562195208, 
    0.42010414046743655, 
    0.12161005534876033
  ], 
  "6": [
    0.09740370372165882, 
    0.4390249420048611, 
    0.22383480021223814, 
    0.10331051068797305, 
    -0.04975494587582912, 
    -0.25547239406727196, 
    -0.8180787496474458
  ], 
  "7": [
    0.03318836742283131, 
    0.2569747651699475, 
    -0.10787558422439567, 
    -0.09014669186007976, 
    -0.7270887462345134, 
    -0.535565286944886, 
    0.3124271325082559
  ]
}