{
  "1": 270.1671351303923, 
  "2": 0.77187650479367953, 
  "3": 0.27280356131716499, 
  "4": 0.10907983583692335, 
  "5": -0.0034103171160001261, 
  "6": -0.14905590619785247, 
  "7": -1.1201363706431573
}