{
  "1": 0.0020559705033634155, 
  "3": 0.0014222803551038245, 
  "2": 0.0031796067283977087, 
  "4": 0.000940633127306196
}