{
  "1": [
    0.00010440799257183186, 
    0.12367252442028429, 
    0.13716430221612483, 
    0.27356373166879977, 
    0.18865531795200696, 
    0.1784313919353721, 
    0.11100958488773105
  ], 
  "3": [
    7.900192526569578e-05, 
    0.08891291375273559, 
    0.22806662067638842, 
    0.3239001484117308, 
    0.3804507240224726, 
    0.25136579495207256, 
    0.26573686800839963
  ], 
  "2": [
    9.257277672184454e-05, 
    0.14899031502211593, 
    0.16843179090838017, 
    0.24916177286571592, 
    0.29370103246533924, 
    0.21316873036272652, 
    0.18098925988215153
  ], 
  "5": [
    4.584758517372552e-05, 
    0.05568946928802402, 
    0.2101496848025643, 
    0.3825346321889413, 
    0.31796531332404065, 
    0.39251981959674714, 
    0.27595487252590667
  ], 
  "4": [
    7.83099159898764e-05, 
    0.10060794866994087, 
    0.17893239173621459, 
    0.34105836526009115, 
    0.29609406699712787, 
    0.2799085301620883, 
    0.19926517941786545
  ], 
  "7": [
    3.3331460615194075e-05, 
    0.028290496757317186, 
    0.1180538423487483, 
    0.2969041084864146, 
    0.4145851238532481, 
    0.33885723290529585, 
    0.383411118711573
  ], 
  "6": [
    3.1455047977894847e-05, 
    0.04772955600445691, 
    0.17053874874953417, 
    0.2854016318420789, 
    0.407596974172086, 
    0.4109280665337853, 
    0.2698855808417331
  ]
}