{
  "1": 0.002403889655703496, 
  "3": 0.00253525045251932, 
  "2": 0.0022724743578223646, 
  "4": 0.0011879360519807978
}