{
  "1": 2440.2769058970644, 
  "3": 0.9182656420314894, 
  "2": 2.046842752033272, 
  "4": 0.3056540407686888
}