{
  "1": 1100.1161685779339, 
  "2": 0.20057268241145582, 
  "3": 0.048445537530309231, 
  "4": 0.018620866625731914, 
  "5": -0.056232583255725027, 
  "6": -0.22282914039699764, 
  "7": -0.91444656316235617
}