{
  "1": 2362.1703379878072, 
  "2": 2.7995868369298758, 
  "3": 0.97375343334271136, 
  "4": 0.48460844186736485, 
  "5": 0.15059530654377773, 
  "6": 0.047110905996951336, 
  "7": 0.011880975834559049, 
  "8": 0.0077777602688571751, 
  "9": -0.0018607660134569938, 
  "10": -0.053636926922985752, 
  "11": -0.72125040334709178
}