{"mode1_error": [6e-06, 7e-06, 1e-05, 1e-05, 2.1e-05, 3.4e-05, 5.7e-05], "mode2": [0.00044, -0.0004, -0.00038, 0.00018, 0.00023, -0.00018, 0.00185], "mode2_error": [0.000235, 0.000454, 0.000422, 0.000649, 0.000856, 0.001917, 0.004851], "mode1": [0.0058, 0.01347, 0.02205, 0.03339, 0.04741, 0.05715, 0.0614]}