{"mode1_error": [1.1e-05, 1.3e-05, 1.8e-05, 1.8e-05, 3.7e-05, 5.9e-05, 9.3e-05], "mode2": [0.00037, -0.00019, 7e-05, -1e-05, -0.00112, -0.00518, -0.00287], "mode2_error": [5.1e-05, 0.000142, 0.000201, 0.00021, 0.000676, 0.002331, 0.001807], "mode1": [0.00269, 0.00612, 0.00999, 0.0151, 0.0214, 0.02593, 0.02726]}