{"mode1_error": [6e-06, 7e-06, 1e-05, 1.1e-05, 2.2e-05, 3.6e-05, 6e-05], "mode2": [-0.00063, 0.00012, -0.00033, 0.00105, -0.00035, 0.00157, -0.00472], "mode2_error": [0.000129, 0.000364, 0.000329, 0.00045, 0.000983, 0.001247, 0.002442], "mode1": [0.00649, 0.01512, 0.02476, 0.03748, 0.05309, 0.06406, 0.06855]}