{"mode1_error": [9e-06, 1.2e-05, 1.6e-05, 1.7e-05, 3.4e-05, 5.7e-05, 9.5e-05], "mode2": [0.00074, -0.00131, -0.0002, 0.00069, 0.00237, -0.00527, -0.00098], "mode2_error": [0.000175, 0.000201, 0.0004, 0.000413, 0.001172, 0.001953, 0.002547], "mode1": [0.00913, 0.02136, 0.03473, 0.0523, 0.07379, 0.08881, 0.09438]}