{"mode1_error": [1.3e-05, 1.6e-05, 2.3e-05, 2.3e-05, 4.7e-05, 7.7e-05, 0.000126], "mode2": [0.00152, -0.00084, -0.00034, -0.00047, -0.00192, 0.00094, 0.0062], "mode2_error": [0.000126, 0.000331, 0.000585, 0.000716, 0.001256, 0.002638, 0.003679], "mode1": [0.00982, 0.02304, 0.03737, 0.05606, 0.07896, 0.09476, 0.10095]}