{"mode1_error": [2e-05, 2.5e-05, 3.4e-05, 3.5e-05, 7.1e-05, 0.000116, 0.000189], "mode2": [-0.00103, 0.0012, 0.0001, -0.00026, -0.00071, 0.00098, 0.01077], "mode2_error": [0.000681, 0.001101, 0.001173, 0.001942, 0.003882, 0.003443, 0.011188], "mode1": [0.01052, 0.02454, 0.03964, 0.05926, 0.08347, 0.10026, 0.1068]}