{
  "P_1": 304.33073787388844, 
  "P_10": 1.2908109984467069, 
  "P_11": 1.1685360836106793, 
  "P_2": 255.311375, 
  "P_3": 151.23728137631366, 
  "P_4": 137.01219219886823, 
  "P_5": 44.64118987469685, 
  "P_6": 14.834635162587352, 
  "P_7": 5.265732039803792, 
  "P_8": 2.4086464928888773, 
  "P_9": 1.5791843674900463
}