{
  "1": 0.05314735712650352, 
  "3": 0.04674571375433072, 
  "2": 0.09161128203623921, 
  "4": 0.005851232130704977
}