{
  "1": [
    5.658577704110039e-05, 
    0.5266478877605841, 
    0.404814366936187, 
    0.28524788704976084, 
    0.11318509048885442, 
    0.07440317953261884, 
    0.06886085672434482
  ], 
  "3": [
    4.413239864006129e-05, 
    0.2758864097634321, 
    0.40051050192182636, 
    0.12255938277081489, 
    0.15032658689366105, 
    0.10275166535548566, 
    0.14541235200390568
  ], 
  "2": [
    5.143912247829065e-05, 
    0.36953189436473083, 
    0.45794792214825, 
    0.145300611280315, 
    0.08645523035586532, 
    0.06159155328315404, 
    0.07042203476901741
  ], 
  "5": [
    2.986803461061187e-05, 
    0.1538566672055044, 
    0.19480087076291905, 
    0.20545195263396346, 
    0.2324982653542583, 
    0.3165951895883107, 
    0.2948783039458454
  ], 
  "4": [
    4.1786045081023234e-05, 
    0.14947607800027557, 
    0.24894511968921149, 
    0.12779698706653891, 
    0.17504622147897517, 
    0.16792197280800197, 
    0.17367099884964912
  ], 
  "7": [
    2.3992738710577666e-05, 
    0.05932021543686735, 
    0.07755908123470981, 
    0.06258921766153462, 
    0.31015467762353044, 
    0.5136589715026758, 
    0.5086137341166491
  ], 
  "6": [
    1.7418803446070062e-05, 
    0.05302462295597283, 
    0.06945164745613425, 
    0.08332893974041666, 
    0.33508242117525044, 
    0.5095372568746481, 
    0.4872714399573555
  ]
}