{
  "1": 1078.9719334153087, 
  "3": 0.09641077111277065, 
  "2": 0.5140068950009536, 
  "4": 0.08177739349273004
}