{
  "1": [
    -0.2734414579125849, 
    0.08001139861889842, 
    -0.7379898936594579, 
    0.4569818394807033, 
    -0.1944471694329595, 
    0.18767815915718722, 
    0.056299532504795996, 
    -0.05507681244368799, 
    0.08719433093357955, 
    -0.2802184580942464, 
    -0.002310642529673696
  ], 
  "2": [
    -0.4764095957580537, 
    -0.37309900816946967, 
    0.31291399416209287, 
    0.10718129209315953, 
    -0.6181183641061091, 
    -0.2361590310349414, 
    -0.27869120586803436, 
    0.03382683892118289, 
    -0.011302129091426385, 
    -0.08646423597324364, 
    0.013030141478012028
  ], 
  "3": [
    -0.4576323780214472, 
    -0.4661705337115292, 
    -0.23007395787880333, 
    -0.596156186514412, 
    0.26138860739666653, 
    0.16082691006228192, 
    0.20207842661794026, 
    -0.07199325088015526, 
    0.05417805943594678, 
    -0.05375269486173346, 
    -0.13743646964890424
  ], 
  "4": [
    -0.6240062522193862, 
    0.2948004182525151, 
    0.08887502380889098, 
    0.2652131486069175, 
    0.5009364813134711, 
    -0.21211068621075807, 
    -0.136851073494657, 
    0.12646900639301314, 
    -0.07927788283556642, 
    0.32437270774970717, 
    0.057606969091483246
  ], 
  "5": [
    -0.28920887276619056, 
    0.44030793806225804, 
    0.45868176830421187, 
    -0.021967850754471538, 
    -0.1196416223036929, 
    0.3862746903400214, 
    0.41224526119481714, 
    -0.21012240339169744, 
    0.16785575557937746, 
    -0.31720231516060093, 
    -0.07213112474842612
  ], 
  "6": [
    -0.11660651436368337, 
    0.32645693280306953, 
    -0.1761103941597046, 
    -0.4110976944607533, 
    -0.3082037738917917, 
    0.13999645229476593, 
    -0.01176985542928969, 
    0.190601441954871, 
    -0.33618209054484466, 
    0.15842911866795495, 
    0.6250107285457775
  ], 
  "7": [
    -0.04373299302732322, 
    0.3280912081604098, 
    -0.19993596778592554, 
    -0.20862028215127812, 
    -0.34281269078617155, 
    -0.2522655171173177, 
    0.1190281305871915, 
    -0.2554295993259686, 
    -0.13540185118723025, 
    0.4284446275173772, 
    -0.5869223992853467
  ], 
  "8": [
    -0.01588206883183349, 
    0.23375361175440723, 
    -0.02082124746665063, 
    -0.2295284308909785, 
    0.06818585731334006, 
    0.34435439362488973, 
    -0.8191325269278352, 
    -0.1351685689124858, 
    0.08213011795074364, 
    -0.1646089840100179, 
    -0.21370730408193053
  ], 
  "9": [
    -0.006238533330704035, 
    0.17493683806164204, 
    -0.020033164093965636, 
    -0.13729674690100233, 
    -0.0020351134058489836, 
    -0.16406847152299356, 
    0.05422165188303795, 
    0.7742636086927935, 
    -0.1479203150475973, 
    -0.40789396411227846, 
    -0.3640080014793005
  ], 
  "10": [
    -0.0028505634313577112, 
    0.15773178116543046, 
    -0.09422643745834768, 
    -0.18677007710694513, 
    -0.0993544556812996, 
    -0.23062823458952242, 
    -0.01641300423012478, 
    0.19526203110307505, 
    0.8873008768802236, 
    0.1390325373558566, 
    0.1525144116855511
  ], 
  "11": [
    -0.0013262215496239766, 
    0.17877650800488037, 
    -0.07437239351361802, 
    -0.18578609774326207, 
    0.13967690641724825, 
    -0.6379786469041285, 
    -0.0340266944190189, 
    -0.41597872433187627, 
    -0.08713741859820871, 
    -0.5327372735690357, 
    0.18938066109908425
  ]
}