{
  "1": 966.9074268830182, 
  "3": 0.06431122399265655, 
  "2": 0.2763242429434323, 
  "4": 0.01897229211083873
}