{
  "1": [
    0.00012584489576041176, 
    0.2993138331232751, 
    0.33784865523982216, 
    0.2966658567052606, 
    0.2877448768781329, 
    0.27567005379263515, 
    0.2504890983470932
  ], 
  "3": [
    8.93903477192908e-05, 
    0.48950271997590244, 
    0.37556502559484656, 
    0.2545897750063824, 
    0.17393092545656216, 
    0.13811854716560665, 
    0.15037838522240793
  ], 
  "2": [
    0.00011006219932194598, 
    0.2174734366697804, 
    0.24334538954685447, 
    0.3491629857901679, 
    0.24663450906403991, 
    0.27573283881781163, 
    0.2742907724690182
  ], 
  "5": [
    5.417440075986251e-05, 
    0.24740855168854647, 
    0.33975803022019857, 
    0.19675810379929462, 
    0.3053138395458854, 
    0.2769289181707779, 
    0.4417777665439962
  ], 
  "4": [
    8.50289564660926e-05, 
    0.26525177004242523, 
    0.2921980876674605, 
    0.21379297429466115, 
    0.28156965957769287, 
    0.23862989943990456, 
    0.21489679506258122
  ], 
  "7": [
    2.7634426192351464e-05, 
    0.23282478257535189, 
    0.2816687997962179, 
    0.25354610936347105, 
    0.3862240842840558, 
    0.5193936106674185, 
    0.34572869192535144
  ], 
  "6": [
    3.0110740079668882e-05, 
    0.209378517006037, 
    0.29791456634438496, 
    0.21196596463345407, 
    0.35826597563930535, 
    0.35293242998294283, 
    0.4537162441326704
  ]
}