{
  "1": [
    -0.28753219999999996, 
    0.32436725339200584, 
    0.20030835772685993, 
    -0.3488421910331396, 
    0.3028938436921003, 
    0.13145455647115906, 
    0.008138197074330054
  ], 
  "3": [
    -0.4726335133333333, 
    0.13003272660599413, 
    -0.4531760001345875, 
    0.1271303469785574, 
    0.05941807310089275, 
    0.10573128130554228, 
    0.06499820301477711
  ], 
  "2": [
    -0.5083203000000001, 
    0.1526096176284299, 
    0.14773254264661342, 
    -0.08137904873294305, 
    -0.46039933468081456, 
    -0.057142817902730965, 
    0.0902258186678547
  ], 
  "5": [
    -0.25140474, 
    -0.28220373704037177, 
    -0.09420175969852866, 
    -0.37447283430799155, 
    0.07160234967155155, 
    -0.3430527791242529, 
    0.07095906289448319
  ], 
  "4": [
    -0.6025645933333335, 
    -0.21800085675234165, 
    0.1783145486356443, 
    0.3436088343079919, 
    0.1908704817247769, 
    -0.01235060591371796, 
    -0.14463222692507613
  ], 
  "7": [
    -0.031248026666666665, 
    -0.24835520552055226, 
    0.07775242757646122, 
    0.03769869785575042, 
    0.023486954690921144, 
    0.24975412021328214, 
    0.4155623672681375
  ], 
  "6": [
    -0.09104009999999996, 
    -0.24419651631829956, 
    -0.05152180276572114, 
    -0.35697181286549645, 
    -0.16354482903823422, 
    0.2983223784133147, 
    -0.24818152520977227
  ]
}