{
  "1": [
    3.053885333980085e-05, 
    0.044983848378567726, 
    0.32799635815253253, 
    0.2057551380711317, 
    0.2429370314878868, 
    0.20596568131475057, 
    0.1252631795678028
  ], 
  "3": [
    3.33271886452067e-05, 
    0.03350103810212188, 
    0.2418312243240088, 
    0.2495270565124061, 
    0.33892446054760283, 
    0.3161642330407766, 
    0.3076099124723902
  ], 
  "2": [
    9.966835794323063e-06, 
    0.04091462815714779, 
    0.18533321923140905, 
    0.2713354964133909, 
    0.21697386419332118, 
    0.19650957815997588, 
    0.15073408600582608
  ], 
  "5": [
    1.8848643661548968e-06, 
    0.022830548951139406, 
    0.2148718736472402, 
    0.23404572691363618, 
    0.2845823132704984, 
    0.2885767973744468, 
    0.3203729608198244
  ], 
  "4": [
    2.871190253820539e-05, 
    0.025634884276541266, 
    0.1533361343218702, 
    0.278215362164466, 
    0.24767936943544294, 
    0.18643727913345326, 
    0.24161764184614065
  ], 
  "7": [
    0.0, 
    0.01057601753888108, 
    0.15668083126527532, 
    0.21699857210392012, 
    0.29922594567449057, 
    0.4514211044751182, 
    0.27360266629542224
  ], 
  "6": [
    1.618553401417998e-05, 
    0.0165999840968395, 
    0.22325676663098756, 
    0.3320119186351548, 
    0.28663455130801885, 
    0.3940368847044597, 
    0.26613784406158686
  ]
}