{
  "1": 2882.2180697519825, 
  "2": 0.81725207827178104, 
  "3": 0.26412822295532334, 
  "4": 0.10704182660940995, 
  "5": 0.028190371760807645, 
  "6": 0.003342496162792846, 
  "7": -0.056059843011689828
}