{
  "1": 0.08243057487380429, 
  "3": 0.09182026862070788, 
  "2": 0.05376022815240353, 
  "4": 0.03199822840822283
}