{
  "1": [
    3.28971457841465e-05, 
    0.05890405728097269, 
    0.2419651116680652, 
    0.3172381950802681, 
    0.25808885366701856, 
    0.21112825780392597, 
    0.17028764297622823
  ], 
  "3": [
    2.6305204125147208e-05, 
    0.04622344640489722, 
    0.3712052528793846, 
    0.31523751056786137, 
    0.37776209656638554, 
    0.31847388724482195, 
    0.2521971309390652
  ], 
  "2": [
    3.407375825413341e-05, 
    0.056594757709685216, 
    0.2512574672328418, 
    0.36374360585463916, 
    0.2673320801656251, 
    0.24754460406388934, 
    0.21122650969326157
  ], 
  "5": [
    2.563468470734522e-05, 
    0.022439296543031714, 
    0.22495150716119292, 
    0.30332043515184254, 
    0.3290788433397059, 
    0.2633225665381092, 
    0.3510718335458663
  ], 
  "4": [
    3.272672085746636e-05, 
    0.020156736623588252, 
    0.25739552830170337, 
    0.3402809046651347, 
    0.2970560757968264, 
    0.26481425090277483, 
    0.24997679822087557
  ], 
  "7": [
    0.0, 
    0.018305599767370315, 
    0.14350082648403206, 
    0.31222744140035685, 
    0.36342787293216106, 
    0.49354844884445337, 
    0.32432270238593336
  ], 
  "6": [
    0.0, 
    0.024656174567989672, 
    0.1934981057571624, 
    0.33532960695363817, 
    0.34524923363244714, 
    0.38888927410020885, 
    0.37041872039164114
  ]
}