{
  "1": 2882.216703562442, 
  "3": 0.2685141514909546, 
  "2": 0.8205053770574721, 
  "4": 0.1106931983878689
}