{
  "1": 814.1747586502261, 
  "3": 0.13571780406664682, 
  "2": 0.23336054863265007, 
  "4": 0.07789688839402902
}