{
  "1": 78.4624971340956, 
  "3": 0.5690840821564359, 
  "2": 2.5107159439595477, 
  "4": 0.17375932751091042
}