{
  "1": [
    -0.3851529066666666, 
    0.630466853333332, 
    0.44451776702617335, 
    -0.24211380134218805, 
    -0.06915135296221267, 
    -0.117387739361702, 
    0.001781782990303122
  ], 
  "3": [
    -0.44790894000000037, 
    -0.20707646666666737, 
    0.3111075731613075, 
    0.4999837567197235, 
    0.1928708189295507, 
    0.09761921099290774, 
    -0.08731405082212301
  ], 
  "2": [
    -0.5476245933333336, 
    0.39008655333333314, 
    -0.5610352484628562, 
    0.08716651909630718, 
    0.06600613104462194, 
    0.10527117021276565, 
    0.016600962017553872
  ], 
  "5": [
    -0.23563118666666674, 
    -0.30057384666666737, 
    -0.08627975338507561, 
    -0.37401959523558453, 
    0.29334985099535155, 
    -0.2686012234042548, 
    -0.23393766816143668
  ], 
  "4": [
    -0.5308394799999997, 
    -0.5169049466666654, 
    0.00943045727917219, 
    -0.0930653279926927, 
    -0.33808956570111726, 
    -0.1103642553191498, 
    0.1504157103982215
  ], 
  "7": [
    -0.04846378666666661, 
    -0.09505083333333335, 
    0.08521307327890314, 
    -0.18242880081515103, 
    0.34170893233202193, 
    0.17683630319148924, 
    0.39610066689663115
  ], 
  "6": [
    -0.1069981266666666, 
    -0.12961725999999962, 
    0.07368119813190893, 
    -0.2995431327079165, 
    -0.019649616561370424, 
    0.5334299734042554, 
    -0.1357206737955621
  ]
}