{
  "1": [
    0.00017437068057354956, 
    0.185159666395858, 
    0.4289807605791396, 
    0.24912272958500642, 
    0.29820647577155207, 
    0.22923264243988323, 
    0.19373703593363278
  ], 
  "3": [
    0.00012858187138012117, 
    0.11608114692120061, 
    0.3479501972650308, 
    0.4878253775788293, 
    0.38104091390718264, 
    0.2453322934579057, 
    0.25955647473089527
  ], 
  "2": [
    0.00015168397496237055, 
    0.18051000013770463, 
    0.4159602164112417, 
    0.29410792842596456, 
    0.24127028578650683, 
    0.21295318909874725, 
    0.20798132920047915
  ], 
  "5": [
    7.193782008099847e-05, 
    0.09224046824802541, 
    0.3513558404623569, 
    0.3355300465192076, 
    0.3099717840181385, 
    0.3501288502475647, 
    0.24787598759110288
  ], 
  "4": [
    0.00012563281807934855, 
    0.0766944609435491, 
    0.2945283607351488, 
    0.39651290294547403, 
    0.36398538390339635, 
    0.19033789999715067, 
    0.20159661826409578
  ], 
  "7": [
    3.101605032702365e-05, 
    0.04028645148514379, 
    0.22149763646922768, 
    0.3304415017262623, 
    0.4175048170990553, 
    0.380748948283167, 
    0.42751019639211696
  ], 
  "6": [
    4.0004843592769226e-05, 
    0.05797081467807436, 
    0.23254273227362093, 
    0.2972449870207878, 
    0.3668480985769158, 
    0.3828770478538634, 
    0.38998773474783954
  ]
}