{
  "V_11": 260.9612356972915, 
  "V_12": 350.2534172010033, 
  "V_13": 281.6063914148786, 
  "V_14": 325.3861197874335, 
  "V_15": 128.41281090489824, 
  "V_16": 46.13828145897786, 
  "V_17": 16.104319999751468, 
  "V_21": 350.2534172010033, 
  "V_22": 471.4744082680768, 
  "V_23": 378.6079188535994, 
  "V_24": 438.010139559307, 
  "V_25": 172.72451223072522, 
  "V_26": 62.19604703151498, 
  "V_27": 21.60758187873215, 
  "V_31": 281.6063914148786, 
  "V_32": 378.6079188535994, 
  "V_33": 304.73027294401896, 
  "V_34": 352.778161728833, 
  "V_35": 139.10814750588926, 
  "V_36": 50.12270224301694, 
  "V_37": 17.453226786173175, 
  "V_41": 325.3861197874335, 
  "V_42": 438.010139559307, 
  "V_43": 352.778161728833, 
  "V_44": 408.0771116214439, 
  "V_45": 161.35606004341864, 
  "V_46": 58.2572769776495, 
  "V_47": 20.20337691788195, 
  "V_51": 128.41281090489824, 
  "V_52": 172.72451223072522, 
  "V_53": 139.10814750588926, 
  "V_54": 161.35606004341864, 
  "V_55": 64.05328301901963, 
  "V_56": 23.18172307497937, 
  "V_57": 8.17989501778744, 
  "V_61": 46.13828145897786, 
  "V_62": 62.19604703151498, 
  "V_63": 50.12270224301694, 
  "V_64": 58.2572769776495, 
  "V_65": 23.18172307497937, 
  "V_66": 8.487953009058486, 
  "V_67": 3.0625432801080446, 
  "V_71": 16.104319999751468, 
  "V_72": 21.60758187873215, 
  "V_73": 17.453226786173175, 
  "V_74": 20.20337691788195, 
  "V_75": 8.17989501778744, 
  "V_76": 3.0625432801080446, 
  "V_77": 1.1253212476073433
}