{
  "1": [
    -0.41430293999999995, 
    -0.47561742569591875, 
    -0.1830517399793273, 
    -0.2620438926174488, 
    -0.019677345537757393, 
    0.07215155733935366, 
    -0.007083571346966637
  ], 
  "3": [
    -0.4482180133333332, 
    0.1165670436568042, 
    0.30010396615749785, 
    -0.0067278657718115205, 
    0.1979597508263415, 
    -0.12635501902253393, 
    0.1274782246087057
  ], 
  "2": [
    -0.5572596133333333, 
    -0.3666280622033731, 
    0.10706554496382173, 
    0.1604386845637583, 
    -0.19803216374268953, 
    -0.0197997616957229, 
    -0.009917411173312029
  ], 
  "5": [
    -0.20473082666666667, 
    0.45783105792857426, 
    0.06367966387198047, 
    -0.14815747651006667, 
    -0.15923990168658325, 
    -0.08502716250679336, 
    -0.40241559465326215
  ], 
  "4": [
    -0.5185527799999999, 
    0.4399681207714828, 
    -0.25537930783660584, 
    0.11877946308724802, 
    0.14899117721840874, 
    0.07299045528659223, 
    -0.003110731558703585
  ], 
  "7": [
    -0.02567898666666661, 
    0.14858500454407747, 
    -0.05570977757359942, 
    -0.08131277852348971, 
    -0.14477404017289494, 
    -0.45139639198963283, 
    0.31777449636315175
  ], 
  "6": [
    -0.07378105999999998, 
    0.31750352081860733, 
    0.03372346770797415, 
    -0.09482424161073928, 
    -0.15134651241630578, 
    0.3919861825327146, 
    0.3682026162458587
  ]
}