{
  "1": 59.924277782330243, 
  "2": 0.052411678733361521, 
  "3": 0.033962630225945714, 
  "4": 0.020130607942958918, 
  "5": 0.0042590916669238074, 
  "6": 0.0029592489812659, 
  "7": -0.018876846961007526, 
  "8": -0.034669488100442555, 
  "9": -0.059069420518520585, 
  "10": -0.19475196519260191, 
  "11": -0.28435729683613031
}