{
  "1": 0.00023983337954776692, 
  "3": 8.923344721620332e-05, 
  "2": 0.00017970702779264962, 
  "4": 3.6467706742118037e-05
}