{
  "1": [
    5.582865187993886e-05, 
    0.2992968770980481, 
    0.3378226922811417, 
    0.38226249942506957, 
    0.2810408003841593, 
    0.19012490333566429, 
    0.1725342460724665
  ], 
  "3": [
    4.3184758038890154e-05, 
    0.26087240440687126, 
    0.35722728483237715, 
    0.3433071082757166, 
    0.3041475983946132, 
    0.21329481758690189, 
    0.2149575603323963
  ], 
  "2": [
    5.106282685165371e-05, 
    0.20531218548333033, 
    0.3100559221953209, 
    0.22157471195406586, 
    0.18835870297207416, 
    0.18773969418713277, 
    0.15677308603302578
  ], 
  "5": [
    2.3401537421149627e-05, 
    0.19814381682410317, 
    0.3835558033452207, 
    0.44530493862220627, 
    0.3265757930243012, 
    0.3179677853732294, 
    0.29897445167486825
  ], 
  "4": [
    4.142227860240057e-05, 
    0.22227234128724827, 
    0.364510396767958, 
    0.31658300022980085, 
    0.2970641742638817, 
    0.20316261029415478, 
    0.2010487919406148
  ], 
  "7": [
    7.860220526607227e-06, 
    0.032757408751708746, 
    0.10322357143964088, 
    0.23888722705378682, 
    0.42791538757068864, 
    0.362362800127192, 
    0.5581264769219654
  ], 
  "6": [
    1.4868871306581105e-05, 
    0.06311435386463354, 
    0.15875696603934145, 
    0.2602853615950015, 
    0.3647649795404031, 
    0.5537129757607042, 
    0.3676670971588915
  ]
}