{
  "1": [
    -0.28553962666666666, 
    0.4074953239051097, 
    -0.4500568386568374, 
    0.11058890655361277, 
    0.10448486036838979, 
    0.05937636502481864, 
    -7.128783807235592e-07
  ], 
  "3": [
    -0.47124209999999994, 
    0.18798343217761565, 
    0.3245825552825552, 
    0.31374704999116715, 
    0.047721239849475364, 
    0.04372774341351672, 
    -0.022031234103528183
  ], 
  "2": [
    -0.5041340999999999, 
    -0.608984671532846, 
    -0.16782633542633482, 
    0.10131249779190975, 
    -0.12513168152109283, 
    -0.02367010309278279, 
    -0.1282094608633355
  ], 
  "5": [
    -0.25616606, 
    -0.23130767183698325, 
    0.004648211848211636, 
    -0.21548813813813963, 
    0.4282441235888302, 
    0.10560260404734667, 
    0.11200115708400506
  ], 
  "4": [
    -0.6056041866666666, 
    0.27664151459854025, 
    0.0996113204113205, 
    -0.2995813990461059, 
    -0.1437488651218056, 
    -0.06997505918289426, 
    -0.01209740641232301
  ], 
  "7": [
    -0.032367606666666646, 
    -0.004188549270072943, 
    -0.013207853307853285, 
    0.06891486486486491, 
    0.13718571202218274, 
    -0.5250604581901483, 
    0.13712357155651045
  ], 
  "6": [
    -0.09390349999999999, 
    -0.06471572384428226, 
    -0.009905860405860363, 
    0.041460528175234074, 
    -0.1738943275896218, 
    0.07136717067582993, 
    0.5239661508149746
  ]
}