{
  "1": [
    -0.4165666666666666, 
    -0.5475, 
    0.4328333333333334, 
    0.5652333333333335, 
    0.10329999999999996, 
    0.0930333333333333, 
    0.024900000000000148
  ], 
  "3": [
    -0.4483666666666667, 
    0.6496333333333335, 
    -0.18623333333333325, 
    0.4828333333333335, 
    -0.03329999999999999, 
    -0.1341, 
    -0.30003333333333326
  ], 
  "2": [
    -0.5585666666666667, 
    -0.3562333333333333, 
    -0.5822333333333334, 
    -0.3363666666666666, 
    0.2863, 
    -0.14023333333333332, 
    -0.08563333333333334
  ], 
  "5": [
    -0.2018333333333333, 
    0.03370000000000007, 
    -0.33196666666666663, 
    0.1301000000000001, 
    -0.4786333333333334, 
    0.4025000000000001, 
    0.6632333333333333
  ], 
  "4": [
    -0.5167666666666666, 
    0.28710000000000013, 
    0.5713666666666668, 
    -0.5444333333333333, 
    -0.05949999999999999, 
    0.05223333333333336, 
    0.1463000000000001
  ], 
  "7": [
    -0.023899999999999918, 
    -0.11476666666666659, 
    0.04683333333333329, 
    0.04010000000000003, 
    -0.39736666666666665, 
    -0.8711666666666666, 
    0.2561
  ], 
  "6": [
    -0.07123333333333326, 
    -0.23363333333333325, 
    -0.013166666666666656, 
    -0.13896666666666668, 
    -0.7181, 
    0.1731666666666667, 
    -0.6125
  ]
}