{
  "1": 270.1138081390601, 
  "2": 0.50218603319542954, 
  "3": 0.14306436564572536, 
  "4": 0.0014707397799175658, 
  "5": -0.065608201630919585, 
  "6": -0.26754989693473447, 
  "7": -0.67338381971483052
}