{
  "1": [
    0.0002986574639816639, 
    0.14114961657125266, 
    0.24432975590374226, 
    0.42509589370321366, 
    0.4416982351352587, 
    0.21837299284279896, 
    0.16239705950427158
  ], 
  "3": [
    0.00020905941215356233, 
    0.3018636193740879, 
    0.30028203304596074, 
    0.25929201504776306, 
    0.1529189287448923, 
    0.14537071285544056, 
    0.11367642063200334
  ], 
  "2": [
    0.0002614497512145925, 
    0.1905601175293935, 
    0.22727230461068798, 
    0.3022865401452156, 
    0.3889191746023011, 
    0.1846762748966032, 
    0.15014968096632997
  ], 
  "5": [
    0.00012146630625084123, 
    0.22807752030337408, 
    0.255246215583652, 
    0.2604157695078023, 
    0.24039246530685052, 
    0.36514628994690934, 
    0.25355401147688705
  ], 
  "4": [
    0.00019461602961680979, 
    0.18209729051819143, 
    0.23412881963080778, 
    0.32758374721560835, 
    0.245973893577569, 
    0.18700263267569772, 
    0.16002956435666404
  ], 
  "7": [
    3.8689367469407735e-05, 
    0.11438500241769732, 
    0.13366495936592487, 
    0.2030370903300429, 
    0.28766227518186516, 
    0.3964495054296364, 
    0.5253330377091293
  ], 
  "6": [
    6.641031242449336e-05, 
    0.16451279766037755, 
    0.18056173792064736, 
    0.1616609763214937, 
    0.2720737772943271, 
    0.46725783593920456, 
    0.42869364313557395
  ]
}