{
  "1": 3073.1886399941459, 
  "2": 0.79279276441767466, 
  "3": 0.13247514380724998, 
  "4": 0.078187390942569643, 
  "5": 0.030409731208416765, 
  "6": -0.051530575105331176, 
  "7": -0.29900815021756455
}