{
  "1": 0.0016357158350289646, 
  "3": 0.0010301847275732729, 
  "2": 0.0011089096084828268, 
  "4": 0.0007108459345641411
}