{
  "1": 3073.1871554754225, 
  "3": 0.2009646430274728, 
  "2": 0.8072779714165752, 
  "4": 0.08320158629642462
}