{
  "1": [
    -0.396267694106519, 
    -0.2417023475036437, 
    0.8045912478295103, 
    0.2865468139588818, 
    0.06088556622571772, 
    0.15794124145010793, 
    0.031107728091438868, 
    -0.14328056904347605, 
    -0.05812107504906432, 
    0.03934600690062174, 
    -0.00026340719988437805
  ], 
  "2": [
    -0.5372587374560852, 
    -0.45014581692318123, 
    -0.1274628471293753, 
    -0.6802510572332188, 
    0.05629931202014577, 
    -0.054981944680363944, 
    0.03365669267939206, 
    0.11319682175672428, 
    0.0005201083173957366, 
    -0.09575304049002183, 
    -0.02063198487336008
  ], 
  "3": [
    -0.4446651357759588, 
    -0.0028388024043866497, 
    -0.33574446195860314, 
    0.3082173401997945, 
    -0.7264187331182387, 
    0.19923213260498523, 
    0.010531250218513546, 
    -0.11577001055564207, 
    0.03578839085627312, 
    0.07304901053835358, 
    0.08387131671270691
  ], 
  "4": [
    -0.5419906681330612, 
    0.28869633480037576, 
    -0.33352331078932407, 
    0.3561988238882556, 
    0.6080196877188259, 
    -0.07921661649632196, 
    0.004346514498550704, 
    0.02590321225143149, 
    0.026695562740844333, 
    0.04799438008033988, 
    -0.07152583997888683
  ], 
  "5": [
    -0.23126352766972275, 
    0.565277131882964, 
    0.30152056632141994, 
    -0.16742845563382483, 
    -0.2527073744518381, 
    -0.4013115272643915, 
    -0.30383030632541963, 
    0.39510873887500253, 
    -0.020947192539169133, 
    -0.1523717956368567, 
    0.10507295890663758
  ], 
  "6": [
    -0.08978726390826164, 
    0.4300955116328696, 
    0.09250521275568666, 
    -0.37471584436429384, 
    -0.02551463125617025, 
    -0.07466315133630486, 
    0.17319997865318892, 
    -0.7366205158973073, 
    0.10707192929934897, 
    0.2526671655174431, 
    -0.06203406735288759
  ], 
  "7": [
    -0.033415960911104735, 
    0.30503361813906205, 
    0.05762389203224063, 
    -0.09736189266397327, 
    -0.04180313651420897, 
    0.3342415135949153, 
    0.7431048042644828, 
    0.26581327036867086, 
    -0.2828672827347456, 
    -0.24725285916364023, 
    -0.12475496712128235
  ], 
  "8": [
    -0.012300081757063815, 
    0.15603161988900693, 
    -0.03212602225694324, 
    -0.144924205582228, 
    0.03025770869080647, 
    0.5242711874464935, 
    -0.5468048610624565, 
    -0.0665120583585747, 
    -0.43265666875027586, 
    -0.05618855875551816, 
    -0.428863114355289
  ], 
  "9": [
    -0.0048826883561977705, 
    0.11694950283435139, 
    -0.021814139940591122, 
    -0.08527017136039941, 
    0.15523400159493997, 
    0.3906425117010771, 
    -0.14936152985639473, 
    -0.16895680815665803, 
    0.08881377274449857, 
    -0.4329848641564362, 
    0.7454085448106471
  ], 
  "10": [
    -0.0023933039697709596, 
    0.10981341331101974, 
    0.08357263102275517, 
    -0.06793541561489624, 
    0.001814483902144253, 
    0.3634967997805329, 
    -0.0439712899981309, 
    0.1910381883811821, 
    0.8397339406483636, 
    -0.05690600268821088, 
    -0.31206091907947353
  ], 
  "11": [
    -0.0013918771234108377, 
    0.0891468153023133, 
    0.033753548612049294, 
    -0.14987012212233922, 
    0.06689758247869992, 
    0.29686384781338876, 
    -0.004000259557758798, 
    0.3372539774412087, 
    -0.0497830819799687, 
    0.7997377392943321, 
    0.34645644385677543
  ]
}