{
  "1": [
    9.867508437967309e-05, 
    0.35608582243642023, 
    0.34643676344136526, 
    0.2286096915570654, 
    0.203381647577061, 
    0.17549977209388573, 
    0.15285487641756315
  ], 
  "3": [
    7.508427829949544e-05, 
    0.1665968803751872, 
    0.22424897974064803, 
    0.48849113933153193, 
    0.334414080636621, 
    0.3092090248584456, 
    0.2838499344322048
  ], 
  "2": [
    9.081413528294521e-05, 
    0.34676635603579237, 
    0.2116771362003085, 
    0.22757851128284615, 
    0.2850910791218308, 
    0.24498773734064308, 
    0.22323273007422045
  ], 
  "5": [
    5.032815642771412e-05, 
    0.11529786678426657, 
    0.2268766063998339, 
    0.38560682044959266, 
    0.3908086034541747, 
    0.36509795507287574, 
    0.39508403915561724
  ], 
  "4": [
    7.103876908079019e-05, 
    0.1685133336027483, 
    0.15872421122256977, 
    0.33819757668056516, 
    0.36802196951728305, 
    0.2891510366164872, 
    0.2522366691491724
  ], 
  "7": [
    1.4023320246999484e-05, 
    0.11387772425703405, 
    0.2308236504139021, 
    0.29476999994870484, 
    0.39802903060230926, 
    0.4882238831579671, 
    0.3714812342715876
  ], 
  "6": [
    3.38190997377555e-05, 
    0.16219624331116875, 
    0.2911777121868456, 
    0.2723275444240446, 
    0.4006488254164703, 
    0.39051103427042194, 
    0.3302723491558257
  ]
}