{
  "dV_11": 0.5851735017521622, 
  "dV_12": 0.39724796421663044, 
  "dV_13": 0.31648545636209124, 
  "dV_14": 0.32924928855189783, 
  "dV_15": 0.1802113808261396, 
  "dV_16": 0.09866058414582018, 
  "dV_17": 0.056171286480498614, 
  "dV_21": 0.39724796421663044, 
  "dV_22": 0.5375173651065477, 
  "dV_23": 0.303538409260372, 
  "dV_24": 0.3150327031243402, 
  "dV_25": 0.17239106752548367, 
  "dV_26": 0.09452804148469814, 
  "dV_27": 0.0538629247081709, 
  "dV_31": 0.31648545636209124, 
  "dV_32": 0.303538409260372, 
  "dV_33": 0.33993682547974524, 
  "dV_34": 0.25097375731434846, 
  "dV_35": 0.13719985260882947, 
  "dV_36": 0.0752560995233153, 
  "dV_37": 0.04290985750495564, 
  "dV_41": 0.32924928855189783, 
  "dV_42": 0.3150327031243402, 
  "dV_43": 0.25097375731434846, 
  "dV_44": 0.3611796708225052, 
  "dV_45": 0.14256403871738674, 
  "dV_46": 0.07817243560633821, 
  "dV_47": 0.044610632578405966, 
  "dV_51": 0.1802113808261396, 
  "dV_52": 0.17239106752548367, 
  "dV_53": 0.13719985260882947, 
  "dV_54": 0.14256403871738674, 
  "dV_55": 0.1095074372499206, 
  "dV_56": 0.04299524698239659, 
  "dV_57": 0.024476305813350037, 
  "dV_61": 0.09866058414582018, 
  "dV_62": 0.09452804148469814, 
  "dV_63": 0.0752560995233153, 
  "dV_64": 0.07817243560633821, 
  "dV_65": 0.04299524698239659, 
  "dV_66": 0.03319804530735415, 
  "dV_67": 0.013442281451313993, 
  "dV_71": 0.056171286480498614, 
  "dV_72": 0.0538629247081709, 
  "dV_73": 0.04290985750495564, 
  "dV_74": 0.044610632578405966, 
  "dV_75": 0.024476305813350037, 
  "dV_76": 0.013442281451313993, 
  "dV_77": 0.010815741451368764
}