{
  "1": [
    -0.27220378666666667, 
    -0.5542375616297859, 
    0.44722552102526253, 
    -0.05793659194411274, 
    -0.02493219247712637, 
    -0.0431319678466533, 
    -0.010654594423320646
  ], 
  "3": [
    -0.4547818, 
    0.0719338579260839, 
    -0.21175721655816204, 
    0.2385686209488445, 
    -0.209547769117813, 
    -0.09839631576235446, 
    -0.04318540874524647
  ], 
  "2": [
    -0.47073147333333326, 
    -0.2700875596576329, 
    -0.44864501903943044, 
    -0.23999568024052662, 
    0.037922658985654896, 
    0.08009176585768012, 
    0.0036195025348543398
  ], 
  "5": [
    -0.2951971, 
    0.2513500611367492, 
    0.07761113294845051, 
    -0.164562820002653, 
    0.26623612334801755, 
    -0.320378476838253, 
    -0.0197924588086184
  ], 
  "4": [
    -0.6274570666666666, 
    0.19428763854376208, 
    0.20415820742742524, 
    0.15815180174205223, 
    0.03884186151587079, 
    0.13897729169887196, 
    0.08419350443599491
  ], 
  "7": [
    -0.04583642666666661, 
    0.2409988995385165, 
    0.15331144003603192, 
    -0.16578635981783565, 
    -0.1803190105049135, 
    -0.07506258051218627, 
    0.46405030101394157
  ], 
  "6": [
    -0.1206038066666666, 
    0.3161154932355148, 
    0.22981389264218124, 
    -0.18908463987266227, 
    -0.08679486049926576, 
    0.2454703818209921, 
    -0.3932230196451189
  ]
}