{"mode1_error": [2e-06, 2e-06, 3e-06, 3e-06, 7e-06, 6e-06, 6.4e-05], "mode2": [-0.00023, -0.00012, 9e-05, 0.00023, 0.00095, 0.00324, 0.00553], "mode2_error": [3.6e-05, 3.2e-05, 4.4e-05, 4.4e-05, 0.00017, 0.000558, 0.001026], "mode1": [0.0066, 0.01453, 0.02425, 0.03694, 0.05243, 0.06258, 0.06573]}