{
  "1": [
    -0.28843174, 
    0.46601239374540787, 
    0.5893492811417781, 
    -0.43290861650070267, 
    -0.003024483290488087, 
    -0.037143453701835465, 
    0.013824766700235127
  ], 
  "3": [
    -0.4732535933333333, 
    0.4283351138629451, 
    -0.007184793787385846, 
    0.6091542586318983, 
    -0.08183562982005117, 
    0.028808284580727712, 
    0.024032259147365006
  ], 
  "2": [
    -0.5092707733333334, 
    -0.6639243747157787, 
    0.31026201770035344, 
    0.012146018547034908, 
    -0.08761025192802029, 
    0.07811712057023736, 
    0.09386334340382683
  ], 
  "5": [
    -0.24962293333333327, 
    0.07845192919858687, 
    -0.2534271626963311, 
    -0.07066148923792864, 
    0.2108944678663241, 
    0.10388299374621762, 
    0.2846280698220876
  ], 
  "4": [
    -0.6016394133333334, 
    -0.05495037254696191, 
    -0.36398886556826443, 
    -0.18762369024398617, 
    0.09273936246786649, 
    -0.15298213301055796, 
    -0.23161517287680455
  ], 
  "7": [
    -0.03297486666666658, 
    0.04601449260153225, 
    -0.29125034806030725, 
    -0.17680319269068917, 
    -0.16753138988860194, 
    -0.42835869813731464, 
    0.13908666666666641
  ], 
  "6": [
    -0.09006631333333329, 
    0.14381610872074713, 
    -0.3635843460314129, 
    -0.3691725592854959, 
    -0.2076366101113958, 
    0.4167554771030866, 
    0.00608967438737849
  ]
}