{
  "1": 87.86613698939618, 
  "3": 0.01391257387705146, 
  "2": 0.027018486312360257, 
  "4": -0.010727588973484827
}