{
  "1": [
    3.7751882717842565e-05, 
    0.021240892716712464, 
    0.1732792487322018, 
    0.18062027679115283, 
    0.24880008172721807, 
    0.3072148495478089, 
    0.1542490733815109
  ], 
  "3": [
    2.8295890187262207e-05, 
    0.017071885127689177, 
    0.12778455585638868, 
    0.22095516752760608, 
    0.2867233819780554, 
    0.3140994919504789, 
    0.14656670849467168
  ], 
  "2": [
    3.563730227636701e-05, 
    0.01735739809525962, 
    0.1079852669674168, 
    0.16526357743175377, 
    0.16134953103436467, 
    0.11532095252037591, 
    0.10004859145291155
  ], 
  "5": [
    1.0236230095766122e-05, 
    0.0, 
    0.16304204313704837, 
    0.18400914990175624, 
    0.17859776796392474, 
    0.0964328414292404, 
    0.12634495901549075
  ], 
  "4": [
    3.393565337935822e-05, 
    0.0, 
    0.132074821343617, 
    0.13569547758727715, 
    0.23292225198042826, 
    0.21631135406677143, 
    0.18693765054579073
  ], 
  "7": [
    3.2927225399135965e-10, 
    0.0, 
    0.10439573633780846, 
    0.15023283068777313, 
    0.3312208691844381, 
    0.38588318914700054, 
    0.28560215986512394
  ], 
  "6": [
    0.0, 
    0.0, 
    0.0669599193599888, 
    0.13819577920031792, 
    0.23479896701928848, 
    0.26642786736363433, 
    0.27117286873150664
  ]
}