{
  "1": [
    -0.42293557333333326, 
    -0.3053105561498119, 
    0.3831257868636783, 
    -0.4019162966008767, 
    -0.4331656741783105, 
    0.05115841701321982, 
    -0.04078289052766285
  ], 
  "3": [
    -0.4479053133333333, 
    -0.18522282721989192, 
    0.3874139560773202, 
    -0.08277938596491148, 
    0.583062659324973, 
    0.13157195455928578, 
    -0.023988298481327913
  ], 
  "2": [
    -0.56519402, 
    -0.3432044113047278, 
    -0.6340936646088472, 
    0.1955275150767539, 
    -0.024859579891913824, 
    0.1577874192784933, 
    -0.07786697309492527
  ], 
  "5": [
    -0.19483485999999997, 
    0.0, 
    -0.37621654016125217, 
    -0.6260230263157894, 
    0.11905541959824609, 
    -0.13592922541163718, 
    -0.008663720241101762
  ], 
  "4": [
    -0.5071971066666667, 
    0.0, 
    0.17358065310528645, 
    0.40207741228070126, 
    -0.1553820842255528, 
    -0.34964580924366856, 
    0.21105495167862062
  ], 
  "7": [
    -0.031166666666666676, 
    0.0, 
    0.017650241203656908, 
    0.05359984923245619, 
    -0.066095547398117, 
    0.5153343239679483, 
    0.46516643095262156
  ], 
  "6": [
    -0.0698333333333333, 
    0.0, 
    0.10791611172958207, 
    0.18503442982456142, 
    -0.08926252336766269, 
    0.25798936673766754, 
    -0.6851297740512505
  ]
}