{
  "P_1": 141.44450284090908, 
  "P_2": 114.35298074494949, 
  "P_3": 64.56413478535353, 
  "P_4": 54.56951167929293, 
  "P_5": 16.08611307434995, 
  "P_6": 4.985643575848399, 
  "P_7": 2.1378779086451085
}