{"mode1_error": [2e-06, 2e-06, 3e-06, 3e-06, 6e-06, 1.5e-05, 0.000116], "mode2": [-0.00022, -0.00015, 0.00051, 0.00027, 0.00014, -0.00236, -0.00421], "mode2_error": [0.000142, 0.000186, 0.000267, 0.000296, 0.000555, 0.001651, 0.002937], "mode1": [0.01385, 0.02235, 0.031, 0.04175, 0.05627, 0.06998, 0.0832]}