{"mode1_error": [1.4e-05, 1.4e-05, 2.1e-05, 2.4e-05, 4.4e-05, 7.5e-05, 0.000134], "mode2": [-0.00038, -5e-05, 4e-05, 0.00068, 0.00078, 0.00198, -0.00098], "mode2_error": [9.2e-05, 0.000124, 0.000142, 0.000221, 0.000508, 0.000876, 0.001415], "mode1": [0.00139, 0.00225, 0.00296, 0.00405, 0.0053, 0.00626, 0.00802]}