{"mode1_error": [2e-06, 2e-06, 3e-06, 3e-06, 1e-05, 1.8e-05, 5.3e-05], "mode2": [-0.00021, -0.0004, 0.0008, 0.00044, 0.00048, 0.00022, 0.00016], "mode2_error": [0.000169, 0.000195, 0.000303, 0.000271, 0.000489, 0.000926, 0.001259], "mode1": [0.01938, 0.0313, 0.04342, 0.05848, 0.07888, 0.09808, 0.11655]}