{"mode1_error": [2e-06, 5e-06, 6e-06, 1.1e-05, 3.3e-05, 3e-06, 8.3e-05], "mode2": [-0.00059, -0.00069, 7e-05, 0.00179, 0.00654, 0.0177, 0.07367], "mode2_error": [0.000821, 0.00121, 0.001581, 0.001291, 0.004917, 0.013099, 0.055184], "mode1": [0.05899, 0.09611, 0.13377, 0.18027, 0.24334, 0.30221, 0.35759]}