{
  "1": [
    -0.40045715346027616, 
    -0.5259225364264501, 
    0.42685223643392944, 
    0.19555548590886787, 
    -0.321834092197426, 
    0.3619875335019465, 
    0.3286070857287161
  ], 
  "2": [
    -0.5418858822989275, 
    -0.25784810910183537, 
    0.04620400574852886, 
    -0.49934026163841094, 
    0.01799961790566256, 
    -0.21060455750711773, 
    -0.5862766158301618
  ], 
  "3": [
    -0.44490845173495247, 
    -0.028639013382623594, 
    -0.13036042597420985, 
    0.6628661933539548, 
    0.3076330444498074, 
    -0.4987978643393923, 
    0.03759582461924629
  ], 
  "4": [
    -0.5364491378826051, 
    0.38200878977893865, 
    -0.3433410040570537, 
    -0.3214698949720995, 
    0.19350031188147673, 
    0.27473688100348603, 
    0.48181214604249273
  ], 
  "5": [
    -0.22660233168988142, 
    0.4991644946129709, 
    -0.03150826911312627, 
    0.37641950697849713, 
    -0.39522312668928333, 
    0.4012838782604245, 
    -0.4894606250898645
  ], 
  "6": [
    -0.0874797826267188, 
    0.3721565254202721, 
    0.2962570813703888, 
    -0.16442346405615751, 
    -0.578605871041239, 
    -0.5758030604905165, 
    0.2696470952032335
  ], 
  "7": [
    -0.03565419683170302, 
    0.35000465376958245, 
    0.7694312465012407, 
    -0.030921685056501513, 
    0.5225249240424602, 
    0.08805207136332886, 
    -0.049592977041480926
  ]
}