{
  "1": [
    4.7649885459477865e-05, 
    0.05502019852150477, 
    0.23050064408140017, 
    0.33770500188927993, 
    0.24166427113847297, 
    0.285904797421417, 
    0.2601200600828296
  ], 
  "3": [
    4.0117710204685055e-05, 
    0.04352993720284372, 
    0.4370142767777252, 
    0.3276836864916761, 
    0.2903098619084404, 
    0.27393218092997185, 
    0.3397720102739123
  ], 
  "2": [
    4.514786453107561e-05, 
    0.047606951434666624, 
    0.3524634590250429, 
    0.2514707766408146, 
    0.29903680025363355, 
    0.3631136158545492, 
    0.2424565460082356
  ], 
  "5": [
    3.325036075613369e-05, 
    0.028772098397590828, 
    0.24910626423362944, 
    0.24287486259227992, 
    0.35454764611682926, 
    0.3536880963741874, 
    0.32262252234294475
  ], 
  "4": [
    4.0184339513473305e-05, 
    0.03842183484726765, 
    0.25825212567884126, 
    0.31267571905596725, 
    0.2912843156751555, 
    0.30665357153956596, 
    0.2674133690278289
  ], 
  "7": [
    1.0223978354502623e-05, 
    0.02961658738444092, 
    0.3743673702796825, 
    0.530215852795559, 
    0.2692445297589642, 
    0.25084758533275664, 
    0.2624414831519452
  ], 
  "6": [
    2.085931711097533e-05, 
    0.027456450365936583, 
    0.19074032917389339, 
    0.2889023123387767, 
    0.3919415697591749, 
    0.38154699198829967, 
    0.4963121753971938
  ]
}