{
  "1": [
    -0.4004571133333333, 
    -0.523431026666667, 
    0.27994859006522804, 
    0.0674016442141622, 
    -0.2198581879901688, 
    0.24414316730523677, 
    0.05693674950690369
  ], 
  "3": [
    -0.44490868666666666, 
    -0.02813340666666654, 
    -0.0512461113898647, 
    0.2872013886010366, 
    0.21942064458230937, 
    -0.24976074621419495, 
    0.15049632347140052
  ], 
  "2": [
    -0.54188552, 
    -0.2565378533333331, 
    -0.01780485365445684, 
    -0.2254779965457683, 
    0.032957559795544294, 
    -0.2158252508666316, 
    -0.22618435502958584
  ], 
  "5": [
    -0.22660301333333333, 
    0.4953909066666665, 
    0.027763937113229838, 
    0.1773260241796199, 
    -0.2436309610207169, 
    0.1024061667578911, 
    -0.3341244497041407
  ], 
  "4": [
    -0.53644912, 
    0.3804886533333337, 
    -0.21373220605452417, 
    -0.11898535405872247, 
    0.07887436497717452, 
    0.23450023718299598, 
    0.16672315581854064
  ], 
  "7": [
    -0.035634939999999955, 
    0.3482920466666667, 
    0.41656894798461314, 
    -0.07241658721934309, 
    0.29378386593312283, 
    0.020223253056011824, 
    -0.016439479289940318
  ], 
  "6": [
    -0.08749266666666658, 
    0.3698675933333332, 
    0.15836694096002688, 
    -0.07266116062176152, 
    -0.2859692340707789, 
    -0.2219922733077904, 
    0.22484392899408304
  ]
}