{
  "1": 362.78378040025126, 
  "2": 0.32012562230640063, 
  "3": 0.18996143387804795, 
  "4": 0.12703056715881644, 
  "5": 0.077391745138525328, 
  "6": 0.046636587165698212, 
  "7": -0.2931133428118578
}