{
  "1": [
    0.00022889795028242747, 
    0.18965829927663846, 
    0.2225977294971557, 
    0.19422903439648467, 
    0.1696169316166514, 
    0.1385429952869417, 
    0.12480212705269723
  ], 
  "3": [
    0.0001744274185948839, 
    0.16837860647797587, 
    0.26495588186097563, 
    0.33795417513928244, 
    0.4212722641615726, 
    0.3046168428650252, 
    0.2929579006434006
  ], 
  "2": [
    0.0002061986265976546, 
    0.20721518064407404, 
    0.1974291825656905, 
    0.2370586663516802, 
    0.28366787577446106, 
    0.2170242372449506, 
    0.19970649858043837
  ], 
  "5": [
    9.466590953239485e-05, 
    0.17583910334807498, 
    0.20906139866074258, 
    0.32029098522195404, 
    0.38725218997167915, 
    0.4436919009943079, 
    0.30554264058381303
  ], 
  "4": [
    0.00016952416777055193, 
    0.1919623248363175, 
    0.2019325243529891, 
    0.4372038032601236, 
    0.4165678342734562, 
    0.26120319299293093, 
    0.2817816196196752
  ], 
  "7": [
    3.77850052588773e-05, 
    0.10811456484789196, 
    0.14505277438202888, 
    0.2618094279598611, 
    0.3226090372043614, 
    0.5071573069290904, 
    0.6170400075910888
  ], 
  "6": [
    5.007704465434216e-05, 
    0.12395626447321603, 
    0.20279286656303425, 
    0.35370654459716355, 
    0.4352528288497116, 
    0.451649981814163, 
    0.3846299243799334
  ]
}