{
  "dV_11": 0.2396208853277174, 
  "dV_12": 0.16556691214676122, 
  "dV_13": 0.12618616303661492, 
  "dV_14": 0.1237564055376475, 
  "dV_15": 0.06139086095789351, 
  "dV_16": 0.03228964190280845, 
  "dV_17": 0.023266857898054733, 
  "dV_21": 0.16556691214676122, 
  "dV_22": 0.22450956512950346, 
  "dV_23": 0.12307035502427675, 
  "dV_24": 0.1205436359594099, 
  "dV_25": 0.05986959241594921, 
  "dV_26": 0.0315161251911355, 
  "dV_27": 0.02269801759579186, 
  "dV_31": 0.12618616303661492, 
  "dV_32": 0.12307035502427675, 
  "dV_33": 0.13062572943630135, 
  "dV_34": 0.09248500372716009, 
  "dV_35": 0.04575150475512941, 
  "dV_36": 0.024102040850398392, 
  "dV_37": 0.017334281632094415, 
  "dV_41": 0.1237564055376475, 
  "dV_42": 0.1205436359594099, 
  "dV_43": 0.09248500372716009, 
  "dV_44": 0.12493278177278548, 
  "dV_45": 0.04537968965425479, 
  "dV_46": 0.023816716732417295, 
  "dV_47": 0.017110859728700845, 
  "dV_51": 0.06139086095789351, 
  "dV_52": 0.05986959241594921, 
  "dV_53": 0.04575150475512941, 
  "dV_54": 0.04537968965425479, 
  "dV_55": 0.031481066082121416, 
  "dV_56": 0.011887647567117136, 
  "dV_57": 0.008531514317148868, 
  "dV_61": 0.03228964190280845, 
  "dV_62": 0.0315161251911355, 
  "dV_63": 0.024102040850398392, 
  "dV_64": 0.023816716732417295, 
  "dV_65": 0.011887647567117136, 
  "dV_66": 0.00933184936424067, 
  "dV_67": 0.004536271623643384, 
  "dV_71": 0.023266857898054733, 
  "dV_72": 0.02269801759579186, 
  "dV_73": 0.017334281632094415, 
  "dV_74": 0.017110859728700845, 
  "dV_75": 0.008531514317148868, 
  "dV_76": 0.004536271623643384, 
  "dV_77": 0.006157927146005341
}