{
  "V_11": 64.62509996003756, 
  "V_12": 86.73194570918345, 
  "V_13": 68.68103020718588, 
  "V_14": 77.87503066839788, 
  "V_15": 29.83091563363553, 
  "V_16": 10.695115754462561, 
  "V_17": 4.727058434284787, 
  "V_21": 86.73194570918345, 
  "V_22": 115.63113658218131, 
  "V_23": 91.66668058891125, 
  "V_24": 103.9921877195211, 
  "V_25": 39.90805528390009, 
  "V_26": 14.291955429183806, 
  "V_27": 6.397529068732126, 
  "V_31": 68.68103020718588, 
  "V_32": 91.66668058891125, 
  "V_33": 72.92994131526464, 
  "V_34": 82.57036272393228, 
  "V_35": 31.690667340743, 
  "V_36": 11.341716291109682, 
  "V_37": 5.072809255628312, 
  "V_41": 77.87503066839788, 
  "V_42": 103.9921877195211, 
  "V_43": 82.57036272393228, 
  "V_44": 93.67086487004686, 
  "V_45": 35.96306288212512, 
  "V_46": 12.915112148837121, 
  "V_47": 5.771012628755566, 
  "V_51": 29.83091563363553, 
  "V_52": 39.90805528390009, 
  "V_53": 31.690667340743, 
  "V_54": 35.96306288212512, 
  "V_55": 13.96418712207555, 
  "V_56": 5.0306987688176195, 
  "V_57": 2.252753116118503, 
  "V_61": 10.695115754462561, 
  "V_62": 14.291955429183806, 
  "V_63": 11.341716291109682, 
  "V_64": 12.915112148837121, 
  "V_65": 5.0306987688176195, 
  "V_66": 1.9257596415994616, 
  "V_67": 0.8293113648100202, 
  "V_71": 4.727058434284787, 
  "V_72": 6.397529068732126, 
  "V_73": 5.072809255628312, 
  "V_74": 5.771012628755566, 
  "V_75": 2.252753116118503, 
  "V_76": 0.8293113648100202, 
  "V_77": 0.5048235218813889
}