{"V_16": 7.6742289219637385, "V_17": 2.6760239996374158, "V_14": 47.47617999242948, "V_15": 20.69460103840593, "V_12": 38.567145355926456, "V_13": 36.123988169871595, "V_11": 22.348762378936755, "V_75": 2.2353050194416375, "V_55": 18.62230364314536, "V_52": 35.46651445274637, "V_45": 43.435567489485784, "V_76": 0.7607737527091256, "V_51": 20.69460103840593, "V_56": 6.7954878734217115, "V_57": 2.2353050194416375, "V_54": 43.435567489485784, "V_44": 100.91548351831366, "V_31": 36.123988169871595, "V_32": 62.36415601561141, "V_33": 59.065504360351774, "V_34": 76.82846944404133, "V_35": 33.45720588737872, "V_36": 12.29191915746965, "V_37": 4.215557951451698, "V_27": 4.450531858748809, "V_72": 4.450531858748809, "V_43": 76.82846944404133, "V_42": 82.0364571944768, "V_73": 4.215557951451698, "V_47": 5.411236051493482, "V_67": 0.7607737527091256, "V_66": 2.38756864875234, "V_65": 6.7954878734217115, "V_64": 16.01982925970126, "V_63": 12.29191915746965, "V_62": 13.197857033788772, "V_61": 7.6742289219637385, "V_23": 62.36415601561141, "V_22": 66.20895661259972, "V_21": 38.567145355926456, "V_46": 16.01982925970126, "V_41": 47.47617999242948, "V_26": 13.197857033788772, "V_25": 35.46651445274637, "V_24": 82.0364571944768, "V_74": 5.411236051493482, "V_53": 33.45720588737872, "V_77": 0.20540819730072593, "V_71": 2.6760239996374158}