{"mode1_error": [3e-06, 4e-06, 6e-06, 7e-06, 1.5e-05, 1.8e-05, 0.0], "mode2": [-0.00036, -0.00042, -0.0004, 0.00142, 0.00467, 0.01254, 0.02124], "mode2_error": [0.000151, 0.000161, 0.000267, 0.000263, 0.000749, 0.001824, 0.003351], "mode1": [0.02641, 0.04424, 0.06301, 0.08528, 0.11131, 0.12796, 0.13323]}