{"mode1_error": [5e-06, 6e-06, 9e-06, 1.1e-05, 2.8e-05, 3.8e-05, 0.000111], "mode2": [-0.00121, -0.00083, 0.00041, 0.00291, 0.00837, 0.01715, 0.0358], "mode2_error": [0.000145, 0.000165, 0.000394, 0.000277, 0.000954, 0.002185, 0.004549], "mode1": [0.04279, 0.07118, 0.10063, 0.13552, 0.17653, 0.20332, 0.21104]}