{"mode1_error": [7e-06, 8e-06, 1.2e-05, 1.5e-05, 2.7e-05, 1.3e-05, 1.6e-05], "mode2": [0.00092, 0.00121, 0.00035, -0.00347, -0.01112, -0.02696, -0.06162], "mode2_error": [0.000401, 0.000399, 0.000444, 0.000492, 0.001305, 0.00308, 0.007999], "mode1": [0.04997, 0.08291, 0.11674, 0.15674, 0.2041, 0.2352, 0.24424]}