{
  "1": 0.00043200351033145795, 
  "3": 4.212224934493519e-05, 
  "2": 0.00043498795320483653, 
  "4": 3.909982277464665e-05
}