{
  "1": 0.011154545663975553, 
  "3": 0.0014346128203151203, 
  "2": 0.0035164586131463975, 
  "5": 0.010388954874495463, 
  "4": 0.00554531061505899, 
  "7": 0.016212321282310524, 
  "6": 0.012882863721184933
}