{
  "1": [
    -0.2884316733333333, 
    0.4671044276306578, 
    0.5885450049040207, 
    -0.4316781944871389, 
    -0.0062536077183619025, 
    -0.0376472636815919, 
    0.011996590146328251
  ], 
  "3": [
    -0.47325216, 
    0.42956047358834215, 
    -0.005161034047919239, 
    0.6081946203504467, 
    -0.07730424920455749, 
    0.025301156380261012, 
    0.031040394683850468
  ], 
  "2": [
    -0.5092712466666666, 
    -0.6660511209191526, 
    0.31135454672831747, 
    0.010397236738737036, 
    -0.08523810941188531, 
    0.07513734704854098, 
    0.09598971002819183
  ], 
  "5": [
    -0.2496221799999999, 
    0.078079010788847, 
    -0.2542302437999158, 
    -0.07025257027700985, 
    0.20233090766020034, 
    0.11110791313701757, 
    0.2683253859578463
  ], 
  "4": [
    -0.6016404266666666, 
    -0.05447257250945793, 
    -0.3656269861286253, 
    -0.1862069166922844, 
    0.09190385918095077, 
    -0.14888812693290274, 
    -0.23234363672976327
  ], 
  "7": [
    -0.032974879999999915, 
    0.04606397646069778, 
    -0.29211656158049604, 
    -0.17662488301397083, 
    -0.16852966916418588, 
    -0.4261946416565817, 
    0.15008376963350784
  ], 
  "6": [
    -0.09006668666666662, 
    0.14376581196581206, 
    -0.3643197842230631, 
    -0.36884225501246776, 
    -0.20483762359300642, 
    0.40548489982519775, 
    0.009132400322191052
  ]
}