{
  "1": [
    -0.49739713850460865, 
    -0.5928495257742024, 
    0.5478435841064724, 
    0.31677713841322924, 
    0.019329474873168592, 
    0.013118900382940281, 
    -0.009972170410620854
  ], 
  "2": [
    -0.5853569048312908, 
    -0.21906927766650922, 
    -0.5185449198801153, 
    -0.406794961782948, 
    -0.4149549142729558, 
    0.02887272438700534, 
    0.04442696918231808
  ], 
  "3": [
    -0.4152501269385179, 
    0.16881216002412228, 
    -0.19805565934175604, 
    -0.037198228134830175, 
    0.8170034110889889, 
    0.07244569814995915, 
    0.2927747964227811
  ], 
  "4": [
    -0.4483074492596316, 
    0.5853683373653268, 
    0.11967662123624125, 
    0.18759943608023827, 
    -0.09071087944139172, 
    -0.34174830761971503, 
    -0.5308746830000072
  ], 
  "5": [
    -0.18132461061433006, 
    0.4286344745800838, 
    0.21399016352444983, 
    0.14472949597749274, 
    -0.29626111250358544, 
    0.7322940330746579, 
    0.3043521940733799
  ], 
  "6": [
    -0.057033905562517716, 
    0.19340004124217325, 
    0.16989828508523028, 
    0.04009820023417097, 
    -0.2357347063122493, 
    -0.5836095767914923, 
    0.7298625040677332
  ], 
  "7": [
    -0.02024012824745726, 
    0.09084804268173026, 
    0.5502479606431595, 
    -0.8216071776614557, 
    0.09151095344161182, 
    0.009964251017870542, 
    -0.07107922955768249
  ]
}