{
  "T_1": 194.47601475372153, 
  "T_2": 217.6944694441929, 
  "T_3": 147.9762202470099, 
  "T_4": 153.602108570115, 
  "T_5": 59.689844452029504, 
  "T_6": 18.806666353201784, 
  "T_7": 6.827988194631428
}