{
  "dV_11": 0.3212578752059639, 
  "dV_12": 0.22808417763763206, 
  "dV_13": 0.17491843737507873, 
  "dV_14": 0.17624856682150733, 
  "dV_15": 0.08477436748512329, 
  "dV_16": 0.04247483418073735, 
  "dV_17": 0.022856509956392407, 
  "dV_21": 0.22808417763763206, 
  "dV_22": 0.3145276840639399, 
  "dV_23": 0.17390816179241697, 
  "dV_24": 0.17410901120040156, 
  "dV_25": 0.0842395175362472, 
  "dV_26": 0.04253109923303009, 
  "dV_27": 0.022991024347177202, 
  "dV_31": 0.17491843737507873, 
  "dV_32": 0.17390816179241697, 
  "dV_33": 0.18442375754680113, 
  "dV_34": 0.13393221985129478, 
  "dV_35": 0.06476909421914978, 
  "dV_36": 0.03269836727528098, 
  "dV_37": 0.0176876208692063, 
  "dV_41": 0.17624856682150733, 
  "dV_42": 0.17410901120040156, 
  "dV_43": 0.13393221985129478, 
  "dV_44": 0.18279596372350607, 
  "dV_45": 0.06560585989782598, 
  "dV_46": 0.033173441928144094, 
  "dV_47": 0.017965361586305593, 
  "dV_51": 0.08477436748512329, 
  "dV_52": 0.0842395175362472, 
  "dV_53": 0.06476909421914978, 
  "dV_54": 0.06560585989782598, 
  "dV_55": 0.04405617153124707, 
  "dV_56": 0.016002496696067788, 
  "dV_57": 0.008597765472980258, 
  "dV_61": 0.04247483418073735, 
  "dV_62": 0.04253109923303009, 
  "dV_63": 0.03269836727528098, 
  "dV_64": 0.033173441928144094, 
  "dV_65": 0.016002496696067788, 
  "dV_66": 0.011193141850118615, 
  "dV_67": 0.004286155427613562, 
  "dV_71": 0.022856509956392407, 
  "dV_72": 0.022991024347177202, 
  "dV_73": 0.0176876208692063, 
  "dV_74": 0.017965361586305593, 
  "dV_75": 0.008597765472980258, 
  "dV_76": 0.004286155427613562, 
  "dV_77": 0.0032431337738700176
}