{
  "1": 3751.55276111486, 
  "3": 0.2905848361983665, 
  "2": 1.2812339573268305, 
  "4": 0.18309681699930852
}