{
  "1": [
    -0.42224355333333335, 
    0.4988793396296019, 
    -0.49233624000000126, 
    0.12364819456878565, 
    0.06143318936212757, 
    -0.1934791737536371, 
    -0.011151924982307056
  ], 
  "3": [
    -0.44806006, 
    0.02196088077814006, 
    0.19639352000000013, 
    -0.025319419576246463, 
    -0.24980158768246305, 
    -0.19012492346070897, 
    0.10747140127388549
  ], 
  "2": [
    -0.5644423533333333, 
    0.23542620758454605, 
    0.17914961333333354, 
    -0.16345924350939997, 
    0.025743503299340074, 
    0.40285761424197736, 
    0.028632653927813303
  ], 
  "5": [
    -0.19590651333333328, 
    -0.34904966507269847, 
    -0.48391013999999916, 
    0.15341039242017296, 
    -0.08717921615676871, 
    0.2705557886381678, 
    -0.3911812172682234
  ], 
  "4": [
    -0.5085021133333333, 
    0.0, 
    0.2949990066666673, 
    0.05485474485228306, 
    0.17205054589082192, 
    -0.2248932040669772, 
    -0.06424717622080665
  ], 
  "7": [
    -0.025566666666666623, 
    -0.18336974576137915, 
    -0.4727119933333331, 
    -0.29263310951954674, 
    0.027229238152370546, 
    -0.1772167932872213, 
    -0.1598491578202409
  ], 
  "6": [
    -0.0688333333333333, 
    -0.24531472737581173, 
    -0.3536066999999995, 
    0.013550410325276088, 
    0.00509068986202775, 
    0.07812022149147696, 
    0.7815810120311396
  ]
}