{"mode1_error": [0.000152, 0.000115, 0.000141, 0.000131, 0.000198, 0.000342, 0.000518], "mode2": [0.00513, 0.00285, -0.00222, -0.00534, -0.00801, -0.01094, -0.02211], "mode2_error": [0.000618, 0.000541, 0.000802, 0.000548, 0.001425, 0.002439, 0.004093], "mode1": [0.01754, 0.02228, 0.02681, 0.03061, 0.03497, 0.0504, 0.06286]}