{"mode1_error": [1.7e-05, 1.4e-05, 1.8e-05, 1.7e-05, 2.7e-05, 2.9e-05, 0.0], "mode2": [-0.00181, -0.00148, -0.00117, 0.00339, 0.00863, 0.02257, 0.03446], "mode2_error": [0.000752, 0.000583, 0.000781, 0.000642, 0.001423, 0.003304, 0.005545], "mode1": [0.13174, 0.15781, 0.18559, 0.20479, 0.20503, 0.22981, 0.21557]}