{"mode1_error": [1.1e-05, 9e-06, 1.2e-05, 1.2e-05, 2.2e-05, 2.9e-05, 7.4e-05], "mode2": [-0.00261, -0.00128, 0.00053, 0.00302, 0.00664, 0.01317, 0.02517], "mode2_error": [0.000309, 0.00026, 0.000499, 0.000291, 0.000755, 0.001662, 0.003174], "mode1": [0.09188, 0.10978, 0.12844, 0.14082, 0.13988, 0.15628, 0.14886]}