{"mode1_error": [0.0, 0.0, 0.0, 0.0, 0.0, 0.0, 0.0], "mode2": [0.00023, -0.00138, 0.00109, 0.00052, 0.00388, 0.00857, 0.01887], "mode2_error": [0.0, 0.0, 0.0, 0.0, 0.0, 0.0, 0.0], "mode1": [0.01131, 0.02469, 0.04044, 0.06052, 0.08464, 0.10015, 0.101]}