{
  "P_1": 219.9229253507014, 
  "P_2": 143.6229838009352, 
  "P_3": 85.26206880427522, 
  "P_4": 77.24496426185705, 
  "P_5": 25.09462676930975, 
  "P_6": 8.313539515519382, 
  "P_7": 3.1819837285431465
}