{
  "P_1": 499.2550541078629, 
  "P_2": 417.38983359375, 
  "P_3": 246.65517250504033, 
  "P_4": 223.4292875, 
  "P_5": 72.99303951612903, 
  "P_6": 24.349520463709677, 
  "P_7": 8.556471996266907
}