{
  "1": 362.94790711013405, 
  "2": 0.33117243378345929, 
  "3": 0.133124432136699, 
  "4": 0.11469505811019705, 
  "5": 0.094871562281013691, 
  "6": 0.045887342311622399, 
  "7": -0.0047965318079429475
}