{
  "1": [
    5.83166398066581e-05, 
    0.055752310796931326, 
    0.1651329528870775, 
    0.20134493072054516, 
    0.30723963923955866, 
    0.4327082854729772, 
    0.297526597865756
  ], 
  "3": [
    4.726893427765487e-05, 
    0.033917819852484016, 
    0.7351842574362556, 
    0.30544286841103946, 
    0.2076831363010733, 
    0.20865913700289995, 
    0.22308586121759844
  ], 
  "2": [
    5.3428044367815896e-05, 
    0.04703423767042703, 
    0.3320017597248653, 
    0.31169746281756344, 
    0.23084871039319113, 
    0.3611288809223868, 
    0.26576147420630225
  ], 
  "5": [
    2.5203513115950207e-05, 
    0.019981632934298367, 
    0.2662028368860282, 
    0.6477077263065238, 
    0.25131907208849946, 
    0.2390325472643483, 
    0.26303894660777877
  ], 
  "4": [
    4.6277769256467375e-05, 
    0.03168930307108289, 
    0.40564098510758917, 
    0.3631794060783054, 
    0.2538675215522381, 
    0.3283698370290353, 
    0.2782797331182077
  ], 
  "7": [
    1.8730253599052716e-05, 
    0.021880048924979734, 
    0.21687462681459355, 
    0.307101470738419, 
    0.4063601109712251, 
    0.5229266209627552, 
    0.48793458522325656
  ], 
  "6": [
    3.33092580308501e-06, 
    0.02370382612729858, 
    0.10430929309823284, 
    0.2846959943503811, 
    0.3916600680606348, 
    0.42706668565621, 
    0.5814224400329963
  ]
}