{
  "dV_11": 0.057590086641445506, 
  "dV_12": 0.04016701502864116, 
  "dV_13": 0.03065903451771877, 
  "dV_14": 0.030271530595950228, 
  "dV_15": 0.014825023294487913, 
  "dV_16": 0.007717946516223088, 
  "dV_17": 0.0055279233018739075, 
  "dV_21": 0.04016701502864116, 
  "dV_22": 0.05479340269030044, 
  "dV_23": 0.030160048124155094, 
  "dV_24": 0.02973502004952089, 
  "dV_25": 0.014575263326399253, 
  "dV_26": 0.007602895106610469, 
  "dV_27": 0.005444959413800475, 
  "dV_31": 0.03065903451771877, 
  "dV_32": 0.030160048124155094, 
  "dV_33": 0.03192288722294526, 
  "dV_34": 0.02282282888226534, 
  "dV_35": 0.011168194355902548, 
  "dV_36": 0.005822352418237126, 
  "dV_37": 0.004165718310850083, 
  "dV_41": 0.030271530595950228, 
  "dV_42": 0.02973502004952089, 
  "dV_43": 0.02282282888226534, 
  "dV_44": 0.03085044054340597, 
  "dV_45": 0.011143398527205101, 
  "dV_46": 0.005796529435978395, 
  "dV_47": 0.004141701449306197, 
  "dV_51": 0.014825023294487913, 
  "dV_52": 0.014575263326399253, 
  "dV_53": 0.011168194355902548, 
  "dV_54": 0.011143398527205101, 
  "dV_55": 0.0076178295432799935, 
  "dV_56": 0.002856971017424288, 
  "dV_57": 0.0020379922266566307, 
  "dV_61": 0.007717946516223088, 
  "dV_62": 0.007602895106610469, 
  "dV_63": 0.005822352418237126, 
  "dV_64": 0.005796529435978395, 
  "dV_65": 0.002856971017424288, 
  "dV_66": 0.0022105024577766938, 
  "dV_67": 0.0010717408051548712, 
  "dV_71": 0.0055279233018739075, 
  "dV_72": 0.005444959413800475, 
  "dV_73": 0.004165718310850083, 
  "dV_74": 0.004141701449306197, 
  "dV_75": 0.0020379922266566307, 
  "dV_76": 0.0010717408051548712, 
  "dV_77": 0.0014418652151235191
}