{
  "1": 362.9480674490928, 
  "3": 0.13571505807418224, 
  "2": 0.3319652887137743, 
  "4": 0.11736409801209054
}