{
  "1": [
    -0.4230823599999999, 
    0.40208547333333383, 
    0.0617599124965821, 
    0.1460378928584438, 
    -0.437346989927383, 
    -0.01599920956236704, 
    0.029042883186088712
  ], 
  "3": [
    -0.44783817333333337, 
    0.0351265666666667, 
    -0.04787953240360823, 
    -0.049256007137914615, 
    0.1241054111033031, 
    -0.10635942548679374, 
    0.06599817697377658
  ], 
  "2": [
    -0.5650778866666667, 
    0.28568674666666655, 
    0.060930455291221756, 
    -0.06570450854000452, 
    0.33387033653470766, 
    0.05295245421245407, 
    -0.07457015846304908
  ], 
  "5": [
    -0.1948980266666666, 
    -0.48883242000000054, 
    0.04456750751982482, 
    0.010392377726792513, 
    -0.12291511673303702, 
    -0.004258557933295286, 
    -0.16742801149908776
  ], 
  "4": [
    -0.50724106, 
    -0.4128707466666668, 
    -0.10260482636040548, 
    -0.02157958774900759, 
    -0.0803578199422194, 
    0.053142776171197725, 
    0.06030438928621509
  ], 
  "7": [
    -0.031227573333333335, 
    -0.37775186666666716, 
    0.07486812277823367, 
    -0.04126466732218904, 
    -0.09362782853127138, 
    -0.025348559861191125, 
    0.15670111485065255
  ], 
  "6": [
    -0.06983345999999997, 
    -0.44096028666666715, 
    0.02735222860267987, 
    0.10897258093885435, 
    0.12069718903724526, 
    -0.012351274339695652, 
    -0.03655910110783945
  ]
}