{
  "11": [
    4.3191644768142245e-05, 
    0.08257304205381563, 
    0.1771237171074092, 
    0.20406166117791943, 
    0.21172339408342755, 
    0.2784626903175101, 
    0.2617637872011834, 
    0.14047457099406552, 
    0.09863708102807997, 
    0.10048158307432585, 
    0.12799009112608828
  ], 
  "10": [
    3.681990765886106e-05, 
    0.06987423217915091, 
    0.1442131040961051, 
    0.1726545977254297, 
    0.15108317135689586, 
    0.21183272401681824, 
    0.2194126873838875, 
    0.3914336433035998, 
    0.3312931824665574, 
    0.23883188120708582, 
    0.32747745914139537
  ], 
  "1": [
    0.0002846827092640517, 
    0.1952109518953426, 
    0.3860106270570657, 
    0.4268009508293259, 
    0.35641449185688917, 
    0.18473688150505366, 
    0.12146249866885103, 
    0.09667760018567349, 
    0.07782479251797132, 
    0.08790316372429974, 
    0.08351684271737089
  ], 
  "3": [
    0.00021127918023189135, 
    0.15210235484657758, 
    0.37729338403955165, 
    0.4488523563127066, 
    0.2969289227762327, 
    0.20238838093996653, 
    0.15155420682940507, 
    0.13597063906936463, 
    0.12297754094371759, 
    0.13672336058341675, 
    0.13081776403203935
  ], 
  "2": [
    0.00025961241490738654, 
    0.1909837568310747, 
    0.3779293261131123, 
    0.27969392156501977, 
    0.3351379632901698, 
    0.1824338735076923, 
    0.12319449271146343, 
    0.09225739473326475, 
    0.08220510820055964, 
    0.09147607397781263, 
    0.08353966220034746
  ], 
  "5": [
    0.00013153179167260445, 
    0.09271450711017436, 
    0.18263637063471072, 
    0.2070722698189429, 
    0.31577244900710083, 
    0.23130322192827546, 
    0.20903290456585374, 
    0.18076296069858497, 
    0.1777543234589887, 
    0.18490850282166596, 
    0.20729302785074166
  ], 
  "4": [
    0.00019715238486312146, 
    0.1352036364944322, 
    0.334993338685751, 
    0.3159098982319775, 
    0.3001670161642989, 
    0.2128871979127039, 
    0.13154455101094745, 
    0.10968445417791146, 
    0.09714302480863701, 
    0.10089791655612174, 
    0.1026086864460758
  ], 
  "7": [
    4.440857575239169e-05, 
    0.0557554754193601, 
    0.1441842595616571, 
    0.2031565268883657, 
    0.2509046208948575, 
    0.1921063910312811, 
    0.19145386176585982, 
    0.3247487149066938, 
    0.31781055090657634, 
    0.40022035475344403, 
    0.37079932724119635
  ], 
  "6": [
    7.348105574559883e-05, 
    0.07010573393895277, 
    0.14855020813485806, 
    0.1743589219441627, 
    0.16199803839730015, 
    0.1663982241005732, 
    0.18220145363606505, 
    0.2841711290308459, 
    0.3688236496897626, 
    0.45273303178041796, 
    0.3492663734930224
  ], 
  "9": [
    3.3757813910296984e-05, 
    0.057152557520840176, 
    0.11433899364740602, 
    0.12568455972380882, 
    0.09230858063642534, 
    0.10711792009770052, 
    0.11851541470671227, 
    0.3074662961492431, 
    0.4316007739664122, 
    0.4746417480026201, 
    0.38847498300245137
  ], 
  "8": [
    3.495372432926089e-05, 
    0.04971490525912871, 
    0.11518783234080904, 
    0.1485277033671549, 
    0.13419067533090348, 
    0.1462447918315473, 
    0.19620013932067004, 
    0.3642795852340725, 
    0.405968809542338, 
    0.3582046820192697, 
    0.4039440374466959
  ]
}