{
  "V_10_1": 0.26755237959612377, 
  "V_10_10": -0.04823947880905423, 
  "V_10_11": -0.03748025442062082, 
  "V_10_2": 0.45043422926203885, 
  "V_10_3": 0.4170846670918763, 
  "V_10_4": 0.5416208211277901, 
  "V_10_5": 0.22184631396116966, 
  "V_10_6": 0.06680576729876238, 
  "V_10_7": 0.010145792545443483, 
  "V_10_8": -0.013008019232496837, 
  "V_10_9": -0.022754112204958137, 
  "V_11_1": 0.13433845821489038, 
  "V_11_10": -0.03748025442062082, 
  "V_11_11": -0.08195500121803843, 
  "V_11_2": 0.21284085654056228, 
  "V_11_3": 0.18192599585506802, 
  "V_11_4": 0.2406099451804343, 
  "V_11_5": 0.07479635597315094, 
  "V_11_6": 0.010029628679648225, 
  "V_11_7": -0.01551019320380533, 
  "V_11_8": -0.023047464203487758, 
  "V_11_9": -0.02839243977662164, 
  "V_1_1": 12.684041087826506, 
  "V_1_10": 0.26755237959612377, 
  "V_1_11": 0.13433845821489038, 
  "V_1_2": 22.348254268931917, 
  "V_1_3": 21.567361424018127, 
  "V_1_4": 28.985113512380092, 
  "V_1_5": 13.333421881402275, 
  "V_1_6": 5.339377899753928, 
  "V_1_7": 2.0415208965589375, 
  "V_1_8": 0.858921255835856, 
  "V_1_9": 0.476207561724197, 
  "V_2_1": 22.348254268931917, 
  "V_2_10": 0.45043422926203885, 
  "V_2_11": 0.21284085654056228, 
  "V_2_2": 39.09742964634626, 
  "V_2_3": 37.58160059965773, 
  "V_2_4": 50.87622901925312, 
  "V_2_5": 23.336750151619107, 
  "V_2_6": 9.318045665128526, 
  "V_2_7": 3.502080676839809, 
  "V_2_8": 1.513162143147404, 
  "V_2_9": 0.8123522215633225, 
  "V_3_1": 21.567361424018127, 
  "V_3_10": 0.4170846670918763, 
  "V_3_11": 0.18192599585506802, 
  "V_3_2": 37.58160059965773, 
  "V_3_3": 35.94996155215891, 
  "V_3_4": 48.63418625726767, 
  "V_3_5": 22.310976039271214, 
  "V_3_6": 8.92099922530482, 
  "V_3_7": 3.361282336859691, 
  "V_3_8": 1.4502122980179162, 
  "V_3_9": 0.7632617213086648, 
  "V_4_1": 28.985113512380092, 
  "V_4_10": 0.5416208211277901, 
  "V_4_11": 0.2406099451804343, 
  "V_4_2": 50.87622901925312, 
  "V_4_3": 48.63418625726767, 
  "V_4_4": 65.75469597028436, 
  "V_4_5": 30.192564625107906, 
  "V_4_6": 12.057179239027594, 
  "V_4_7": 4.521784291864532, 
  "V_4_8": 1.9344401752289788, 
  "V_4_9": 1.0179702172840999, 
  "V_5_1": 13.333421881402275, 
  "V_5_10": 0.22184631396116966, 
  "V_5_11": 0.07479635597315094, 
  "V_5_2": 23.336750151619107, 
  "V_5_3": 22.310976039271214, 
  "V_5_4": 30.192564625107906, 
  "V_5_5": 13.764483202003772, 
  "V_5_6": 5.4829009134263975, 
  "V_5_7": 2.0553038611767325, 
  "V_5_8": 0.8681224819865974, 
  "V_5_9": 0.43514897936671315, 
  "V_6_1": 5.339377899753928, 
  "V_6_10": 0.06680576729876238, 
  "V_6_11": 0.010029628679648225, 
  "V_6_2": 9.318045665128526, 
  "V_6_3": 8.92099922530482, 
  "V_6_4": 12.057179239027594, 
  "V_6_5": 5.4829009134263975, 
  "V_6_6": 2.1722618415395734, 
  "V_6_7": 0.8056640587644094, 
  "V_6_8": 0.3284196215314639, 
  "V_6_9": 0.1572459218188422, 
  "V_7_1": 2.0415208965589375, 
  "V_7_10": 0.010145792545443483, 
  "V_7_11": -0.01551019320380533, 
  "V_7_2": 3.502080676839809, 
  "V_7_3": 3.361282336859691, 
  "V_7_4": 4.521784291864532, 
  "V_7_5": 2.0553038611767325, 
  "V_7_6": 0.8056640587644094, 
  "V_7_7": 0.3073557593789164, 
  "V_7_8": 0.11197805927957602, 
  "V_7_9": 0.04810722880973351, 
  "V_8_1": 0.858921255835856, 
  "V_8_10": -0.013008019232496837, 
  "V_8_11": -0.023047464203487758, 
  "V_8_2": 1.513162143147404, 
  "V_8_3": 1.4502122980179162, 
  "V_8_4": 1.9344401752289788, 
  "V_8_5": 0.8681224819865974, 
  "V_8_6": 0.3284196215314639, 
  "V_8_7": 0.11197805927957602, 
  "V_8_8": 0.04883014889565519, 
  "V_8_9": 0.008181568014394732, 
  "V_9_1": 0.476207561724197, 
  "V_9_10": -0.022754112204958137, 
  "V_9_11": -0.02839243977662164, 
  "V_9_2": 0.8123522215633225, 
  "V_9_3": 0.7632617213086648, 
  "V_9_4": 1.0179702172840999, 
  "V_9_5": 0.43514897936671315, 
  "V_9_6": 0.1572459218188422, 
  "V_9_7": 0.04810722880973351, 
  "V_9_8": 0.008181568014394732, 
  "V_9_9": -0.011015386819233771
}