{
  "11": [
    -0.002308526666666631, 
    0.32185785959943397, 
    0.19008608235010852, 
    0.06934067676499253, 
    -0.00895731662814741, 
    -0.46235863322002074, 
    0.5476339858499216, 
    -0.017538640375586553, 
    0.05074088144630516, 
    0.04310071335048996, 
    -0.0013549170454987315
  ], 
  "10": [
    -0.005219546666666643, 
    0.27054437251331837, 
    0.1657468576932342, 
    0.03538214190805217, 
    -0.0038950208814821836, 
    -0.1172759152893369, 
    -0.4653959199384116, 
    0.04619031361502369, 
    0.05459572606848315, 
    0.22015659849203145, 
    0.021076687259587727
  ], 
  "1": [
    -0.2740912199999999, 
    -0.43961309596061726, 
    0.29519270406934817, 
    -0.1351238639383479, 
    0.21828655475813974, 
    0.02390826788575013, 
    0.06931292569375719, 
    0.014825123004694862, 
    0.03742845122052828, 
    0.009457939410357236, 
    0.009049745502583913
  ], 
  "3": [
    -0.45980948666666666, 
    0.19086846044912004, 
    -0.22788821735291825, 
    0.0021141376561249884, 
    0.35351115030612723, 
    -0.07297634900167974, 
    0.020639909820741285, 
    0.11819439248826286, 
    0.05783252520203287, 
    -0.00318624317124923, 
    -0.007134596106772188
  ], 
  "2": [
    -0.4799703866666667, 
    -0.37582460718861765, 
    -0.005987727747009095, 
    0.32739816635663044, 
    -0.10472589303815447, 
    -0.11459445551517972, 
    -0.06430229480552759, 
    0.004099812206572847, 
    -0.007937199033574956, 
    -0.00040201814980355674, 
    0.03455668104285664
  ], 
  "5": [
    -0.2851652333333333, 
    0.332099824667881, 
    0.15365996468416396, 
    0.0881210204623971, 
    -0.006196395410128415, 
    0.5237138631657089, 
    0.2097811026797171, 
    -0.0037986591549296115, 
    -0.08924875447804687, 
    0.12407469863199232, 
    0.05879681781093386
  ], 
  "4": [
    -0.6216838533333333, 
    0.12002034526940471, 
    -0.070884308531986, 
    -0.2547498184072997, 
    -0.29073472408060586, 
    -0.11758075645684334, 
    -0.049150317093734935, 
    -0.06743043380281688, 
    -0.024001308006331625, 
    -0.023539008533116555, 
    9.725298208766336e-06
  ], 
  "7": [
    -0.04282805333333327, 
    0.1980135545215459, 
    0.10381424672927221, 
    0.043511790238284914, 
    0.17140524267120796, 
    -0.13740633376313824, 
    -0.16866523332966818, 
    -0.3084215474178407, 
    -0.2983714737982183, 
    -0.07248890243351816, 
    0.017903131678129104
  ], 
  "6": [
    -0.11388696666666667, 
    0.2462045384044777, 
    0.15515599165262053, 
    0.08006600230312677, 
    0.028675428779953906, 
    0.12370096120032825, 
    -0.13510007331647114, 
    -0.1132673615023476, 
    0.18754570524035732, 
    -0.13774873357713693, 
    -0.30912513890507987
  ], 
  "9": [
    -0.00968209999999993, 
    0.23078676242497842, 
    0.1281429007143429, 
    0.035599557090973524, 
    0.021237866439606026, 
    0.029283026608838376, 
    -0.13570611459364323, 
    0.02921033990610354, 
    0.20337507289844237, 
    -0.15292875976341963, 
    0.33296499592026996
  ], 
  "8": [
    -0.01833770666666664, 
    0.15633108773349533, 
    0.1274805361586004, 
    0.027173248294800424, 
    -0.019843786238494764, 
    -0.05690704880240674, 
    -0.0982160746361669, 
    0.45003190610328575, 
    -0.19736839123552372, 
    -0.14482250665944216, 
    -0.07920356296382657
  ]
}