{
  "1": 170.23090931968585, 
  "3": 0.015743467620055816, 
  "2": 0.09451646777664162, 
  "4": 0.007150433809381665
}