{
  "V_11": 89.99251838565084, 
  "V_12": 157.91743059648107, 
  "V_13": 148.27793970532815, 
  "V_14": 191.93077137156175, 
  "V_15": 81.90152455825634, 
  "V_16": 30.36007428805044, 
  "V_17": 10.50363107800961, 
  "V_21": 157.91743059648107, 
  "V_22": 278.36190140078975, 
  "V_23": 261.47728833377573, 
  "V_24": 338.2890701548995, 
  "V_25": 144.4596731132539, 
  "V_26": 53.55409304715037, 
  "V_27": 18.50169089861488, 
  "V_31": 148.27793970532815, 
  "V_32": 261.47728833377573, 
  "V_33": 245.0529184690834, 
  "V_34": 317.2026654991818, 
  "V_35": 135.4990134516745, 
  "V_36": 50.19883486399994, 
  "V_37": 17.397087879143182, 
  "V_41": 191.93077137156175, 
  "V_42": 338.2890701548995, 
  "V_43": 317.2026654991818, 
  "V_44": 410.8406418833415, 
  "V_45": 175.53539425250563, 
  "V_46": 65.0134476492979, 
  "V_47": 22.532123022689852, 
  "V_51": 81.90152455825634, 
  "V_52": 144.4596731132539, 
  "V_53": 135.4990134516745, 
  "V_54": 175.53539425250563, 
  "V_55": 75.00642638616061, 
  "V_56": 27.76713672653226, 
  "V_57": 9.625760072865088, 
  "V_61": 30.36007428805044, 
  "V_62": 53.55409304715037, 
  "V_63": 50.19883486399994, 
  "V_64": 65.0134476492979, 
  "V_65": 27.76713672653226, 
  "V_66": 10.3024097067415, 
  "V_67": 3.5736219736634354, 
  "V_71": 10.50363107800961, 
  "V_72": 18.50169089861488, 
  "V_73": 17.397087879143182, 
  "V_74": 22.532123022689852, 
  "V_75": 9.625760072865088, 
  "V_76": 3.5736219736634354, 
  "V_77": 1.2521724798691602
}