{
  "1": 0.026802659944292526, 
  "3": 0.0028991049913254826, 
  "2": 0.017509514159755282, 
  "4": 0.011994141768069184
}