{
  "V_11": 318.74922938798466, 
  "V_12": 425.8437484380644, 
  "V_13": 338.0202599146119, 
  "V_14": 383.4242436631671, 
  "V_15": 146.98616646420055, 
  "V_16": 51.051305683845555, 
  "V_17": 18.28401811204306, 
  "V_21": 425.8437484380644, 
  "V_22": 569.0872764419919, 
  "V_23": 451.7062045875156, 
  "V_24": 512.4141131961501, 
  "V_25": 196.42988768477667, 
  "V_26": 68.25286044097633, 
  "V_27": 24.411923616945927, 
  "V_31": 338.0202599146119, 
  "V_32": 451.7062045875156, 
  "V_33": 358.5461619474164, 
  "V_34": 406.7683096688009, 
  "V_35": 155.98256710498615, 
  "V_36": 54.18117402260529, 
  "V_37": 19.373989666840178, 
  "V_41": 383.4242436631671, 
  "V_42": 512.4141131961501, 
  "V_43": 406.7683096688009, 
  "V_44": 461.6833367268205, 
  "V_45": 177.04111648185417, 
  "V_46": 61.47239730124151, 
  "V_47": 21.995470466707456, 
  "V_51": 146.98616646420055, 
  "V_52": 196.42988768477667, 
  "V_53": 155.98256710498615, 
  "V_54": 177.04111648185417, 
  "V_55": 68.00720146364276, 
  "V_56": 23.631584485551592, 
  "V_57": 8.455121183344138, 
  "V_61": 51.051305683845555, 
  "V_62": 68.25286044097633, 
  "V_63": 54.18117402260529, 
  "V_64": 61.47239730124151, 
  "V_65": 23.631584485551592, 
  "V_66": 8.266682721772346, 
  "V_67": 2.9578814658305226, 
  "V_71": 18.28401811204306, 
  "V_72": 24.411923616945927, 
  "V_73": 19.373989666840178, 
  "V_74": 21.995470466707456, 
  "V_75": 8.455121183344138, 
  "V_76": 2.9578814658305226, 
  "V_77": 1.2376802663366515
}