{
  "1": [
    0.4225282400000001, 
    0.40388726, 
    0.1696694123996491, 
    -0.008562041192037687, 
    0.2123275969373134, 
    -0.43959716413181416, 
    0.032452018200499026
  ], 
  "3": [
    0.4481893266666668, 
    0.08228478666666673, 
    -0.04978376172164871, 
    0.3622839527480534, 
    -0.19060024976456588, 
    0.0011403992395439821, 
    0.10321820049904605
  ], 
  "2": [
    0.5646328333333334, 
    0.33918945333333395, 
    0.03528824124671123, 
    -0.2593804356997661, 
    -0.10902055030094611, 
    0.3218664369455006, 
    0.05321969029795973
  ], 
  "5": [
    0.1949668333333334, 
    -0.5933226933333323, 
    0.037047952506240454, 
    -0.18889544356230573, 
    -0.17568923965114885, 
    -0.28183879119138255, 
    0.23234627183326018
  ], 
  "4": [
    0.5085035333333335, 
    -0.52067626, 
    -0.2096167307562572, 
    0.03204518467380061, 
    0.13516875486221971, 
    0.08081335551330793, 
    -0.30577553207104113
  ], 
  "7": [
    0.024233333333333332, 
    -0.1583781133333334, 
    0.7842232206705798, 
    0.03549114793080994, 
    -0.08853151128035075, 
    0.06063572560202798, 
    -0.16345397035079984
  ], 
  "6": [
    0.06771266000000009, 
    -0.2178188000000002, 
    0.16331707481616406, 
    0.10886703869903701, 
    0.36813319821479656, 
    0.23454533428390345, 
    0.356199222075444
  ]
}