{
  "1": 1784.8729192772505, 
  "3": 0.19756299608546216, 
  "2": 0.32114963519755535, 
  "4": 0.11232632665482588
}