{
  "1": 1068.0760750987088, 
  "2": 0.52282413048539444, 
  "3": 0.22090101396017192, 
  "4": 0.049511037247870968, 
  "5": -0.1131207209498762, 
  "6": -0.76017838548801608, 
  "7": -1.6658202191288582
}