{
  "dV_11": 1.6329400086096846, 
  "dV_12": 1.0757740795783046, 
  "dV_13": 0.8303961056692648, 
  "dV_14": 0.8151362773935945, 
  "dV_15": 0.42809512913495745, 
  "dV_16": 0.22738401332299757, 
  "dV_17": 0.1260232744874377, 
  "dV_21": 1.0757740795783046, 
  "dV_22": 1.4157907085338177, 
  "dV_23": 0.7738704025037303, 
  "dV_24": 0.7586337243451741, 
  "dV_25": 0.3984338495066047, 
  "dV_26": 0.2118219669495985, 
  "dV_27": 0.11725113656400765, 
  "dV_31": 0.8303961056692648, 
  "dV_32": 0.7738704025037303, 
  "dV_33": 0.8414979716521243, 
  "dV_34": 0.5858088665562482, 
  "dV_35": 0.30752234746568125, 
  "dV_36": 0.16330537976211573, 
  "dV_37": 0.09043027091992806, 
  "dV_41": 0.8151362773935945, 
  "dV_42": 0.7586337243451741, 
  "dV_43": 0.5858088665562482, 
  "dV_44": 0.8040504509404962, 
  "dV_45": 0.30214801047449513, 
  "dV_46": 0.16043541962803787, 
  "dV_47": 0.08880837692794347, 
  "dV_51": 0.42809512913495745, 
  "dV_52": 0.3984338495066047, 
  "dV_53": 0.30752234746568125, 
  "dV_54": 0.30214801047449513, 
  "dV_55": 0.22337860009418625, 
  "dV_56": 0.08455250438211916, 
  "dV_57": 0.046746088375299574, 
  "dV_61": 0.22738401332299757, 
  "dV_62": 0.2118219669495985, 
  "dV_63": 0.16330537976211573, 
  "dV_64": 0.16043541962803787, 
  "dV_65": 0.08455250438211916, 
  "dV_66": 0.06343372920225009, 
  "dV_67": 0.024915236559741278, 
  "dV_71": 0.1260232744874377, 
  "dV_72": 0.11725113656400765, 
  "dV_73": 0.09043027091992806, 
  "dV_74": 0.08880837692794347, 
  "dV_75": 0.046746088375299574, 
  "dV_76": 0.024915236559741278, 
  "dV_77": 0.019510700611818997
}