{
  "V_11": 86.30994873581648, 
  "V_12": 151.57005732449318, 
  "V_13": 143.32672728997935, 
  "V_14": 185.15960781039786, 
  "V_15": 79.16351279404063, 
  "V_16": 29.292413068137613, 
  "V_17": 10.21098644499022, 
  "V_21": 151.57005732449318, 
  "V_22": 265.38118285900515, 
  "V_23": 250.77412043785333, 
  "V_24": 324.45596807204845, 
  "V_25": 139.06536019038487, 
  "V_26": 51.85034838703278, 
  "V_27": 18.063537581932678, 
  "V_31": 143.32672728997935, 
  "V_32": 250.77412043785333, 
  "V_33": 234.41360631980797, 
  "V_34": 305.54836582775556, 
  "V_35": 130.75571112362013, 
  "V_36": 48.42581173296401, 
  "V_37": 16.760328369207127, 
  "V_41": 185.15960781039786, 
  "V_42": 324.45596807204845, 
  "V_43": 305.54836582775556, 
  "V_44": 396.7793905458268, 
  "V_45": 169.54175967667965, 
  "V_46": 62.7781015722006, 
  "V_47": 21.601723352750593, 
  "V_51": 79.16351279404063, 
  "V_52": 139.06536019038487, 
  "V_53": 130.75571112362013, 
  "V_54": 169.54175967667965, 
  "V_55": 72.48599746833466, 
  "V_56": 26.803354679106842, 
  "V_57": 9.056392531764669, 
  "V_61": 29.292413068137613, 
  "V_62": 51.85034838703278, 
  "V_63": 48.42581173296401, 
  "V_64": 62.7781015722006, 
  "V_65": 26.803354679106842, 
  "V_66": 9.858031233065441, 
  "V_67": 3.27789863512738, 
  "V_71": 10.21098644499022, 
  "V_72": 18.063537581932678, 
  "V_73": 16.760328369207127, 
  "V_74": 21.601723352750593, 
  "V_75": 9.056392531764669, 
  "V_76": 3.27789863512738, 
  "V_77": 1.1020347929794092
}