{
  "1": 1068.0741897012745, 
  "3": 0.29843097119734746, 
  "2": 0.7752683511751983, 
  "4": 0.043539867555125664
}