{
  "1": 0.00017431135170482994, 
  "3": 0.00014997028146592335, 
  "2": 0.0003511661472721334, 
  "4": 7.952482493828139e-05
}