{
  "1": 30.38191474103685, 
  "3": 0.03993095190395515, 
  "2": 0.157919934557692, 
  "4": 0.019070859143667674
}