{
  "1": 1078.9719334155541, 
  "2": 0.51400689500087982, 
  "3": 0.096410771112744417, 
  "4": 0.081777393492722644, 
  "5": 0.0072285360602222966, 
  "6": -0.17082323356356516, 
  "7": -0.22212882631781258
}