{
  "1": [
    0.00013634985560715483, 
    0.25881433455127306, 
    0.2863176150464117, 
    0.20502378620290232, 
    0.16688235774652507, 
    0.16381015195695975, 
    0.1183850656061595
  ], 
  "3": [
    9.71987300559515e-05, 
    0.17393605558096334, 
    0.198753835297512, 
    0.431839493139213, 
    0.29953177474840226, 
    0.3956448103799347, 
    0.2714592765818829
  ], 
  "2": [
    0.00011920205714593377, 
    0.2671177962320731, 
    0.21597225952070298, 
    0.23606177170138132, 
    0.26153961492164857, 
    0.2419837572109806, 
    0.17778006228685292
  ], 
  "5": [
    5.8548347054466006e-05, 
    0.16936409497996854, 
    0.1798325618132498, 
    0.2796991218969194, 
    0.4483311221509359, 
    0.3329395353143876, 
    0.32300599293633464
  ], 
  "4": [
    9.233116034899785e-05, 
    0.18663671869138412, 
    0.20579031007304077, 
    0.2588705592478008, 
    0.32570459634196397, 
    0.29795043302225677, 
    0.22031696508349047
  ], 
  "7": [
    3.2406281286280565e-05, 
    0.08631792285125064, 
    0.10998800755257739, 
    0.18516361303194329, 
    0.3864967153685219, 
    0.45140282761716183, 
    0.3675547252035284
  ], 
  "6": [
    3.333938877225282e-05, 
    0.12609044929602214, 
    0.17398411012021323, 
    0.37272966012446906, 
    0.43374998776304, 
    0.3376624372201067, 
    0.3309782240968972
  ]
}