{
  "1": 0.0009613623085592603, 
  "3": 0.0007353422676822989, 
  "2": 0.0017654137575420085, 
  "4": 0.00043919717363575644
}