{
  "V_11": 66.34541670079922, 
  "V_12": 115.962809470792, 
  "V_13": 108.64775535974499, 
  "V_14": 139.55332395199878, 
  "V_15": 59.03716562341832, 
  "V_16": 21.62553734560885, 
  "V_17": 7.403394733971733, 
  "V_21": 115.962809470792, 
  "V_22": 205.0149309263782, 
  "V_23": 191.72627942208254, 
  "V_24": 246.73635269138282, 
  "V_25": 104.17531928824563, 
  "V_26": 38.083558080363595, 
  "V_27": 12.988694834154595, 
  "V_31": 108.64775535974499, 
  "V_32": 191.72627942208254, 
  "V_33": 179.42485300686621, 
  "V_34": 230.48581971958453, 
  "V_35": 97.3342392682816, 
  "V_36": 35.6127180650054, 
  "V_37": 12.148238535429256, 
  "V_41": 139.55332395199878, 
  "V_42": 246.73635269138282, 
  "V_43": 230.48581971958453, 
  "V_44": 296.3035631891722, 
  "V_45": 125.0322064162181, 
  "V_46": 45.72677481116773, 
  "V_47": 15.553432374755184, 
  "V_51": 59.03716562341832, 
  "V_52": 104.17531928824563, 
  "V_53": 97.3342392682816, 
  "V_54": 125.0322064162181, 
  "V_55": 52.78692633420118, 
  "V_56": 19.17096473073123, 
  "V_57": 6.523760097344369, 
  "V_61": 21.62553734560885, 
  "V_62": 38.083558080363595, 
  "V_63": 35.6127180650054, 
  "V_64": 45.72677481116773, 
  "V_65": 19.17096473073123, 
  "V_66": 6.9788457905296895, 
  "V_67": 2.342087942045768, 
  "V_71": 7.403394733971733, 
  "V_72": 12.988694834154595, 
  "V_73": 12.148238535429256, 
  "V_74": 15.553432374755184, 
  "V_75": 6.523760097344369, 
  "V_76": 2.342087942045768, 
  "V_77": 0.7763413866589381
}