{
  "1": [
    -0.28553418, 
    -0.7799011318732841, 
    -0.1370512210012208, 
    -0.02479127472527454, 
    0.09715115293531122, 
    0.06689929944607383, 
    0.006103899009268288
  ], 
  "3": [
    -0.4713068933333332, 
    -0.06826061884669514, 
    -0.0590438882105546, 
    -0.11900255677655643, 
    -0.3370230794798281, 
    -0.11192267025089604, 
    -0.0012216860196724037
  ], 
  "2": [
    -0.5040550533333334, 
    0.2781166097381282, 
    -0.5247498982498997, 
    0.2690974212454217, 
    0.08415342972288029, 
    0.05199683121537912, 
    0.02719820673981759
  ], 
  "5": [
    -0.25578671333333325, 
    -0.04703540955059954, 
    0.3905296228462899, 
    0.25441297435897414, 
    0.10737569072250637, 
    -0.3228649397197775, 
    -0.1576481410461278
  ], 
  "4": [
    -0.6058734866666666, 
    0.21833617306275535, 
    0.3185202821869487, 
    -0.2912286813186823, 
    0.11973703519049385, 
    0.09742267839687196, 
    0.04548812542168243
  ], 
  "7": [
    -0.031858859999999926, 
    -0.051271040117875304, 
    0.22351191154524497, 
    0.19770606593406592, 
    -0.019974236569860693, 
    0.012644151189312376, 
    0.6316013742409713
  ], 
  "6": [
    -0.09350963999999992, 
    -0.042158696671354856, 
    0.33654129019128975, 
    0.34853874725274664, 
    -0.11425967426980727, 
    0.32722024275008155, 
    -0.237808014630162
  ]
}