{
  "1": 0.006251161843537274, 
  "3": 0.00280773872545084, 
  "2": 0.00831536574445765, 
  "4": 0.0015697614241366603
}