{
  "1": 0.00024248177536497108, 
  "3": 5.828025880143797e-08, 
  "2": 1.245154250145046e-07, 
  "4": 7.563807258101908e-08
}