{
  "1": 0.040847316598794224, 
  "3": 0.018266622966365095, 
  "2": 0.03613425523473731, 
  "4": 0.011501156324235623
}