{
  "1": 2918.8747535867324, 
  "3": 0.16863187222692283, 
  "2": 0.5292367142413522, 
  "4": 0.12387792062826564
}