{
  "1": [
    -0.42132107333333335, 
    0.47758846000000105, 
    0.39327333606949977, 
    0.21964396375013528, 
    0.15149893019926963, 
    0.22870804398148162, 
    -0.02791067368581677
  ], 
  "3": [
    -0.44836645333333336, 
    -0.09482780666666656, 
    -0.3636687871947465, 
    -0.16603252778077535, 
    -0.009039631596789728, 
    0.2759197668650792, 
    -0.31236409552147704
  ], 
  "2": [
    -0.5635422333333334, 
    0.43529209333333285, 
    -0.22150090977495118, 
    -0.057251580537274555, 
    -0.1279602779975139, 
    -0.33020143022486864, 
    0.13491273365377296
  ], 
  "5": [
    -0.19623333333333326, 
    -0.3665933666666673, 
    -0.3439061221697807, 
    0.4236389146617752, 
    0.1913169284664934, 
    -0.054571031746031694, 
    0.08702464332036336
  ], 
  "4": [
    -0.5100758333333333, 
    -0.6263599, 
    0.3374696422463917, 
    -0.17007807746250897, 
    -0.011535589708818622, 
    -0.02191352513227498, 
    0.16134885175860209
  ], 
  "7": [
    -0.023100006666666673, 
    -0.05934171333333329, 
    -0.002775196661878172, 
    0.24615514438810351, 
    -0.4785385203601142, 
    0.18225169477513234, 
    0.023844220645457197
  ], 
  "6": [
    -0.06829999999999992, 
    -0.16412752666666675, 
    0.2577806347903409, 
    0.17704141043622085, 
    -0.12095608166647831, 
    -0.23901639384920786, 
    -0.3536036240177005
  ]
}