{
  "V_11": 3.184470556147247, 
  "V_12": 4.084432419450031, 
  "V_13": 3.0800362241815766, 
  "V_14": 3.438495523115031, 
  "V_15": 1.3918229118308871, 
  "V_16": 0.45105580668873374, 
  "V_17": 0.18064511012906637, 
  "V_21": 4.084432419450031, 
  "V_22": 5.325274281394183, 
  "V_23": 4.2439280563234245, 
  "V_24": 5.010459659492413, 
  "V_25": 1.8111011383507414, 
  "V_26": 0.6192105221258898, 
  "V_27": 0.26117633506987087, 
  "V_31": 3.0800362241815766, 
  "V_32": 4.2439280563234245, 
  "V_33": 3.13696949858769, 
  "V_34": 3.831666612134928, 
  "V_35": 1.5553008861122821, 
  "V_36": 0.5269346272133807, 
  "V_37": 0.16807403243023272, 
  "V_41": 3.438495523115031, 
  "V_42": 5.010459659492413, 
  "V_43": 3.831666612134928, 
  "V_44": 4.654422991082102, 
  "V_45": 1.8163051183915098, 
  "V_46": 0.6335404351433965, 
  "V_47": 0.2064300937371259, 
  "V_51": 1.3918229118308871, 
  "V_52": 1.8111011383507414, 
  "V_53": 1.5553008861122821, 
  "V_54": 1.8163051183915098, 
  "V_55": 0.7198102646540254, 
  "V_56": 0.26540216279334694, 
  "V_57": 0.10115681463188997, 
  "V_61": 0.45105580668873374, 
  "V_62": 0.6192105221258898, 
  "V_63": 0.5269346272133807, 
  "V_64": 0.6335404351433965, 
  "V_65": 0.26540216279334694, 
  "V_66": 0.11265729586752227, 
  "V_67": 0.03875969796390715, 
  "V_71": 0.18064511012906637, 
  "V_72": 0.26117633506987087, 
  "V_73": 0.16807403243023272, 
  "V_74": 0.2064300937371259, 
  "V_75": 0.10115681463188997, 
  "V_76": 0.03875969796390715, 
  "V_77": 0.009736265605259392
}