{
  "1": [
    -0.39424193920991524, 
    0.5243639419354431, 
    0.5171610706657043, 
    -0.4035854776965112, 
    -0.301870859276048, 
    0.12641302824283354, 
    -0.1510141025841481, 
    -0.07160454354296354, 
    -0.01740267839706499, 
    -0.06274380654986669, 
    0.0007491636461880389
  ], 
  "2": [
    -0.534716767102973, 
    0.061644397199935363, 
    -0.7459246395868299, 
    -0.25368738692983633, 
    0.04665562817711743, 
    0.26769610877096567, 
    -0.10152093735719875, 
    -0.054165753972068055, 
    -0.0391503073614685, 
    -0.00989472790155482, 
    -0.028426271637017993
  ], 
  "3": [
    -0.44446399579188395, 
    0.06631449613397564, 
    0.04673199086815565, 
    0.8232598586851313, 
    -0.30543131253852424, 
    0.08308189264536031, 
    0.0509161587334354, 
    -0.05266674159991153, 
    0.10954074061680107, 
    -0.0194322488323485, 
    -0.013399833928527087
  ], 
  "4": [
    -0.5446066952708909, 
    -0.1561677542055829, 
    0.2733932531643118, 
    -0.006984172651725908, 
    0.6696602503070456, 
    -0.33484728234943884, 
    0.11758542362091308, 
    0.14808466683908336, 
    -0.023189588018618246, 
    0.07365012216679744, 
    0.04401680636103572
  ], 
  "5": [
    -0.23405648901520043, 
    -0.5459854449502893, 
    -0.012697856568252074, 
    -0.2521373780017585, 
    -0.5576253420007661, 
    -0.5032789133043944, 
    0.09310330739016597, 
    -0.07345594276309715, 
    0.014634925318619204, 
    -0.051138222033077205, 
    -0.04747603733101363
  ], 
  "6": [
    -0.09144893367941448, 
    -0.4497006044704299, 
    0.22000302691846704, 
    -0.08475743317724013, 
    -0.12611442626444638, 
    0.6195715894765029, 
    0.13063466395566942, 
    0.443549740717054, 
    -0.15820578721573245, 
    0.2552840890128551, 
    0.17333977157178612
  ], 
  "7": [
    -0.034237326381384714, 
    -0.3459919587176866, 
    0.1973340491152226, 
    -0.06779961132267284, 
    0.18406430508953273, 
    0.39427026481080657, 
    0.12142554603870637, 
    -0.5838359002514841, 
    0.27344941171938414, 
    -0.40942999669263624, 
    -0.21962495535088475
  ], 
  "8": [
    -0.012659464573871237, 
    -0.1897875967214905, 
    0.09211495704748861, 
    0.11596861036126259, 
    0.05327476110818755, 
    0.008299575301344427, 
    -0.536602310321365, 
    -0.4496035509734028, 
    -0.6186791259591672, 
    0.2443293758737986, 
    0.08020811531580048
  ], 
  "9": [
    -0.004795205282758277, 
    -0.13158140252614772, 
    0.03150519555669015, 
    0.07230774533410601, 
    0.026186787949813637, 
    -0.003802250852629289, 
    -0.5435422026457458, 
    0.4678481724761779, 
    -0.0860804882957647, 
    -0.6137444757098568, 
    -0.27808268137721126
  ], 
  "10": [
    -0.0021181780326874496, 
    -0.09723120878912797, 
    0.046491577037534815, 
    -0.028152273607739423, 
    0.01889341929667303, 
    0.013838610858803953, 
    -0.43519897805119817, 
    0.03431648800984337, 
    0.5477245070259824, 
    0.5531566569457326, 
    -0.436438913372304
  ], 
  "11": [
    -0.0011364434137546306, 
    -0.0981242287208523, 
    -0.008402704898172197, 
    -0.011504434870431627, 
    0.018779000784949842, 
    -0.021230361926107996, 
    -0.37042318033557675, 
    -0.04512884765515541, 
    0.44207894034183537, 
    -0.11128314229628385, 
    0.8014339242576209
  ]
}