{
  "11": [
    1.918341760768405e-05, 
    0.015411181221548047, 
    0.04663946411318525, 
    0.04446343567329304, 
    0.07192319694660697, 
    0.13022508456177184, 
    0.1830131925472052, 
    0.2769794737451642, 
    0.35846638024432975, 
    0.5145739632398123, 
    0.3216053483915219
  ], 
  "10": [
    0.0, 
    0.019751238560094066, 
    0.04899110771767354, 
    0.04532213311223211, 
    0.06804735292149823, 
    0.12534787254578386, 
    0.22917442776660227, 
    0.30548371003247, 
    0.35126972643573257, 
    0.36983197614544444, 
    0.4506983307920631
  ], 
  "1": [
    6.468463803629217e-05, 
    0.17796144540884476, 
    0.27508894927337824, 
    0.3207891424239441, 
    0.2809049527903929, 
    0.22273865601847678, 
    0.14079294120331673, 
    0.10645102748471162, 
    0.061989486192808224, 
    0.04231391633935536, 
    0.04204368560963783
  ], 
  "3": [
    5.291082596298181e-05, 
    0.10027176359122425, 
    0.35542228456557945, 
    0.34495216323219485, 
    0.4292177164570105, 
    0.3068222452801423, 
    0.17550971528441373, 
    0.11801202196732884, 
    0.08631263918173918, 
    0.058855341734472766, 
    0.055033468919560236
  ], 
  "2": [
    6.050494068327608e-05, 
    0.24483833381039383, 
    0.24782689068379476, 
    0.3149276870578343, 
    0.28156538953182936, 
    0.1946562675249085, 
    0.12156661282128613, 
    0.07538093511113628, 
    0.047116483704948774, 
    0.038445111393803605, 
    0.03419749903043198
  ], 
  "5": [
    3.5650869334772964e-05, 
    0.10032727987335012, 
    0.2760363687078, 
    0.34654005383760367, 
    0.35020828099192997, 
    0.25590898305293963, 
    0.22853578621615384, 
    0.13812835157279132, 
    0.08984226600844479, 
    0.06781928833550474, 
    0.0635068861565806
  ], 
  "4": [
    5.241476407093801e-05, 
    0.13288912244178805, 
    0.2561814861353047, 
    0.4370756673972696, 
    0.2846380714650278, 
    0.30668168249547917, 
    0.1426751416547344, 
    0.11557809478061337, 
    0.06519055916052319, 
    0.04632010777294193, 
    0.045187308142256716
  ], 
  "7": [
    0.0, 
    0.07231511626867311, 
    0.17053989109308612, 
    0.1890533195128927, 
    0.26391727626974326, 
    0.23733827476492644, 
    0.32879783049981565, 
    0.23750093732016767, 
    0.3367677128166371, 
    0.24497227164044474, 
    0.25959881448277733
  ], 
  "6": [
    2.1969505130938646e-05, 
    0.09357707745477858, 
    0.2172900192091054, 
    0.22346992105626182, 
    0.30497723104011026, 
    0.3044006903970888, 
    0.28280622727487253, 
    0.23678329956232333, 
    0.22330561005416324, 
    0.15022414782441582, 
    0.155308455670967
  ], 
  "9": [
    1.6149474019676698e-05, 
    0.023466227336268335, 
    0.0654530321782864, 
    0.07220225290135981, 
    0.11076148859927958, 
    0.1809726590202244, 
    0.2518082081745053, 
    0.32525801305898155, 
    0.49551306684088037, 
    0.32000438515504576, 
    0.3535559549917375
  ], 
  "8": [
    1.6645020610487706e-05, 
    0.0386451806488986, 
    0.0992197063968044, 
    0.11339430814261109, 
    0.15906863325431456, 
    0.23671808178687873, 
    0.19029292570234602, 
    0.40966542289699753, 
    0.3151575213236326, 
    0.3557153565571273, 
    0.3606741841641522
  ]
}