{
  "dV_10_1": 0.023646473544726657, 
  "dV_10_10": 0.0016222561554629584, 
  "dV_10_11": 0.0008744304069416082, 
  "dV_10_2": 0.023840798877081078, 
  "dV_10_3": 0.0188236592072121, 
  "dV_10_4": 0.019843120724453087, 
  "dV_10_5": 0.010225505952103453, 
  "dV_10_6": 0.005401996858771466, 
  "dV_10_7": 0.003027690950461904, 
  "dV_10_8": 0.0018071435675170696, 
  "dV_10_9": 0.0011699140645590944, 
  "dV_11_1": 0.022652040384407997, 
  "dV_11_10": 0.0008744304069416082, 
  "dV_11_11": 0.0017446909289344443, 
  "dV_11_2": 0.02284876691122319, 
  "dV_11_3": 0.018021507931246704, 
  "dV_11_4": 0.01897360220843744, 
  "dV_11_5": 0.009789954742607021, 
  "dV_11_6": 0.0051773919495066035, 
  "dV_11_7": 0.0029050103435405454, 
  "dV_11_8": 0.0017344150189793545, 
  "dV_11_9": 0.0011226809146117397, 
  "dV_1_1": 0.880835079549014, 
  "dV_1_10": 0.023646473544726657, 
  "dV_1_11": 0.022652040384407997, 
  "dV_1_2": 0.6290566866726446, 
  "dV_1_3": 0.49512274913749466, 
  "dV_1_4": 0.5195111976670406, 
  "dV_1_5": 0.2683952902763504, 
  "dV_1_6": 0.14226366736836327, 
  "dV_1_7": 0.07968483257272088, 
  "dV_1_8": 0.04736807622083047, 
  "dV_1_9": 0.030468428449509144, 
  "dV_2_1": 0.6290566866726446, 
  "dV_2_10": 0.023840798877081078, 
  "dV_2_11": 0.02284876691122319, 
  "dV_2_2": 0.8758454196060357, 
  "dV_2_3": 0.49675788720442154, 
  "dV_2_4": 0.5187927008548474, 
  "dV_2_5": 0.26862072124591685, 
  "dV_2_6": 0.1428736987768964, 
  "dV_2_7": 0.08032036769782099, 
  "dV_2_8": 0.04778584837255363, 
  "dV_2_9": 0.030734412574192006, 
  "dV_3_1": 0.49512274913749466, 
  "dV_3_10": 0.0188236592072121, 
  "dV_3_11": 0.018021507931246704, 
  "dV_3_2": 0.49675788720442154, 
  "dV_3_3": 0.5405431345217931, 
  "dV_3_4": 0.4093226836878111, 
  "dV_3_5": 0.21179789128324888, 
  "dV_3_6": 0.11271639047863603, 
  "dV_3_7": 0.06337296638164612, 
  "dV_3_8": 0.037704653777567626, 
  "dV_3_9": 0.024253270284802193, 
  "dV_4_1": 0.5195111976670406, 
  "dV_4_10": 0.019843120724453087, 
  "dV_4_11": 0.01897360220843744, 
  "dV_4_2": 0.5187927008548474, 
  "dV_4_3": 0.4093226836878111, 
  "dV_4_4": 0.5809210096688806, 
  "dV_4_5": 0.22301506663453824, 
  "dV_4_6": 0.1187147648299785, 
  "dV_4_7": 0.06683542900157383, 
  "dV_4_8": 0.039790657322120275, 
  "dV_4_9": 0.025586470956823173, 
  "dV_5_1": 0.2683952902763504, 
  "dV_5_10": 0.010225505952103453, 
  "dV_5_11": 0.009789954742607021, 
  "dV_5_2": 0.26862072124591685, 
  "dV_5_3": 0.21179789128324888, 
  "dV_5_4": 0.22301506663453824, 
  "dV_5_5": 0.16034184201619156, 
  "dV_5_6": 0.06170416007846588, 
  "dV_5_7": 0.034526795845827976, 
  "dV_5_8": 0.0205164979854603, 
  "dV_5_9": 0.013181146059310768, 
  "dV_6_1": 0.14226366736836327, 
  "dV_6_10": 0.005401996858771466, 
  "dV_6_11": 0.0051773919495066035, 
  "dV_6_2": 0.1428736987768964, 
  "dV_6_3": 0.11271639047863603, 
  "dV_6_4": 0.1187147648299785, 
  "dV_6_5": 0.06170416007846588, 
  "dV_6_6": 0.045704462851770204, 
  "dV_6_7": 0.018275199673204304, 
  "dV_6_8": 0.010833215008469168, 
  "dV_6_9": 0.006958934006015627, 
  "dV_7_1": 0.07968483257272088, 
  "dV_7_10": 0.003027690950461904, 
  "dV_7_11": 0.0029050103435405454, 
  "dV_7_2": 0.08032036769782099, 
  "dV_7_3": 0.06337296638164612, 
  "dV_7_4": 0.06683542900157383, 
  "dV_7_5": 0.034526795845827976, 
  "dV_7_6": 0.018275199673204304, 
  "dV_7_7": 0.01438268441082768, 
  "dV_7_8": 0.006064447394580054, 
  "dV_7_9": 0.003895434394491743, 
  "dV_8_1": 0.04736807622083047, 
  "dV_8_10": 0.0018071435675170696, 
  "dV_8_11": 0.0017344150189793545, 
  "dV_8_2": 0.04778584837255363, 
  "dV_8_3": 0.037704653777567626, 
  "dV_8_4": 0.039790657322120275, 
  "dV_8_5": 0.0205164979854603, 
  "dV_8_6": 0.010833215008469168, 
  "dV_8_7": 0.006064447394580054, 
  "dV_8_8": 0.0050991362648128355, 
  "dV_8_9": 0.0023229924011102664, 
  "dV_9_1": 0.030468428449509144, 
  "dV_9_10": 0.0011699140645590944, 
  "dV_9_11": 0.0011226809146117397, 
  "dV_9_2": 0.030734412574192006, 
  "dV_9_3": 0.024253270284802193, 
  "dV_9_4": 0.025586470956823173, 
  "dV_9_5": 0.013181146059310768, 
  "dV_9_6": 0.006958934006015627, 
  "dV_9_7": 0.003895434394491743, 
  "dV_9_8": 0.0023229924011102664, 
  "dV_9_9": 0.002248524000325617
}