{
  "P_1": 1256.8053576192065, 
  "P_2": 776.6168126042014, 
  "P_3": 435.8766858952984, 
  "P_4": 368.8796285428476, 
  "P_5": 109.95374241413805, 
  "P_6": 33.779243914638215, 
  "P_7": 11.050674029681717
}