{
  "1": [
    5.038552866669071e-05, 
    0.06725300716411542, 
    0.22753659769116952, 
    0.2546517680926214, 
    0.17782482049283843, 
    0.13874657541554006, 
    0.1327631330994492
  ], 
  "3": [
    4.179747824907326e-05, 
    0.08187620715681289, 
    0.3218781381963936, 
    0.2885256573697035, 
    0.35733096978363926, 
    0.32400944879014915, 
    0.24044219749509832
  ], 
  "2": [
    4.6968062969165237e-05, 
    0.06268381309198237, 
    0.2464463315340233, 
    0.2613013427973056, 
    0.17778009848083412, 
    0.14685162894799356, 
    0.1435438568144704
  ], 
  "5": [
    3.098248679777741e-05, 
    0.04947079962929386, 
    0.2020253360542285, 
    0.22804870552728515, 
    0.28231732856320746, 
    0.4192257893407713, 
    0.3827944208089096
  ], 
  "4": [
    4.1275983843767394e-05, 
    0.04992529132894373, 
    0.18168577409421294, 
    0.23424045909920319, 
    0.30891509290274116, 
    0.2692142417896357, 
    0.2825806901758085
  ], 
  "7": [
    1.3079583754046063e-05, 
    0.024205229734444476, 
    0.1636670763299865, 
    0.20473249145742212, 
    0.41932759936936115, 
    0.385597890925447, 
    0.47647909401480276
  ], 
  "6": [
    1.3234767354897801e-05, 
    0.03474298562199252, 
    0.2103949989504358, 
    0.2400819725021989, 
    0.41474169345194245, 
    0.392577771772701, 
    0.476015614354878
  ]
}