{
  "1": 0.0008484555516000688, 
  "3": 0.00048425686878714945, 
  "2": 0.000699503330862226, 
  "4": 0.00034131418851140056
}