{
  "1": [
    -0.42128269333333335, 
    -0.5591314933333319, 
    0.4908861305716313, 
    -0.27144025790101417, 
    0.0018489721181852972, 
    0.02543258113590267, 
    -0.02683822207362827
  ], 
  "3": [
    -0.44811374666666653, 
    0.08711548666666684, 
    0.1051339932988122, 
    0.46230339892665573, 
    -0.16276190595089388, 
    0.10278000338066275, 
    0.20628458337976915
  ], 
  "2": [
    -0.5634699666666666, 
    -0.3084456000000005, 
    -0.597753325210684, 
    -0.09616367769827082, 
    -0.0036011235955055315, 
    -0.03247874408384032, 
    -0.020133507931201056
  ], 
  "5": [
    -0.19685411999999997, 
    0.43652270666666765, 
    0.037886441939959936, 
    -0.2658459376863449, 
    -0.38011822721598165, 
    0.10572543948613927, 
    -0.21734137597979167
  ], 
  "4": [
    -0.5099912400000001, 
    0.5116504066666668, 
    0.1558272954953131, 
    0.08626987924865849, 
    0.2691273741156881, 
    -0.14461115618661285, 
    -0.08476703072179544
  ], 
  "7": [
    -0.023963993333333242, 
    0.1896153533333336, 
    0.01103476156631813, 
    -0.30319144305307094, 
    -0.07059829379941696, 
    -0.37872423935091326, 
    0.3343056985772139
  ], 
  "6": [
    -0.06929725999999992, 
    0.27288016000000004, 
    -0.06195940366196293, 
    -0.33242113893858216, 
    0.19415944236371208, 
    0.33968310513860756, 
    0.11869471005609386
  ]
}