{
  "1": 1798.9088443219284, 
  "3": 0.21081230671832754, 
  "2": 0.823422363273753, 
  "4": 0.09502829712855033
}