{"mode1_error": [6e-06, 6e-06, 9e-06, 1e-05, 2.2e-05, 4.9e-05, 0.000119], "mode2": [-0.00071, 0.00091, -0.00091, -1e-05, 0.00133, -0.0026, -0.00129], "mode2_error": [0.000102, 0.000101, 0.0002, 0.000182, 0.000537, 0.000948, 0.00122], "mode1": [0.01262, 0.02734, 0.04461, 0.06763, 0.09986, 0.1301, 0.15923]}