{"mode1_error": [9e-06, 1.1e-05, 1.5e-05, 1.7e-05, 3.5e-05, 6.7e-05, 0.000124], "mode2": [0.00187, 0.0002, 1e-05, -0.00197, -0.0049, -0.00722, -0.00566], "mode2_error": [0.000572, 0.000439, 0.001227, 0.001663, 0.002867, 0.003372, 0.005473], "mode1": [0.01298, 0.02804, 0.0458, 0.06946, 0.10228, 0.13299, 0.16189]}