{
  "P_1": 1540.9913270686, 
  "P_10": 2.3629035711338324, 
  "P_11": 1.6513003821135432, 
  "P_2": 1279.5892794325287, 
  "P_3": 753.889842629737, 
  "P_4": 685.3785635700934, 
  "P_5": 226.5388570566086, 
  "P_6": 76.54331920063636, 
  "P_7": 27.11221466924696, 
  "P_8": 10.311426908451876, 
  "P_9": 4.389003139978401
}