{"mode1_error": [2e-05, 2.4e-05, 3.6e-05, 4e-05, 7.6e-05, 0.000129, 0.000218], "mode2": [0.00064, -5e-05, -0.00104, -0.00053, -0.00058, -0.0016, -0.00667], "mode2_error": [4.2e-05, 0.00014, 0.00022, 0.000254, 0.000626, 0.001378, 0.002349], "mode1": [0.00179, 0.00356, 0.00508, 0.00702, 0.01037, 0.01396, 0.02028]}