{"mode1_error": [4e-06, 5e-06, 8e-06, 9e-06, 1.8e-05, 3.2e-05, 7.8e-05], "mode2": [-0.0006, -0.00026, 0.00025, 0.00174, 0.00355, 0.00851, 0.01626], "mode2_error": [6.2e-05, 0.000126, 0.000195, 0.000159, 0.000618, 0.001318, 0.002447], "mode1": [0.01319, 0.02413, 0.03445, 0.04671, 0.06095, 0.07031, 0.07371]}