{"mode1_error": [4e-06, 5e-06, 8e-06, 1e-05, 1.9e-05, 3.6e-05, 0.0], "mode2": [-0.00066, -0.00029, 0.00105, 0.00116, 0.00394, 0.00962, 0.01576], "mode2_error": [0.000146, 0.000291, 0.000442, 0.000434, 0.001277, 0.003661, 0.005584], "mode1": [0.02424, 0.04425, 0.06305, 0.08532, 0.11122, 0.12802, 0.13301]}