{"mode1_error": [6e-06, 8e-06, 1.2e-05, 1.5e-05, 2.9e-05, 0.000101, 0.0], "mode2": [0.00066, 0.00082, 0.00021, -0.00325, -0.00775, -0.0126, -0.02476], "mode2_error": [0.000452, 0.000792, 0.000645, 0.001207, 0.003554, 0.006074, 0.01132], "mode1": [0.0392, 0.07118, 0.10065, 0.13555, 0.17655, 0.20318, 0.2106]}