{"mode1_error": [8e-06, 1.1e-05, 1.7e-05, 2e-05, 4e-05, 3.8e-05, 0.000175], "mode2": [0.00119, 0.00035, -0.00023, -0.00222, -0.01676, -0.02641, -0.05835], "mode2_error": [0.000214, 0.000379, 0.000461, 0.000489, 0.001284, 0.00378, 0.007613], "mode1": [0.04581, 0.08287, 0.11674, 0.15677, 0.20414, 0.23532, 0.24429]}