{
  "1": 175.8692909651954, 
  "2": 73.026293937021222, 
  "3": 50.451399548454098, 
  "4": 7.7157012259294033, 
  "5": -8.1819146860228162, 
  "6": -34.739482855597558, 
  "7": -87.977930921805921
}