{
  "1": 0.0008332701391881318, 
  "3": 0.00079354786877539, 
  "2": 0.0009039591839246575, 
  "4": 0.00021966624903111946
}