{
  "1": [
    -0.28672971333333325, 
    0.6974658554498422, 
    0.24554710947109493, 
    0.13492744573297655, 
    0.08599335875436959, 
    0.05191949070592036, 
    0.014979736248481815
  ], 
  "3": [
    -0.47163150000000004, 
    0.07717156735102663, 
    -0.2811872657550095, 
    0.16981651055605024, 
    -0.28380435335239895, 
    -0.02989553740911881, 
    -0.08909868818323755
  ], 
  "2": [
    -0.5067421533333332, 
    0.06985396427975288, 
    -0.4093580493451976, 
    -0.23280550847457715, 
    0.13882699219715433, 
    0.07639145804233383, 
    0.13009382266180802
  ], 
  "5": [
    -0.25341713333333327, 
    -0.230294057753296, 
    -0.08684909196150757, 
    0.23833270889087102, 
    0.2527676482011088, 
    -0.25681361340926157, 
    -0.22401442651396763
  ], 
  "4": [
    -0.6040451666666666, 
    -0.3112862393590377, 
    0.4861139208450906, 
    -0.1393083110318169, 
    -0.05696053737245339, 
    -0.022927312775330323, 
    0.02419971889640808
  ], 
  "7": [
    -0.03137524666666664, 
    -0.12326296444667034, 
    -0.02997070400115755, 
    0.18186054118346742, 
    0.019375316880273854, 
    -0.1132830808352148, 
    0.47705765399965205
  ], 
  "6": [
    -0.09212198666666664, 
    -0.23348491069938293, 
    -0.011099081108458076, 
    0.1871644811180494, 
    0.09341695794936976, 
    0.4665989720998529, 
    -0.010925965642893548
  ]
}