{
  "1": [
    -0.45372139335521267, 
    0.587606783846186, 
    0.5629007515746413, 
    -0.33452428788609306, 
    -0.11613814919834044, 
    0.07651980942844368, 
    -0.027350658979367063
  ], 
  "2": [
    -0.5154554661021363, 
    -0.7706378881247594, 
    0.3060254629334782, 
    -0.15630269577765468, 
    0.11248939873817464, 
    0.09840128662798141, 
    0.0020280883831608506
  ], 
  "3": [
    -0.430774814982247, 
    0.19002381519706923, 
    -0.03315459020328883, 
    0.7886206519262925, 
    0.33693119962688634, 
    0.201562072089583, 
    0.03394623324807249
  ], 
  "4": [
    -0.5298312346988021, 
    0.022851093591571215, 
    -0.4837584495550043, 
    0.02426968488378279, 
    -0.5328999860760374, 
    -0.4451545233844961, 
    0.04472684081673872
  ], 
  "5": [
    -0.22966632100933454, 
    0.15516641468503217, 
    -0.4738742887682243, 
    -0.4680558965393497, 
    0.6872886772149047, 
    -0.04476579998167226, 
    0.07192981461921302
  ], 
  "6": [
    -0.09067273952583456, 
    0.008335451545541965, 
    -0.2913277902673604, 
    -0.09799768089388242, 
    -0.18588280565381704, 
    0.5683061265974394, 
    -0.734649084084265
  ], 
  "7": [
    -0.03444294547080627, 
    0.007628508733459829, 
    -0.21199285980426621, 
    -0.11167609463129421, 
    -0.263505016583947, 
    0.6486110210165136, 
    0.6717230205171787
  ]
}