{
  "1": 0.0062950554607519756, 
  "3": 0.004683414498462428, 
  "2": 0.005707251737714173, 
  "4": 0.00183595498394693
}