{"mode1_error": [3.6538537720859915e-06, 2.1273609514293865e-06, 2.509008865682637e-06, 2.660397365175795e-06, 1.128739347967121e-05, 7.593210458751609e-05, 0.0008045462845689106], "mode1": [0.011559319421737083, 0.024998912778298688, 0.04074944347771886, 0.061818612786520157, 0.09154962369436119, 0.11909155836576533, 0.1459467382765607]}