{
  "1": 0.022690533389511134, 
  "3": 0.012497043522158597, 
  "2": 0.022315512024857414, 
  "4": 0.00784748789638927
}