{
  "1": [
    0.0001256563920576272, 
    0.1113821917383341, 
    0.33920895126381456, 
    0.2970697270339255, 
    0.28687996827051315, 
    0.2805504982524505, 
    0.24873910547475128
  ], 
  "3": [
    9.095088742135412e-05, 
    0.06801361462070028, 
    0.3769257721392266, 
    0.24697428827894463, 
    0.1704387821759791, 
    0.13667547624285686, 
    0.15121481005417112
  ], 
  "2": [
    0.00011144377471694847, 
    0.09941682531318277, 
    0.24651309709519098, 
    0.34985230193794803, 
    0.2463625510148562, 
    0.28035321503026495, 
    0.2755355837096141
  ], 
  "5": [
    5.361557149425033e-05, 
    0.08359957229196316, 
    0.33957337956278144, 
    0.19225253266314188, 
    0.30886175588941567, 
    0.2739231239245617, 
    0.44594386862132335
  ], 
  "4": [
    8.509668748218494e-05, 
    0.09737933268174509, 
    0.2910647948239858, 
    0.21632348530579187, 
    0.2811566905804268, 
    0.2390194155660358, 
    0.2098449043270119
  ], 
  "7": [
    2.676614777658172e-05, 
    0.081907197306, 
    0.2832885961222071, 
    0.25333859871958814, 
    0.3893226694228049, 
    0.521730323302239, 
    0.3490797178287198
  ], 
  "6": [
    2.940710422500044e-05, 
    0.08496109178487474, 
    0.29620976559545903, 
    0.20986339913812943, 
    0.3578618527844463, 
    0.3514319517154565, 
    0.4628637341879968
  ]
}