{
  "1": 210.83903290982954, 
  "3": 0.025833136107361116, 
  "2": 0.12030205976804202, 
  "4": 0.006614955461919766
}