{
  "1": [
    6.03974384983318e-05, 
    0.05678184675203048, 
    0.11520233075576691, 
    0.1925824195516483, 
    0.1922406223074531, 
    0.08125302976370141, 
    0.08265464734037115
  ], 
  "3": [
    4.675187496737721e-05, 
    0.04839679926859261, 
    0.21681466848475275, 
    0.2582827841030512, 
    0.33502073185478637, 
    0.11267164486496492, 
    0.13046553782980966
  ], 
  "2": [
    5.308435045870471e-05, 
    0.0706347849878572, 
    0.0816942294072027, 
    0.23009725013740018, 
    0.16047778972938237, 
    0.08508928288754498, 
    0.12017025316680997
  ], 
  "5": [
    3.352908900689516e-05, 
    0.031629987439164405, 
    0.1410662255525776, 
    0.2598972853370876, 
    0.26271394394195213, 
    0.23652056335430788, 
    0.2798150269869923
  ], 
  "4": [
    4.503351688140601e-05, 
    0.025897698610110546, 
    0.11684211605850339, 
    0.29888185411978085, 
    0.2798031457412375, 
    0.12954146863755178, 
    0.23395004282829301
  ], 
  "7": [
    9.886859974304853e-06, 
    0.016657941744857078, 
    0.07258134455982111, 
    0.10272746450348648, 
    0.2747232842602953, 
    0.4313388389684864, 
    0.3644242414385746
  ], 
  "6": [
    2.6015485983174267e-05, 
    0.026462599510130975, 
    0.10223819903675445, 
    0.14835921371114083, 
    0.17301548562689087, 
    0.26845616620139384, 
    0.38951634843797645
  ]
}