{
  "1": 1517.0581644057397, 
  "3": 0.5663775960189396, 
  "2": 1.3843461784979976, 
  "4": 0.27267504923933883
}