{
  "dV_11": 0.06223488506270968, 
  "dV_12": 0.041016824283878706, 
  "dV_13": 0.03150677152147695, 
  "dV_14": 0.030106608185978635, 
  "dV_15": 0.01553523500426051, 
  "dV_16": 0.007993949744708968, 
  "dV_17": 0.005113860798780654, 
  "dV_21": 0.041016824283878706, 
  "dV_22": 0.05401559189020405, 
  "dV_23": 0.02939442323671057, 
  "dV_24": 0.028079109356617463, 
  "dV_25": 0.014475537296171877, 
  "dV_26": 0.007450543765473888, 
  "dV_27": 0.004763101590239324, 
  "dV_31": 0.03150677152147695, 
  "dV_32": 0.02939442323671057, 
  "dV_33": 0.03187211434289113, 
  "dV_34": 0.02162614115441804, 
  "dV_35": 0.011134962637422266, 
  "dV_36": 0.005726077208490202, 
  "dV_37": 0.003661042964725992, 
  "dV_41": 0.030106608185978635, 
  "dV_42": 0.028079109356617463, 
  "dV_43": 0.02162614115441804, 
  "dV_44": 0.029043384234539584, 
  "dV_45": 0.010681787953306675, 
  "dV_46": 0.005482992932210671, 
  "dV_47": 0.0035017050017386755, 
  "dV_51": 0.01553523500426051, 
  "dV_52": 0.014475537296171877, 
  "dV_53": 0.011134962637422266, 
  "dV_54": 0.010681787953306675, 
  "dV_55": 0.0077786206927133224, 
  "dV_56": 0.0028450327754729306, 
  "dV_57": 0.001814583096937886, 
  "dV_61": 0.007993949744708968, 
  "dV_62": 0.007450543765473888, 
  "dV_63": 0.005726077208490202, 
  "dV_64": 0.005482992932210671, 
  "dV_65": 0.0028450327754729306, 
  "dV_66": 0.002116398935134528, 
  "dV_67": 0.0009455438230075589, 
  "dV_71": 0.005113860798780654, 
  "dV_72": 0.004763101590239324, 
  "dV_73": 0.003661042964725992, 
  "dV_74": 0.0035017050017386755, 
  "dV_75": 0.001814583096937886, 
  "dV_76": 0.0009455438230075589, 
  "dV_77": 0.0011281159897812807
}