{
  "1": [
    -0.42290361420321537, 
    -0.5864738977337532, 
    0.679551627067183, 
    0.027910185053731943, 
    0.014945291117138701, 
    0.12003392099137833, 
    -6.462274878997552e-05
  ], 
  "2": [
    -0.5652642085973595, 
    -0.21005242028587642, 
    -0.42821219718146675, 
    -0.3591391271203116, 
    0.17811747005142464, 
    -0.5322035290501249, 
    0.09508589430697756
  ], 
  "3": [
    -0.4477827419018365, 
    0.1279183396474324, 
    -0.3039785446694708, 
    -0.014776520644075978, 
    0.07574356935320424, 
    0.7624688751474284, 
    0.32157478039816145
  ], 
  "4": [
    -0.5072134551128522, 
    0.3666231655317978, 
    0.0039059576677117256, 
    0.3402643866418142, 
    -0.3213475435148401, 
    -0.0572850083453373, 
    -0.6212737240715647
  ], 
  "5": [
    -0.19494855420405285, 
    0.43626626301742694, 
    0.30451224274212274, 
    0.30385487981997633, 
    -0.12092345752802247, 
    -0.33446409689245765, 
    0.6783233744356243
  ], 
  "6": [
    -0.06983303505263745, 
    0.4049507200126549, 
    0.2916524989472662, 
    -0.12811568811124, 
    0.829865129697817, 
    0.007727291551527849, 
    -0.20230572747978295
  ], 
  "7": [
    -0.03118401848866535, 
    0.32685985223082115, 
    0.29092404865990523, 
    -0.8034304531394261, 
    -0.39465283103711807, 
    0.07605892836155664, 
    -0.022739420419387937
  ]
}