{
  "1": [
    7.576154304096924e-05, 
    0.15233962854014232, 
    0.17119367563777974, 
    0.16199277403207463, 
    0.19702896368342177, 
    0.11228789286328324, 
    0.09852729765220439
  ], 
  "3": [
    5.9635501284178535e-05, 
    0.07602111297980932, 
    0.16963383388472125, 
    0.46617296996647006, 
    0.5603337874292027, 
    0.19542003530563615, 
    0.2322424138873975
  ], 
  "2": [
    6.900378096862491e-05, 
    0.1270552615922476, 
    0.13509733222970033, 
    0.31314384212747143, 
    0.3763993288386934, 
    0.30705181833373274, 
    0.26514163049954115
  ], 
  "5": [
    3.564540415925698e-05, 
    0.07355062351627713, 
    0.16555552624573486, 
    0.5304188332262751, 
    0.42832748829986705, 
    0.279751546707148, 
    0.26259354981586874
  ], 
  "4": [
    5.963281761008162e-05, 
    0.054406568070553246, 
    0.1487883012105729, 
    0.46734428518925014, 
    0.33959967310360745, 
    0.3458018779062714, 
    0.30855913841752003
  ], 
  "7": [
    1.6016345812145565e-05, 
    0.0584945577289114, 
    0.13667109795862703, 
    0.24944207193990578, 
    0.258241953647561, 
    0.5905523223319781, 
    0.5710662449521987
  ], 
  "6": [
    9.910710168919305e-06, 
    0.06566594490937758, 
    0.15159876286086965, 
    0.19002744005120695, 
    0.24867572044658548, 
    0.5238091697008318, 
    0.5858039297047534
  ]
}