{
  "1": 0.0002692026146614858, 
  "3": 0.000273784443587173, 
  "2": 0.00019917530089928986, 
  "4": 8.299557612380394e-05
}