{
  "1": 362.9817179179432, 
  "3": 0.22770859196876705, 
  "2": 0.3315802454053851, 
  "4": 0.13095891336779325
}