{
  "P_1": 123.83489867424242, 
  "P_2": 101.32755555555555, 
  "P_3": 57.6161654040404, 
  "P_4": 48.323459280303034, 
  "P_5": 13.687333072172798, 
  "P_6": 3.9845337070785227, 
  "P_7": 1.7478190643336182
}