{
  "1": [
    -0.28417247333333334, 
    -0.15700363903940104, 
    0.5463575272911904, 
    -0.08248346174715153, 
    0.13253791125655365, 
    -0.017044784040286632, 
    -0.0011248702769859472
  ], 
  "3": [
    -0.4697868799999999, 
    0.39188943073115345, 
    0.021812182207232036, 
    0.5497788352324119, 
    0.12613197156831696, 
    -0.11916121247336849, 
    0.006717839655046559
  ], 
  "2": [
    -0.5007822999999999, 
    -0.4914363168104893, 
    -0.1625735429586918, 
    0.3272220256827639, 
    -0.06396052288961601, 
    0.04655798179353097, 
    -0.01585166995541896
  ], 
  "5": [
    -0.25978217333333326, 
    -0.017322329252792968, 
    -0.1645864033656104, 
    -0.3927535431361906, 
    0.5980916956965424, 
    -0.17746105365097775, 
    -0.12376476649857533
  ], 
  "4": [
    -0.6081945, 
    0.1784431266305439, 
    -0.061724451456134616, 
    -0.4801237511304027, 
    -0.40604431894155424, 
    0.1001686267673835, 
    -0.022195242271431742
  ], 
  "7": [
    -0.033310793333333324, 
    -0.06045263228309573, 
    -0.024695763972001458, 
    -0.11782257551094233, 
    -0.10567085752489556, 
    -0.36969062560526994, 
    0.4471012643426152
  ], 
  "6": [
    -0.09623846666666662, 
    0.04781251588735037, 
    -0.030829938708156607, 
    -0.007681645867245461, 
    0.3138852985678594, 
    0.36372451288010826, 
    0.37248098370240446
  ]
}