{
  "1": 1110.5797366663742, 
  "3": 0.195775530410479, 
  "2": 0.36992674432507267, 
  "4": 0.027811904151268215
}