{
  "1": [
    0.2901213133333334, 
    0.17165574701128714, 
    -0.2607216589861742, 
    -0.6447748248949349, 
    -0.37760225181598017, 
    0.11752736561012413, 
    0.04181639914392723
  ], 
  "3": [
    0.4735736266666667, 
    0.32533610498898047, 
    -0.4995613370733987, 
    0.13743229937962784, 
    0.4078033333333331, 
    -0.06704647625682116, 
    0.12854978598180827
  ], 
  "2": [
    0.5119389333333333, 
    -0.7357265077138874, 
    0.11219511787884855, 
    -0.13237453805616706, 
    0.15145161420500425, 
    0.012705154998258496, 
    0.08514954521134281
  ], 
  "5": [
    0.2469568466666667, 
    0.2921487944967601, 
    0.444863541040541, 
    -0.11035068374357972, 
    0.20155418079096066, 
    0.34524288865668135, 
    -0.13646797752809064
  ], 
  "4": [
    0.59896242, 
    0.12479909837707877, 
    0.15911950844854097, 
    0.4193367553865657, 
    -0.3802257062146891, 
    -0.09775542784163485, 
    -0.15642580702693068
  ], 
  "7": [
    0.03916418000000013, 
    0.18767956989247314, 
    0.3668250651172106, 
    0.08499008071509563, 
    -0.07623780468119482, 
    0.042665761058864424, 
    0.513857240948814
  ], 
  "6": [
    0.09054889333333334, 
    0.20461640953716717, 
    0.3891716356107668, 
    -0.41416099659795924, 
    0.21899408393866018, 
    -0.41113574828747335, 
    -0.10311907437132178
  ]
}