{"mode1_error": [2e-06, 2e-06, 3e-06, 3e-06, 8e-06, 1.7e-05, 8.3e-05], "mode2": [-9e-05, -0.00034, 0.00047, 0.00025, -8e-05, 0.00083, -0.00372], "mode2_error": [0.000305, 0.000258, 0.000339, 0.000214, 0.000745, 0.000932, 0.003674], "mode1": [0.00898, 0.01908, 0.03101, 0.04706, 0.06968, 0.09133, 0.11225]}