{"mode1_error": [4e-06, 4e-06, 6e-06, 7e-06, 1.6e-05, 4.6e-05, 0.000134], "mode2": [-0.00072, 0.00046, 0.00013, -0.0003, 0.00174, 0.00293, 0.00053], "mode2_error": [0.000221, 0.00033, 0.000424, 0.000589, 0.00193, 0.003786, 0.004922], "mode1": [0.01226, 0.02645, 0.0432, 0.06554, 0.09675, 0.12625, 0.15435]}