{"mode1_error": [6e-06, 6e-06, 9e-06, 1e-05, 2.2e-05, 4.9e-05, 0.000119], "mode2": [-0.00072, 0.00091, -0.0009, -1e-05, 0.00133, -0.0026, -0.00133], "mode2_error": [0.000102, 0.000101, 0.000202, 0.000178, 0.000527, 0.000952, 0.001213], "mode1": [0.01262, 0.02734, 0.04461, 0.06763, 0.09986, 0.1301, 0.15922]}