{"mode1_error": [3e-06, 3e-06, 4e-06, 5e-06, 1e-05, 1.7e-05, 3e-06], "mode2": [0.00053, -0.0, 7e-05, -0.00056, -0.00086, -0.00295, -0.00733], "mode2_error": [4.9e-05, 4.9e-05, 6.1e-05, 7e-05, 0.000262, 0.000564, 0.001267], "mode1": [0.00926, 0.02044, 0.03391, 0.05132, 0.07254, 0.08615, 0.0892]}