{"mode1_error": [5e-06, 6e-06, 9e-06, 1e-05, 2.1e-05, 4e-05, 6.8e-05], "mode2": [0.0003, -0.00053, 0.00061, -0.0001, 0.00044, 0.00266, 0.00236], "mode2_error": [0.00015, 0.000126, 0.00014, 0.000234, 0.000505, 0.001975, 0.004147], "mode1": [0.01066, 0.02335, 0.03849, 0.0579, 0.08125, 0.09609, 0.09833]}