{"mode1_error": [1e-05, 1e-05, 1.5e-05, 1.7e-05, 3.4e-05, 5.9e-05, 0.000101], "mode2": [0.00024, -0.00129, 0.00101, 0.00046, 0.0036, 0.00815, 0.01745], "mode2_error": [0.00028, 0.000339, 0.000461, 0.000448, 0.001571, 0.004328, 0.008519], "mode1": [0.01131, 0.02469, 0.04044, 0.06052, 0.08464, 0.10013, 0.101]}