{
  "1": 893.7683379026124, 
  "3": 0.22543668967496774, 
  "2": 0.270525399955723, 
  "4": 0.1454278424800985
}