{
  "1": 0.39282449192924357, 
  "3": 0.1488126274598144, 
  "2": 0.4366678997921558, 
  "4": 0.29045150856985014
}