{
  "1": 89.855357135948239, 
  "2": 0.15850107627826449, 
  "3": 0.021733581395307656, 
  "4": -0.00088367132258560487, 
  "5": -0.0092354544375695836, 
  "6": -0.044471903518414554, 
  "7": -0.32036067065339452
}