{
  "1": 0.0004635398752808167, 
  "3": 0.00017842717879184308, 
  "2": 0.0006309264168375664, 
  "4": 0.00013800438293681673
}