{
  "1": 89.85565642671443, 
  "3": 0.030558673897939155, 
  "2": 0.1648233435770034, 
  "4": 0.006578222100433152
}