{
  "dV_10_1": 0.01212876842624859, 
  "dV_10_10": 0.0155016262570179, 
  "dV_10_11": 0.007243070926712355, 
  "dV_10_2": 0.011308325024679022, 
  "dV_10_3": 0.00880945279615983, 
  "dV_10_4": 0.008686713736762917, 
  "dV_10_5": 0.005055847109842201, 
  "dV_10_6": 0.0033998468973315574, 
  "dV_10_7": 0.0031876687744802814, 
  "dV_10_8": 0.003725417144764245, 
  "dV_10_9": 0.004662902345660072, 
  "dV_11_1": 0.016357665153791695, 
  "dV_11_10": 0.007243070926712355, 
  "dV_11_11": 0.02381642476361395, 
  "dV_11_2": 0.01524331462158473, 
  "dV_11_3": 0.011912476877244255, 
  "dV_11_4": 0.011763915598274721, 
  "dV_11_5": 0.006874804784284479, 
  "dV_11_6": 0.004583397888377179, 
  "dV_11_7": 0.004172320451177533, 
  "dV_11_8": 0.004745531857726554, 
  "dV_11_9": 0.005877406266489465, 
  "dV_1_1": 0.01975598862897337, 
  "dV_1_10": 0.01212876842624859, 
  "dV_1_11": 0.016357665153791695, 
  "dV_1_2": 0.013047617750046266, 
  "dV_1_3": 0.010158554003245078, 
  "dV_1_4": 0.009875865852919856, 
  "dV_1_5": 0.005614332857460647, 
  "dV_1_6": 0.004004011351625992, 
  "dV_1_7": 0.0043139511246502345, 
  "dV_1_8": 0.005887879997090374, 
  "dV_1_9": 0.00855801698258939, 
  "dV_2_1": 0.013047617750046266, 
  "dV_2_10": 0.011308325024679022, 
  "dV_2_11": 0.01524331462158473, 
  "dV_2_2": 0.017248640842855698, 
  "dV_2_3": 0.009503056417213253, 
  "dV_2_4": 0.00923849022527884, 
  "dV_2_5": 0.005248819139944618, 
  "dV_2_6": 0.0037366055425624703, 
  "dV_2_7": 0.0040303129456165515, 
  "dV_2_8": 0.005502698475514542, 
  "dV_2_9": 0.00797692112976382, 
  "dV_3_1": 0.010158554003245078, 
  "dV_3_10": 0.00880945279615983, 
  "dV_3_11": 0.011912476877244255, 
  "dV_3_2": 0.009503056417213253, 
  "dV_3_3": 0.01047933228520397, 
  "dV_3_4": 0.007213614450305579, 
  "dV_3_5": 0.00409697082843916, 
  "dV_3_6": 0.002919493117165979, 
  "dV_3_7": 0.0031434514915817755, 
  "dV_3_8": 0.004288004307153478, 
  "dV_3_9": 0.0062190895740227075, 
  "dV_4_1": 0.009875865852919856, 
  "dV_4_10": 0.008686713736762917, 
  "dV_4_11": 0.011763915598274721, 
  "dV_4_2": 0.00923849022527884, 
  "dV_4_3": 0.007213614450305579, 
  "dV_4_4": 0.00993034795810476, 
  "dV_4_5": 0.00400785698862439, 
  "dV_4_6": 0.0028505200062622616, 
  "dV_4_7": 0.0030713643454578915, 
  "dV_4_8": 0.004196935813159485, 
  "dV_4_9": 0.0061145483210371665, 
  "dV_5_1": 0.005614332857460647, 
  "dV_5_10": 0.005055847109842201, 
  "dV_5_11": 0.006874804784284479, 
  "dV_5_2": 0.005248819139944618, 
  "dV_5_3": 0.00409697082843916, 
  "dV_5_4": 0.00400785698862439, 
  "dV_5_5": 0.003390298756122049, 
  "dV_5_6": 0.0016399026206565296, 
  "dV_5_7": 0.001766181960916136, 
  "dV_5_8": 0.0024184037144049427, 
  "dV_5_9": 0.0035301045388673354, 
  "dV_6_1": 0.004004011351625992, 
  "dV_6_10": 0.0033998468973315574, 
  "dV_6_11": 0.004583397888377179, 
  "dV_6_2": 0.0037366055425624703, 
  "dV_6_3": 0.002919493117165979, 
  "dV_6_4": 0.0028505200062622616, 
  "dV_6_5": 0.0016399026206565296, 
  "dV_6_6": 0.002130135119356549, 
  "dV_6_7": 0.0012401270493980895, 
  "dV_6_8": 0.001669314556453005, 
  "dV_6_9": 0.00240403585682551, 
  "dV_7_1": 0.0043139511246502345, 
  "dV_7_10": 0.0031876687744802814, 
  "dV_7_11": 0.004172320451177533, 
  "dV_7_2": 0.0040303129456165515, 
  "dV_7_3": 0.0031434514915817755, 
  "dV_7_4": 0.0030713643454578915, 
  "dV_7_5": 0.001766181960916136, 
  "dV_7_6": 0.0012401270493980895, 
  "dV_7_7": 0.002853483944043155, 
  "dV_7_8": 0.0016734222689004884, 
  "dV_7_9": 0.002323779593863203, 
  "dV_8_1": 0.005887879997090374, 
  "dV_8_10": 0.003725417144764245, 
  "dV_8_11": 0.004745531857726554, 
  "dV_8_2": 0.005502698475514542, 
  "dV_8_3": 0.004288004307153478, 
  "dV_8_4": 0.004196935813159485, 
  "dV_8_5": 0.0024184037144049427, 
  "dV_8_6": 0.001669314556453005, 
  "dV_8_7": 0.0016734222689004884, 
  "dV_8_8": 0.005112837476177338, 
  "dV_8_9": 0.0028122185425230855, 
  "dV_9_1": 0.00855801698258939, 
  "dV_9_10": 0.004662902345660072, 
  "dV_9_11": 0.005877406266489465, 
  "dV_9_2": 0.00797692112976382, 
  "dV_9_3": 0.0062190895740227075, 
  "dV_9_4": 0.0061145483210371665, 
  "dV_9_5": 0.0035301045388673354, 
  "dV_9_6": 0.00240403585682551, 
  "dV_9_7": 0.002323779593863203, 
  "dV_9_8": 0.0028122185425230855, 
  "dV_9_9": 0.009245752012870156
}