{
  "V_10_1": 0.030792646742316694, 
  "V_10_10": -0.21659681084005908, 
  "V_10_11": -0.11859030298717098, 
  "V_10_2": 0.03880574476456059, 
  "V_10_3": 0.016624588872169315, 
  "V_10_4": 0.010792490625828299, 
  "V_10_5": -0.010555474964443378, 
  "V_10_6": -0.031857842583378794, 
  "V_10_7": -0.03687376278638101, 
  "V_10_8": -0.06631462759444263, 
  "V_10_9": -0.08997170343808361, 
  "V_11_1": -0.0016194330682143857, 
  "V_11_10": -0.11859030298717098, 
  "V_11_11": -0.30889579996472233, 
  "V_11_2": -0.018302803706587715, 
  "V_11_3": -0.019657683946680826, 
  "V_11_4": -0.04768975697104533, 
  "V_11_5": -0.07544412566286685, 
  "V_11_6": -0.05430730784981648, 
  "V_11_7": -0.06472768471197705, 
  "V_11_8": -0.08274588743915566, 
  "V_11_9": -0.10950820199654934, 
  "V_1_1": 0.27353329629253215, 
  "V_1_10": 0.030792646742316694, 
  "V_1_11": -0.0016194330682143857, 
  "V_1_2": 0.5156733148553343, 
  "V_1_3": 0.4813765378675513, 
  "V_1_4": 0.6538376799788135, 
  "V_1_5": 0.29500408798654404, 
  "V_1_6": 0.14148837048030144, 
  "V_1_7": 0.10119908634891715, 
  "V_1_8": 0.08136766207012149, 
  "V_1_9": 0.06449756247954883, 
  "V_2_1": 0.5156733148553343, 
  "V_2_10": 0.03880574476456059, 
  "V_2_11": -0.018302803706587715, 
  "V_2_2": 0.875490439065513, 
  "V_2_3": 0.8316704551687222, 
  "V_2_4": 1.109765345818824, 
  "V_2_5": 0.5104153533516833, 
  "V_2_6": 0.2560638451464494, 
  "V_2_7": 0.16669977657435095, 
  "V_2_8": 0.12659052451378264, 
  "V_2_9": 0.08626434245494669, 
  "V_3_1": 0.4813765378675513, 
  "V_3_10": 0.016624588872169315, 
  "V_3_11": -0.019657683946680826, 
  "V_3_2": 0.8316704551687222, 
  "V_3_3": 0.7865713634763745, 
  "V_3_4": 1.0586127362429378, 
  "V_3_5": 0.47891502660688307, 
  "V_3_6": 0.2337331392435346, 
  "V_3_7": 0.14908387559330188, 
  "V_3_8": 0.11793962829257736, 
  "V_3_9": 0.07651601381880165, 
  "V_4_1": 0.6538376799788135, 
  "V_4_10": 0.010792490625828299, 
  "V_4_11": -0.04768975697104533, 
  "V_4_2": 1.109765345818824, 
  "V_4_3": 1.0586127362429378, 
  "V_4_4": 1.4162919123869533, 
  "V_4_5": 0.6422881441511835, 
  "V_4_6": 0.31817480791089614, 
  "V_4_7": 0.2095737284409291, 
  "V_4_8": 0.15296484146096095, 
  "V_4_9": 0.09356048718959036, 
  "V_5_1": 0.29500408798654404, 
  "V_5_10": -0.010555474964443378, 
  "V_5_11": -0.07544412566286685, 
  "V_5_2": 0.5104153533516833, 
  "V_5_3": 0.47891502660688307, 
  "V_5_4": 0.6422881441511835, 
  "V_5_5": 0.3059824903803533, 
  "V_5_6": 0.14023482643364352, 
  "V_5_7": 0.08768515270384301, 
  "V_5_8": 0.06220695684194131, 
  "V_5_9": 0.024343710692281917, 
  "V_6_1": 0.14148837048030144, 
  "V_6_10": -0.031857842583378794, 
  "V_6_11": -0.05430730784981648, 
  "V_6_2": 0.2560638451464494, 
  "V_6_3": 0.2337331392435346, 
  "V_6_4": 0.31817480791089614, 
  "V_6_5": 0.14023482643364352, 
  "V_6_6": 0.08560021509042094, 
  "V_6_7": 0.036725549289386136, 
  "V_6_8": 0.019433134331502882, 
  "V_6_9": -0.005323301608710337, 
  "V_7_1": 0.10119908634891715, 
  "V_7_10": -0.03687376278638101, 
  "V_7_11": -0.06472768471197705, 
  "V_7_2": 0.16669977657435095, 
  "V_7_3": 0.14908387559330188, 
  "V_7_4": 0.2095737284409291, 
  "V_7_5": 0.08768515270384301, 
  "V_7_6": 0.036725549289386136, 
  "V_7_7": 0.02465063288192066, 
  "V_7_8": -0.0016331299238671801, 
  "V_7_9": -0.024006905846459883, 
  "V_8_1": 0.08136766207012149, 
  "V_8_10": -0.06631462759444263, 
  "V_8_11": -0.08274588743915566, 
  "V_8_2": 0.12659052451378264, 
  "V_8_3": 0.11793962829257736, 
  "V_8_4": 0.15296484146096095, 
  "V_8_5": 0.06220695684194131, 
  "V_8_6": 0.019433134331502882, 
  "V_8_7": -0.0016331299238671801, 
  "V_8_8": -0.031716358938757204, 
  "V_8_9": -0.043552478283803576, 
  "V_9_1": 0.06449756247954883, 
  "V_9_10": -0.08997170343808361, 
  "V_9_11": -0.10950820199654934, 
  "V_9_2": 0.08626434245494669, 
  "V_9_3": 0.07651601381880165, 
  "V_9_4": 0.09356048718959036, 
  "V_9_5": 0.024343710692281917, 
  "V_9_6": -0.005323301608710337, 
  "V_9_7": -0.024006905846459883, 
  "V_9_8": -0.043552478283803576, 
  "V_9_9": -0.12126450121536775
}