{
  "1": 3.79713637047336, 
  "3": 0.02018739468196179, 
  "2": 0.028902997561559056, 
  "4": 0.013895579118956402
}