{
  "1": 0.0005407094608523689, 
  "3": 0.0004398008707741935, 
  "2": 0.0008073616474631327, 
  "4": 7.064784810987432e-05
}