{
  "1": [
    0.0002880481421931719, 
    0.42779409465957874, 
    0.39978204968509107, 
    0.23742388974340162, 
    0.22614432992821104, 
    0.07831371128472148, 
    0.0727117332874694
  ], 
  "3": [
    0.00020622536603153468, 
    0.25802502622998236, 
    0.2763375040032681, 
    0.2503064671108762, 
    0.3049598351053396, 
    0.19551572543987747, 
    0.20193581990766504
  ], 
  "2": [
    0.00025377865050133826, 
    0.3811157550000772, 
    0.42548406232584574, 
    0.1306980423966124, 
    0.12885647533481798, 
    0.06648690550958103, 
    0.06384834572918033
  ], 
  "5": [
    0.00011705067736098153, 
    0.10609165070014782, 
    0.200991669770131, 
    0.2589095898403358, 
    0.3116271533815978, 
    0.27736273937843253, 
    0.4202578969113443
  ], 
  "4": [
    0.00019294672033699659, 
    0.23050901159761128, 
    0.23895933795458746, 
    0.2664108874879753, 
    0.22919771649599757, 
    0.19355565286057677, 
    0.18298716442541063
  ], 
  "7": [
    3.701257383736754e-05, 
    0.06673834681720832, 
    0.15067395466483766, 
    0.1780188185304444, 
    0.27160204493101614, 
    0.4246752414439644, 
    0.4815307900540678
  ], 
  "6": [
    6.318250673163776e-05, 
    0.0995446347251368, 
    0.19936977547379817, 
    0.188501408475275, 
    0.3049375291446816, 
    0.512409648816827, 
    0.32222675031312276
  ]
}