{
  "1": [
    -0.28761069999999994, 
    -0.3728914023678511, 
    -0.4880481594468189, 
    -0.25326537286797735, 
    -0.07316092480215756, 
    -0.02084536764993927, 
    0.00465216166110505
  ], 
  "3": [
    -0.47256897333333325, 
    -0.05255661497415391, 
    0.2923111043319098, 
    -0.2973342084491572, 
    -0.4476999574150964, 
    0.09614078035021746, 
    -0.06629602521319974
  ], 
  "2": [
    -0.5080777400000002, 
    0.5641392196098053, 
    -0.23674142769981707, 
    0.06768364391365535, 
    0.011719872955037474, 
    0.023036522113840344, 
    -0.020894104560622833
  ], 
  "5": [
    -0.25200950000000005, 
    -0.10468863431715904, 
    0.03219608162158519, 
    0.490170125948043, 
    -0.23597188331736332, 
    -0.41406957731029925, 
    0.09927908045977006
  ], 
  "4": [
    -0.6025332466666667, 
    -0.19093010838752625, 
    0.1970462951664298, 
    0.015902985689282285, 
    0.48414443024947773, 
    0.03674865436596562, 
    0.07947012977382281
  ], 
  "7": [
    -0.03130053999999999, 
    -0.062455897948974375, 
    -0.047863880414887046, 
    0.32921576238031536, 
    -0.16378538982930563, 
    0.4138769185568218, 
    0.38255721913236945
  ], 
  "6": [
    -0.09099458666666663, 
    -0.12261733866933514, 
    -0.031410345061351555, 
    0.3906757301211443, 
    -0.005225071862025013, 
    0.19901644924981407, 
    -0.48649730070448816
  ]
}