{
  "1": 31.202923778194588, 
  "2": 0.088616660172932432, 
  "3": 0.045486425155687939, 
  "4": 0.030695860951424719, 
  "5": 0.0038282243224915581, 
  "6": -0.016907555593392146, 
  "7": -0.041960558354531684
}