{
  "1": 0.005632790922053463, 
  "3": 0.0005090116435803987, 
  "2": 0.009363799836763817, 
  "4": 0.0005183917553528805
}