{
  "1": [
    0.28761952000000013, 
    0.786048004401321, 
    -0.26731916548319495, 
    -0.12592935500253905, 
    0.018429213408119767, 
    -0.042953683121391084, 
    0.0016069523714162845
  ], 
  "3": [
    0.47239470666666694, 
    0.0005449268113770369, 
    0.5720663014810304, 
    -0.3901027492805143, 
    0.0009886351495723372, 
    0.05156218083508566, 
    -0.08466980741630803
  ], 
  "2": [
    0.5085318933333334, 
    0.06849444500016688, 
    0.2592123689727457, 
    0.5604774775689858, 
    -0.018714423076923115, 
    -0.009107382931143814, 
    0.1141315009512365
  ], 
  "5": [
    0.2506415533333335, 
    -0.22628989030042337, 
    -0.14435211334280112, 
    -0.2723182698493316, 
    0.002707385149571916, 
    -0.032675554888021235, 
    0.2858837989386204
  ], 
  "4": [
    0.6009429533333333, 
    -0.3221110366443259, 
    -0.48237200243457046, 
    0.015247039106145298, 
    -0.02161082398504291, 
    0.07582599045425735, 
    -0.13429459964620585
  ], 
  "7": [
    0.05066163333333331, 
    -0.03361392084291947, 
    -0.012667667545817241, 
    -0.015139079058743588, 
    0.17846476362179484, 
    0.17569008043790252, 
    -0.043912442842362384
  ], 
  "6": [
    0.09483733999999998, 
    -0.09684312960554829, 
    0.0162275241766417, 
    -0.0490808633824276, 
    0.0739066239316242, 
    -0.5657058743032612, 
    -0.0762766162678142
  ]
}