{
  "1": [
    0.0013382938022539982, 
    0.05851338115706919, 
    0.43597311447524584, 
    0.33565189825896985, 
    0.1659083086797514, 
    0.1745539515438133, 
    0.17479440206283398
  ], 
  "3": [
    0.0009430949198607039, 
    0.0846553815342806, 
    0.4062930848574327, 
    0.6094744576281363, 
    0.08825749647512245, 
    0.10111653371685614, 
    0.09113196861487552
  ], 
  "2": [
    0.0011134270494684434, 
    0.05364676440939293, 
    0.5166670445077679, 
    0.35427461344190136, 
    0.12748197392389124, 
    0.1324034477591254, 
    0.10186483443182469
  ], 
  "5": [
    0.0005372195935493753, 
    0.0376567065246371, 
    0.1382571451934599, 
    0.18659340061480398, 
    0.23279310411238233, 
    0.4556520790714151, 
    0.26739442013315295
  ], 
  "4": [
    0.0008981312204234585, 
    0.04199202467680708, 
    0.22163702440439473, 
    0.25037586395189654, 
    0.21891519185179983, 
    0.31897585380020477, 
    0.26035343916118725
  ], 
  "7": [
    0.00015684596137427827, 
    0.017829549725379486, 
    0.06926522375282497, 
    0.12869912312369014, 
    0.44172469090447464, 
    0.3943107394432011, 
    0.47771244201577917
  ], 
  "6": [
    0.00029034030538401857, 
    0.02933331607908803, 
    0.08928979572046153, 
    0.13186163203200604, 
    0.3884859122273383, 
    0.347056522727094, 
    0.38711402080597224
  ]
}