{
  "1": 79.17938866337578, 
  "3": 0.43766193632387185, 
  "2": 1.1652913417310422, 
  "4": 0.04159494844869997
}