{
  "1": 0.008450278110977299, 
  "3": 0.0017313915238782107, 
  "2": 0.0008186818934382709, 
  "4": 0.0058631210434321466
}