{
  "1": 0.008468096933318412, 
  "3": 0.0017347742862702832, 
  "2": 0.0008189533290346236, 
  "4": 0.005870541733830069
}