{
  "1": [
    2.6314878473556135e-05, 
    0.10236485223442744, 
    0.0430081974833255, 
    0.08036929725361326, 
    0.22668963444505758, 
    0.24611539547072056, 
    0.17866185893113073
  ], 
  "3": [
    3.148960763700664e-05, 
    0.022002058302275244, 
    0.019121846688313807, 
    0.04242803872316468, 
    0.23440049574855013, 
    0.3161030879351714, 
    0.4419313196062999
  ], 
  "2": [
    2.4080261505102816e-05, 
    0.09356175613077795, 
    0.04555183369130274, 
    0.0760967939810585, 
    0.1992218929288826, 
    0.24799294187723958, 
    0.1517259309323025
  ], 
  "5": [
    3.212506394639614e-05, 
    0.03080226456141211, 
    0.049986974602402194, 
    0.06745089865189278, 
    0.2502224926377215, 
    0.41288052793302027, 
    0.3441418434570558
  ], 
  "4": [
    2.3236443813012744e-05, 
    0.02568991149597738, 
    0.05427652797802591, 
    0.10307047857772267, 
    0.16086041674150464, 
    0.22130890254417898, 
    0.2245893985497367
  ], 
  "7": [
    2.9404440324868505e-05, 
    0.11333250656365859, 
    0.1176781142003556, 
    0.07632336211566472, 
    0.01760140031549028, 
    0.02472963854198866, 
    0.024642869246559295
  ], 
  "6": [
    0.0, 
    0.06379720734356153, 
    0.1324242172118387, 
    0.11192760350564271, 
    0.08722897450039897, 
    0.08599460735173593, 
    0.07414783152598049
  ]
}