{
  "1": 359.4734145299624, 
  "3": 0.21488775452720094, 
  "2": 0.2595108028955863, 
  "4": 0.1598537237726581
}