{"mode1_error": [5e-06, 5e-06, 7e-06, 8e-06, 1.7e-05, 2.9e-05, 5.9e-05], "mode2": [0.00028, -7e-05, -0.00023, -2e-05, 0.00018, -0.00078, -0.00084], "mode2_error": [8.9e-05, 0.000159, 0.000201, 0.000206, 0.000812, 0.001504, 0.003625], "mode1": [0.00591, 0.01294, 0.02164, 0.03296, 0.04679, 0.05605, 0.05902]}