{"mode1_error": [1e-05, 1.1e-05, 1.6e-05, 1.8e-05, 3.6e-05, 6.3e-05, 0.000113], "mode2": [-0.00049, 0.00091, -0.00015, -0.00065, -0.00121, -0.00461, -0.00706], "mode2_error": [0.000559, 0.000619, 0.00074, 0.00079, 0.001218, 0.003779, 0.007577], "mode1": [0.01, 0.02197, 0.03632, 0.05481, 0.07735, 0.09139, 0.09435]}