{"mode1_error": [2.6e-05, 2.8e-05, 4.1e-05, 4.5e-05, 9.3e-05, 0.000156, 0.000258], "mode2": [0.00249, -0.00107, -0.00035, -0.00125, 0.00187, 0.00606, 0.00966], "mode2_error": [0.000214, 0.00045, 0.000835, 0.00095, 0.00206, 0.004614, 0.01077], "mode1": [0.01136, 0.02464, 0.04046, 0.06044, 0.08484, 0.0998, 0.1005]}