{"mode1_error": [7e-06, 8e-06, 1.3e-05, 1.5e-05, 2.9e-05, 7.6e-05, 0.000121], "mode2": [-0.0006, -0.00053, 0.00051, 0.00143, 0.00414, 0.00605, 0.01083], "mode2_error": [0.000749, 0.000965, 0.00132, 0.001209, 0.00388, 0.006593, 0.010235], "mode1": [0.03512, 0.05869, 0.08328, 0.11249, 0.14667, 0.16865, 0.17472]}