{
  "P_1": 1166.0534444869538, 
  "P_2": 933.0943212397984, 
  "P_3": 523.6910330831457, 
  "P_4": 443.659905239842, 
  "P_5": 132.53279478334295, 
  "P_6": 40.78740746483152, 
  "P_7": 13.34321313376923
}