{
  "1": 1461.249252096061, 
  "3": 0.2560751571688038, 
  "2": 0.7500183053397186, 
  "4": 0.12759486539669582
}