{
  "1": 0.0368117514051112, 
  "3": 0.04606564693607679, 
  "2": 0.03411869428048557, 
  "4": 0.01846859362122796
}