{
  "1": [
    -0.42117083999999994, 
    0.6792429800000005, 
    -0.5204498429249392, 
    -0.1654639061560058, 
    0.1302353933333334, 
    -0.03160577999999981, 
    0.00959126000000007
  ], 
  "3": [
    -0.44820829333333334, 
    -0.17230281333333333, 
    0.033189552837377206, 
    0.49157239489338955, 
    0.3956899466666673, 
    0.3205531533333332, 
    -0.1727941066666665
  ], 
  "2": [
    -0.5634420266666667, 
    0.19028774, 
    0.7117073925539731, 
    -0.22423702961032055, 
    -0.13211205999999973, 
    -0.008134206666666588, 
    0.002665580000000061
  ], 
  "5": [
    -0.19696283999999997, 
    -0.4617762733333331, 
    -0.06563186284339284, 
    -0.35564641400976044, 
    0.4973127733333326, 
    -0.3135215000000006, 
    0.18434257333333331
  ], 
  "4": [
    -0.5100011200000001, 
    -0.39968706666666726, 
    -0.3317241828754756, 
    0.15328411870864267, 
    -0.4826329933333318, 
    -0.1787711199999995, 
    0.13864624666666694
  ], 
  "7": [
    -0.023900106666666584, 
    -0.14976410000000007, 
    -0.11059713922866156, 
    -0.27782343426241685, 
    -0.07247807999999975, 
    0.6291496066666674, 
    0.3995975466666664
  ], 
  "6": [
    -0.06923333333333326, 
    -0.25567615333333366, 
    -0.1723948933894794, 
    -0.3723353251787984, 
    -0.11309451999999956, 
    0.17461000666666665, 
    -0.6452745866666675
  ]
}