{"mode1_error": [0.0, 0.0, 0.0, 0.0, 0.0, 0.0, 0.0], "mode2": [0.00067, 0.00015, -0.00079, -0.00055, -0.00167, -0.00425, -0.00626], "mode2_error": [0.0, 0.0, 0.0, 0.0, 0.0, 0.0, 0.0], "mode1": [0.0027, 0.00466, 0.00664, 0.00922, 0.01292, 0.01677, 0.02133]}