{"mode1_error": [0.0, 0.0, 0.0, 0.0, 0.0, 0.0, 0.0], "mode2": [0.00039, 0.00059, -0.00072, -0.00087, -0.00327, -0.00689, -0.01179], "mode2_error": [0.0, 0.0, 0.0, 0.0, 0.0, 0.0, 0.0], "mode1": [0.00597, 0.01007, 0.01439, 0.0197, 0.0261, 0.03093, 0.03405]}