{"mode1_error": [0.0, 0.0, 0.0, 0.0, 0.0, 0.0, 0.0], "mode2": [-0.00109, -0.00084, -0.00013, 0.00279, 0.01104, 0.02684, 0.04771], "mode2_error": [0.0, 0.0, 0.0, 0.0, 0.0, 0.0, 0.0], "mode1": [0.0465, 0.07725, 0.109, 0.14658, 0.19088, 0.21967, 0.22799]}