{"mode1_error": [7e-06, 8e-06, 1.1e-05, 1.2e-05, 2.5e-05, 4.6e-05, 8.9e-05], "mode2": [0.00027, -0.00054, 0.00036, 0.00025, 0.00011, -0.0001, 0.00092], "mode2_error": [0.000516, 0.000477, 0.000602, 0.001022, 0.001741, 0.002299, 0.00359], "mode1": [0.00808, 0.01718, 0.02784, 0.04227, 0.06259, 0.08204, 0.1012]}