{"mode1_error": [7e-06, 8e-06, 1.1e-05, 1.2e-05, 2.6e-05, 4.7e-05, 0.000103], "mode2": [0.00044, -0.00063, -0.00016, 0.00069, -2e-05, 0.00062, -0.00042], "mode2_error": [0.000295, 0.000291, 0.000553, 0.000595, 0.001106, 0.003261, 0.004771], "mode1": [0.00894, 0.01909, 0.03102, 0.04705, 0.06969, 0.09135, 0.11249]}