{
  "P_1": 1490.3390885155466, 
  "P_2": 959.7387978936811, 
  "P_3": 565.4544546974256, 
  "P_4": 512.9624979103978, 
  "P_5": 168.7496397525911, 
  "P_6": 56.751551487796725, 
  "P_7": 20.041321554884913
}