{
  "1": [
    -0.28627830000000004, 
    -0.7207880798506385, 
    -0.09066590098216055, 
    0.03154796798799604, 
    -0.1110701987842942, 
    -0.06732396681027551, 
    0.015551582301397566
  ], 
  "3": [
    -0.4726200333333333, 
    0.06533183254344405, 
    0.22509791541391028, 
    -0.07206887166020642, 
    0.1292966321669133, 
    -0.08984185415669337, 
    0.1877423129842856
  ], 
  "2": [
    -0.5072447266666666, 
    0.3794465101249463, 
    -0.3156471397073569, 
    0.10442552207077663, 
    -0.1332330622638412, 
    -0.054113339715972916, 
    0.02523667897747846
  ], 
  "5": [
    -0.2526831333333332, 
    0.1955798290966538, 
    0.22442455401884165, 
    -0.09373331249218424, 
    0.0011630113356338606, 
    -0.10921549385670956, 
    -0.15653867043232658
  ], 
  "4": [
    -0.6032433066666666, 
    -0.12404398247881603, 
    0.003170162357185464, 
    -0.03643831853611824, 
    0.11042087235091219, 
    0.18683372426998598, 
    -0.11306168440871851
  ], 
  "7": [
    -0.03391766666666659, 
    0.0049396380870315336, 
    0.11831027059530992, 
    0.24530333458380216, 
    0.08981769344504698, 
    0.013487809159087396, 
    -0.04491225287855857
  ], 
  "6": [
    -0.09206172666666664, 
    0.08947896739910964, 
    0.18512754058929617, 
    0.10217537826685051, 
    -0.34413242976835917, 
    0.039337545875219225, 
    0.03577890506191579
  ]
}