{
  "1": [
    -0.28450661757783635, 
    0.8888510667381224, 
    -0.056519080129376016, 
    -0.28733546205509247, 
    0.0749590608869764, 
    -0.14140564504975583, 
    -0.13277527736308387
  ], 
  "2": [
    -0.4991196916653197, 
    -0.2078842866546355, 
    0.7487193821523177, 
    -0.3367143652458498, 
    0.1411057377908706, 
    0.06603946128968084, 
    0.09713053122253373
  ], 
  "3": [
    -0.46954007680731447, 
    -0.3629675109779935, 
    -0.41357696558102497, 
    -0.08992799926311049, 
    0.2640199502281634, 
    -0.5377528707420323, 
    -0.3313141509590236
  ], 
  "4": [
    -0.6091466772212255, 
    0.00584751092977167, 
    -0.3786475511813805, 
    0.25407846397395645, 
    -0.034205938742251064, 
    0.531973447104527, 
    0.369879039289269
  ], 
  "5": [
    -0.26063446139151536, 
    0.12309601615330557, 
    0.3102315695811982, 
    0.7013580941758265, 
    -0.4420513167184575, 
    -0.3198396686258886, 
    -0.1762483051615053
  ], 
  "6": [
    -0.09676033449283375, 
    -0.12827492041056024, 
    -0.09707033759422128, 
    -0.3539517038757134, 
    -0.6314066253354172, 
    0.34456691016912405, 
    -0.5675190228040882
  ], 
  "7": [
    -0.03339273951693546, 
    -0.0578032240606984, 
    -0.1270382961568934, 
    -0.33798501835639366, 
    -0.5563362620391862, 
    -0.4271364717216805, 
    0.610913667368412
  ]
}