{
  "1": [
    -0.2845040333333333, 
    0.7281961369789863, 
    0.04046480331262977, 
    -0.06093377548513898, 
    -0.005739692712184526, 
    -0.09014591339994812, 
    -0.036430115670095305
  ], 
  "3": [
    -0.46953947333333346, 
    -0.2748929146169392, 
    -0.19738548999309907, 
    -0.13919204945549807, 
    0.08883108208035513, 
    -0.34119783926893704, 
    -0.0637092310010925
  ], 
  "2": [
    -0.4991194999999999, 
    -0.1445142317812597, 
    0.4195769582470666, 
    -0.04479740440514203, 
    0.03607607427491558, 
    0.04431707233751809, 
    0.025971097547191405
  ], 
  "5": [
    -0.26063584, 
    0.06161032299889431, 
    -0.004814259834367428, 
    0.28551694096454616, 
    -0.08395607591816603, 
    -0.2517963276112397, 
    -0.043436324931238675
  ], 
  "4": [
    -0.6091481266666666, 
    -0.022324085726270617, 
    -0.20841233609385815, 
    0.06242092851879163, 
    0.0017311806753759025, 
    0.3712817320010258, 
    0.10342642326965863
  ], 
  "7": [
    -0.03339217999999999, 
    -0.029376230789764833, 
    0.00017975327812305296, 
    -0.053752706132809185, 
    -0.2524329143044943, 
    -0.1079438978563497, 
    0.4547221016540455
  ], 
  "6": [
    -0.09676022000000002, 
    -0.07690786332608804, 
    -0.0004781314699791546, 
    -0.05804495210022178, 
    -0.29821110837236037, 
    0.07031210180203235, 
    -0.40870975095135753
  ]
}