{
  "1": 1067.4150285201936, 
  "3": 0.09455158865510904, 
  "2": 0.3571078097757783, 
  "4": -0.04348078706897116
}