{
  "1": [
    -0.4183666666666667, 
    -0.7588333333333334, 
    0.2407666666666668, 
    -0.16776666666666662, 
    0.4001666666666668, 
    -0.053633333333333304, 
    0.005233333333333427
  ], 
  "3": [
    -0.4368333333333333, 
    0.044033333333333376, 
    0.4601666666666669, 
    -0.18176666666666663, 
    -0.7357, 
    -0.08143333333333325, 
    -0.12029999999999995
  ], 
  "2": [
    -0.5659666666666667, 
    -0.10209999999999997, 
    -0.6735, 
    0.3934333333333333, 
    -0.21209999999999996, 
    0.034233333333333345, 
    0.12116666666666664
  ], 
  "5": [
    -0.20036666666666658, 
    0.19376666666666664, 
    -0.3956333333333333, 
    -0.7567666666666667, 
    0.11003333333333341, 
    0.19650000000000012, 
    -0.3774333333333333
  ], 
  "4": [
    -0.5179666666666667, 
    0.5944333333333334, 
    0.3112333333333335, 
    0.2084333333333335, 
    0.4875, 
    0.012166666666666662, 
    -0.015566666666666614
  ], 
  "7": [
    -0.025233333333333326, 
    -0.02036666666666664, 
    0.1272333333333333, 
    -0.07163333333333333, 
    -0.06003333333333327, 
    0.8771666666666667, 
    0.4523000000000002
  ], 
  "6": [
    -0.06843333333333335, 
    0.1434333333333333, 
    -0.0840333333333333, 
    -0.40349999999999997, 
    0.014366666666666642, 
    -0.4255666666666666, 
    0.7896333333333334
  ]
}