{
  "1": [
    0.004775278973980304, 
    0.06349410256525657, 
    0.12189785195002559, 
    0.15950544667958433, 
    0.20472944305258464, 
    0.12702026013984585, 
    0.12277319203456057
  ], 
  "3": [
    0.0033853957958174014, 
    0.05726484201885895, 
    0.2141096418798033, 
    0.15602937224642077, 
    0.31093892872951373, 
    0.15453811233791018, 
    0.18937206391375144
  ], 
  "2": [
    0.00400547538793408, 
    0.06874343514392327, 
    0.10884107381148476, 
    0.18788031516302373, 
    0.16520188687706183, 
    0.10993636205925063, 
    0.09899126046936363
  ], 
  "5": [
    0.0019366783457637653, 
    0.04454589490317305, 
    0.15590031048110495, 
    0.2046819324989983, 
    0.35032167008032067, 
    0.4217820829760246, 
    0.36748671636583885
  ], 
  "4": [
    0.003284890737911833, 
    0.04850382959614611, 
    0.14286423850345606, 
    0.1897574615221513, 
    0.3916135260912809, 
    0.20845370331135527, 
    0.2698877928763777
  ], 
  "7": [
    0.0005633015740149764, 
    0.012836889466111712, 
    0.043161922966764826, 
    0.10583797330984364, 
    0.39304720937587323, 
    0.5615123317952736, 
    0.4064341231328626
  ], 
  "6": [
    0.0010468052483877902, 
    0.023609950961759087, 
    0.09773948408520665, 
    0.22344470093382982, 
    0.45201145231401696, 
    0.49788372004296755, 
    0.4555003656439174
  ]
}