{
  "dV_11": 1.1418361094647378, 
  "dV_12": 0.7449801615925983, 
  "dV_13": 0.5656976271046675, 
  "dV_14": 0.5370826167379354, 
  "dV_15": 0.2895927525487871, 
  "dV_16": 0.1588126364513884, 
  "dV_17": 0.08951249421365753, 
  "dV_21": 0.7449801615925983, 
  "dV_22": 0.9709057469159585, 
  "dV_23": 0.5225703225692907, 
  "dV_24": 0.4959573403984672, 
  "dV_25": 0.26749340156248474, 
  "dV_26": 0.14655194905109858, 
  "dV_27": 0.0825534687306767, 
  "dV_31": 0.5656976271046675, 
  "dV_32": 0.5225703225692907, 
  "dV_33": 0.5588725528019439, 
  "dV_34": 0.37696388547960846, 
  "dV_35": 0.2030929513672748, 
  "dV_36": 0.11122922715971847, 
  "dV_37": 0.06265936672523222, 
  "dV_41": 0.5370826167379354, 
  "dV_42": 0.4959573403984672, 
  "dV_43": 0.37696388547960846, 
  "dV_44": 0.5035191911692015, 
  "dV_45": 0.19326039136204995, 
  "dV_46": 0.10566024191236648, 
  "dV_47": 0.05951616936673912, 
  "dV_51": 0.2895927525487871, 
  "dV_52": 0.26749340156248474, 
  "dV_53": 0.2030929513672748, 
  "dV_54": 0.19326039136204995, 
  "dV_55": 0.14711815747890888, 
  "dV_56": 0.057180423725616894, 
  "dV_57": 0.03218092109415237, 
  "dV_61": 0.1588126364513884, 
  "dV_62": 0.14655194905109858, 
  "dV_63": 0.11122922715971847, 
  "dV_64": 0.10566024191236648, 
  "dV_65": 0.057180423725616894, 
  "dV_66": 0.044261054347723185, 
  "dV_67": 0.01766023792911602, 
  "dV_71": 0.08951249421365753, 
  "dV_72": 0.0825534687306767, 
  "dV_73": 0.06265936672523222, 
  "dV_74": 0.05951616936673912, 
  "dV_75": 0.03218092109415237, 
  "dV_76": 0.01766023792911602, 
  "dV_77": 0.014094398225117419
}