{
  "V_11": 13.388386240397812, 
  "V_12": 18.186733649518523, 
  "V_13": 12.319698383313124, 
  "V_14": 14.886212945330184, 
  "V_15": 6.713918988026593, 
  "V_16": 3.415875448839067, 
  "V_17": 1.2534838526179406, 
  "V_21": 18.186733649518523, 
  "V_22": 23.949421341219274, 
  "V_23": 19.426506123600625, 
  "V_24": 22.0268699823767, 
  "V_25": 9.533421887870697, 
  "V_26": 4.627418205986083, 
  "V_27": 2.019723760319076, 
  "V_31": 12.319698383313124, 
  "V_32": 19.426506123600625, 
  "V_33": 15.509921910680218, 
  "V_34": 19.131520304672392, 
  "V_35": 8.463389803311264, 
  "V_36": 3.7212826685334552, 
  "V_37": 1.6588287259437533, 
  "V_41": 14.886212945330184, 
  "V_42": 22.0268699823767, 
  "V_43": 19.131520304672392, 
  "V_44": 23.220054453513086, 
  "V_45": 10.342642652473575, 
  "V_46": 4.645554596408669, 
  "V_47": 2.1786944854581196, 
  "V_51": 6.713918988026593, 
  "V_52": 9.533421887870697, 
  "V_53": 8.463389803311264, 
  "V_54": 10.342642652473575, 
  "V_55": 4.763581016139536, 
  "V_56": 2.2234634813559446, 
  "V_57": 0.9887808327185618, 
  "V_61": 3.415875448839067, 
  "V_62": 4.627418205986083, 
  "V_63": 3.7212826685334552, 
  "V_64": 4.645554596408669, 
  "V_65": 2.2234634813559446, 
  "V_66": 1.132906026958598, 
  "V_67": 0.4980305004114715, 
  "V_71": 1.2534838526179406, 
  "V_72": 2.019723760319076, 
  "V_73": 1.6588287259437533, 
  "V_74": 2.1786944854581196, 
  "V_75": 0.9887808327185618, 
  "V_76": 0.4980305004114715, 
  "V_77": 0.2642876335183975
}