{
  "1": [
    0.3878906400000001, 
    0.653138900000001, 
    0.4540323789501793, 
    -0.28460410079718906, 
    0.003791233259387494, 
    0.09473578549492086, 
    -0.02571435374149656
  ], 
  "3": [
    0.44362085333333295, 
    -0.2759416666666662, 
    0.5203768512029905, 
    0.44028187407107205, 
    -0.06743749897296905, 
    -0.15391845499645598, 
    -0.029076636432350776
  ], 
  "2": [
    0.5502951666666664, 
    0.37780433999999985, 
    -0.6030805652884824, 
    0.27657907715173674, 
    -0.02583772081176561, 
    -0.05761985825655557, 
    0.037970922146636436
  ], 
  "5": [
    0.23469572000000008, 
    -0.25077175999999995, 
    -0.1327504354790272, 
    -0.455283238751519, 
    -0.3073332922520739, 
    -0.1177460099220411, 
    -0.20365194255479938
  ], 
  "4": [
    0.5295255333333334, 
    -0.519037686666667, 
    -0.08954991490639704, 
    -0.14708225239832456, 
    0.18527635362747527, 
    0.20725339475549298, 
    0.03606792894935778
  ], 
  "7": [
    0.04805182666666672, 
    -0.06968685333333319, 
    0.07093088063536562, 
    -0.11499856100526934, 
    -0.1402367759428148, 
    0.13303264351523722, 
    0.5583648752834465
  ], 
  "6": [
    0.1098230866666667, 
    -0.01706816666666662, 
    0.0018393332665934262, 
    -0.42708000945818086, 
    0.21341797715881997, 
    -0.2299103567210014, 
    0.03486801209372599
  ]
}