{"mode1_error": [0.0, 0.0, 0.0, 0.0, 0.0, 0.0, 0.0], "mode2": [0.00342, 0.00949, 0.00459, -0.01915, -0.04173, -0.04665, -0.04107], "mode2_error": [0.0, 0.0, 0.0, 0.0, 0.0, 0.0, 0.0], "mode1": [0.01345, 0.03303, 0.05576, 0.08372, 0.11576, 0.14046, 0.16278]}