{"mode1_error": [0.000112, 0.000119, 0.000168, 0.000188, 0.000392, 0.000707, 0.001248], "mode2": [0.00265, -0.00235, -0.0025, 0.00317, 0.00222, -0.00487, -0.02158], "mode2_error": [0.001196, 0.001705, 0.00326, 0.002877, 0.006817, 0.016502, 0.022033], "mode1": [0.01313, 0.02845, 0.0456, 0.06886, 0.10241, 0.13403, 0.16229]}