{"mode1_error": [6e-06, 6e-06, 9e-06, 1e-05, 2e-05, 3.4e-05, 5.8e-05], "mode2": [-0.00022, 9e-05, -0.00015, 2e-05, 0.00141, 0.00255, 0.00594], "mode2_error": [0.000103, 0.000137, 0.000315, 0.00024, 0.001008, 0.001942, 0.003928], "mode1": [0.00274, 0.0059, 0.00978, 0.01491, 0.02107, 0.02489, 0.02563]}