{"mode1_error": [4e-06, 4e-06, 6e-06, 7e-06, 1.5e-05, 2.8e-05, 8.3e-05], "mode2": [-0.00065, 0.00029, -0.00013, 0.00048, -0.00035, -0.00101, -0.00376], "mode2_error": [0.000216, 0.000278, 0.000323, 0.00041, 0.001247, 0.003022, 0.006326], "mode1": [0.00836, 0.01844, 0.03072, 0.04667, 0.0661, 0.07865, 0.08193]}