{
  "1": [
    8.962061263738586e-05, 
    0.0703267046328746, 
    0.16639678314095183, 
    0.1640633194318989, 
    0.16543882500035786, 
    0.10334490513694264, 
    0.10105792954054882
  ], 
  "3": [
    6.861859783767943e-05, 
    0.07434137298395276, 
    0.2915676177169446, 
    0.5036256923398045, 
    0.3003568206631826, 
    0.2887001695692666, 
    0.24236491666806007
  ], 
  "2": [
    8.22394517606053e-05, 
    0.09223621982198221, 
    0.1987219834378136, 
    0.35319498194512106, 
    0.3229617386916143, 
    0.21695864616456073, 
    0.21819667909644136
  ], 
  "5": [
    4.6098929437355324e-05, 
    0.06297412153490749, 
    0.1892490541842977, 
    0.3047897512100976, 
    0.4181293033974192, 
    0.2377408154036429, 
    0.38589077785756215
  ], 
  "4": [
    6.497680599190832e-05, 
    0.07619450955027976, 
    0.17940902830927272, 
    0.2724007933225102, 
    0.39581531865116587, 
    0.21538984313257373, 
    0.20450500413261202
  ], 
  "7": [
    6.50184247759349e-06, 
    0.032288833578923225, 
    0.1511548323225769, 
    0.2236137198927373, 
    0.31340572790278487, 
    0.47912617751327563, 
    0.33606083394771596
  ], 
  "6": [
    3.3009886751396814e-05, 
    0.04508625801306884, 
    0.15977427828736715, 
    0.30902745548197313, 
    0.3754081476455131, 
    0.3634031929393674, 
    0.3721055572217423
  ]
}