{
  "1": [
    -0.4222333333333334, 
    0.5859000000000001, 
    0.5158333333333334, 
    0.10236666666666672, 
    -0.23643333333333325, 
    0.37803333333333344, 
    0.05543333333333345
  ], 
  "3": [
    -0.4480333333333333, 
    -0.023166666666666665, 
    -0.17043333333333333, 
    -0.8617666666666666, 
    0.055966666666666734, 
    0.057500000000000114, 
    -0.14349999999999996
  ], 
  "2": [
    -0.5644333333333333, 
    0.22710000000000008, 
    -0.16923333333333335, 
    0.29603333333333337, 
    0.2541, 
    -0.6697666666666666, 
    -0.02036666666666664
  ], 
  "5": [
    -0.19589999999999996, 
    -0.4695666666666667, 
    0.3584333333333334, 
    -0.09809999999999997, 
    -0.4497666666666666, 
    -0.3153666666666667, 
    0.5489666666666668
  ], 
  "4": [
    -0.5085666666666666, 
    -0.4837, 
    -0.3086333333333333, 
    0.37570000000000014, 
    0.02910000000000013, 
    0.5197666666666667, 
    -0.004099999999999989
  ], 
  "7": [
    -0.025566666666666623, 
    -0.23416666666666666, 
    0.5484333333333333, 
    -0.051433333333333324, 
    0.7889000000000002, 
    0.07663333333333333, 
    0.11370000000000013
  ], 
  "6": [
    -0.0688333333333333, 
    -0.3088333333333333, 
    0.38956666666666684, 
    0.07630000000000003, 
    -0.22576666666666664, 
    -0.17236666666666667, 
    -0.8134333333333333
  ]
}