{"mode1_error": [3e-06, 4e-06, 5e-06, 6e-06, 1.2e-05, 2.2e-05, 4.4e-05], "mode2": [0.00019, 0.00025, 0.00045, 0.00034, 0.0006, 0.00254, 0.00484], "mode2_error": [5.8e-05, 7.6e-05, 0.000139, 0.000101, 0.000179, 0.000755, 0.001441], "mode1": [0.0059, 0.01295, 0.02162, 0.03297, 0.04685, 0.05603, 0.05897]}