{"mode1_error": [6e-06, 7e-06, 1e-05, 1.1e-05, 2.1e-05, 3.5e-05, 5.9e-05], "mode2": [-4e-05, 9e-05, -0.00012, 7e-05, 0.00132, 0.00249, 0.00614], "mode2_error": [8.7e-05, 9.6e-05, 0.000144, 0.000166, 0.000717, 0.00164, 0.003644], "mode1": [0.00274, 0.0059, 0.00978, 0.01491, 0.02107, 0.02489, 0.02563]}