{"mode1_error": [3e-06, 4e-06, 5e-06, 6e-06, 1.3e-05, 2.2e-05, 5.5e-05], "mode2": [-0.00015, -0.00019, -0.00025, -0.00026, -0.00067, -0.00304, -0.00488], "mode2_error": [5.4e-05, 6e-05, 0.000113, 0.000139, 0.000348, 0.001021, 0.001884], "mode1": [0.0066, 0.01452, 0.02425, 0.03693, 0.05242, 0.06256, 0.06578]}