{"mode1_error": [4e-06, 4e-06, 6e-06, 7e-06, 1.5e-05, 2.9e-05, 7.4e-05], "mode2": [0.00021, 0.00046, 0.00044, 0.00077, 0.0034, 0.00967, 0.02286], "mode2_error": [4.2e-05, 9.1e-05, 0.00016, 0.000187, 0.000656, 0.002097, 0.005216], "mode1": [0.00836, 0.01844, 0.03072, 0.04667, 0.06611, 0.07866, 0.08191]}