{"mode1_error": [5e-06, 6e-06, 9e-06, 1e-05, 2e-05, 3.6e-05, 5.7e-05], "mode2": [-1e-05, -4e-05, 3e-05, -0.00045, -0.00084, -0.00344, -0.00906], "mode2_error": [0.000109, 0.000105, 0.000113, 0.000171, 0.000627, 0.001706, 0.003931], "mode1": [0.00927, 0.02044, 0.03391, 0.05133, 0.07251, 0.0862, 0.08922]}