{"mode1_error": [8e-06, 8e-06, 1.2e-05, 1.4e-05, 2.8e-05, 4.9e-05, 9.8e-05], "mode2": [0.00023, 0.00023, 0.00041, 0.00046, 0.0011, 0.00227, 0.00888], "mode2_error": [0.000122, 0.000134, 0.0002, 0.000284, 0.000872, 0.00253, 0.006847], "mode1": [0.01, 0.02199, 0.03634, 0.05482, 0.07719, 0.09146, 0.09423]}