{
  "1": 210.84816469990147, 
  "3": 0.046746177260843305, 
  "2": 0.09420413598392482, 
  "4": 0.00434870533342097
}