{
  "1": 0.0008495408347083885, 
  "3": 0.00047960881810624976, 
  "2": 0.0006944818316174944, 
  "4": 0.0003399231644830415
}