{
  "1": [
    5.064470464972321e-05, 
    0.06598842652568823, 
    0.2242239604421904, 
    0.24836865409749068, 
    0.17801035296738366, 
    0.13656095035913396, 
    0.13051099737922917
  ], 
  "3": [
    4.1806070160667877e-05, 
    0.08143179094005502, 
    0.3169076147969092, 
    0.28675125801441276, 
    0.3564446482029398, 
    0.3221381578843834, 
    0.23927653299413518
  ], 
  "2": [
    4.773112974489724e-05, 
    0.06193580502242321, 
    0.243252547675391, 
    0.25517936930348833, 
    0.174164517682142, 
    0.1442345353949895, 
    0.13977003374678051
  ], 
  "5": [
    3.134040720666676e-05, 
    0.04883118155163904, 
    0.1986777313654606, 
    0.22830519050583334, 
    0.2913462265418394, 
    0.42294624319961915, 
    0.3878399155375375
  ], 
  "4": [
    4.148555065194501e-05, 
    0.0487063191770569, 
    0.1815504218569891, 
    0.23424108037509145, 
    0.30886900615261537, 
    0.2731619943254772, 
    0.28343142631820156
  ], 
  "7": [
    1.255136292261374e-05, 
    0.02372033850712609, 
    0.1627244827206798, 
    0.20757944392138866, 
    0.4219446765409354, 
    0.3880031840279357, 
    0.4791785365572177
  ], 
  "6": [
    1.3063945324071103e-05, 
    0.03414913971909886, 
    0.2109401196260722, 
    0.24012372444131386, 
    0.41240029352877267, 
    0.39495160428270426, 
    0.48404384910451276
  ]
}