{
  "1": 1798.907016893941, 
  "3": 0.20917462121858266, 
  "2": 0.8236786808802903, 
  "4": 0.09466849896536465
}