{
  "1": [
    -0.4212833866666666, 
    -0.5597343866666658, 
    0.49530577326565267, 
    -0.2765620818399043, 
    0.003187721477065915, 
    0.021837656341811444, 
    -0.02816364852809974
  ], 
  "3": [
    -0.4481136066666666, 
    0.08649914000000027, 
    0.10506999661590499, 
    0.46611844384707196, 
    -0.17284119059446854, 
    0.10195516662469561, 
    0.20240784269996986
  ], 
  "2": [
    -0.5634691533333335, 
    -0.30787495333333303, 
    -0.6010310998307937, 
    -0.09310030615292712, 
    -0.0027934757410165577, 
    -0.029695601443800942, 
    -0.017936262265834085
  ], 
  "5": [
    -0.19685496666666663, 
    0.4365581133333332, 
    0.0402237495769886, 
    -0.2636680928912776, 
    -0.36979202682563067, 
    0.10718596491228033, 
    -0.20904524234314684
  ], 
  "4": [
    -0.5099904399999999, 
    0.5120550333333321, 
    0.15444078510998308, 
    0.08308210125448041, 
    0.2734928630567973, 
    -0.14359624779652536, 
    -0.08485404400832554
  ], 
  "7": [
    -0.02396421333333324, 
    0.18937702666666656, 
    0.013047025380710748, 
    -0.30631571087216164, 
    -0.07979523927802613, 
    -0.37752489717115756, 
    0.32474579988105884
  ], 
  "6": [
    -0.06929733333333324, 
    0.2729000333333332, 
    -0.05888172588832472, 
    -0.33249976105137463, 
    0.18635378373902983, 
    0.332193989759087, 
    0.11432656853999447
  ]
}