{
  "1": 2941.9537688139549, 
  "2": 0.87203316014055621, 
  "3": 0.39385085107701601, 
  "4": 0.18297549592748097, 
  "5": 0.085820970604964394, 
  "6": 0.0066432696542563811, 
  "7": -0.11228636947096866
}