{
  "1": 2941.9528099405084, 
  "3": 0.41150221063919673, 
  "2": 0.8816563549078306, 
  "4": 0.18124976740054669
}