{
  "1": 0.0666880568821792, 
  "3": 0.06370838925004037, 
  "2": 0.06917835418758678, 
  "4": 0.01736523243849505
}