{
  "1": [
    -0.4165660333333333, 
    -0.4653743832501956, 
    0.2704581050495588, 
    0.39523195357519714, 
    0.06391840719613878, 
    0.05058815143725175, 
    0.006550643392637387
  ], 
  "3": [
    -0.44837693333333334, 
    0.5127238080694966, 
    -0.13798467962225863, 
    0.3908277818358903, 
    0.003478850372970912, 
    -0.11393269455480344, 
    -0.1673310544179622
  ], 
  "2": [
    -0.5585949200000001, 
    -0.2678839628083762, 
    -0.3968274877077972, 
    -0.24969263046830606, 
    0.2064345911949687, 
    -0.047263402664173844, 
    -0.02988329044049091
  ], 
  "5": [
    -0.2018401333333333, 
    0.03610417387763411, 
    -0.22580952157964618, 
    0.12067924681438194, 
    -0.3827823021793159, 
    0.2525585962452287, 
    0.34983754056171
  ], 
  "4": [
    -0.5167367666666666, 
    0.23278874410397374, 
    0.41896566768126114, 
    -0.4193156399642876, 
    -0.05148395495100215, 
    0.03636270935576865, 
    0.07888477490582232
  ], 
  "7": [
    -0.02393042666666658, 
    -0.08469688486205831, 
    0.025017490049168884, 
    0.020413935557178797, 
    -0.21199632148603126, 
    -0.4984642985121116, 
    0.23873002498974363
  ], 
  "6": [
    -0.07123003999999993, 
    -0.16778387118667046, 
    -0.009048645906501014, 
    -0.12037897086275436, 
    -0.48527648822582886, 
    -0.019993993923813503, 
    -0.3945331729513998
  ]
}