{
  "1": 0.06952625722967978, 
  "3": 0.09813174102592034, 
  "2": 0.06526976984763898, 
  "4": 0.015740554978198477
}