{
  "1": [
    -0.2877276933333332, 
    0.24594722528114263, 
    0.09539161351287509, 
    -0.426530521676745, 
    -0.35638947145877486, 
    0.04798956301139836, 
    0.00785302252344785
  ], 
  "3": [
    -0.46643352000000005, 
    0.14682543798178008, 
    -0.6349101785292419, 
    -0.05031719790919404, 
    0.16239482734319954, 
    0.004508661164111901, 
    0.11524371876497579
  ], 
  "2": [
    -0.4958953933333336, 
    0.3470513464811295, 
    0.1914964496642034, 
    0.4285979672713611, 
    -0.15819210711768905, 
    -0.0553649873155395, 
    0.08152737043883092
  ], 
  "5": [
    -0.26412571333333335, 
    -0.49431880735475725, 
    -0.19750556849245723, 
    0.10542883058317108, 
    -0.2556323114869623, 
    -0.06877151891949826, 
    -0.35701924419799
  ], 
  "4": [
    -0.6110537266666667, 
    -0.21932708312477012, 
    0.36173951267253834, 
    -0.15342605650643865, 
    0.30490179704016807, 
    0.07020192589416543, 
    -0.08619702197576473
  ], 
  "7": [
    -0.03302788666666658, 
    -0.26130171522007506, 
    -0.02266513786237381, 
    0.111627429879403, 
    -0.12086751937984534, 
    0.5060020330867901, 
    0.24221509550215653
  ], 
  "6": [
    -0.0974691066666666, 
    -0.391247155204058, 
    0.05743219938577837, 
    -0.04237445594615829, 
    -0.09827068357998595, 
    -0.3067403615964562, 
    0.43623014992811643
  ]
}