{
  "1": 0.0013338722724231791, 
  "3": 0.0007654651758253547, 
  "2": 0.0012428333308735669, 
  "4": 0.000538435272286031
}