{
  "1": [
    0.00014130115840714526, 
    0.27326544147108295, 
    0.35048320308353154, 
    0.4030923964479871, 
    0.28624032640440833, 
    0.23376705797942998, 
    0.1907984854485341
  ], 
  "3": [
    9.992283843095284e-05, 
    0.21108768339247336, 
    0.4001069192634668, 
    0.36334981133210736, 
    0.3516386696843411, 
    0.2830495953879425, 
    0.24159330120707262
  ], 
  "2": [
    0.00012310504158156844, 
    0.20955365047625454, 
    0.30985154999417636, 
    0.3267501939131967, 
    0.3197670252577457, 
    0.23551396928112406, 
    0.249232068162422
  ], 
  "5": [
    6.000002619009292e-05, 
    0.1250552274263093, 
    0.25656441565463983, 
    0.3233416642862399, 
    0.30062290663899793, 
    0.44562162425530905, 
    0.3923690777121043
  ], 
  "4": [
    9.42554523449803e-05, 
    0.1191495915898575, 
    0.2942320353108661, 
    0.3078977188175895, 
    0.28327861231598744, 
    0.303872067951155, 
    0.25631202714512147
  ], 
  "7": [
    2.7539475513685477e-05, 
    0.11818305277481962, 
    0.20406586454169348, 
    0.2699904738646905, 
    0.44407537708295486, 
    0.4700448066905247, 
    0.3257817819386503
  ], 
  "6": [
    3.3817221087000715e-05, 
    0.1859307979211581, 
    0.29525498216621565, 
    0.2778590357211191, 
    0.3801987047627546, 
    0.252177041824804, 
    0.36266594031145755
  ]
}