{
  "1": [
    -0.28433568666666664, 
    -0.381555021681353, 
    0.43848173397700196, 
    -0.13484151649433812, 
    0.023844669230340648, 
    0.0231140795089437, 
    0.027931081748111156
  ], 
  "3": [
    -0.4698597800000001, 
    -0.020608966288991552, 
    -0.2593902076219652, 
    -0.3589151354012807, 
    0.019651981274034516, 
    0.08904021963266671, 
    0.0009387667539964418
  ], 
  "2": [
    -0.5007537466666666, 
    -0.3469327108686546, 
    -0.16762646493190478, 
    0.14045559822747425, 
    -0.11864493674413328, 
    -0.20101813168368998, 
    0.054215313057675726
  ], 
  "5": [
    -0.25939281999999997, 
    0.32442691984892963, 
    0.12105904077868067, 
    0.05594963072378143, 
    -0.34271548236081023, 
    0.23352717115043423, 
    -0.05263586968903109
  ], 
  "4": [
    -0.60836042, 
    0.24963429150930186, 
    0.05134572392951043, 
    0.22801220088626253, 
    0.2135948113470437, 
    0.04026108953148229, 
    -0.020936139271746975
  ], 
  "7": [
    -0.03295211333333325, 
    0.31288450132885814, 
    0.09588870442325056, 
    -0.07558743476120154, 
    0.03953404113024611, 
    0.04130791253057075, 
    0.5462711660401705
  ], 
  "6": [
    -0.09569780000000001, 
    0.47607238075255304, 
    0.1603649162055029, 
    -0.1473522993599215, 
    0.010950582399821674, 
    -0.3571896082098492, 
    -0.28365553783650393
  ]
}