{
  "V_11": 160.91640000068946, 
  "V_12": 214.83453461832585, 
  "V_13": 170.48647910748775, 
  "V_14": 193.3705708752345, 
  "V_15": 74.45420152339106, 
  "V_16": 26.1388081199378, 
  "V_17": 9.695904728798928, 
  "V_21": 214.83453461832585, 
  "V_22": 287.1966118989719, 
  "V_23": 227.94436356372722, 
  "V_24": 258.6548868300645, 
  "V_25": 99.59613751136783, 
  "V_26": 34.96877720768459, 
  "V_27": 12.983067281358915, 
  "V_31": 170.48647910748775, 
  "V_32": 227.94436356372722, 
  "V_33": 180.9090882027937, 
  "V_34": 205.3982468551016, 
  "V_35": 79.09592987458859, 
  "V_36": 27.794570180821154, 
  "V_37": 10.314345178585917, 
  "V_41": 193.3705708752345, 
  "V_42": 258.6548868300645, 
  "V_43": 205.3982468551016, 
  "V_44": 233.2509093856414, 
  "V_45": 89.88627439439271, 
  "V_46": 31.599872348982284, 
  "V_47": 11.75302386685563, 
  "V_51": 74.45420152339106, 
  "V_52": 99.59613751136783, 
  "V_53": 79.09592987458859, 
  "V_54": 89.88627439439271, 
  "V_55": 34.764730576569725, 
  "V_56": 12.243315952851965, 
  "V_57": 4.5736159922512805, 
  "V_61": 26.1388081199378, 
  "V_62": 34.96877720768459, 
  "V_63": 27.794570180821154, 
  "V_64": 31.599872348982284, 
  "V_65": 12.243315952851965, 
  "V_66": 4.384235618907305, 
  "V_67": 1.63924558834017, 
  "V_71": 9.695904728798928, 
  "V_72": 12.983067281358915, 
  "V_73": 10.314345178585917, 
  "V_74": 11.75302386685563, 
  "V_75": 4.5736159922512805, 
  "V_76": 1.63924558834017, 
  "V_77": 0.7324989550098969
}