{
  "1": 0.038685862856058975, 
  "3": 0.04327570075562516, 
  "2": 0.05039946653742049, 
  "4": 0.02647573083353072
}