{
  "1": [
    -0.28554014, 
    0.4005348373797514, 
    -0.44415274464097815, 
    0.09862371215100253, 
    0.10057568053114664, 
    0.06347007332722274, 
    -0.001228913364287529
  ], 
  "3": [
    -0.47124262666666655, 
    0.1866030539013589, 
    0.3332665615430326, 
    0.30739004238213813, 
    0.048842909587971, 
    0.04879356095325403, 
    -0.02177053953856686
  ], 
  "2": [
    -0.50413468, 
    -0.6083830813864686, 
    -0.1666895881895878, 
    0.10475084108882766, 
    -0.12128115211872553, 
    -0.021598923006415735, 
    -0.12975786272180811
  ], 
  "5": [
    -0.25616586, 
    -0.2329229653382201, 
    0.004485419808949398, 
    -0.20623837549700652, 
    0.4236385276313226, 
    0.10878031622364817, 
    0.11211425332037608
  ], 
  "4": [
    -0.6056034399999999, 
    0.28114742708810536, 
    0.08928844554138697, 
    -0.2954832131777857, 
    -0.14336911150166, 
    -0.07909298808432609, 
    -0.010617244358060485
  ], 
  "7": [
    -0.03236759999999998, 
    -0.0043698579935867446, 
    -0.012652219022807104, 
    0.060823991785729954, 
    0.12692480765475517, 
    -0.526255858539563, 
    0.14186752690494192
  ], 
  "6": [
    -0.09390359999999999, 
    -0.06444328905176355, 
    -0.010709397138808925, 
    0.042411810197929084, 
    -0.17465334504979615, 
    0.07292696303085888, 
    0.5232127236079616
  ]
}