{
  "1": 1516.668983854986, 
  "3": 0.6457826782676488, 
  "2": 1.5630879767858727, 
  "4": 0.333590402573705
}