{
  "1": 269.98216949166124, 
  "3": 0.12777656901587306, 
  "2": 0.5215593165134607, 
  "4": -0.02587064878680355
}