{"mode1_error": [3.1188357375318237e-06, 1.7058213168314108e-06, 1.794421537366933e-06, 1.395655929155878e-06, 3.6259491093059814e-06, 1.3458326260506071e-05, 7.742518720981754e-05], "mode1": [0.00489616254273332, 0.010990227384755358, 0.01833748288362241, 0.027953074276764463, 0.03962669873837356, 0.04723611596689804, 0.04773256299232623]}