{
  "1": [
    -0.4183032404132945, 
    -0.4717240353206326, 
    0.6791999547046312, 
    0.34244893381339003, 
    -0.0884645073436418, 
    0.09728688854087934, 
    -0.0813896496984528
  ], 
  "2": [
    -0.5609753979625416, 
    -0.40506573070255714, 
    -0.5767232793513436, 
    0.036334254869832876, 
    0.3304170770773123, 
    0.05247568966104419, 
    0.2745346878607384
  ], 
  "3": [
    -0.4483633284881856, 
    0.024411309813989597, 
    -0.13660710788795674, 
    -0.43727880151717596, 
    -0.34305063718648243, 
    -0.18195699298495052, 
    -0.6615950985820324
  ], 
  "4": [
    -0.513614555227421, 
    0.6568173060483823, 
    0.30836528162126436, 
    -0.2270456947611129, 
    0.2132780549761508, 
    0.0877431282554625, 
    0.32398431354714663
  ], 
  "5": [
    -0.1998546522756987, 
    0.2585305884555438, 
    -0.24492451348140754, 
    0.5193104296170667, 
    -0.6927341412359391, 
    -0.14369942942976716, 
    0.2510350508023776
  ], 
  "6": [
    -0.07057639116543608, 
    0.2878746791647141, 
    -0.067498689461135, 
    0.5681420772633462, 
    0.4897710504162504, 
    -0.3714556026394066, 
    -0.45491834708220386
  ], 
  "7": [
    -0.024010565171652787, 
    0.17799833333033216, 
    -0.16668215671004066, 
    0.21488906352138928, 
    -0.008428846180782079, 
    0.8878882636400862, 
    -0.32459701315235223
  ]
}