{
  "1": 3751.3483065052556, 
  "2": 1.222495716897023, 
  "3": 0.77254161361685436, 
  "4": 0.43689925094146448, 
  "5": 0.12290154332453206, 
  "6": -0.0080280083010690808, 
  "7": -0.15918038166041135
}