{
  "1": [
    6.977284988042623e-05, 
    0.33165742018992345, 
    0.2706553397521272, 
    0.25347465625636034, 
    0.2538566262760034, 
    0.20671316908986392, 
    0.18352267383499365
  ], 
  "3": [
    5.634798397273487e-05, 
    0.17959381578589428, 
    0.3150154934930388, 
    0.3306121745341672, 
    0.38477991224922037, 
    0.35393967623365913, 
    0.27472024304568526
  ], 
  "2": [
    6.54641421828971e-05, 
    0.29266758733058496, 
    0.2555351469643195, 
    0.2792921341762924, 
    0.2511854730351408, 
    0.20741817961214257, 
    0.17582927672213056
  ], 
  "5": [
    3.434249436702827e-05, 
    0.14084079694574445, 
    0.36175423146756175, 
    0.33989582506465904, 
    0.32217352105410696, 
    0.4413070708477652, 
    0.3101698978453475
  ], 
  "4": [
    5.571333591352145e-05, 
    0.1889073210372311, 
    0.29522791406806287, 
    0.2472724174028649, 
    0.24683960542774636, 
    0.20939537720361948, 
    0.18038469380105013
  ], 
  "7": [
    1.708820385906241e-05, 
    0.06678456887114265, 
    0.18700431244880394, 
    0.24490519522742274, 
    0.34334982060411495, 
    0.3698374184372782, 
    0.6146993124951345
  ], 
  "6": [
    1.2799928872250767e-05, 
    0.10605488118798138, 
    0.30790559033956705, 
    0.3310144472421705, 
    0.40930639307593597, 
    0.4350445406284558, 
    0.39450665685875885
  ]
}