{
  "1": 0.002535822248942061, 
  "3": 0.002576439874945656, 
  "2": 0.0023731319330536184, 
  "4": 0.0014276739382046888
}