{
  "V_11": 657.0810723739905, 
  "V_12": 880.2215238885232, 
  "V_13": 703.423000588857, 
  "V_14": 805.7133050591842, 
  "V_15": 313.40008989510494, 
  "V_16": 110.64386581177641, 
  "V_17": 37.52188405762136, 
  "V_21": 880.2215238885232, 
  "V_22": 1180.974521262577, 
  "V_23": 943.579745998961, 
  "V_24": 1080.3911494054432, 
  "V_25": 420.61126168866053, 
  "V_26": 148.3775400732498, 
  "V_27": 50.50682131697558, 
  "V_31": 703.423000588857, 
  "V_32": 943.579745998961, 
  "V_33": 754.2658106217067, 
  "V_34": 863.8986047598686, 
  "V_35": 336.0248333058762, 
  "V_36": 118.67752672172684, 
  "V_37": 40.39405745912987, 
  "V_41": 805.7133050591842, 
  "V_42": 1080.3911494054432, 
  "V_43": 863.8986047598686, 
  "V_44": 990.234326592959, 
  "V_45": 385.2007132322709, 
  "V_46": 136.10708995269968, 
  "V_47": 46.33092336296833, 
  "V_51": 313.40008989510494, 
  "V_52": 420.61126168866053, 
  "V_53": 336.0248333058762, 
  "V_54": 385.2007132322709, 
  "V_55": 150.01298019756302, 
  "V_56": 53.18504521220869, 
  "V_57": 18.1279378973989, 
  "V_61": 110.64386581177641, 
  "V_62": 148.3775400732498, 
  "V_63": 118.67752672172684, 
  "V_64": 136.10708995269968, 
  "V_65": 53.18504521220869, 
  "V_66": 18.9175654453939, 
  "V_67": 6.503083180346783, 
  "V_71": 37.52188405762136, 
  "V_72": 50.50682131697558, 
  "V_73": 40.39405745912987, 
  "V_74": 46.33092336296833, 
  "V_75": 18.1279378973989, 
  "V_76": 6.503083180346783, 
  "V_77": 2.2496597458841476
}