{
  "1": [
    -0.4183048733333334, 
    -0.40896079138084673, 
    0.4182845233274849, 
    0.19049503192512893, 
    -0.03580140076856316, 
    0.03630905639036999, 
    -0.029712868096455233
  ], 
  "3": [
    -0.44836289333333335, 
    0.029145583846839615, 
    -0.026120947496287652, 
    -0.2649079681623403, 
    -0.2930819181025545, 
    -0.07528667797705588, 
    -0.18245592102826294
  ], 
  "2": [
    -0.5609754733333332, 
    -0.3324119637251488, 
    -0.39377082377288974, 
    0.03723258987142478, 
    0.1797992025122931, 
    0.013121578607206903, 
    0.04871375708412058
  ], 
  "5": [
    -0.19985458666666667, 
    0.2151941673448829, 
    -0.1505393665361945, 
    0.34495805125513906, 
    -0.31375639436386893, 
    -0.010612990790111045, 
    0.2383108012001335
  ], 
  "4": [
    -0.5136140800000001, 
    0.54808780761927, 
    0.19108769064651146, 
    -0.15510753083180218, 
    0.1942319119044671, 
    0.037696194861851426, 
    0.07581564988702476
  ], 
  "7": [
    -0.024028619999999903, 
    0.14461867612293197, 
    -0.11191501777117963, 
    0.15064394297209843, 
    -0.03492524689062446, 
    0.40682464857004313, 
    -0.24634030077416083
  ], 
  "6": [
    -0.07056919333333332, 
    0.233764705654382, 
    -0.10958971071219585, 
    0.3586377066386776, 
    0.13177696376182796, 
    -0.22390522701567486, 
    -0.1947501759454753
  ]
}