{
  "1": 2391.8430322638642, 
  "2": 0.47101564109760263, 
  "3": 0.15854671627872891, 
  "4": 0.029092747861212048, 
  "5": 0.017447520186245159, 
  "6": -0.030407520482142878, 
  "7": -0.20139576346192076
}