{
  "1": [
    3.7467206397344195e-05, 
    0.027081887176756345, 
    0.17156367530280028, 
    0.17943594069467048, 
    0.24650054145592454, 
    0.307926132301954, 
    0.15346765900642353
  ], 
  "3": [
    2.9196224479472167e-05, 
    0.022815541651715638, 
    0.12661030831487388, 
    0.22242558483149832, 
    0.28775695975445065, 
    0.3104884199326129, 
    0.14745840731505186
  ], 
  "2": [
    3.575354928055922e-05, 
    0.020756156022017556, 
    0.10331999160343198, 
    0.16448625060241842, 
    0.15884931405214975, 
    0.11596319433292991, 
    0.0996628949636381
  ], 
  "5": [
    1.0573995517212775e-05, 
    0.010363446682098189, 
    0.16193128606558363, 
    0.18145384194805073, 
    0.17716686638485932, 
    0.09472659923270214, 
    0.12093737367980115
  ], 
  "4": [
    3.37246380738114e-05, 
    0.018339331277549855, 
    0.12945724699426917, 
    0.13747757909791564, 
    0.23534533655910875, 
    0.21412132894553954, 
    0.18363423011697455
  ], 
  "7": [
    3.2927225399135965e-10, 
    0.011131506954449772, 
    0.09605107260989613, 
    0.14767592228596083, 
    0.33392138999326304, 
    0.3819318541030417, 
    0.27402880330667584
  ], 
  "6": [
    6.666331265038233e-07, 
    0.012641407255118184, 
    0.06406719681703459, 
    0.13120014555210385, 
    0.23406849472533925, 
    0.2675900154789816, 
    0.2709005753069013
  ]
}