{"mode1_error": [0.0, 0.0, 0.0, 0.0, 0.0, 0.0, 0.0], "mode2": [0.0005, 0.0001, -0.00014, -0.0006, -0.0032, -0.0084, -0.01581], "mode2_error": [0.0, 0.0, 0.0, 0.0, 0.0, 0.0, 0.0], "mode1": [0.01025, 0.01721, 0.02463, 0.03346, 0.04385, 0.05086, 0.05402]}