{"mode1_error": [0.0, 0.0, 0.0, 0.0, 0.0, 0.0, 0.0], "mode2": [-0.00063, -0.00043, 6e-05, 0.00152, 0.00516, 0.01037, 0.01965], "mode2_error": [0.0, 0.0, 0.0, 0.0, 0.0, 0.0, 0.0], "mode1": [0.02642, 0.04424, 0.06301, 0.08529, 0.11129, 0.12808, 0.13324]}