{"mode1_error": [0.0, 0.0, 0.0, 0.0, 0.0, 0.0, 0.0], "mode2": [0.00064, 0.00069, -0.00019, -0.00188, -0.00585, -0.01504, -0.03129], "mode2_error": [0.0, 0.0, 0.0, 0.0, 0.0, 0.0, 0.0], "mode1": [0.03516, 0.0587, 0.08329, 0.11245, 0.1466, 0.16871, 0.1752]}