{"mode1_error": [0.0, 0.0, 0.0, 0.0, 0.0, 0.0, 0.0], "mode2": [0.00145, 0.0005, -0.00081, -0.00222, -0.00867, -0.01569, -0.02757], "mode2_error": [0.0, 0.0, 0.0, 0.0, 0.0, 0.0, 0.0], "mode1": [0.04277, 0.07117, 0.10065, 0.13553, 0.17662, 0.20315, 0.21045]}