{
  "1": 901.25299707311024, 
  "2": 0.53142992172067216, 
  "3": 0.20883448246776368, 
  "4": 0.10078722344282168, 
  "5": 0.052707260060617905, 
  "6": 0.020046527870948475, 
  "7": -0.011385767807510204
}