{
  "1": [
    5.268356063861754e-09, 
    0.0, 
    5.268356063861754e-09, 
    1.862645149230957e-09, 
    0.0, 
    0.0, 
    1.6463612699567982e-10
  ], 
  "3": [
    0.0, 
    0.0, 
    0.0, 
    0.0, 
    0.0, 
    0.0, 
    0.0
  ], 
  "2": [
    0.0, 
    2.634178031930877e-09, 
    2.634178031930877e-09, 
    0.0, 
    0.0, 
    0.0, 
    0.0
  ], 
  "5": [
    0.0, 
    0.0, 
    0.0, 
    5.268356063861754e-09, 
    0.0, 
    0.0, 
    5.268356063861754e-09
  ], 
  "4": [
    0.0, 
    0.0, 
    0.0, 
    0.0, 
    0.0, 
    0.0, 
    0.0
  ], 
  "7": [
    0.0, 
    0.0, 
    5.268356063861754e-09, 
    0.0, 
    6.585445079827193e-10, 
    0.0, 
    1.862645149230957e-09
  ], 
  "6": [
    0.0, 
    0.0, 
    0.0, 
    0.0, 
    6.585445079827193e-10, 
    0.0, 
    1.0536712127723509e-08
  ]
}