{
  "1": 0.0006420723442790618, 
  "3": 1.59057244958052e-07, 
  "2": 9.767793567573201e-08, 
  "4": 2.5876693407911442e-08
}