{
  "1": [
    -0.4222333333333334, 
    0.6057000000000001, 
    -0.4951, 
    0.14790000000000014, 
    0.19843333333333346, 
    -0.38503333333333334, 
    -0.013166666666666656
  ], 
  "3": [
    -0.4480333333333333, 
    -0.049033333333333255, 
    0.1978333333333333, 
    -0.05583333333333328, 
    -0.8119, 
    -0.28403333333333325, 
    0.12136666666666662
  ], 
  "2": [
    -0.5644333333333333, 
    0.23663333333333347, 
    0.1785000000000001, 
    -0.1875, 
    0.0995666666666668, 
    0.7399, 
    0.03243333333333332
  ], 
  "5": [
    -0.19589999999999996, 
    0.0, 
    -0.4897666666666667, 
    0.4872333333333334, 
    -0.17956666666666665, 
    0.2737666666666667, 
    -0.4359666666666666
  ], 
  "4": [
    -0.5085, 
    0.0, 
    0.2997000000000001, 
    -0.02363333333333328, 
    0.5041, 
    -0.36929999999999996, 
    -0.07303333333333328
  ], 
  "7": [
    -0.025566666666666623, 
    -0.2133666666666666, 
    -0.4755666666666667, 
    -0.8328333333333334, 
    -0.04603333333333325, 
    -0.033699999999999945, 
    -0.17556666666666665
  ], 
  "6": [
    -0.0688333333333333, 
    -0.2947666666666666, 
    -0.3577666666666667, 
    0.09109999999999996, 
    0.05550000000000011, 
    0.10556666666666681, 
    0.8705
  ]
}