{"mode1_error": [3e-06, 3e-06, 5e-06, 6e-06, 1.1e-05, 2.3e-05, 1.5e-05], "mode2": [0.00033, 9e-05, -9e-05, -0.00051, -0.00242, -0.00699, -0.01392], "mode2_error": [0.000164, 0.00019, 0.000225, 0.000169, 0.000976, 0.002059, 0.003383], "mode1": [0.01025, 0.01721, 0.02463, 0.03346, 0.04385, 0.05084, 0.05402]}