{"mode1_error": [3e-06, 3e-06, 5e-06, 5e-06, 1.1e-05, 2.4e-05, 6.9e-05], "mode2": [0.00025, 4e-05, 0.00055, -0.0003, -0.00146, -0.00567, -0.0131], "mode2_error": [9e-05, 0.00011, 0.000125, 0.000339, 0.001152, 0.003696, 0.005245], "mode1": [0.01437, 0.02413, 0.03448, 0.04674, 0.06103, 0.07035, 0.07386]}