{"mode1_error": [3e-06, 4e-06, 7e-06, 8e-06, 9e-06, 7.9e-05, 0.000172], "mode2": [0.00058, 0.00068, 0.0004, -0.00107, -0.00261, -0.01062, -0.0248], "mode2_error": [8.8e-05, 0.000101, 0.000131, 6.8e-05, 0.00012, 0.000958, 0.002415], "mode1": [0.03516, 0.05869, 0.08328, 0.11245, 0.1466, 0.16865, 0.17513]}