{"mode1_error": [5e-06, 6e-06, 1e-05, 1.2e-05, 3e-05, 5e-06, 5e-06], "mode2": [0.00111, 0.00084, 0.00047, -0.00278, -0.00716, -0.01773, -0.03636], "mode2_error": [0.000106, 0.000139, 0.000176, 8.8e-05, 0.000275, 0.001002, 0.003343], "mode1": [0.04998, 0.08287, 0.11671, 0.15673, 0.20423, 0.23519, 0.24416]}