{"mode1_error": [8e-06, 9e-06, 1.4e-05, 1.7e-05, 3.1e-05, 2.5e-05, 8e-06], "mode2": [-0.0013, -0.00171, -0.00222, 0.0, 0.0, 0.0, 0.0], "mode2_error": [0.000114, 0.000125, 0.000196, 0.0, 0.0, 0.0, 0.0], "mode1": [0.05696, 0.09417, 0.13215, 0.17708, 0.23073, 0.26681, 0.27771]}