{"mode1_error": [3e-06, 3e-06, 4e-06, 4e-06, 8e-06, 1.7e-05, 3.3e-05], "mode2": [-0.00047, -0.0003, 0.00013, 0.00076, 0.00211, 0.00508, 0.00797], "mode2_error": [5.9e-05, 7e-05, 0.000117, 0.000116, 0.000335, 0.000729, 0.001414], "mode1": [0.0102, 0.0167, 0.02359, 0.03182, 0.04145, 0.04814, 0.05142]}