{"mode1_error": [2e-06, 3e-06, 4e-06, 5e-06, 4e-06, 4e-06, 0.0], "mode2": [0.00055, 0.00049, 0.00024, -0.00127, -0.00409, -0.00789, -0.01483], "mode2_error": [9.9e-05, 0.000111, 0.000142, 0.000126, 0.000395, 0.000756, 0.001414], "mode1": [0.02638, 0.04302, 0.06049, 0.08137, 0.10574, 0.12221, 0.12884]}