{"mode1_error": [3e-06, 4e-06, 5e-06, 6e-06, 1.4e-05, 2.6e-05, 0.000167], "mode2": [-0.00054, -0.00074, -0.0003, 0.00164, 0.00479, 0.01054, 0.01788], "mode2_error": [0.000179, 0.000142, 0.000222, 0.000187, 0.000558, 0.001064, 0.001857], "mode1": [0.03516, 0.05717, 0.08007, 0.1074, 0.13954, 0.16134, 0.17046]}