{"mode1_error": [4e-06, 4e-06, 6e-06, 8e-06, 1.5e-05, 0.0, 0.0], "mode2": [0.00089, 0.00043, 0.00057, -0.00155, -0.00669, -0.01385, -0.02804], "mode2_error": [0.000162, 0.000202, 0.000222, 0.000199, 0.000575, 0.001268, 0.002431], "mode1": [0.04284, 0.06943, 0.09684, 0.12956, 0.1683, 0.19498, 0.20601]}