{"mode1_error": [5e-06, 6e-06, 8e-06, 1e-05, 1.3e-05, 0.0, 0.000158], "mode2": [-0.00136, -0.00076, -9e-05, 0.00212, 0.00867, 0.01959, 0.03821], "mode2_error": [0.000203, 0.000207, 0.000329, 0.000266, 0.000836, 0.001826, 0.004117], "mode1": [0.05015, 0.08097, 0.11247, 0.15004, 0.19494, 0.22629, 0.23978]}