{
  "1": 0.0016614200010475488, 
  "3": 1.0417499731562706e-07, 
  "2": 4.7524835251916473e-07, 
  "4": 8.680805711247805e-08
}