{
  "1": [
    0.0009005920454081581, 
    0.2730522265957674, 
    0.42785144256899243, 
    0.24103678295506256, 
    0.2103149349554076, 
    0.17235159719926654, 
    0.1788478425118654
  ], 
  "3": [
    0.0006312233315470552, 
    0.13324430747828148, 
    0.2592497358946853, 
    0.4757571811098715, 
    0.345605979428351, 
    0.32034850492077666, 
    0.3383653204907767
  ], 
  "2": [
    0.0007795886182332139, 
    0.34334901882814106, 
    0.25529580113540334, 
    0.2595123888685185, 
    0.23488657476050173, 
    0.2428608678567312, 
    0.20703794173597453
  ], 
  "5": [
    0.0003637916315126128, 
    0.23847788992119848, 
    0.2810480125408552, 
    0.2896091445424703, 
    0.4058040934209743, 
    0.31113423350423264, 
    0.35981555847187346
  ], 
  "4": [
    0.0005782139056472387, 
    0.12341940222233284, 
    0.2563125626635835, 
    0.28860523215764883, 
    0.33965759484821856, 
    0.26440356571305706, 
    0.2799157761996803
  ], 
  "7": [
    0.0001045701548681212, 
    0.10290159990802553, 
    0.21409181389778137, 
    0.400848870603072, 
    0.38232007039940796, 
    0.39944599453665064, 
    0.47283897588436696
  ], 
  "6": [
    0.00019481254806681046, 
    0.2250470846590453, 
    0.21628420218909788, 
    0.27839092672658633, 
    0.3943837598124608, 
    0.4774805240824412, 
    0.2885396479341382
  ]
}