{
  "1": 270.1696827027161, 
  "3": 0.3028777568797037, 
  "2": 0.8191814206491943, 
  "4": 0.11411823774325255
}