{"mode1_error": [4e-06, 6e-06, 7e-06, 9e-06, 5e-06, 3e-06, 4e-06], "mode2": [0.00151, 0.00172, 0.00032, -0.00472, -0.01792, -0.04931, -0.1006], "mode2_error": [9.2e-05, 9e-05, 0.000166, 0.000163, 0.00037, 0.001341, 0.002779], "mode1": [0.05697, 0.09418, 0.13216, 0.17706, 0.23074, 0.26683, 0.27772]}