{
  "1": [
    -0.42004778764110123, 
    0.556536793883819, 
    0.5243649585383051, 
    -0.19691760733979097, 
    0.4238507187922848, 
    -0.12634131171756977, 
    -0.06693235735431144
  ], 
  "2": [
    -0.5622709241054215, 
    0.11059352465572726, 
    -0.7656072314398978, 
    -0.14286453988978828, 
    0.21234245991092954, 
    0.135413847331203, 
    -0.040367564808253105
  ], 
  "3": [
    -0.4483306892628556, 
    0.13096459774468536, 
    0.16041676684949174, 
    0.713780686490538, 
    -0.3909373069102718, 
    0.3062140127461251, 
    0.005697382974011109
  ], 
  "4": [
    -0.5116188377069568, 
    -0.4173186153337984, 
    0.2107755883555734, 
    -0.4450701016398745, 
    -0.4828991522360229, 
    -0.26264909956897553, 
    0.1392891002352022
  ], 
  "5": [
    -0.1980677334101056, 
    -0.5602405545405751, 
    0.06597351996247124, 
    0.430925799868764, 
    0.5520444346375654, 
    -0.38571547853038823, 
    0.05762512914170917
  ], 
  "6": [
    -0.06974015109314839, 
    -0.36578621249274496, 
    0.19373075230046455, 
    -0.15866365967635587, 
    0.13562520213427778, 
    0.5092669371334899, 
    -0.7217229302687255
  ], 
  "7": [
    -0.023717214828381267, 
    -0.1976367490864944, 
    0.16383821278270744, 
    -0.14957176701032485, 
    0.25708058165765946, 
    0.62834715576878, 
    0.671008168392224
  ]
}