{
  "1": [
    4.8753799685480425e-05, 
    0.15039304829885827, 
    0.24561771069343113, 
    0.3203843764800824, 
    0.23945229624477216, 
    0.22355429776228136, 
    0.1900256803754381
  ], 
  "3": [
    4.0440133815245023e-05, 
    0.10009467295629286, 
    0.4004764143547422, 
    0.35215778630269207, 
    0.40906331354651304, 
    0.2929221284819974, 
    0.24308056617735974
  ], 
  "2": [
    4.4862436037702607e-05, 
    0.19204023276465984, 
    0.25154869523142454, 
    0.32562892907435337, 
    0.2308930850627238, 
    0.18326661416495224, 
    0.18374684742430852
  ], 
  "5": [
    3.329743137397775e-05, 
    0.08024499264201095, 
    0.3110576995269512, 
    0.3684811292412357, 
    0.3106280373921209, 
    0.28220251375561617, 
    0.31797433365819
  ], 
  "4": [
    3.99140397843738e-05, 
    0.09342223064595837, 
    0.25680653160870726, 
    0.31765445323446223, 
    0.3093230809876662, 
    0.27475547770390735, 
    0.25344579786550064
  ], 
  "7": [
    0.0, 
    0.03619546051913382, 
    0.14928997053468826, 
    0.25393207362358117, 
    0.41453493211587444, 
    0.4662722765238272, 
    0.4193412457020961
  ], 
  "6": [
    2.8443746425219714e-05, 
    0.05552860167703884, 
    0.19891732677014728, 
    0.2705218234447734, 
    0.39039640922003266, 
    0.4191059427174689, 
    0.3917577980272045
  ]
}