{
  "1": [
    -0.4200483133333332, 
    0.5339411862059659, 
    0.35525157606212887, 
    -0.1510573444429522, 
    0.1636651240248926, 
    -0.051944820717131586, 
    -0.008901009651076614
  ], 
  "3": [
    -0.44833032666666667, 
    0.12090691728307493, 
    0.10897204202832349, 
    0.4363816467320701, 
    -0.08039717766675332, 
    0.04220469787516572, 
    -0.011939502598366663
  ], 
  "2": [
    -0.56227086, 
    0.10696508595940142, 
    -0.5436940688289933, 
    -0.07614352461586764, 
    0.09884555175738442, 
    0.09854334329349282, 
    -0.004970289532293817
  ], 
  "5": [
    -0.19806821333333327, 
    -0.5319608099435942, 
    0.07558990406578374, 
    0.1452157102539985, 
    0.23465010079761572, 
    -0.2977458001328022, 
    0.05059028953229401
  ], 
  "4": [
    -0.5116188733333334, 
    -0.3996981625966832, 
    0.15893231308055455, 
    -0.22390576087443467, 
    -0.284664808484529, 
    -0.04291881640106253, 
    0.03905419450631049
  ], 
  "7": [
    -0.02369999999999994, 
    -0.18882390313101619, 
    0.10215743109486816, 
    -0.032688505129238994, 
    0.11218416162678586, 
    0.28515044820717134, 
    0.44928616184112885
  ], 
  "6": [
    -0.06975071333333331, 
    -0.3483872766575481, 
    0.12790711131414645, 
    -0.04028050441248944, 
    0.11789293540187616, 
    0.31056357901726545, 
    -0.41253680029695805
  ]
}