{"mode1_error": [4e-06, 5e-06, 8e-06, 9e-06, 1.3e-05, 5e-06, 2.6e-05, 0.0, 0.0, 0.0, 0.0], "mode2": [-0.00109, -0.00074, 0.00014, 0.002, 0.0055, 0.01254, 0.02095, 0.03988, 0.05773, 0.07598, 0.10262], "mode2_error": [0.000138, 0.000151, 0.000291, 0.000261, 0.000749, 0.001724, 0.003112, 0.005954, 0.008328, 0.01131, 0.01447], "mode1": [0.04106, 0.06659, 0.09297, 0.12444, 0.16169, 0.18723, 0.19791, 0.19074, 0.16638, 0.13358, 0.09896]}