{"mode1_error": [6e-06, 7e-06, 1.1e-05, 1.2e-05, 2.5e-05, 2.3e-05, 0.0, 0.00047, 0.0, 0.0, 0.000502], "mode2": [-0.0013, -0.00098, -7e-05, 0.00228, 0.00899, 0.01981, 0.04345, 0.06859, 0.09857, 0.13505, 0.16774], "mode2_error": [0.000207, 0.000215, 0.000297, 0.000284, 0.000669, 0.001611, 0.003586, 0.006587, 0.008696, 0.012456, 0.015749], "mode1": [0.05017, 0.08099, 0.11244, 0.15001, 0.19491, 0.22633, 0.2398, 0.23147, 0.20253, 0.15893, 0.11873]}