{
  "1": 3.225335601257289e-05, 
  "3": 1.2894025668410049e-07, 
  "2": 3.3785322955282504e-07, 
  "4": 1.439036535132904e-08
}