{
  "1": [
    -0.4156858558182346, 
    0.8161743427118884, 
    -0.2199485311354391, 
    -0.04363669136737762, 
    -0.3250926869127279, 
    -0.04013692185905645, 
    -0.059050544526537116
  ], 
  "2": [
    -0.5588588485636784, 
    0.035501714754176926, 
    0.7094165445153433, 
    -0.2392172494484086, 
    0.32773344243548164, 
    0.10994838031879565, 
    0.08013634594014522
  ], 
  "3": [
    -0.4481704953089599, 
    -0.42563521542165794, 
    0.11518594764911992, 
    0.35702871209409526, 
    -0.5668950777325301, 
    -0.3934586835256969, 
    -0.03256995445168076
  ], 
  "4": [
    -0.5168197857582412, 
    -0.18863895168798275, 
    -0.5846737978451022, 
    0.20535352643337626, 
    0.5591779425003568, 
    0.0042920063588597086, 
    -0.024510029620274286
  ], 
  "5": [
    -0.2026767004672271, 
    -0.272962682393022, 
    -0.19725128969042124, 
    -0.2647914693175178, 
    -0.38610151120518466, 
    0.7689130347228342, 
    0.18732139140808096
  ], 
  "6": [
    -0.07228616764359937, 
    -0.19063052480561474, 
    -0.1353676422418624, 
    -0.66278665546671, 
    -0.057061154233620015, 
    -0.21465603694564683, 
    -0.6719307808317615
  ], 
  "7": [
    -0.02488850926005643, 
    -0.07071390867778297, 
    -0.1897553365420226, 
    -0.511693953224559, 
    -0.02291686740258284, 
    -0.44064470386548954, 
    0.7084132818187906
  ]
}