{
  "1": 2440.1472664132257, 
  "2": 2.6426827930633596, 
  "3": 1.2071314316413237, 
  "4": 0.36418088749972943, 
  "5": 0.20308283982388006, 
  "6": -0.005725110029278402, 
  "7": -0.10545687525891047
}