{
  "1": 0.003322803855065063, 
  "3": 0.0036900491393880132, 
  "2": 0.0044341176640639215, 
  "4": 0.0015591860422656037
}