{
  "1": 2440.148829909142, 
  "3": 1.227610600499668, 
  "2": 2.6572992956796004, 
  "4": 0.4238760042263998
}