{
  "V_11": 319.4889874989831, 
  "V_12": 427.2700072310551, 
  "V_13": 339.4919935842279, 
  "V_14": 386.2222324462045, 
  "V_15": 149.01054404622337, 
  "V_16": 52.429587703295226, 
  "V_17": 18.08642665932608, 
  "V_21": 427.2700072310551, 
  "V_22": 571.1111640122708, 
  "V_23": 454.2118819802353, 
  "V_24": 516.8443216306806, 
  "V_25": 199.43724562726842, 
  "V_26": 70.14161527244619, 
  "V_27": 24.223252278429587, 
  "V_31": 339.4919935842279, 
  "V_32": 454.2118819802353, 
  "V_33": 361.3351687367808, 
  "V_34": 411.12735477424104, 
  "V_35": 158.67635516590758, 
  "V_36": 55.8423349278304, 
  "V_37": 19.286838074574526, 
  "V_41": 386.2222324462045, 
  "V_42": 516.8443216306806, 
  "V_43": 411.12735477424104, 
  "V_44": 468.1163849036251, 
  "V_45": 180.7756094485741, 
  "V_46": 63.65591171428486, 
  "V_47": 22.0293676272733, 
  "V_51": 149.01054404622337, 
  "V_52": 199.43724562726842, 
  "V_53": 158.67635516590758, 
  "V_54": 180.7756094485741, 
  "V_55": 69.9128517036885, 
  "V_56": 24.66765342286178, 
  "V_57": 8.557029061941964, 
  "V_61": 52.429587703295226, 
  "V_62": 70.14161527244619, 
  "V_63": 55.8423349278304, 
  "V_64": 63.65591171428486, 
  "V_65": 24.66765342286178, 
  "V_66": 8.76102083741722, 
  "V_67": 3.0573456305712723, 
  "V_71": 18.08642665932608, 
  "V_72": 24.223252278429587, 
  "V_73": 19.286838074574526, 
  "V_74": 22.0293676272733, 
  "V_75": 8.557029061941964, 
  "V_76": 3.0573456305712723, 
  "V_77": 1.1481676475642588
}