{
  "1": [
    0.0001282450971064652, 
    0.07343382730840631, 
    0.39652193062763, 
    0.24929870054632314, 
    0.3009044071169528, 
    0.2953792878646946, 
    0.19247578019775957
  ], 
  "3": [
    9.289329374191911e-05, 
    0.0771534958801394, 
    0.22659240520398055, 
    0.24644738360443116, 
    0.40119160344059573, 
    0.32970382220198147, 
    0.2748633774139413
  ], 
  "2": [
    0.00011373956288449028, 
    0.04999178683157371, 
    0.29020114818505627, 
    0.23650219457521934, 
    0.1679082289916344, 
    0.20974324341265896, 
    0.1571349434225971
  ], 
  "5": [
    5.40407744806865e-05, 
    0.05015197815015174, 
    0.3027141741211694, 
    0.43830977657302295, 
    0.4558715883871924, 
    0.3087479062257953, 
    0.33055320669755606
  ], 
  "4": [
    8.640453351746942e-05, 
    0.06121282331038205, 
    0.34191484800314764, 
    0.29991271633594624, 
    0.3570998883582072, 
    0.35038389652239715, 
    0.235799680747759
  ], 
  "7": [
    2.8932742689652996e-05, 
    0.011390355969774507, 
    0.20435299043842567, 
    0.4536537920253634, 
    0.3302795237788106, 
    0.3480401002258667, 
    0.4250775837325501
  ], 
  "6": [
    3.4383013220003975e-05, 
    0.025318224312205376, 
    0.4396191260433181, 
    0.4433203722529297, 
    0.42907054015125545, 
    0.3165026127893127, 
    0.35592901890474327
  ]
}