{
  "1": [
    -0.2865755533333333, 
    -0.6284530466666678, 
    -0.12248512163259435, 
    -0.143694372096565, 
    -0.14598868053967545, 
    0.14817240632930276, 
    0.07462251815980626
  ], 
  "3": [
    -0.47271798, 
    -0.3695064399999999, 
    -0.04603016982664267, 
    0.24929466148808196, 
    0.002179426785578293, 
    -0.28750965069413364, 
    0.002802431834929973
  ], 
  "2": [
    -0.5087350266666666, 
    0.652501353333333, 
    -0.23884413021219444, 
    -0.015956385652272993, 
    -0.11191680006098062, 
    -0.042498708762501905, 
    0.08258883040320049
  ], 
  "5": [
    -0.25186239333333327, 
    0.12909465999999994, 
    0.32608425308053535, 
    0.12026865432944962, 
    -0.09066069822394983, 
    0.28102480220928533, 
    0.01992294276590502
  ], 
  "4": [
    -0.6018209133333334, 
    -0.004445246666666652, 
    0.18981272817145073, 
    -0.1711480085294336, 
    0.17817365652869896, 
    0.016108799820868703, 
    -0.15793136470505612
  ], 
  "7": [
    -0.03891675333333326, 
    -0.012488139999999946, 
    0.04153090774282411, 
    -0.06740226943873201, 
    0.0398968976293926, 
    0.02184755187341413, 
    0.5934272133908833
  ], 
  "6": [
    -0.09199577999999999, 
    -0.0709631533333333, 
    -0.21304905906860186, 
    0.07370887213464326, 
    0.12799733211372788, 
    0.36676827884758917, 
    0.023994269572235702
  ]
}