{
  "1": 89.34711485831646, 
  "3": 0.04622388911336233, 
  "2": 0.060092030212250756, 
  "4": 0.03323837855520579
}