{
  "P_1": 325.19820582631365, 
  "P_2": 261.8237384677096, 
  "P_3": 147.45166832129965, 
  "P_4": 124.6070399117529, 
  "P_5": 36.879489119534696, 
  "P_6": 11.258720265091105, 
  "P_7": 3.8328265066887326
}