{"mode1_error": [5.193635168080261e-06, 2.9213036284100088e-06, 3.167174337864229e-06, 2.5716354770113836e-06, 7.782635078427158e-06, 3.393462107356536e-05, 0.0002088044024584792], "mode1": [0.008192153425387882, 0.018234296336111955, 0.030325775451786413, 0.04607180539957692, 0.06518906505017558, 0.07719348676420758, 0.07886597869326566]}