{"mode1_error": [0.0, 0.0, 0.0, 0.0, 0.0, 0.0, 0.0], "mode2": [0.00041, 0.0003, -0.00029, -0.0006, -0.00256, -0.00666, -0.00984], "mode2_error": [0.0, 0.0, 0.0, 0.0, 0.0, 0.0, 0.0], "mode1": [0.00196, 0.00355, 0.00512, 0.00703, 0.01028, 0.01434, 0.0199]}