{"mode1_error": [4e-06, 4e-06, 6e-06, 6e-06, 1.3e-05, 2.2e-05, 2.6e-05, 9.9e-05, 4.2e-05, 0.0, 0.000838], "mode2": [0.00022, 0.00023, -2e-05, -0.00018, -0.00147, -0.0039, -0.00733, -0.01485, -0.02192, -0.03635, -0.04449], "mode2_error": [0.000149, 0.000133, 0.000193, 0.000194, 0.001022, 0.002823, 0.00415, 0.009398, 0.010411, 0.020759, 0.023998], "mode1": [0.0081, 0.01694, 0.02775, 0.04196, 0.05947, 0.07167, 0.0767, 0.07349, 0.06171, 0.04468, 0.02819]}