{"mode1_error": [3.8e-05, 4.1e-05, 5.5e-05, 5.7e-05, 0.000114, 0.000192, 0.000306, 0.000488, 0.000731, 0.001062, 0.001428], "mode2": [-0.00028, -0.00023, -0.00042, 0.00014, 0.00238, 0.00863, 0.01856, 0.03643, 0.06396, 0.0945, 0.12454], "mode2_error": [4.5e-05, 4.9e-05, 6.5e-05, 6.3e-05, 0.000136, 0.000236, 0.000405, 0.000686, 0.001177, 0.001817, 0.002103], "mode1": [0.01315, 0.02712, 0.04339, 0.06457, 0.09041, 0.10895, 0.11439, 0.10483, 0.07804, 0.04173, 0.0013]}