{"mode1_error": [3e-06, 3e-06, 5e-06, 5e-06, 1e-05, 1.7e-05, 3e-05], "mode2": [0.0001, 0.00018, 0.00014, -0.00024, -0.00169, -0.0043, -0.0087], "mode2_error": [6e-05, 0.000101, 0.000283, 0.000197, 0.00082, 0.00189, 0.003985], "mode1": [0.00275, 0.00589, 0.00979, 0.01491, 0.02109, 0.02487, 0.02563]}