{"mode1_error": [2e-06, 2e-06, 3e-06, 3e-06, 7e-06, 1.9e-05, 5.9e-05], "mode2": [3e-05, 0.00034, -9e-05, -0.00033, -0.00114, -0.00359, -0.00769], "mode2_error": [6.1e-05, 7.7e-05, 0.000113, 0.000119, 0.000311, 0.001028, 0.002025], "mode1": [0.0059, 0.01294, 0.02161, 0.03297, 0.04683, 0.05603, 0.05903]}