{"mode1_error": [2e-06, 2e-06, 3e-06, 3e-06, 7e-06, 6e-06, 6.3e-05], "mode2": [-0.00023, -0.00013, 9e-05, 0.00023, 0.00095, 0.00324, 0.00552], "mode2_error": [3.6e-05, 3.2e-05, 4.4e-05, 4.4e-05, 0.000169, 0.000554, 0.001017], "mode1": [0.0066, 0.01453, 0.02425, 0.03694, 0.05243, 0.06258, 0.06573]}