{"mode1_error": [2e-06, 2e-06, 3e-06, 4e-06, 9e-06, 7e-06, 6.3e-05], "mode2": [0.00058, -0.00025, 0.00018, -0.0005, 0.00031, 0.00059, 0.00507], "mode2_error": [0.00024, 0.000254, 0.000236, 0.00029, 0.001673, 0.004562, 0.009775], "mode1": [0.00836, 0.01844, 0.03072, 0.04667, 0.06613, 0.0787, 0.08201]}