{"mode1_error": [3e-06, 3e-06, 4e-06, 5e-06, 1.1e-05, 1.7e-05, 4e-06], "mode2": [0.00053, -0.0, 7e-05, -0.00056, -0.00087, -0.00295, -0.00736], "mode2_error": [4.9e-05, 5e-05, 6.1e-05, 7e-05, 0.000263, 0.000576, 0.001302], "mode1": [0.00926, 0.02044, 0.03391, 0.05132, 0.07254, 0.08615, 0.0892]}