{
  "1": [
    0.4225000000000001, 
    0.40636666666666676, 
    0.17510000000000003, 
    -0.09729999999999994, 
    0.3975666666666666, 
    -0.6767666666666666, 
    0.013966666666666686
  ], 
  "3": [
    0.44816666666666677, 
    0.08363333333333345, 
    -0.019100000000000002, 
    0.7705666666666668, 
    -0.3959666666666667, 
    -0.014099999999999998, 
    0.20230000000000015
  ], 
  "2": [
    0.5646333333333333, 
    0.34396666666666675, 
    0.02943333333333343, 
    -0.4852999999999999, 
    -0.1938333333333333, 
    0.5249666666666668, 
    0.11529999999999996
  ], 
  "5": [
    0.19496666666666673, 
    -0.5994999999999999, 
    0.031166666666666787, 
    -0.35609999999999997, 
    -0.35563333333333336, 
    -0.3785666666666666, 
    0.45276666666666676
  ], 
  "4": [
    0.5085000000000002, 
    -0.5268333333333333, 
    -0.2440333333333333, 
    0.05203333333333338, 
    0.28990000000000005, 
    0.08936666666666682, 
    -0.5564333333333333
  ], 
  "7": [
    0.024233333333333332, 
    -0.15703333333333325, 
    0.9320333333333336, 
    0.03810000000000003, 
    -0.12629999999999997, 
    0.0763666666666667, 
    -0.2878333333333333
  ], 
  "6": [
    0.0677000000000001, 
    -0.2189, 
    0.19730000000000003, 
    0.17389999999999994, 
    0.6489666666666667, 
    0.33030000000000004, 
    0.5900333333333334
  ]
}