{
  "V_11": 519.4519356349567, 
  "V_12": 695.1252308126271, 
  "V_13": 553.8387650171462, 
  "V_14": 632.0714440314301, 
  "V_15": 244.6464372204469, 
  "V_16": 86.09720625850062, 
  "V_17": 29.27827616658874, 
  "V_21": 695.1252308126271, 
  "V_22": 930.6605840190521, 
  "V_23": 741.5126160494984, 
  "V_24": 846.1998666566525, 
  "V_25": 327.57333723510055, 
  "V_26": 115.41930110408966, 
  "V_27": 39.21046312928559, 
  "V_31": 553.8387650171462, 
  "V_32": 741.5126160494984, 
  "V_33": 591.0752678724305, 
  "V_34": 674.6447653922746, 
  "V_35": 261.2202004132206, 
  "V_36": 92.03523891551279, 
  "V_37": 31.29467086922291, 
  "V_41": 632.0714440314301, 
  "V_42": 846.1998666566525, 
  "V_43": 674.6447653922746, 
  "V_44": 770.300168910255, 
  "V_45": 298.3185201030428, 
  "V_46": 105.14612717252923, 
  "V_47": 35.80861312052897, 
  "V_51": 244.6464372204469, 
  "V_52": 327.57333723510055, 
  "V_53": 261.2202004132206, 
  "V_54": 298.3185201030428, 
  "V_55": 115.70495126712002, 
  "V_56": 40.862585121193135, 
  "V_57": 13.947409618642608, 
  "V_61": 86.09720625850062, 
  "V_62": 115.41930110408966, 
  "V_63": 92.03523891551279, 
  "V_64": 105.14612717252923, 
  "V_65": 40.862585121193135, 
  "V_66": 14.491113874515928, 
  "V_67": 4.975939209262865, 
  "V_71": 29.27827616658874, 
  "V_72": 39.21046312928559, 
  "V_73": 31.29467086922291, 
  "V_74": 35.80861312052897, 
  "V_75": 13.947409618642608, 
  "V_76": 4.975939209262865, 
  "V_77": 1.7468382706441117
}