{"mode1_error": [1.9632824665506032e-06, 1.1194311045352943e-06, 1.1982903101863892e-06, 9.558143010504937e-07, 2.546711023268111e-06, 9.240643946857254e-06, 4.8653000920132436e-05], "mode1": [0.005857464402040626, 0.01281871561527338, 0.021437418188554703, 0.03271524718900559, 0.046412364200391035, 0.0551693441377398, 0.05677404214194824]}