{
  "1": 30.402974164480217, 
  "3": 0.00992241475847747, 
  "2": 0.03970510507178111, 
  "4": 0.007175317039774804
}