{
  "1": [
    -0.2855160133333333, 
    0.7321573553443393, 
    0.13073260491847105, 
    0.2904482297929188, 
    0.10820052708833723, 
    0.018934621059691566, 
    -0.024093539090512824
  ], 
  "3": [
    -0.4712271066666666, 
    0.10329817908954478, 
    0.08307391071905919, 
    -0.8161138142952574, 
    -0.10333334667734209, 
    -0.04044895372233373, 
    0.01328252739519457
  ], 
  "2": [
    -0.5040145533333333, 
    -0.2539162081040523, 
    0.40928922747928437, 
    0.2875754241816965, 
    -0.23757160394982618, 
    0.23672611670020166, 
    -0.013654652994202312
  ], 
  "5": [
    -0.2559329533333334, 
    0.041054183758545894, 
    -0.46672874899759553, 
    0.18742096192384788, 
    -0.5650334067253813, 
    -0.18913658618376888, 
    -0.1308525418048986
  ], 
  "4": [
    -0.6059052666666667, 
    -0.2389880773720194, 
    -0.19322265437048852, 
    0.1983674816299264, 
    0.43124346810782016, 
    -0.1611830717639159, 
    0.08180602191615546
  ], 
  "7": [
    -0.03188905333333326, 
    0.07137534433883609, 
    -0.26222143811814985, 
    -0.010230961923847568, 
    -0.024984847878302307, 
    0.2110550972501683, 
    0.5795020508696095
  ], 
  "6": [
    -0.0935675199999999, 
    0.024329448057361962, 
    -0.4048375768511088, 
    -0.11891800267201055, 
    0.23142465972778176, 
    0.3599366197183105, 
    -0.28903218725914004
  ]
}