{
  "1": [
    7.806401188479857e-05, 
    0.04213891725189195, 
    0.05658167554462125, 
    0.17416204140242825, 
    0.13152345809062763, 
    0.15976764928198603, 
    0.07736132041681186
  ], 
  "3": [
    5.744529207664294e-05, 
    0.08120409848831091, 
    0.06988475069169582, 
    0.44709240410121565, 
    0.3615171735716046, 
    0.3875438399221802, 
    0.20155451253501097
  ], 
  "2": [
    6.875169783100618e-05, 
    0.061805638114330555, 
    0.0690866063419276, 
    0.1946307218472579, 
    0.2289855007129534, 
    0.2705310245647194, 
    0.14761969690470184
  ], 
  "5": [
    3.5950086532708306e-05, 
    0.04332995343627786, 
    0.053986163589873085, 
    0.26544022523137023, 
    0.4361172825233097, 
    0.34796524987682564, 
    0.2857158748400533
  ], 
  "4": [
    5.406215262751269e-05, 
    0.05543112577048431, 
    0.06581689894987873, 
    0.3165546907620323, 
    0.2670156761302535, 
    0.3236050828406188, 
    0.18575927683111532
  ], 
  "7": [
    2.1122474598139775e-05, 
    0.014563460965727753, 
    0.03771801645122744, 
    0.16718837158580163, 
    0.35279448093605087, 
    0.377516088993801, 
    0.3691162324242655
  ], 
  "6": [
    2.81552395021732e-05, 
    0.0222991448300394, 
    0.06269597280593878, 
    0.3678943850493651, 
    0.4095489650835452, 
    0.35149684546770527, 
    0.2915886403614067
  ]
}