{
  "1": 807.3052810767841, 
  "3": 0.1408890016629322, 
  "2": 0.7780640118248773, 
  "4": 0.08861435261347686
}