{
  "1": 30.403149269454822, 
  "3": 0.009924952830649706, 
  "2": 0.03974743260349946, 
  "4": 0.00718115629414603
}