{
  "1": [
    -0.4183608200000001, 
    -0.7126733066266041, 
    0.20835812978553872, 
    -0.09733805912506148, 
    0.18207352220683795, 
    -0.02677367073880165, 
    -0.0023437628714326124
  ], 
  "3": [
    -0.43681779333333326, 
    0.039124810549157216, 
    0.40477753178810333, 
    -0.03500070921985727, 
    -0.3663337274115097, 
    -0.05606953267403523, 
    -0.06566040747278634
  ], 
  "2": [
    -0.56600032, 
    -0.08406112835920519, 
    -0.5984695735024079, 
    0.17555510848957226, 
    -0.10057063585046391, 
    0.01739828970331584, 
    0.07525905413356883
  ], 
  "5": [
    -0.20034499333333322, 
    0.18624330161909522, 
    -0.2869827564702213, 
    -0.45944791096130827, 
    0.015723488479425757, 
    0.13918078340120213, 
    -0.22846541629891093
  ], 
  "4": [
    -0.5179774933333331, 
    0.5457838390919725, 
    0.2566032533000724, 
    0.12240343374763019, 
    0.26807991266375536, 
    0.007493554392088371, 
    -0.011066409238011218
  ], 
  "7": [
    -0.025211466666666623, 
    -0.01995966950425634, 
    0.10694355056646912, 
    -0.007756920160101034, 
    -0.037368292682927, 
    0.5102591390343229, 
    0.3017101500441299
  ], 
  "6": [
    -0.06844902666666666, 
    0.1358204540143551, 
    -0.0500671343935135, 
    -0.2082117477705209, 
    -0.002621709802250926, 
    -0.2740289199146798, 
    0.4523609370403063
  ]
}