{
  "1": 16.9340581150637, 
  "3": 0.11418239417787199, 
  "2": 0.4288092181934334, 
  "4": 0.01480063477629387
}