{
  "1": [
    -0.2855162533333333, 
    0.7418127404888122, 
    0.12581460734208497, 
    0.2910177138657853, 
    0.10765264791270404, 
    0.019655895782970764, 
    -0.02411812936124528
  ], 
  "3": [
    -0.47122771999999996, 
    0.1029169584208596, 
    0.08659984300364112, 
    -0.8169695393660024, 
    -0.10254269362965959, 
    -0.039879767660488716, 
    0.01340791062801939
  ], 
  "2": [
    -0.5040146799999999, 
    -0.2554115401287061, 
    0.4161907572569062, 
    0.28728939773524464, 
    -0.23839953615643886, 
    0.23352902229384953, 
    -0.012670605206656114
  ], 
  "5": [
    -0.2559333200000001, 
    0.0415888133106599, 
    -0.47404835153823016, 
    0.18781754684838142, 
    -0.5629193679714344, 
    -0.189809810636583, 
    -0.1311543679549116
  ], 
  "4": [
    -0.6059048733333334, 
    -0.24223939515187956, 
    -0.19516766209039008, 
    0.19875862978922434, 
    0.4313077084793278, 
    -0.1584908004297612, 
    0.08090429414922178
  ], 
  "7": [
    -0.03188913333333326, 
    0.07234489346804049, 
    -0.2666361258643157, 
    -0.010168517219494154, 
    -0.026919848500016465, 
    0.20925166532366396, 
    0.5794951690821262
  ], 
  "6": [
    -0.09356743999999992, 
    0.024093384682071374, 
    -0.4106541102982924, 
    -0.1184537228179177, 
    0.22802829445723616, 
    0.3571089309696481, 
    -0.28822260466988636
  ]
}