{
  "11": [
    -0.001843546666666571, 
    -0.11793860000000009, 
    0.020804605829311314, 
    0.08050889817596113, 
    0.006935023198399621, 
    -0.1720084968933881, 
    0.2592625724172793, 
    0.13040638776428246, 
    0.31374525766135974, 
    0.1503540107494166, 
    0.18489719315523798
  ], 
  "10": [
    -0.0029666666666666695, 
    -0.10325657999999999, 
    -0.010643630037041094, 
    0.09005264463889263, 
    0.0038318860937300355, 
    -0.14525942887709328, 
    0.23680883004782466, 
    0.2858436722147251, 
    -0.36639032699880164, 
    0.0985060541527224, 
    0.11467309696745807
  ], 
  "1": [
    -0.3974734, 
    0.48101192000000054, 
    0.34072803157855425, 
    0.22908916024552686, 
    0.18383349508364177, 
    0.05542720240299561, 
    0.015055146001010973, 
    -0.0027383115909430425, 
    -0.009469560006848041, 
    0.011809400669303388, 
    0.002222975912019434
  ], 
  "3": [
    -0.44493159999999987, 
    0.0452017333333334, 
    0.18061000112246034, 
    0.01921043489617338, 
    -0.36079532201081027, 
    0.03560792906225539, 
    0.028610727477740378, 
    0.014908786924576624, 
    -0.002390155795240503, 
    0.002077862285772345, 
    -0.009392067791045941
  ], 
  "2": [
    -0.5388666199999999, 
    0.3192345866666663, 
    -0.478292419650541, 
    0.034644564886161223, 
    0.0008345847699316786, 
    -0.10447189647368646, 
    -0.041980726311287186, 
    0.008953696206327898, 
    0.018840035952747903, 
    0.0014582395294595383, 
    0.008287976527555564
  ], 
  "5": [
    -0.22966824666666663, 
    -0.48051107999999865, 
    -0.10367065140120421, 
    0.21710869792346923, 
    0.027364972545013286, 
    0.5023528659013305, 
    0.020843395932967815, 
    0.013167004048583031, 
    0.010087673343605606, 
    0.012034002636649468, 
    0.02843777340063205
  ], 
  "4": [
    -0.5401312733333333, 
    -0.43164128666666646, 
    0.11099837991544116, 
    -0.362464224456923, 
    0.1485638147533309, 
    -0.12080547669012016, 
    0.06719421828220401, 
    -0.017924194032088704, 
    -0.012631920903954756, 
    -0.014168157387688762, 
    -0.01923399811235577
  ], 
  "7": [
    -0.03303333333333324, 
    -0.2021836933333335, 
    0.01091270625210467, 
    0.19112565843890106, 
    -0.007306767973438887, 
    -0.20443649343702497, 
    0.12181019090944421, 
    -0.5874312490628265, 
    -0.06229115733607274, 
    0.04697834905182038, 
    0.004269362714924911
  ], 
  "6": [
    -0.08888674666666664, 
    -0.3386265133333334, 
    0.06199517716167196, 
    0.20778814592312014, 
    0.007037257906610624, 
    -0.24574652100563674, 
    -0.5122898207550836, 
    0.1362301619433202, 
    0.010727589453860641, 
    -0.03485193185275331, 
    0.07717692560219948
  ], 
  "9": [
    -0.005433333333333287, 
    -0.1070077599999998, 
    -0.004165057806712364, 
    0.12536298376213495, 
    -0.0026922189588388795, 
    -0.1373731761510924, 
    0.2752534974143629, 
    0.08212406657669825, 
    0.05608890600924546, 
    -0.3566218030625696, 
    0.04239201034100685
  ], 
  "8": [
    -0.012366666666666633, 
    -0.15720054666666666, 
    -0.004273023534253536, 
    0.14258136345827355, 
    0.006995228365896029, 
    -0.13009255235979103, 
    0.13313749756988988, 
    0.16516211575948464, 
    0.03976177880499919, 
    0.11312298955481233, 
    -0.4238415240674631
  ]
}