{
  "1": 0.00017824039417227238, 
  "3": 0.00014853391809844518, 
  "2": 0.00035005564385837655, 
  "4": 7.894027495129798e-05
}