{
  "1": 30.38195106223308, 
  "3": 0.03979124498806963, 
  "2": 0.1578470763653485, 
  "4": 0.01887919529831567
}