{
  "1": [
    0.29153882666666675, 
    0.8872359128575246, 
    -0.20171549527747007, 
    -0.008762444929701635, 
    -0.04758359901763795, 
    0.016146145346793216, 
    -0.034268053454362
  ], 
  "3": [
    0.47404083333333347, 
    -0.056270529270248434, 
    0.03136206850189924, 
    0.31205602804275356, 
    0.3138023889260992, 
    -0.10141681984832426, 
    -0.0026725500084048854
  ], 
  "2": [
    0.5111761800000001, 
    -0.30701822373696924, 
    -0.324803008302242, 
    0.17197186147186103, 
    -0.3124842732752836, 
    0.04529749886997134, 
    -0.045960690872415375
  ], 
  "5": [
    0.24760632000000005, 
    0.07578039294306324, 
    0.4719606769520345, 
    0.026304957284603837, 
    -0.09406815360571498, 
    0.14949525890211465, 
    0.3980300218524123
  ], 
  "4": [
    0.5983356999999997, 
    -0.1716482424485429, 
    0.05659343551477269, 
    -0.4087520246714936, 
    0.10905800848403699, 
    0.016577615388478947, 
    -0.06951009413346793
  ], 
  "7": [
    0.03898840000000013, 
    0.05199720662924356, 
    0.5197344929582202, 
    0.09419392023905317, 
    0.03329029247599917, 
    0.2579176083571894, 
    -0.320700445453018
  ], 
  "6": [
    0.09029582000000005, 
    0.07609570302058265, 
    0.4312694598500889, 
    0.012081902463318953, 
    -0.2040720473319935, 
    -0.4071397468735858, 
    -0.10771868381240512
  ]
}