{
  "1": [
    0.0003371898888742702, 
    0.3559122760662908, 
    0.32334745625313477, 
    0.36858309702217085, 
    0.18535454097007686, 
    0.16517629680258705, 
    0.14170195005038513
  ], 
  "3": [
    0.00021156213688885186, 
    0.2619974117494005, 
    0.3044199710422702, 
    0.27560538627974324, 
    0.2640083674724748, 
    0.22584482735662767, 
    0.19211142250050434
  ], 
  "2": [
    0.00025928547225851495, 
    0.26793446549404243, 
    0.37836735159000884, 
    0.21812764392739056, 
    0.14793202305812975, 
    0.1438134104498362, 
    0.11675859786545831
  ], 
  "5": [
    0.00012336418186187627, 
    0.1673647845471773, 
    0.19259623206975066, 
    0.2172074081384792, 
    0.3840063204034788, 
    0.44881074552578243, 
    0.3699424792549494
  ], 
  "4": [
    0.00020263422590370653, 
    0.2913324454878995, 
    0.2903022728558364, 
    0.2497364006589843, 
    0.21597638546966041, 
    0.1461589092044002, 
    0.17553716369226638
  ], 
  "7": [
    3.68623716567738e-05, 
    0.10037906509615543, 
    0.16297244550634307, 
    0.1663089476424555, 
    0.3447423226129512, 
    0.426145100716343, 
    0.5478386868362626
  ], 
  "6": [
    6.370794159714902e-05, 
    0.16890028112699454, 
    0.22939520189772122, 
    0.22970171714577717, 
    0.3361900558781218, 
    0.479085720595541, 
    0.30163798975816447
  ]
}