{
  "1": 0.0011804898783894277, 
  "3": 0.0005817333283853765, 
  "2": 0.0011001542331964876, 
  "4": 0.00020991344081627502
}