{
  "dV_11": 0.5170707231533455, 
  "dV_12": 0.3002112271482435, 
  "dV_13": 0.23124831241215646, 
  "dV_14": 0.22564650132418335, 
  "dV_15": 0.11748760950062812, 
  "dV_16": 0.06203360704920321, 
  "dV_17": 0.034369361541616406, 
  "dV_21": 0.3002112271482435, 
  "dV_22": 0.34783700842350723, 
  "dV_23": 0.1900681135793468, 
  "dV_24": 0.18519305062165606, 
  "dV_25": 0.0963982358633403, 
  "dV_26": 0.05092183689541144, 
  "dV_27": 0.02821745112621328, 
  "dV_31": 0.23124831241215646, 
  "dV_32": 0.1900681135793468, 
  "dV_33": 0.20609935267321117, 
  "dV_34": 0.1428551897152161, 
  "dV_35": 0.07425630751667195, 
  "dV_36": 0.039228344715364176, 
  "dV_37": 0.02174200470725005, 
  "dV_41": 0.22564650132418335, 
  "dV_42": 0.18519305062165606, 
  "dV_43": 0.1428551897152161, 
  "dV_44": 0.19481537113457317, 
  "dV_45": 0.07266547987976475, 
  "dV_46": 0.038303896791472586, 
  "dV_47": 0.02121716439716884, 
  "dV_51": 0.11748760950062812, 
  "dV_52": 0.0963982358633403, 
  "dV_53": 0.07425630751667195, 
  "dV_54": 0.07266547987976475, 
  "dV_55": 0.053248287111035054, 
  "dV_56": 0.020035007481659064, 
  "dV_57": 0.011084551159694993, 
  "dV_61": 0.06203360704920321, 
  "dV_62": 0.05092183689541144, 
  "dV_63": 0.039228344715364176, 
  "dV_64": 0.038303896791472586, 
  "dV_65": 0.020035007481659064, 
  "dV_66": 0.014948905263529617, 
  "dV_67": 0.005880649385561076, 
  "dV_71": 0.034369361541616406, 
  "dV_72": 0.02821745112621328, 
  "dV_73": 0.02174200470725005, 
  "dV_74": 0.02121716439716884, 
  "dV_75": 0.011084551159694993, 
  "dV_76": 0.005880649385561076, 
  "dV_77": 0.004673873379276151
}