{
  "1": 450.3763956330003, 
  "3": 0.0612741108748357, 
  "2": 0.3328699914309903, 
  "4": 0.007624432249347407
}