{
  "1": [
    -0.32239354666666664, 
    0.4490186468263196, 
    -0.4099297511491522, 
    -0.08084792667734424, 
    0.21328707687176876, 
    0.013359112282333545, 
    0.009923229296712426
  ], 
  "3": [
    -0.46616153333333343, 
    -0.05020815314268012, 
    0.053286281502615454, 
    -0.5418143192738948, 
    -0.3201954393863599, 
    -0.050435307187516244, 
    0.0588729088639202
  ], 
  "2": [
    -0.5001698533333334, 
    -0.5601293110129393, 
    -0.23210968457758735, 
    0.12231534080797309, 
    0.19369261297315313, 
    0.020616560739936958, 
    0.037879775280899
  ], 
  "5": [
    -0.2505342466666666, 
    0.07390459583042713, 
    0.2504339197971148, 
    -0.10257057483538044, 
    0.21294576454894076, 
    0.30567810158631753, 
    -0.3225371285892628
  ], 
  "4": [
    -0.5970581399999998, 
    0.21920203053553425, 
    0.21267859407196102, 
    0.4316430503648336, 
    -0.17726584959146213, 
    -0.11068340308996015, 
    -0.0039109612983770255
  ], 
  "7": [
    -0.031025233333333246, 
    0.009882298690227104, 
    0.17673697891900456, 
    -0.1681675920982381, 
    0.3236915957978981, 
    -0.3817973699168072, 
    -0.24417260923845385
  ], 
  "6": [
    -0.0915296866666666, 
    0.09956597690459604, 
    0.30841505785385953, 
    -0.10229129382452402, 
    0.2846106720026682, 
    0.1118272464217434, 
    0.4493690719933422
  ]
}