{
  "1": [
    -0.41842121484220196, 
    -0.4368815652134763, 
    0.6093109065859219, 
    0.4539037613411903, 
    0.01400755464572749, 
    -0.19586260686054993, 
    -0.13494964671506082
  ], 
  "2": [
    -0.5610673233201326, 
    -0.5089260128774955, 
    -0.3975187647855901, 
    -0.39416397062045855, 
    -0.3004948570763144, 
    0.07119393973875202, 
    0.13208191338185085
  ], 
  "3": [
    -0.44832489087000293, 
    0.16906157490571422, 
    -0.36328240229038417, 
    0.12735184971577693, 
    0.7477863975100169, 
    -0.02902967559579855, 
    -0.24940561403212666
  ], 
  "4": [
    -0.5134583881110656, 
    0.6853596497790109, 
    0.02334999860889439, 
    0.20416588362817614, 
    -0.46895846625311305, 
    0.04868085523311559, 
    0.04606337942159949
  ], 
  "5": [
    -0.1998355918840659, 
    0.15473565751489296, 
    0.47029953962631554, 
    -0.4286077787928593, 
    0.3581206432610813, 
    0.15259013182659556, 
    0.6161997923033973
  ], 
  "6": [
    -0.07057502058333669, 
    0.089834643061167, 
    0.33937442784565436, 
    -0.5143630553329998, 
    -0.03716682212247598, 
    0.3049006602371829, 
    -0.7161415803658848
  ], 
  "7": [
    -0.02402757297670175, 
    0.1407684586046747, 
    0.042930935950468305, 
    -0.36390927070917417, 
    -0.027718623985267577, 
    -0.9149363658216412, 
    -0.0863540306568962
  ]
}