{
  "1": [
    9.772878600465082e-05, 
    0.3130685652693224, 
    0.3195563651484062, 
    0.32501149039939153, 
    0.32418009396211694, 
    0.24122672833389944, 
    0.17534785765602662
  ], 
  "3": [
    7.762244090494576e-05, 
    0.24067635543267257, 
    0.4337158862401175, 
    0.4079593331787485, 
    0.33143101425738103, 
    0.2538099380862517, 
    0.22587746169414738
  ], 
  "2": [
    9.018516282477931e-05, 
    0.2714323528783023, 
    0.336261786559341, 
    0.28238886081511066, 
    0.28428559597902797, 
    0.19540523279838562, 
    0.16320746200937042
  ], 
  "5": [
    4.411621012228813e-05, 
    0.15105717962753817, 
    0.34170075602035704, 
    0.3442620586723154, 
    0.36203150590665145, 
    0.3953798914209312, 
    0.27623193818299935
  ], 
  "4": [
    7.594701958907377e-05, 
    0.2163681861680206, 
    0.34372821996053177, 
    0.2764309287983139, 
    0.2284220166018902, 
    0.1851544612004898, 
    0.17011690846694286
  ], 
  "7": [
    2.5800516540236426e-06, 
    0.06446555611441811, 
    0.1695131030197851, 
    0.23352631067064195, 
    0.3466117588540219, 
    0.28195954621973024, 
    0.5896285563129791
  ], 
  "6": [
    2.1660126154579722e-05, 
    0.08558476164517227, 
    0.26595813316602446, 
    0.31102630698310263, 
    0.41062833541991556, 
    0.4661942812158975, 
    0.295709194154566
  ]
}