{
  "1": 0.0035665506615065313, 
  "3": 0.0029468515693137783, 
  "2": 0.0036762923891384925, 
  "4": 0.002063934748821319
}