{
  "V_11": 657.4035073548813, 
  "V_12": 880.7000724544682, 
  "V_13": 703.4354771736514, 
  "V_14": 805.5117468691706, 
  "V_15": 313.64052922065747, 
  "V_16": 110.7341877476434, 
  "V_17": 37.54341109436068, 
  "V_21": 880.7000724544682, 
  "V_22": 1181.4132704965762, 
  "V_23": 943.5790437281129, 
  "V_24": 1080.0229546706034, 
  "V_25": 420.46331930955716, 
  "V_26": 148.47490387998033, 
  "V_27": 50.52583730191516, 
  "V_31": 703.4354771736514, 
  "V_32": 943.5790437281129, 
  "V_33": 753.9344689035454, 
  "V_34": 863.7964574869231, 
  "V_35": 335.868262746912, 
  "V_36": 118.60583706785869, 
  "V_37": 40.4147233074306, 
  "V_41": 805.5117468691706, 
  "V_42": 1080.0229546706034, 
  "V_43": 863.7964574869231, 
  "V_44": 989.6211556863971, 
  "V_45": 385.07074538135885, 
  "V_46": 135.96578415752504, 
  "V_47": 46.38172364498555, 
  "V_51": 313.64052922065747, 
  "V_52": 420.46331930955716, 
  "V_53": 335.868262746912, 
  "V_54": 385.07074538135885, 
  "V_55": 150.06914151825458, 
  "V_56": 53.1424526255229, 
  "V_57": 18.148368812252745, 
  "V_61": 110.7341877476434, 
  "V_62": 148.47490387998033, 
  "V_63": 118.60583706785869, 
  "V_64": 135.96578415752504, 
  "V_65": 53.1424526255229, 
  "V_66": 18.94439325514138, 
  "V_67": 6.501798598017757, 
  "V_71": 37.54341109436068, 
  "V_72": 50.52583730191516, 
  "V_73": 40.4147233074306, 
  "V_74": 46.38172364498555, 
  "V_75": 18.148368812252745, 
  "V_76": 6.501798598017757, 
  "V_77": 2.2541934786680664
}