{
  "1": [
    -0.4184225333333333, 
    -0.3790711068716573, 
    0.2930469101495299, 
    0.16216942390212738, 
    -0.008981947722702508, 
    -0.06608643721095689, 
    -0.03568530768629293
  ], 
  "3": [
    -0.4483253, 
    0.1533117682265365, 
    -0.19319090909090972, 
    0.1296242034145896, 
    0.32073757321444224, 
    -0.04554286730700794, 
    -0.09456740167331311
  ], 
  "2": [
    -0.5610657399999999, 
    -0.41424392698163265, 
    -0.2153569538176537, 
    -0.15823537843513139, 
    -0.10792348981554335, 
    0.011876956599075254, 
    0.04217296895769802
  ], 
  "5": [
    -0.19983573333333332, 
    0.13100782927467947, 
    0.22639786070310117, 
    -0.30527376974345033, 
    0.2099758283066698, 
    0.19951487904660264, 
    0.33467307060755447
  ], 
  "4": [
    -0.51345918, 
    0.56113374855048, 
    0.04842541131842457, 
    0.09820547795124643, 
    -0.25130769298015637, 
    0.0239914887940234, 
    -0.0076220736570489
  ], 
  "7": [
    -0.024033233333333237, 
    0.1132971495903939, 
    0.07631301221825251, 
    -0.17215550077604352, 
    0.03734651630387266, 
    -0.5509848541444318, 
    0.12865130971929037
  ], 
  "6": [
    -0.07057249333333335, 
    0.07487419668574416, 
    0.1825457059679769, 
    -0.3183994613347939, 
    0.09488818952705677, 
    0.03482439523301324, 
    -0.4589503792321535
  ]
}