{
  "1": 808.15806132246405, 
  "2": 0.79505470744690743, 
  "3": 0.021762044795324863, 
  "4": 0.0053261059684876627, 
  "5": -0.0078029853258337551, 
  "6": -0.22495915587812998, 
  "7": -0.30804560804489012
}