{
  "1": [
    0.00017483127112585814, 
    0.12974154059014498, 
    0.3717100051096178, 
    0.20998751876033594, 
    0.25567731283412903, 
    0.18207473884039047, 
    0.1409980409728426
  ], 
  "3": [
    0.00012812611067169438, 
    0.12862948882078765, 
    0.4023836914433885, 
    0.31224892606622884, 
    0.30923295836164694, 
    0.20710499257592552, 
    0.1697053158911181
  ], 
  "2": [
    0.00015498139204828004, 
    0.12789854799598732, 
    0.22227023884262193, 
    0.25464647356962544, 
    0.2210842512633272, 
    0.18695798940995434, 
    0.15130784273628245
  ], 
  "5": [
    7.451892454168837e-05, 
    0.08437710650950161, 
    0.22039393492743486, 
    0.3990165141745031, 
    0.4059448925217876, 
    0.25817216309247776, 
    0.41084791518744845
  ], 
  "4": [
    0.00011938032531659111, 
    0.13735277373210997, 
    0.2021878638439786, 
    0.30388554257397893, 
    0.3249347451700439, 
    0.24723424969888666, 
    0.24070426821174792
  ], 
  "7": [
    3.102081809683381e-05, 
    0.03497225318594849, 
    0.18131446950243232, 
    0.32370392168585216, 
    0.28263716915454723, 
    0.519970781645924, 
    0.37555376935719015
  ], 
  "6": [
    4.11732248661115e-05, 
    0.05274802334735462, 
    0.22868613878244973, 
    0.3734905032035661, 
    0.3030325983252984, 
    0.42225323553728283, 
    0.3375358978923027
  ]
}