{
  "1": 808.1583476417885, 
  "3": 0.07397578761014573, 
  "2": 0.8050752754217906, 
  "4": 0.00826435613193029
}