{
  "1": 4674.4473189008149, 
  "2": 1.2637725289502533, 
  "3": 0.49723467358914308, 
  "4": 0.31118600301610755, 
  "5": 0.10233894795553335, 
  "6": 0.015569992969164101, 
  "7": -0.2113930395845901
}