{
  "V_11": 738.3987523128309, 
  "V_12": 1000.2314265271804, 
  "V_13": 825.9806284749859, 
  "V_14": 1003.8130628341121, 
  "V_15": 427.2642293713703, 
  "V_16": 165.34373074085894, 
  "V_17": 61.42986492334562, 
  "V_21": 1000.2314265271804, 
  "V_22": 1355.8448432800842, 
  "V_23": 1119.9788689441393, 
  "V_24": 1360.5455163741367, 
  "V_25": 579.089179838922, 
  "V_26": 224.19287819586202, 
  "V_27": 83.31898855917021, 
  "V_31": 825.9806284749859, 
  "V_32": 1119.9788689441393, 
  "V_33": 924.892010400024, 
  "V_34": 1124.0162614574806, 
  "V_35": 478.47701851674975, 
  "V_36": 185.27561741244423, 
  "V_37": 68.88479489798532, 
  "V_41": 1003.8130628341121, 
  "V_42": 1360.5455163741367, 
  "V_43": 1124.0162614574806, 
  "V_44": 1366.6176465704625, 
  "V_45": 581.7942419275159, 
  "V_46": 225.37509058663733, 
  "V_47": 83.81860905546924, 
  "V_51": 427.2642293713703, 
  "V_52": 579.089179838922, 
  "V_53": 478.47701851674975, 
  "V_54": 581.7942419275159, 
  "V_55": 248.04620568516242, 
  "V_56": 96.13224574958997, 
  "V_57": 35.78638718192493, 
  "V_61": 165.34373074085894, 
  "V_62": 224.19287819586202, 
  "V_63": 185.27561741244423, 
  "V_64": 225.37509058663733, 
  "V_65": 96.13224574958997, 
  "V_66": 37.368855034751235, 
  "V_67": 13.956178975205033, 
  "V_71": 61.42986492334562, 
  "V_72": 83.31898855917021, 
  "V_73": 68.88479489798532, 
  "V_74": 83.81860905546924, 
  "V_75": 35.78638718192493, 
  "V_76": 13.956178975205033, 
  "V_77": 5.25771472439339
}