{
  "1": 4674.44897144228, 
  "3": 0.5094892287199864, 
  "2": 1.2721325842572926, 
  "4": 0.29688269526500954
}