{
  "1": [
    -0.3973122933333333, 
    -0.42095363693935933, 
    -0.4907812373518338, 
    -0.016049546526029353, 
    0.09195618208852815, 
    0.11604122892172714, 
    -0.012028772329912538
  ], 
  "3": [
    -0.44482173999999997, 
    -0.28427760790572704, 
    0.19723620988725077, 
    -0.35764810819449505, 
    0.028422871630638228, 
    -0.04706690756121217, 
    0.03625719567395738
  ], 
  "2": [
    -0.5385214266666666, 
    -0.4205283626376485, 
    0.30270975715524734, 
    0.21688977985536748, 
    0.09144893438560393, 
    0.010659975551001413, 
    -0.024332624995680792
  ], 
  "5": [
    -0.2301577466666666, 
    -0.06089999999999994, 
    -0.06142893177218829, 
    0.034288469375524704, 
    0.2631778298829543, 
    -0.4182920037392581, 
    0.12170482360664785
  ], 
  "4": [
    -0.54061596, 
    -0.031433333333333285, 
    -0.0814964368314544, 
    0.07612333293379694, 
    -0.33053059209272284, 
    0.03224378887570561, 
    0.004374289070868494
  ], 
  "7": [
    -0.0331410933333333, 
    -0.0481666665178427, 
    0.023190336802544148, 
    0.0080835390946506, 
    0.10786722711502525, 
    0.449082159421853, 
    0.5185205176047823
  ], 
  "6": [
    -0.08910315999999996, 
    0.02710000000003851, 
    0.018751691240242778, 
    -0.007267909225298471, 
    0.18086424568226042, 
    0.3708274152374786, 
    -0.5139154521267407
  ]
}