{
  "1": 31.1261363449704, 
  "3": 0.09655126311273916, 
  "2": 0.1525537292206901, 
  "4": 0.05332678312951118
}