{
  "V_10_1": 0.35861545394386485, 
  "V_10_10": -0.04002417469646795, 
  "V_10_11": -0.02848190546448944, 
  "V_10_2": 0.6594078102311989, 
  "V_10_3": 0.6368825381276247, 
  "V_10_4": 0.8256333818216369, 
  "V_10_5": 0.3480105439149239, 
  "V_10_6": 0.11138017724945555, 
  "V_10_7": 0.027003187563730945, 
  "V_10_8": -0.0025503867799792175, 
  "V_10_9": -0.014221285013989707, 
  "V_11_1": 0.1934111146705151, 
  "V_11_10": -0.02848190546448944, 
  "V_11_11": -0.05824964630944788, 
  "V_11_2": 0.3194978439485933, 
  "V_11_3": 0.3023444603463457, 
  "V_11_4": 0.38407250003087545, 
  "V_11_5": 0.14736399246470586, 
  "V_11_6": 0.029336739380781608, 
  "V_11_7": -0.010083478156891274, 
  "V_11_8": -0.01810463777352159, 
  "V_11_9": -0.020884173425080785, 
  "V_1_1": 24.61071494807587, 
  "V_1_10": 0.35861545394386485, 
  "V_1_11": 0.1934111146705151, 
  "V_1_2": 43.09975174915534, 
  "V_1_3": 41.18534197027396, 
  "V_1_4": 55.86830078463753, 
  "V_1_5": 25.79092530067566, 
  "V_1_6": 10.368343123502529, 
  "V_1_7": 3.881240354010758, 
  "V_1_8": 1.512283760117935, 
  "V_1_9": 0.7241155987049606, 
  "V_2_1": 43.09975174915534, 
  "V_2_10": 0.6594078102311989, 
  "V_2_11": 0.3194978439485933, 
  "V_2_2": 74.97659825000322, 
  "V_2_3": 72.00234495419066, 
  "V_2_4": 97.82994407223232, 
  "V_2_5": 45.01319481508865, 
  "V_2_6": 18.067943610879734, 
  "V_2_7": 6.7963881952127085, 
  "V_2_8": 2.660466027741521, 
  "V_2_9": 1.2582743518475497, 
  "V_3_1": 41.18534197027396, 
  "V_3_10": 0.6368825381276247, 
  "V_3_11": 0.3023444603463457, 
  "V_3_2": 72.00234495419066, 
  "V_3_3": 68.79029317888927, 
  "V_3_4": 93.42058655236674, 
  "V_3_5": 43.075484480028585, 
  "V_3_6": 17.22157927594873, 
  "V_3_7": 6.44097586669145, 
  "V_3_8": 2.5040699812646903, 
  "V_3_9": 1.1737554568834163, 
  "V_4_1": 55.86830078463753, 
  "V_4_10": 0.8256333818216369, 
  "V_4_11": 0.38407250003087545, 
  "V_4_2": 97.82994407223232, 
  "V_4_3": 93.42058655236674, 
  "V_4_4": 127.0332272176191, 
  "V_4_5": 58.40458437801976, 
  "V_4_6": 23.33105740538559, 
  "V_4_7": 8.728439198139354, 
  "V_4_8": 3.3877544184795085, 
  "V_4_9": 1.5811315850095706, 
  "V_5_1": 25.79092530067566, 
  "V_5_10": 0.3480105439149239, 
  "V_5_11": 0.14736399246470586, 
  "V_5_2": 45.01319481508865, 
  "V_5_3": 43.075484480028585, 
  "V_5_4": 58.40458437801976, 
  "V_5_5": 26.804227956969175, 
  "V_5_6": 10.703018512627258, 
  "V_5_7": 3.977781755781361, 
  "V_5_8": 1.5294510417738296, 
  "V_5_9": 0.6961600419714955, 
  "V_6_1": 10.368343123502529, 
  "V_6_10": 0.11138017724945555, 
  "V_6_11": 0.029336739380781608, 
  "V_6_2": 18.067943610879734, 
  "V_6_3": 17.22157927594873, 
  "V_6_4": 23.33105740538559, 
  "V_6_5": 10.703018512627258, 
  "V_6_6": 4.266580127933047, 
  "V_6_7": 1.5683647536085257, 
  "V_6_8": 0.5896445808674212, 
  "V_6_9": 0.2603493136487426, 
  "V_7_1": 3.881240354010758, 
  "V_7_10": 0.027003187563730945, 
  "V_7_11": -0.010083478156891274, 
  "V_7_2": 6.7963881952127085, 
  "V_7_3": 6.44097586669145, 
  "V_7_4": 8.728439198139354, 
  "V_7_5": 3.977781755781361, 
  "V_7_6": 1.5683647536085257, 
  "V_7_7": 0.5742329185267012, 
  "V_7_8": 0.20433414589438567, 
  "V_7_9": 0.08540944136395993, 
  "V_8_1": 1.512283760117935, 
  "V_8_10": -0.0025503867799792175, 
  "V_8_11": -0.01810463777352159, 
  "V_8_2": 2.660466027741521, 
  "V_8_3": 2.5040699812646903, 
  "V_8_4": 3.3877544184795085, 
  "V_8_5": 1.5294510417738296, 
  "V_8_6": 0.5896445808674212, 
  "V_8_7": 0.20433414589438567, 
  "V_8_8": 0.07267762098004334, 
  "V_8_9": 0.01880671697807827, 
  "V_9_1": 0.7241155987049606, 
  "V_9_10": -0.014221285013989707, 
  "V_9_11": -0.020884173425080785, 
  "V_9_2": 1.2582743518475497, 
  "V_9_3": 1.1737554568834163, 
  "V_9_4": 1.5811315850095706, 
  "V_9_5": 0.6961600419714955, 
  "V_9_6": 0.2603493136487426, 
  "V_9_7": 0.08540944136395993, 
  "V_9_8": 0.01880671697807827, 
  "V_9_9": -0.004494062117874795
}