{
  "1": [
    -0.41433462976599295, 
    0.6586250097386319, 
    0.4306849199241315, 
    -0.09107208694769134, 
    0.447427288923848, 
    0.016566621580716267, 
    0.017048578479242835
  ], 
  "2": [
    -0.556865785001954, 
    0.10236649164526214, 
    -0.7876245636415429, 
    -0.23886718240192414, 
    0.04253323664410352, 
    0.002737447241355438, 
    0.013965849969155009
  ], 
  "3": [
    -0.44838540715587194, 
    -0.0819217525254056, 
    0.3667441223551328, 
    -0.3154300171569631, 
    -0.7190720686712214, 
    -0.013481490812686646, 
    0.20247374044443925
  ], 
  "4": [
    -0.5187655243995506, 
    -0.30365778375655067, 
    0.08877856914860685, 
    0.7918287304261741, 
    0.044179160180855666, 
    -0.006701118976475291, 
    -0.042464163718033916
  ], 
  "5": [
    -0.20490095570416372, 
    -0.4884410960044797, 
    0.20474904379367367, 
    -0.3962211076578617, 
    0.2814564405485305, 
    -0.14045053958690412, 
    -0.6492945980068688
  ], 
  "6": [
    -0.07361042904805852, 
    -0.3975490662779207, 
    0.09021543436902194, 
    -0.19884974414822396, 
    0.3469345486385454, 
    0.6624867977465649, 
    0.4791699709530391
  ], 
  "7": [
    -0.025637326339503014, 
    -0.2453467146667134, 
    0.04140247991953893, 
    -0.10782913890480712, 
    0.2817836010206358, 
    -0.7354429186437123, 
    0.5527460033076714
  ]
}