{
  "1": [
    7.304035413833628e-05, 
    0.10956641614891827, 
    0.1236399395925523, 
    0.2531844573353892, 
    0.20179561945322597, 
    0.05818300982899748, 
    0.04986421051092703
  ], 
  "3": [
    5.544133871645627e-05, 
    0.08713939914673068, 
    0.1072193606701969, 
    0.42893966872974865, 
    0.3734008068535719, 
    0.1761505974833738, 
    0.10040456146278334
  ], 
  "2": [
    6.509695703645017e-05, 
    0.17312574629596994, 
    0.05907956818146724, 
    0.14270252160955588, 
    0.15784465535699208, 
    0.032129503355021315, 
    0.03029327591723687
  ], 
  "5": [
    3.2083887135986644e-05, 
    0.05674553825561041, 
    0.14354558811946155, 
    0.24750086497302176, 
    0.2546153803464516, 
    0.516310001712143, 
    0.2829934785724251
  ], 
  "4": [
    5.391438170356285e-05, 
    0.04037591983491021, 
    0.08856752673806285, 
    0.34650626859980277, 
    0.4446105710861817, 
    0.05902407335774289, 
    0.059764454609057646
  ], 
  "7": [
    3.2927225399135965e-10, 
    0.022908505795342215, 
    0.08190247448399365, 
    0.16158094697021638, 
    0.1548172675623554, 
    0.5319312604373524, 
    0.615520373103677
  ], 
  "6": [
    2.8241548632652783e-05, 
    0.037653329711418854, 
    0.12666306267588168, 
    0.21687712590023378, 
    0.19739057674405142, 
    0.4541514764123114, 
    0.5659099657051783
  ]
}