{
  "1": 1517.288200363967, 
  "3": 0.9750959250352887, 
  "2": 1.4267746298659192, 
  "4": 0.3235040622845324
}