{
  "1": [
    -0.4143362, 
    0.6401176820058397, 
    0.4075477552802127, 
    -0.06028275310124009, 
    0.3221784525596126, 
    0.005054169257340361, 
    0.0014374141204902997
  ], 
  "3": [
    -0.44838468000000004, 
    -0.0818819085019968, 
    0.355342658070582, 
    -0.2268666533279974, 
    -0.46973583791896073, 
    0.007772193436960492, 
    0.10104166752977722
  ], 
  "2": [
    -0.5568658866666666, 
    0.10111245930252073, 
    -0.7558888855310424, 
    -0.16067164865946396, 
    0.04271916958479241, 
    0.0008943834196892088, 
    0.0036960365958916457
  ], 
  "5": [
    -0.20490092, 
    -0.4735536031953807, 
    0.1961359356636784, 
    -0.26822763772175445, 
    0.2019619176254792, 
    -0.09513092227979132, 
    -0.28863169687553897
  ], 
  "4": [
    -0.5187655533333332, 
    -0.2954909576074924, 
    0.08734921258520544, 
    0.5463735027344273, 
    -0.021916528264131627, 
    -0.004257678756476531, 
    -0.017083683756257455
  ], 
  "7": [
    -0.02563333333333328, 
    -0.2378656899271644, 
    0.03880053389745143, 
    -0.07810853007869775, 
    0.20333736534934174, 
    -0.3070138100172698, 
    0.2821790402209559
  ], 
  "6": [
    -0.07361770666666666, 
    -0.3857579129325675, 
    0.08479084315503198, 
    -0.13995696278511424, 
    0.24618108054026946, 
    0.3191811260794474, 
    0.17403244260314185
  ]
}