{
  "P_1": 214.58254405987307, 
  "P_2": 175.8625848142084, 
  "P_3": 100.16411152622935, 
  "P_4": 84.11764683227325, 
  "P_5": 23.837182620846015, 
  "P_6": 6.684613014550192, 
  "P_7": 2.310122985403175
}