{
  "1": [
    0.00028892794950984805, 
    0.4272595700283299, 
    0.39787841136393315, 
    0.2348841438074913, 
    0.22487875667709678, 
    0.07710787997161883, 
    0.07277889723968285
  ], 
  "3": [
    0.00020575128201332155, 
    0.2577454996222704, 
    0.277417957173759, 
    0.24742545730448595, 
    0.3043151360559431, 
    0.19598637502147057, 
    0.1965486004516554
  ], 
  "2": [
    0.00025012927393658205, 
    0.38229849283274303, 
    0.42618528769623815, 
    0.12899969063551878, 
    0.12869563730965827, 
    0.0667089847503513, 
    0.0646968179519118
  ], 
  "5": [
    0.00011673534817024765, 
    0.1047640165474101, 
    0.2050059470653768, 
    0.26160296249504905, 
    0.3095595091464048, 
    0.27996894770912195, 
    0.4213734346905683
  ], 
  "4": [
    0.00019068386335052153, 
    0.23046565361430504, 
    0.2383340513833311, 
    0.26717170960937703, 
    0.22816110018724178, 
    0.19497470514921503, 
    0.18063881717593927
  ], 
  "7": [
    3.778779990897617e-05, 
    0.06669571735642921, 
    0.15137389062145362, 
    0.18095980515011142, 
    0.2691949419341041, 
    0.41864908362450476, 
    0.47655755228892754
  ], 
  "6": [
    6.220402127778233e-05, 
    0.10014372848912101, 
    0.20127863997961673, 
    0.18851517910229856, 
    0.30357736377513067, 
    0.5149113082898559, 
    0.32181823906549323
  ]
}