{
  "1": 210.7721747807296, 
  "3": 0.08350533898697907, 
  "2": 0.296185084607879, 
  "4": 0.014179991379672376
}