{
  "1": [
    0.41996666666666677, 
    -0.29843333333333333, 
    0.2815000000000001, 
    -0.8082333333333334, 
    -0.04069999999999995, 
    -0.020833333333333256, 
    0.001833333333333357
  ], 
  "3": [
    0.44843333333333346, 
    0.08623333333333338, 
    -0.7703666666666666, 
    -0.08856666666666657, 
    0.29810000000000003, 
    0.22829999999999995, 
    -0.22176666666666664
  ], 
  "2": [
    0.5620333333333334, 
    -0.5572999999999999, 
    0.04269999999999997, 
    0.5295000000000001, 
    -0.26003333333333334, 
    -0.13816666666666666, 
    0.06810000000000005
  ], 
  "5": [
    0.1978333333333333, 
    0.4764333333333335, 
    -0.2681, 
    -0.1255666666666666, 
    -0.5477666666666666, 
    -0.48949999999999994, 
    0.32643333333333335
  ], 
  "4": [
    0.5121, 
    0.5671000000000002, 
    0.48216666666666663, 
    0.2043666666666668, 
    0.3571, 
    0.09316666666666662, 
    0.07556666666666678
  ], 
  "7": [
    0.023100000000000124, 
    0.041966666666666715, 
    -0.024033333333333236, 
    -0.01276666666666659, 
    -0.36849999999999994, 
    0.7965, 
    0.4761666666666666
  ], 
  "6": [
    0.06909999999999994, 
    0.20630000000000015, 
    0.14336666666666664, 
    0.029033333333333466, 
    -0.5277000000000001, 
    0.2135666666666667, 
    -0.7792333333333333
  ]
}