{"mode1_error": [0.000108, 0.000114, 0.000166, 0.000183, 0.000376, 0.000645, 0.00108], "mode2": [0.0013, -0.0031, 0.00272, 0.00098, 0.00287, -0.0027, 0.0039], "mode2_error": [0.000446, 0.000259, 0.000634, 0.000849, 0.001814, 0.003222, 0.00533], "mode1": [0.01126, 0.02446, 0.04071, 0.06084, 0.08574, 0.10099, 0.10562]}