{
  "1": [
    3.151148746155918e-05, 
    0.022211687987399798, 
    0.2211598296988319, 
    0.24024070685731785, 
    0.2992938102107388, 
    0.39139880945399036, 
    0.18170677744128516
  ], 
  "3": [
    2.2911136825737143e-05, 
    0.018224634046592577, 
    0.12909201077639648, 
    0.29904884623632394, 
    0.380321379601167, 
    0.33563144606326656, 
    0.3954872322004773
  ], 
  "2": [
    3.269856874673066e-05, 
    0.017373792569174283, 
    0.21376996789872219, 
    0.2388965995892992, 
    0.2409222953397256, 
    0.17953160080763117, 
    0.2156984973983727
  ], 
  "5": [
    3.1952123483352576e-06, 
    0.009555117427841812, 
    0.19202872540551189, 
    0.3041493697005445, 
    0.263794008743177, 
    0.3559442179467633, 
    0.3178722235544034
  ], 
  "4": [
    2.3899418667378343e-05, 
    0.014794935211440012, 
    0.21330701517604286, 
    0.31672461517012096, 
    0.19314479865970732, 
    0.23754746045591854, 
    0.26194318625672935
  ], 
  "7": [
    3.2927225399135965e-10, 
    0.009825805348752735, 
    0.252392000571583, 
    0.4537981046169626, 
    0.3823357554097127, 
    0.32506904438939727, 
    0.3200701513624421
  ], 
  "6": [
    0.0, 
    0.011033035100887885, 
    0.17587439687371603, 
    0.37672491710449674, 
    0.4401164289324528, 
    0.25028067420357536, 
    0.365591630938127
  ]
}