{
  "1": [
    -0.4229552199999999, 
    0.36484585333333364, 
    -0.42784383333333464, 
    -0.14682237707261372, 
    -0.23029516763171115, 
    -0.15530831747374343, 
    -0.09524198731501023
  ], 
  "3": [
    -0.44790642666666663, 
    0.03562530000000005, 
    -0.10186133999999986, 
    -0.24810616781017805, 
    0.38906340696261354, 
    0.012141298371748788, 
    0.13475494009866124
  ], 
  "2": [
    -0.5652567266666666, 
    0.3366864933333336, 
    0.5237137000000003, 
    0.16063686392224122, 
    -0.009626720995067487, 
    -0.12434977796574277, 
    -0.047704770965468685
  ], 
  "5": [
    -0.19483344666666663, 
    -0.49357253999999995, 
    0.39395474000000025, 
    -0.2747743067467115, 
    -0.1637796911859324, 
    0.07129054768450001, 
    -0.057545708245242994
  ], 
  "4": [
    -0.5071081333333334, 
    -0.440853313333333, 
    -0.270140713333334, 
    0.2649041666666662, 
    -0.09557515905354176, 
    0.29068806653979, 
    0.07240565891472886
  ], 
  "7": [
    -0.031166666666666676, 
    -0.3681370933333331, 
    -0.016002386666666625, 
    0.0015122784448255797, 
    -0.02743291157337841, 
    -0.3863576513709743, 
    0.3672784637068359
  ], 
  "6": [
    -0.0698333333333333, 
    -0.4208498666666669, 
    -0.12483086666666682, 
    0.02262239136649518, 
    0.1405357781113732, 
    -0.26815357016987407, 
    -0.43050446088795163
  ]
}