{
  "1": [
    0.28747987587681245, 
    0.530338472573817, 
    0.7347852927173796, 
    0.15923964339090724, 
    -0.18160644925570055, 
    -0.1811139764055464, 
    -0.07103914549179152
  ], 
  "2": [
    0.5096556059165773, 
    0.289403842691159, 
    -0.47604734715751074, 
    0.4755087060274288, 
    -0.09244967737922874, 
    0.3444043829323507, 
    -0.2767772590356103
  ], 
  "3": [
    0.47589184461597145, 
    0.31524844878233904, 
    -0.24694886906397476, 
    -0.7522522797412146, 
    0.10526208702422477, 
    -0.14060924522328624, 
    0.12816811090735364
  ], 
  "4": [
    0.6006478187424948, 
    -0.7224138680979946, 
    0.2878098654669498, 
    -0.06611542070713192, 
    -0.08408520391776451, 
    0.08200221337117158, 
    -0.12782780991837886
  ], 
  "5": [
    0.24647886006980607, 
    -0.08305684779658501, 
    -0.15005001873536558, 
    0.4150474572894173, 
    0.39723656228732024, 
    -0.649805728483135, 
    0.3968954024180136
  ], 
  "6": [
    0.0901009662560304, 
    0.06859464865829733, 
    0.20962179753300564, 
    0.0595010527096715, 
    0.364989673965161, 
    0.6293928079722334, 
    0.6405795406913029
  ], 
  "7": [
    0.03854376486500034, 
    -0.04603773749027386, 
    -0.15229881206036894, 
    0.04974633813409501, 
    -0.8057961142494936, 
    -0.06087063520988061, 
    0.5636600630110352
  ]
}