{
  "1": [
    0.00181183845983783, 
    0.4868914125271849, 
    0.44432431224200286, 
    0.2940246629059525, 
    0.189159117124733, 
    0.16921463560024372, 
    0.17253237160271562
  ], 
  "3": [
    0.0012491300043905305, 
    0.2963622170465428, 
    0.39278837347015627, 
    0.2835997046765114, 
    0.2373777591249584, 
    0.1949463605497561, 
    0.2101360267268466
  ], 
  "2": [
    0.0015561554389132463, 
    0.38690203117177846, 
    0.33426647949042576, 
    0.28002242334399213, 
    0.2663355110756546, 
    0.20540046936723935, 
    0.22107828560093623
  ], 
  "5": [
    0.0007022251234654206, 
    0.14183673237218603, 
    0.2333876736870595, 
    0.3533627930997271, 
    0.4405600185681733, 
    0.35926395762016494, 
    0.46578180513272577
  ], 
  "4": [
    0.0011665509487917784, 
    0.37472552741841336, 
    0.42141336524102885, 
    0.2665473940017702, 
    0.15556591725615815, 
    0.13984599807346787, 
    0.14090605502766815
  ], 
  "7": [
    0.00026091341015827045, 
    0.08627607119518561, 
    0.13880130315577732, 
    0.23361564766435, 
    0.4515850655438772, 
    0.5571401541708768, 
    0.4513001198495617
  ], 
  "6": [
    0.0003692965911248361, 
    0.11943660673323069, 
    0.18619441525706115, 
    0.2587511444550235, 
    0.48402487820949724, 
    0.3838854751676405, 
    0.44974002580874956
  ]
}