{
  "1": 0.0004637779165739706, 
  "3": 0.00017696085063920348, 
  "2": 0.0006848174288189524, 
  "4": 0.00011818819041252246
}