{
  "V_11": 2.5245953468226507, 
  "V_12": 4.358919143188128, 
  "V_13": 4.104256369009402, 
  "V_14": 5.357017257904649, 
  "V_15": 2.138570562783611, 
  "V_16": 0.801454411779317, 
  "V_17": 0.3263501280871019, 
  "V_21": 4.358919143188128, 
  "V_22": 7.878409751398628, 
  "V_23": 7.398353986740148, 
  "V_24": 9.323360815586192, 
  "V_25": 3.8147825304724714, 
  "V_26": 1.3757039575239305, 
  "V_27": 0.6115072653428575, 
  "V_31": 4.104256369009402, 
  "V_32": 7.398353986740148, 
  "V_33": 6.809915559591558, 
  "V_34": 8.714470918129074, 
  "V_35": 3.6015923491675688, 
  "V_36": 1.2932232118243616, 
  "V_37": 0.5670869788462267, 
  "V_41": 5.357017257904649, 
  "V_42": 9.323360815586192, 
  "V_43": 8.714470918129074, 
  "V_44": 10.85547210474903, 
  "V_45": 4.4807564411485465, 
  "V_46": 1.6645101397558721, 
  "V_47": 0.6919070355907335, 
  "V_51": 2.138570562783611, 
  "V_52": 3.8147825304724714, 
  "V_53": 3.6015923491675688, 
  "V_54": 4.4807564411485465, 
  "V_55": 1.8246472926619746, 
  "V_56": 0.6661112224229797, 
  "V_57": 0.2822606447540281, 
  "V_61": 0.801454411779317, 
  "V_62": 1.3757039575239305, 
  "V_63": 1.2932232118243616, 
  "V_64": 1.6645101397558721, 
  "V_65": 0.6661112224229797, 
  "V_66": 0.24047736926524668, 
  "V_67": 0.09204147697619437, 
  "V_71": 0.3263501280871019, 
  "V_72": 0.6115072653428575, 
  "V_73": 0.5670869788462267, 
  "V_74": 0.6919070355907335, 
  "V_75": 0.2822606447540281, 
  "V_76": 0.09204147697619437, 
  "V_77": 0.04350736452110812
}