{
  "1": 30.366867845972823, 
  "3": 0.013091849229737836, 
  "2": 0.15274507764660167, 
  "4": -0.006853744694969246
}