{
  "V_11": 135.20854119368266, 
  "V_12": 154.0982419743921, 
  "V_13": 126.2765349366657, 
  "V_14": 152.27413039811657, 
  "V_15": 64.25225963057909, 
  "V_16": 24.830105672893122, 
  "V_17": 10.080937176083147, 
  "V_21": 154.0982419743921, 
  "V_22": 175.16498738272566, 
  "V_23": 143.85458689785708, 
  "V_24": 173.28103104865158, 
  "V_25": 73.23863124372201, 
  "V_26": 28.237212492381595, 
  "V_27": 11.510892022328102, 
  "V_31": 126.2765349366657, 
  "V_32": 143.85458689785708, 
  "V_33": 117.96697694131736, 
  "V_34": 142.26534058141328, 
  "V_35": 60.134585559810596, 
  "V_36": 23.174169879752984, 
  "V_37": 9.45034749168843, 
  "V_41": 152.27413039811657, 
  "V_42": 173.28103104865158, 
  "V_43": 142.26534058141328, 
  "V_44": 171.70423204976646, 
  "V_45": 72.57679868053125, 
  "V_46": 28.024724471751163, 
  "V_47": 11.423960658422848, 
  "V_51": 64.25225963057909, 
  "V_52": 73.23863124372201, 
  "V_53": 60.134585559810596, 
  "V_54": 72.57679868053125, 
  "V_55": 30.774628908575433, 
  "V_56": 11.899907658376547, 
  "V_57": 4.8720388541701185, 
  "V_61": 24.830105672893122, 
  "V_62": 28.237212492381595, 
  "V_63": 23.174169879752984, 
  "V_64": 28.024724471751163, 
  "V_65": 11.899907658376547, 
  "V_66": 4.686443266249055, 
  "V_67": 1.9155655036791257, 
  "V_71": 10.080937176083147, 
  "V_72": 11.510892022328102, 
  "V_73": 9.45034749168843, 
  "V_74": 11.423960658422848, 
  "V_75": 4.8720388541701185, 
  "V_76": 1.9155655036791257, 
  "V_77": 0.9340854646802467
}