{
  "1": [
    -0.42224483690868114, 
    0.6057317482058242, 
    -0.49509888485871784, 
    0.14790204694498316, 
    0.1984090623091105, 
    -0.38504571498665363, 
    -0.013193445516588615
  ], 
  "2": [
    -0.5644442954231726, 
    0.23662824177672162, 
    0.17851357130254894, 
    -0.18750667003819182, 
    0.09959509496899589, 
    0.7398733301432279, 
    0.03243668464086215
  ], 
  "3": [
    -0.4480621518642386, 
    -0.04900174489493095, 
    0.19782008467917173, 
    -0.055849504549926696, 
    -0.8118907025892325, 
    -0.28406580042947993, 
    0.12135605496981884
  ], 
  "4": [
    -0.5085035339462824, 
    -0.5051949645427911, 
    0.2997093644069422, 
    -0.02363068905540479, 
    0.5040777267217883, 
    -0.3693164525550361, 
    -0.0730006471357485
  ], 
  "5": [
    -0.19592066599093674, 
    -0.43248787359652846, 
    -0.4897641208192771, 
    0.48725693382561625, 
    -0.17958542772743005, 
    0.27379436379107414, 
    -0.43596655689509245
  ], 
  "6": [
    -0.06882592029262027, 
    -0.2947967130654081, 
    -0.3577966732068642, 
    0.09107823857924315, 
    0.05552422611594469, 
    0.10554664276820376, 
    0.8705292368873874
  ], 
  "7": [
    -0.02558289336003912, 
    -0.21335917689384265, 
    -0.4755671946812528, 
    -0.8328109578248406, 
    -0.04604267570498289, 
    -0.03370139712700069, 
    -0.1755830769696656
  ]
}