{
  "1": [
    0.00029989511392041986, 
    0.14070931326174888, 
    0.24490718298070266, 
    0.428965120194921, 
    0.43930352386999255, 
    0.21186358651872447, 
    0.15994038255501258
  ], 
  "3": [
    0.00020819640438928514, 
    0.31335939723205697, 
    0.3023187858944774, 
    0.25508488711914723, 
    0.1564537407513482, 
    0.14388814227442676, 
    0.11257228246321498
  ], 
  "2": [
    0.00026028467446138497, 
    0.1874429184361935, 
    0.22913782032258892, 
    0.30121244205594155, 
    0.38861703062235176, 
    0.1872787888559229, 
    0.15055145180056323
  ], 
  "5": [
    0.000122255388578201, 
    0.22788321733911138, 
    0.2599683591000213, 
    0.2618818788502819, 
    0.24175743536163002, 
    0.36184881764036764, 
    0.25344622052096616
  ], 
  "4": [
    0.00019350021736954715, 
    0.19062486167365317, 
    0.23127398230137758, 
    0.32719582841766537, 
    0.2460850462776417, 
    0.1862995123975369, 
    0.15908003468683263
  ], 
  "7": [
    3.826371125909894e-05, 
    0.11609349676468257, 
    0.13646831217104838, 
    0.20403430983937046, 
    0.28687872514656865, 
    0.3989261966563028, 
    0.5167812607136187
  ], 
  "6": [
    6.568816702837063e-05, 
    0.16977942966632303, 
    0.1840326290268083, 
    0.1607970166834972, 
    0.2630930010038138, 
    0.45757837357390163, 
    0.4226459130475472
  ]
}