{
  "1": 0.0025602912397782425, 
  "3": 0.001561551752679055, 
  "2": 0.00491608157820512, 
  "4": 0.00041921801090736107
}