{
  "V_11": 118.10826839457144, 
  "V_12": 179.6242500314684, 
  "V_13": 168.85199545676997, 
  "V_14": 217.28138229115424, 
  "V_15": 92.98464895192619, 
  "V_16": 34.385389303673655, 
  "V_17": 11.935419946995244, 
  "V_21": 179.6242500314684, 
  "V_22": 274.79817756877674, 
  "V_23": 258.5582688581131, 
  "V_24": 335.05676010062825, 
  "V_25": 143.1127311811203, 
  "V_26": 52.87423283110347, 
  "V_27": 18.26472563005333, 
  "V_31": 168.85199545676997, 
  "V_32": 258.5582688581131, 
  "V_33": 243.00033654071785, 
  "V_34": 314.30712734633084, 
  "V_35": 134.24678888151993, 
  "V_36": 49.58239044467753, 
  "V_37": 17.002485447372628, 
  "V_41": 217.28138229115424, 
  "V_42": 335.05676010062825, 
  "V_43": 314.30712734633084, 
  "V_44": 407.1879996533276, 
  "V_45": 173.65494380327416, 
  "V_46": 64.12175219364913, 
  "V_47": 22.058866752222716, 
  "V_51": 92.98464895192619, 
  "V_52": 143.1127311811203, 
  "V_53": 134.24678888151993, 
  "V_54": 173.65494380327416, 
  "V_55": 73.82450103514738, 
  "V_56": 27.14958075722316, 
  "V_57": 9.282242427881133, 
  "V_61": 34.385389303673655, 
  "V_62": 52.87423283110347, 
  "V_63": 49.58239044467753, 
  "V_64": 64.12175219364913, 
  "V_65": 27.14958075722316, 
  "V_66": 9.984480609268541, 
  "V_67": 3.382816426313369, 
  "V_71": 11.935419946995244, 
  "V_72": 18.26472563005333, 
  "V_73": 17.002485447372628, 
  "V_74": 22.058866752222716, 
  "V_75": 9.282242427881133, 
  "V_76": 3.382816426313369, 
  "V_77": 1.1306550215355948
}