{
  "1": [
    -0.32208934666666666, 
    -0.7784340076106548, 
    -0.18002001247530908, 
    0.20437602770605331, 
    0.13102113559249248, 
    -0.03276528604944951, 
    0.004863553586809477
  ], 
  "3": [
    -0.4641818666666666, 
    -0.15354999666199323, 
    0.1094880098416328, 
    -0.10876220746751963, 
    -0.45763535197354244, 
    0.07882374120194921, 
    0.007164460030351743
  ], 
  "2": [
    -0.4941660733333333, 
    0.053733747246144735, 
    0.6266595592057391, 
    -0.10626727734743278, 
    0.2258256367306619, 
    -0.03729346688323382, 
    0.0017390878142818727
  ], 
  "5": [
    -0.25638175999999996, 
    0.04219503972227795, 
    -0.3864395917801572, 
    -0.4270980736915461, 
    0.14782706266374557, 
    0.23646205558563402, 
    -0.2883490545916911
  ], 
  "4": [
    -0.6006967666666665, 
    0.47782813939515284, 
    -0.2971024881311304, 
    0.3063708389688104, 
    0.02693326890864607, 
    -0.08055434037177403, 
    0.03345385751199701
  ], 
  "7": [
    -0.032591299999999955, 
    -0.04487351625609182, 
    -0.13431646740825462, 
    -0.23542980859871257, 
    -0.06670427779925273, 
    -0.517327928171811, 
    -0.16024781182068207
  ], 
  "6": [
    -0.09467049333333334, 
    -0.00988768275585808, 
    -0.2175211872336002, 
    -0.31345392434116187, 
    0.0710925439161619, 
    -0.031552716116224344, 
    0.5630409704277919
  ]
}