{
  "1": 1127.6183929198453, 
  "3": 0.1715795251035038, 
  "2": 1.7764499020486366, 
  "4": 0.025426208646417283
}