{
  "1": [
    6.841727372075624e-05, 
    0.05695640746542675, 
    0.20479122581376888, 
    0.2952897924385074, 
    0.22310441428507857, 
    0.20626683525755268, 
    0.15250691346308073
  ], 
  "3": [
    5.016004768774231e-05, 
    0.060169736258964664, 
    0.29704080475752503, 
    0.4426310802679948, 
    0.23424681194270414, 
    0.2077633488190232, 
    0.1603175904643384
  ], 
  "2": [
    5.994425727039689e-05, 
    0.06745036860960747, 
    0.34555686756973075, 
    0.3127020943872037, 
    0.3198798987110997, 
    0.23604525560832568, 
    0.19423473066882124
  ], 
  "5": [
    3.180987910236343e-05, 
    0.03871972447025463, 
    0.1391180055683005, 
    0.22659894897756677, 
    0.3556739043419903, 
    0.3324982008103589, 
    0.4542683787356934
  ], 
  "4": [
    4.777502490189147e-05, 
    0.03624908615686519, 
    0.35091939535830274, 
    0.2930976906014425, 
    0.28845457149406534, 
    0.1877573119531165, 
    0.22668380641079475
  ], 
  "7": [
    3.1827174968620706e-05, 
    0.024789490791945985, 
    0.2653872330830004, 
    0.2963058983231464, 
    0.28764377461876506, 
    0.4754493720110332, 
    0.30021397617502366
  ], 
  "6": [
    8.455833035400444e-06, 
    0.036435039690142924, 
    0.2977584341162749, 
    0.3002014396496538, 
    0.2977196343234388, 
    0.3448835771767778, 
    0.3487134471688918
  ]
}