{
  "1": [
    -0.28428376666666666, 
    -0.7085078999999997, 
    0.19891916209028407, 
    0.12838659443842534, 
    0.3151520705491881, 
    0.038113782828927835, 
    -0.049885485770735746
  ], 
  "3": [
    -0.4698609733333334, 
    0.12577471333333332, 
    -0.47429311297620125, 
    -0.12536663777536974, 
    0.3093900003859365, 
    0.012965908994168879, 
    0.09549018199779628
  ], 
  "2": [
    -0.5008552933333332, 
    -0.3144450799999992, 
    0.07900214485545509, 
    -0.3211842686890577, 
    -0.3385377523059717, 
    -0.08029296811816328, 
    -0.025367760933166218
  ], 
  "5": [
    -0.25937353999999996, 
    0.34416407333333354, 
    0.16796986495354582, 
    0.04259454676778638, 
    0.12271693489251645, 
    -0.462710249861662, 
    -0.1782782058588853
  ], 
  "4": [
    -0.6083086533333335, 
    0.2783584533333334, 
    0.08139472593513618, 
    0.3235437558685452, 
    -0.1942962101038164, 
    0.18634593708764297, 
    0.06929117747634807
  ], 
  "7": [
    -0.03292342666666659, 
    0.20176802000000005, 
    0.2790604462404591, 
    -0.13113867822318523, 
    0.14414751649878393, 
    -0.04808227557144694, 
    0.5352926896918577
  ], 
  "6": [
    -0.09569976666666667, 
    0.36126100000000017, 
    0.2556394743204507, 
    -0.21183966775008906, 
    0.16942289761105297, 
    0.32948581705188745, 
    -0.3293393176032532
  ]
}