{
  "1": 0.05915520018130445, 
  "3": 0.019260938677128407, 
  "2": 0.0487774264493938, 
  "4": 0.008567796765738904
}