{
  "1": 3719.366984441328, 
  "3": 0.11771717489021985, 
  "2": 0.48377321482042207, 
  "4": 0.046990285842624026
}