{
  "1": [
    4.8363005644670926e-05, 
    0.15066407972814533, 
    0.24750145153504893, 
    0.32167376388561, 
    0.24206794569481102, 
    0.21725075481291012, 
    0.18713775918028508
  ], 
  "3": [
    4.003334059425032e-05, 
    0.09951115171598525, 
    0.3992880915352501, 
    0.3512816085772709, 
    0.4104484689797628, 
    0.295816658607267, 
    0.24456739009401618
  ], 
  "2": [
    4.495322853091677e-05, 
    0.1942691861857712, 
    0.2508158122814836, 
    0.32094620046982525, 
    0.22998341237852038, 
    0.1865002190767218, 
    0.18261049603034188
  ], 
  "5": [
    3.3282510654715e-05, 
    0.07957683549452248, 
    0.31099668370063016, 
    0.36716439462126527, 
    0.30875369974472433, 
    0.281659138434253, 
    0.31491832559966654
  ], 
  "4": [
    3.9522160107253903e-05, 
    0.09425844917836086, 
    0.2513309602371224, 
    0.31630171439792915, 
    0.31014891899378366, 
    0.2779691976051837, 
    0.2490566893152952
  ], 
  "7": [
    0.0, 
    0.036376965717642956, 
    0.1498403177637809, 
    0.2580537531508453, 
    0.4131569819437445, 
    0.4619294349656003, 
    0.42193678313308464
  ], 
  "6": [
    2.7978147034880547e-05, 
    0.05559657362514229, 
    0.20119527458075903, 
    0.27373479298037684, 
    0.38827270643432155, 
    0.41747921311264985, 
    0.3868669740904721
  ]
}