{
  "1": [
    -0.42004807999999993, 
    0.5348999864869436, 
    0.35090848415425774, 
    -0.14196953434016563, 
    0.16439045559778082, 
    -0.05526023770934622, 
    -0.005420213202132011
  ], 
  "3": [
    -0.44833020666666673, 
    0.12244818418296674, 
    0.11711980908743763, 
    0.43815282272563744, 
    -0.07711494780063818, 
    0.049895628142791804, 
    -0.01638484848484845
  ], 
  "2": [
    -0.5622709466666667, 
    0.10507660214181931, 
    -0.5471453913707508, 
    -0.08339759079467832, 
    0.09528005503865827, 
    0.09771790300461287, 
    -0.009509303365760927
  ], 
  "5": [
    -0.19806850666666662, 
    -0.5303149994932619, 
    0.07149572355860988, 
    0.14650710176195644, 
    0.24125494692700833, 
    -0.2999472177201514, 
    0.05247153080621729
  ], 
  "4": [
    -0.5116188266666667, 
    -0.4005359717577115, 
    0.16095732722413172, 
    -0.22723211974110052, 
    -0.2856828419167437, 
    -0.0447575073764701, 
    0.04539176637220922
  ], 
  "7": [
    -0.02369999999999994, 
    -0.18804977872369175, 
    0.10179673157693783, 
    -0.026330555555555597, 
    0.1156801161927229, 
    0.2941109047084736, 
    0.448706403518582
  ], 
  "6": [
    -0.06975145333333331, 
    -0.347631421235768, 
    0.12641889270714032, 
    -0.029348157137720415, 
    0.10870865766828312, 
    0.30443552757345355, 
    -0.4199764024003877
  ]
}