{
  "1": [
    -0.3110688966729039, 
    -0.8626783128289612, 
    -0.2486663942517094, 
    0.23152695593855716, 
    0.16989916742067196, 
    0.09694282317665416, 
    -0.0729309610890707
  ], 
  "2": [
    -0.4690507271308666, 
    0.4467361822415775, 
    -0.36966720653662577, 
    0.04923261803113489, 
    0.45874397819872753, 
    0.3690670585441668, 
    -0.307707610161501
  ], 
  "3": [
    -0.4512994705050481, 
    0.22266820208272525, 
    -0.02992755566224117, 
    0.6101202940322691, 
    -0.14733092245172635, 
    -0.47453637934161685, 
    0.3559691726765549
  ], 
  "4": [
    -0.6175448083460795, 
    -0.061778076234150554, 
    0.10282051642321717, 
    -0.7141150074555404, 
    -0.13539503933685243, 
    -0.15165382997583823, 
    0.23012795503264516
  ], 
  "5": [
    -0.2875828857380418, 
    0.010073250941171051, 
    0.35327490152291696, 
    0.20328486079924116, 
    -0.6453506371263621, 
    0.4168474017120821, 
    -0.4010330679837902
  ], 
  "6": [
    -0.11647041853791654, 
    -0.05076382376817652, 
    0.683966669387292, 
    0.053779234367275795, 
    0.47616512494835306, 
    -0.3430325522698925, 
    -0.41079253496892665
  ], 
  "7": [
    -0.043880291060537785, 
    -0.011696877393588443, 
    0.4443308482617831, 
    0.13246682699106022, 
    0.278279260693609, 
    0.5610479904929655, 
    0.625096908948601
  ]
}