{
  "1": 852.16005630570316, 
  "2": 1.5158672710204801, 
  "3": 0.13663905128997325, 
  "4": -0.012403460030625996, 
  "5": -0.18506756365877672, 
  "6": -0.22364664466137041, 
  "7": -0.36570613671745411
}