{
  "1": [
    0.0003163836848178128, 
    0.14092071291105893, 
    0.38916685451552546, 
    0.2485270699012039, 
    0.21696602279658098, 
    0.21711059909251626, 
    0.1898414549160445
  ], 
  "3": [
    0.0002117394520591079, 
    0.1223982208834471, 
    0.390274071296841, 
    0.4105690251073557, 
    0.3269969913506539, 
    0.2536799522972898, 
    0.2998056251848214
  ], 
  "2": [
    0.0002560716094833418, 
    0.10433808279146121, 
    0.27380188224777746, 
    0.2199015585387908, 
    0.19164431911015747, 
    0.18242030329697198, 
    0.1665682183275991
  ], 
  "5": [
    0.00013247123904758237, 
    0.10651351978924836, 
    0.3085257229212496, 
    0.41545276234138384, 
    0.3573271607014098, 
    0.4710444396027036, 
    0.41420651929430646
  ], 
  "4": [
    0.0002019586272069794, 
    0.1144510763087881, 
    0.39228486202222257, 
    0.30503108052740435, 
    0.2634437260145029, 
    0.28403095219601987, 
    0.27282265805625794
  ], 
  "7": [
    4.34142096560109e-05, 
    0.02728699280681713, 
    0.205212287092537, 
    0.4282154019996779, 
    0.4566385478533028, 
    0.5032823107744805, 
    0.4751907535741842
  ], 
  "6": [
    7.360480058698228e-05, 
    0.05942219591510177, 
    0.2577330706501563, 
    0.4238438974835746, 
    0.5038373748977514, 
    0.4362173892082053, 
    0.431196110015168
  ]
}