{
  "1": 0.002194960679712924, 
  "3": 0.0012441443146269057, 
  "2": 0.0033939886724016232, 
  "4": 0.0007699552742687404
}