{
  "V_11": 83.40615019604603, 
  "V_12": 124.54158445283589, 
  "V_13": 120.1196667031502, 
  "V_14": 164.25696410653515, 
  "V_15": 75.92983603377418, 
  "V_16": 30.315279793458235, 
  "V_17": 11.45302031228566, 
  "V_21": 124.54158445283589, 
  "V_22": 189.88456414498359, 
  "V_23": 181.5713336743935, 
  "V_24": 247.42438318254406, 
  "V_25": 114.14456964410333, 
  "V_26": 46.275240113221116, 
  "V_27": 17.31969203641463, 
  "V_31": 120.1196667031502, 
  "V_32": 181.5713336743935, 
  "V_33": 173.82895688312183, 
  "V_34": 237.42740882131235, 
  "V_35": 109.81696661940714, 
  "V_36": 44.29662196808005, 
  "V_37": 16.51717981046976, 
  "V_41": 164.25696410653515, 
  "V_42": 247.42438318254406, 
  "V_43": 237.42740882131235, 
  "V_44": 323.89006987041495, 
  "V_45": 149.81707406054434, 
  "V_46": 60.33523643951534, 
  "V_47": 22.58132895269515, 
  "V_51": 75.92983603377418, 
  "V_52": 114.14456964410333, 
  "V_53": 109.81696661940714, 
  "V_54": 149.81707406054434, 
  "V_55": 69.31555888638304, 
  "V_56": 27.876071927028317, 
  "V_57": 10.408541877763843, 
  "V_61": 30.315279793458235, 
  "V_62": 46.275240113221116, 
  "V_63": 44.29662196808005, 
  "V_64": 60.33523643951534, 
  "V_65": 27.876071927028317, 
  "V_66": 11.167535899895118, 
  "V_67": 4.106595544338391, 
  "V_71": 11.45302031228566, 
  "V_72": 17.31969203641463, 
  "V_73": 16.51717981046976, 
  "V_74": 22.58132895269515, 
  "V_75": 10.408541877763843, 
  "V_76": 4.106595544338391, 
  "V_77": 1.5329029421007057
}