{
  "1": [
    -0.31200422, 
    0.5947725333333327, 
    0.331771670327882, 
    0.14296554647757082, 
    0.05377577900779, 
    -0.0653345988977344, 
    -0.028241545487320847
  ], 
  "3": [
    -0.45187806666666663, 
    -0.05985843999999981, 
    -0.2117500691562917, 
    -0.11241907918400912, 
    0.004985362853628642, 
    -0.2303636864666264, 
    -0.07949431959299688
  ], 
  "2": [
    -0.4711847466666666, 
    -0.6777196599999991, 
    0.22754088357334634, 
    0.10759492831817473, 
    -0.02362632226322245, 
    0.04096389058991665, 
    -0.06756552097103699
  ], 
  "5": [
    -0.28501291999999995, 
    0.21501475333333328, 
    -0.208544276299732, 
    0.07281115564462225, 
    -0.21443851988519852, 
    0.12631406409471357, 
    -0.06175436846532883
  ], 
  "4": [
    -0.6165788066666666, 
    0.19200700666666667, 
    -0.08389355626067853, 
    -0.13386308514464793, 
    0.08162484624846263, 
    0.13311553378240468, 
    0.0784244882425989
  ], 
  "7": [
    -0.04297991999999992, 
    -0.010526973333333273, 
    0.058213473273126676, 
    -0.0166496531524585, 
    -0.2775453567035678, 
    -0.10532489283527276, 
    0.28569812522533405
  ], 
  "6": [
    -0.11486766666666663, 
    -0.1603236399999996, 
    -0.05523794646489282, 
    0.1565314783412978, 
    0.12908288232882342, 
    -0.07290035721575881, 
    0.29210793173897326
  ]
}