{
  "1": 1423.1862169335934, 
  "3": 0.0, 
  "2": 661.9943560728392, 
  "4": 0.0
}