{"mode1_error": [1e-05, 1.1e-05, 1.5e-05, 1.7e-05, 3e-05, 4.9e-05, 7.9e-05], "mode2": [0.00036, 0.00038, 0.00012, -0.00028, -0.00147, -0.0026, -0.00504], "mode2_error": [4.6e-05, 5.3e-05, 4.3e-05, 2.8e-05, 9.9e-05, 0.000264, 0.000628], "mode1": [0.00196, 0.0034, 0.00474, 0.0065, 0.00908, 0.01225, 0.01673]}