{"mode1_error": [3e-06, 3e-06, 4e-06, 5e-06, 9e-06, 1.7e-05, 3.4e-05], "mode2": [-0.00033, -0.00031, -0.00024, 0.00023, 0.00102, 0.00301, 0.00469], "mode2_error": [3.9e-05, 4.5e-05, 4.8e-05, 1.1e-05, 6.1e-05, 0.000208, 0.000803], "mode1": [0.0102, 0.0167, 0.02359, 0.03182, 0.04145, 0.04814, 0.05142]}