{"mode1_error": [2e-06, 3e-06, 5e-06, 5e-06, 4e-06, 5e-06, 2e-06], "mode2": [0.00049, 0.00053, 0.00057, -0.00082, -0.00245, -0.00573, -0.01153], "mode2_error": [6.1e-05, 7e-05, 9.5e-05, 3.5e-05, 9.6e-05, 0.000331, 0.000936], "mode1": [0.02638, 0.04302, 0.06049, 0.08137, 0.10574, 0.12221, 0.12884]}