{"mode1_error": [5e-06, 6e-06, 9e-06, 1e-05, 1.3e-05, 4e-06, 0.000129], "mode2": [-0.00089, -0.00076, -0.00067, 0.00132, 0.00535, 0.01412, 0.02902], "mode2_error": [0.000124, 0.000135, 0.000198, 7.2e-05, 0.000208, 0.000948, 0.002246], "mode1": [0.05016, 0.08097, 0.11246, 0.15004, 0.19494, 0.22629, 0.23975]}