{"mode1_error": [7e-06, 8e-06, 1.2e-05, 1.3e-05, 3.2e-05, 3.4e-05, 0.000186], "mode2": [-0.00144, -0.00118, -0.00125, 0.0, 0.0, 0.0, 0.0], "mode2_error": [6.5e-05, 0.000125, 0.000163, 0.0, 0.0, 0.0, 0.0], "mode1": [0.05733, 0.09216, 0.12744, 0.16961, 0.22056, 0.25703, 0.27364]}