{"mode1_error": [0.0, 0.0, 0.0, 0.0, 0.0, 0.0, 0.0], "mode2": [0.00052, 4e-05, 8e-05, -0.00057, -0.00116, -0.00437, -0.01043], "mode2_error": [0.0, 0.0, 0.0, 0.0, 0.0, 0.0, 0.0], "mode1": [0.00927, 0.02044, 0.03391, 0.05133, 0.07251, 0.08621, 0.0892]}