{
  "1": 118.67763098362251, 
  "2": 2.195600234299651, 
  "3": 0.61258448237440144, 
  "4": 0.14687313569101187, 
  "5": 0.083669498276065221, 
  "6": -0.039704940815051659, 
  "7": -0.17123472235149503
}