{
  "1": [
    -0.3656716381000869, 
    0.5615378160567557, 
    0.09125292660534144, 
    0.09383969283141479, 
    -0.20365525127599537, 
    0.6655264523866691, 
    -0.22231875643766968
  ], 
  "2": [
    -0.5290982850624206, 
    0.43430297888477254, 
    -0.45164337118709613, 
    0.07243928459443114, 
    0.04873300123052374, 
    -0.5064731023084087, 
    0.2516283644885216
  ], 
  "3": [
    -0.43819692440744396, 
    -0.11368410555713959, 
    0.2806681102451145, 
    -0.7344262821989961, 
    0.11863853022006926, 
    -0.1662875493945583, 
    -0.36766313053378225
  ], 
  "4": [
    -0.5547400565980819, 
    -0.39442785380040746, 
    0.4420315976781292, 
    0.4386503394485645, 
    0.24445077395196368, 
    0.07672158872548711, 
    0.28851637916324513
  ], 
  "5": [
    -0.26147316899481443, 
    -0.4665544364832203, 
    -0.28648351551182927, 
    0.016417029153484603, 
    -0.7919630285354702, 
    0.023911803539092856, 
    -0.06196130463300917
  ], 
  "6": [
    -0.1212737522447457, 
    -0.2816711761958106, 
    -0.5414706135451194, 
    0.23145887295154557, 
    0.45612857516545935, 
    0.161785420319417, 
    -0.5700549017468577
  ], 
  "7": [
    -0.05925066911780391, 
    -0.17477729331464295, 
    -0.37183520167048134, 
    -0.44755764891189886, 
    0.216932330072625, 
    0.49017903869410606, 
    0.5831276565590293
  ]
}