{
  "1": [
    0.0018416841976871526, 
    0.05859187856744744, 
    0.2544246586278367, 
    0.4044644415113229, 
    0.34427030165547357, 
    0.22035295004163738, 
    0.2304162397219499
  ], 
  "3": [
    0.0013629719667929033, 
    0.02899326010874878, 
    0.26962558945124165, 
    0.30953676514983147, 
    0.46636716327872635, 
    0.3100404562848991, 
    0.2949354443414301
  ], 
  "2": [
    0.001646808020710708, 
    0.057824697543168393, 
    0.2020513476731081, 
    0.34002618849743926, 
    0.2913677533639889, 
    0.18246034686485027, 
    0.209693934046896
  ], 
  "5": [
    0.0008369282705289224, 
    0.01590013854244724, 
    0.17291101232332196, 
    0.27784798759360474, 
    0.21796069725445175, 
    0.45354817599202496, 
    0.44590503201643494
  ], 
  "4": [
    0.0013282790365710265, 
    0.01580985196775906, 
    0.21797071657250883, 
    0.2699919342205376, 
    0.3372938047853991, 
    0.24353931204515353, 
    0.24608239166869322
  ], 
  "7": [
    0.0002742835288204476, 
    0.015267641956415574, 
    0.1765092226605926, 
    0.3520402903025293, 
    0.4303935048225661, 
    0.42534598524854567, 
    0.39213288662149265
  ], 
  "6": [
    0.00047380575693061275, 
    0.017308702377038722, 
    0.21945886755223643, 
    0.35786153646491964, 
    0.3482253212861664, 
    0.45685729336762676, 
    0.3394593875995155
  ]
}