{
  "1": [
    -0.3656606866666668, 
    0.48867342697708344, 
    0.1271937444242229, 
    0.08637276030747755, 
    -0.09517362771666922, 
    0.1547754866905046, 
    -0.04441708065753869
  ], 
  "3": [
    -0.4381808666666666, 
    0.08295331946506058, 
    0.23936683081754323, 
    -0.39234661542045207, 
    0.009845501886390861, 
    -0.013098927294397716, 
    -0.07743333333333312
  ], 
  "2": [
    -0.52912064, 
    0.43901377430894967, 
    -0.40697408200406854, 
    0.010225534591195375, 
    0.049416467399968356, 
    -0.1359165474771553, 
    0.05707759198675217
  ], 
  "5": [
    -0.2614718266666665, 
    -0.3094399490263194, 
    -0.22679814081290436, 
    0.006872820871185517, 
    -0.25737846325522035, 
    -0.1361707687723482, 
    0.026001272264630948
  ], 
  "4": [
    -0.5547286999999999, 
    -0.1750161365076813, 
    0.34396660957070974, 
    0.23925195900302798, 
    0.09089027578511091, 
    0.06238046285260219, 
    0.056069013288097026
  ], 
  "7": [
    -0.05925272666666658, 
    -0.13091426479788237, 
    -0.2855714841380295, 
    -0.05624924761239248, 
    0.05048888357511019, 
    0.31884419944378173, 
    0.39547516862554966
  ], 
  "6": [
    -0.12127289333333326, 
    -0.18856142358271555, 
    -0.41786809763408556, 
    0.03053298392732395, 
    0.1505307242680268, 
    0.026024960270163964, 
    -0.3407555272830107
  ]
}