{
  "V_11": 38.80570677770553, 
  "V_12": 65.43698314390168, 
  "V_13": 62.34341559212681, 
  "V_14": 82.27517049281536, 
  "V_15": 35.25360816736231, 
  "V_16": 13.256576210134316, 
  "V_17": 4.651555197519954, 
  "V_21": 65.43698314390168, 
  "V_22": 114.20070898628254, 
  "V_23": 108.33785972786684, 
  "V_24": 142.01217764413298, 
  "V_25": 61.42497650603483, 
  "V_26": 23.250204606733405, 
  "V_27": 7.982931182377886, 
  "V_31": 62.34341559212681, 
  "V_32": 108.33785972786684, 
  "V_33": 101.94003788106005, 
  "V_34": 133.17639669526292, 
  "V_35": 57.72452639345858, 
  "V_36": 21.606304169979985, 
  "V_37": 7.492032101675348, 
  "V_41": 82.27517049281536, 
  "V_42": 142.01217764413298, 
  "V_43": 133.17639669526292, 
  "V_44": 174.8797363243814, 
  "V_45": 75.20493322236825, 
  "V_46": 28.184700499077117, 
  "V_47": 9.70433088592563, 
  "V_51": 35.25360816736231, 
  "V_52": 61.42497650603483, 
  "V_53": 57.72452639345858, 
  "V_54": 75.20493322236825, 
  "V_55": 32.29698829777786, 
  "V_56": 11.958972922367996, 
  "V_57": 4.065467198656901, 
  "V_61": 13.256576210134316, 
  "V_62": 23.250204606733405, 
  "V_63": 21.606304169979985, 
  "V_64": 28.184700499077117, 
  "V_65": 11.958972922367996, 
  "V_66": 4.401222113459578, 
  "V_67": 1.4570462405162312, 
  "V_71": 4.651555197519954, 
  "V_72": 7.982931182377886, 
  "V_73": 7.492032101675348, 
  "V_74": 9.70433088592563, 
  "V_75": 4.065467198656901, 
  "V_76": 1.4570462405162312, 
  "V_77": 0.4638267877610937
}