{
  "1": [
    0.001083257895709789, 
    0.03790959426822796, 
    0.390832071968447, 
    0.3095913067372798, 
    0.10840792048709776, 
    0.14408720142338924, 
    0.1532696244977379
  ], 
  "3": [
    0.0007628513844530493, 
    0.04969822702527388, 
    0.3892733040065639, 
    0.5355218276640032, 
    0.07769144588894679, 
    0.10943798390710455, 
    0.11623349118542234
  ], 
  "2": [
    0.0009105974488043231, 
    0.035606016733113435, 
    0.4779230843833507, 
    0.3378260950309186, 
    0.094951212733756, 
    0.13058201362752536, 
    0.0895926860679456
  ], 
  "5": [
    0.00044310619935554376, 
    0.027554074700982912, 
    0.1690940490645361, 
    0.22592187809120834, 
    0.21928405085346508, 
    0.4500307805871125, 
    0.26162364706862223
  ], 
  "4": [
    0.0007422120258217721, 
    0.029951272851045825, 
    0.20132493684115116, 
    0.23755567416881537, 
    0.16070294348163838, 
    0.2862642641130589, 
    0.27791009975612324
  ], 
  "7": [
    0.00012965648631763844, 
    0.012163070099992632, 
    0.08568272695087252, 
    0.14874255562783506, 
    0.36846069746086524, 
    0.21822269160742888, 
    0.434441731371963
  ], 
  "6": [
    0.00023535506565810176, 
    0.021506415240188374, 
    0.14710623588867097, 
    0.1932983270435957, 
    0.27059679147078175, 
    0.3088192914058767, 
    0.4070471461348921
  ]
}