{
  "1": 0.07762568351047128, 
  "3": 0.06112425439790465, 
  "2": 0.0743660471856806, 
  "4": 0.01018340786860094
}