{
  "dV_11": 1.0400114157627445, 
  "dV_12": 0.6850614606155978, 
  "dV_13": 0.5289095988015192, 
  "dV_14": 0.5192028710192603, 
  "dV_15": 0.27257792397802627, 
  "dV_16": 0.14480352965298818, 
  "dV_17": 0.08020246939261319, 
  "dV_21": 0.6850614606155978, 
  "dV_22": 0.9012003200963754, 
  "dV_23": 0.4926545701581459, 
  "dV_24": 0.483065024643644, 
  "dV_25": 0.2537444016243041, 
  "dV_26": 0.13484282581611304, 
  "dV_27": 0.0746656975255971, 
  "dV_31": 0.5289095988015192, 
  "dV_32": 0.4926545701581459, 
  "dV_33": 0.535756313719478, 
  "dV_34": 0.3732592108068022, 
  "dV_35": 0.1958103860538628, 
  "dV_36": 0.10404508465246715, 
  "dV_37": 0.05760380167752155, 
  "dV_41": 0.5192028710192603, 
  "dV_42": 0.483065024643644, 
  "dV_43": 0.3732592108068022, 
  "dV_44": 0.5118548324137926, 
  "dV_45": 0.19242936700747865, 
  "dV_46": 0.10214650248068877, 
  "dV_47": 0.0565358531543744, 
  "dV_51": 0.27257792397802627, 
  "dV_52": 0.2537444016243041, 
  "dV_53": 0.1958103860538628, 
  "dV_54": 0.19242936700747865, 
  "dV_55": 0.14220310183448823, 
  "dV_56": 0.05384028753736904, 
  "dV_57": 0.029751462209765794, 
  "dV_61": 0.14480352965298818, 
  "dV_62": 0.13484282581611304, 
  "dV_63": 0.10404508465246715, 
  "dV_64": 0.10214650248068877, 
  "dV_65": 0.05384028753736904, 
  "dV_66": 0.04038418499088997, 
  "dV_67": 0.015858630196593893, 
  "dV_71": 0.08020246939261319, 
  "dV_72": 0.0746656975255971, 
  "dV_73": 0.05760380167752155, 
  "dV_74": 0.0565358531543744, 
  "dV_75": 0.029751462209765794, 
  "dV_76": 0.015858630196593893, 
  "dV_77": 0.012422783836321356
}