{
  "V_11": 85.82877732989822, 
  "V_12": 152.2928389161098, 
  "V_13": 143.40395886918228, 
  "V_14": 185.15793357347002, 
  "V_15": 79.11945907528371, 
  "V_16": 29.459785777839322, 
  "V_17": 10.207040805248198, 
  "V_21": 152.2928389161098, 
  "V_22": 265.94928511446676, 
  "V_23": 250.44417106542704, 
  "V_24": 324.4228678467086, 
  "V_25": 138.54956038224122, 
  "V_26": 51.659682723360866, 
  "V_27": 17.910943559143135, 
  "V_31": 143.40395886918228, 
  "V_32": 250.44417106542704, 
  "V_33": 234.93127454650673, 
  "V_34": 305.31951968543035, 
  "V_35": 130.7207837897191, 
  "V_36": 48.53650481620692, 
  "V_37": 16.784987960469497, 
  "V_41": 185.15793357347002, 
  "V_42": 324.4228678467086, 
  "V_43": 305.31951968543035, 
  "V_44": 396.36959002978864, 
  "V_45": 169.44175739065278, 
  "V_46": 62.85274050674261, 
  "V_47": 21.585838244837237, 
  "V_51": 79.11945907528371, 
  "V_52": 138.54956038224122, 
  "V_53": 130.7207837897191, 
  "V_54": 169.44175739065278, 
  "V_55": 72.44379208074024, 
  "V_56": 26.755834754344328, 
  "V_57": 9.068384013398841, 
  "V_61": 29.459785777839322, 
  "V_62": 51.659682723360866, 
  "V_63": 48.53650481620692, 
  "V_64": 62.85274050674261, 
  "V_65": 26.755834754344328, 
  "V_66": 9.830719228555937, 
  "V_67": 3.3054207819110646, 
  "V_71": 10.207040805248198, 
  "V_72": 17.910943559143135, 
  "V_73": 16.784987960469497, 
  "V_74": 21.585838244837237, 
  "V_75": 9.068384013398841, 
  "V_76": 3.3054207819110646, 
  "V_77": 1.0883792652393989
}