{
  "1": 1067.8751251866736, 
  "3": 0.15559593435108812, 
  "2": 0.7389452937422223, 
  "4": -0.017372793652034372
}