{
  "1": [
    -0.28502074666666666, 
    0.6196936429618507, 
    -0.12380950064850793, 
    -0.17149006013745804, 
    -0.03129858789502814, 
    0.046575501499218915, 
    -0.0023318414656945475
  ], 
  "3": [
    -0.4695515533333333, 
    -0.31188092888555247, 
    -0.11066542639429247, 
    -0.3145136340206186, 
    0.08696716855939773, 
    0.1174540690062925, 
    0.02767006543279131
  ], 
  "2": [
    -0.4991110266666667, 
    -0.07573987986699586, 
    -0.37663907263294466, 
    0.19243022336769777, 
    -0.11508150652885843, 
    0.026745981671522933, 
    -0.02751480650588884
  ], 
  "5": [
    -0.2603579, 
    0.03986963066251919, 
    0.24447375972762622, 
    0.2092995274914086, 
    0.12758145123559136, 
    0.4273763545757847, 
    0.08544653954010091
  ], 
  "4": [
    -0.6090331666666665, 
    -0.010688701776966807, 
    0.36061304312581116, 
    0.044365240549828225, 
    -0.09436553528135792, 
    -0.2934924321128434, 
    0.01766317068611007
  ], 
  "7": [
    -0.03333098666666665, 
    0.03473161357216919, 
    -0.1197203145265886, 
    0.14683909793814506, 
    0.38543099400280834, 
    -0.16066630769880538, 
    0.4475015629089559
  ], 
  "6": [
    -0.09671272666666667, 
    0.026957098930959374, 
    -0.042075607976653835, 
    0.1457631529209627, 
    0.38224200161626515, 
    -0.09260423582077022, 
    -0.4809538567956617
  ]
}