{
  "11": [
    2.9103830456733704e-11, 
    0.016698577233359393, 
    0.08587255879155828, 
    0.07989441228743828, 
    0.15887133805170803, 
    0.25199194155465976, 
    0.2528443946265987, 
    0.2283470872583601, 
    0.37935203330484357, 
    0.32410570218176804, 
    0.40306443957411053
  ], 
  "10": [
    4.1159031748919956e-11, 
    0.015322501701304883, 
    0.08391313373939592, 
    0.08079980514959959, 
    0.12450185743666584, 
    0.1901389649946469, 
    0.2105581748493226, 
    0.18496865017116465, 
    0.37465819481808166, 
    0.49409808543112615, 
    0.34411124518922476
  ], 
  "1": [
    4.32854937617124e-05, 
    0.07041470564551831, 
    0.25235092817778787, 
    0.22826174338292182, 
    0.21065464381692273, 
    0.1716776905392014, 
    0.14167574902710645, 
    0.11037928612566214, 
    0.07214005330940655, 
    0.06046108467212893, 
    0.05601711637665294
  ], 
  "3": [
    3.745543773733038e-05, 
    0.07336349432131481, 
    0.28088669791002385, 
    0.2801248441305928, 
    0.26842824745314525, 
    0.27957249970251313, 
    0.22608685126623135, 
    0.18977359455663026, 
    0.1070278846392944, 
    0.07974735003177369, 
    0.07524176516676832
  ], 
  "2": [
    4.122057602151032e-05, 
    0.06447576127389637, 
    0.2579732427141763, 
    0.27807422693336376, 
    0.19578396769333498, 
    0.13811930699913255, 
    0.11503313596871827, 
    0.0922365948587031, 
    0.06249010548887383, 
    0.05269432120457189, 
    0.04970778599689323
  ], 
  "5": [
    1.8562039187926307e-05, 
    0.055972182851403735, 
    0.19624504241893842, 
    0.16277127608225667, 
    0.3910411667886341, 
    0.3041504634968673, 
    0.2925588590065349, 
    0.22822872998270227, 
    0.11340427005863894, 
    0.09302109609313282, 
    0.08872970540066784
  ], 
  "4": [
    3.7606724193245484e-05, 
    0.05967823094851147, 
    0.22122271745344108, 
    0.2104217243639208, 
    0.2421754990943993, 
    0.20966894618730525, 
    0.18848824581490128, 
    0.15403518023581092, 
    0.10427250445701987, 
    0.08071705551198291, 
    0.07446926461740852
  ], 
  "7": [
    4.311411177656654e-06, 
    0.02727158511447297, 
    0.1468757893606949, 
    0.14015795209393156, 
    0.2511556123851576, 
    0.28381024229665486, 
    0.31160816349597154, 
    0.31694258556876115, 
    0.2358226378012876, 
    0.1898563498517449, 
    0.1770079225010837
  ], 
  "6": [
    2.5800516540236426e-06, 
    0.04297531427879889, 
    0.20425924345461227, 
    0.18178565866600735, 
    0.40364558528700245, 
    0.34420524612862496, 
    0.2597020173519468, 
    0.19018904758851699, 
    0.15617172472166013, 
    0.12394269193089438, 
    0.12258061711822155
  ], 
  "9": [
    0.0, 
    0.015566357961131642, 
    0.08302617650947358, 
    0.08022036940973122, 
    0.1452171791478024, 
    0.23514176186561977, 
    0.26490306247332396, 
    0.2807154472671129, 
    0.28212938176945185, 
    0.343790320017715, 
    0.4536443669604497
  ], 
  "8": [
    0.0, 
    0.020678185499866903, 
    0.12089680498481249, 
    0.1143727195984287, 
    0.14339165588356942, 
    0.16632120489385674, 
    0.18740522755564132, 
    0.31770574220745035, 
    0.3606487632351505, 
    0.3330533075843012, 
    0.3739255708316364
  ]
}