{
  "V_10_1": 0.06789105892697553, 
  "V_10_10": -0.14124262797430598, 
  "V_10_11": -0.09237308893998551, 
  "V_10_2": 0.10964493865647526, 
  "V_10_3": 0.10149993253416822, 
  "V_10_4": 0.1247962184965244, 
  "V_10_5": 0.031725756433938754, 
  "V_10_6": -0.014807767034667156, 
  "V_10_7": -0.024154184437745082, 
  "V_10_8": -0.04023832841066953, 
  "V_10_9": -0.05757674730812458, 
  "V_11_1": 0.03189847768353572, 
  "V_11_10": -0.09237308893998551, 
  "V_11_11": -0.19146935121145828, 
  "V_11_2": 0.007859177653891446, 
  "V_11_3": 0.029542614936815856, 
  "V_11_4": 0.0019382646518110972, 
  "V_11_5": -0.0342224697806136, 
  "V_11_6": -0.043019295884606415, 
  "V_11_7": -0.04338987071068188, 
  "V_11_8": -0.05177741005042305, 
  "V_11_9": -0.07120518004450747, 
  "V_1_1": 1.3374158267230338, 
  "V_1_10": 0.06789105892697553, 
  "V_1_11": 0.03189847768353572, 
  "V_1_2": 2.306824965901392, 
  "V_1_3": 2.2053884921544333, 
  "V_1_4": 2.9707243136066794, 
  "V_1_5": 1.365703588093273, 
  "V_1_6": 0.5598056542648846, 
  "V_1_7": 0.2739042174699839, 
  "V_1_8": 0.18967411908713616, 
  "V_1_9": 0.1311337506169882, 
  "V_2_1": 2.306824965901392, 
  "V_2_10": 0.10964493865647526, 
  "V_2_11": 0.007859177653891446, 
  "V_2_2": 4.014693808727704, 
  "V_2_3": 3.852500566690449, 
  "V_2_4": 5.189878476096091, 
  "V_2_5": 2.3414061898952707, 
  "V_2_6": 0.9732673191687264, 
  "V_2_7": 0.4911253004713183, 
  "V_2_8": 0.3175214722200831, 
  "V_2_9": 0.2122940733053764, 
  "V_3_1": 2.2053884921544333, 
  "V_3_10": 0.10149993253416822, 
  "V_3_11": 0.029542614936815856, 
  "V_3_2": 3.852500566690449, 
  "V_3_3": 3.6465682045674153, 
  "V_3_4": 4.911704892862861, 
  "V_3_5": 2.244042469102474, 
  "V_3_6": 0.9243598327107307, 
  "V_3_7": 0.457037667478389, 
  "V_3_8": 0.29535472619704467, 
  "V_3_9": 0.19153303467645186, 
  "V_4_1": 2.9707243136066794, 
  "V_4_10": 0.1247962184965244, 
  "V_4_11": 0.0019382646518110972, 
  "V_4_2": 5.189878476096091, 
  "V_4_3": 4.911704892862861, 
  "V_4_4": 6.6397150526215265, 
  "V_4_5": 2.991635759045762, 
  "V_4_6": 1.2194950951645234, 
  "V_4_7": 0.5997459977383642, 
  "V_4_8": 0.37953646394561513, 
  "V_4_9": 0.23842951899205422, 
  "V_5_1": 1.365703588093273, 
  "V_5_10": 0.031725756433938754, 
  "V_5_11": -0.0342224697806136, 
  "V_5_2": 2.3414061898952707, 
  "V_5_3": 2.244042469102474, 
  "V_5_4": 2.991635759045762, 
  "V_5_5": 1.3620523477710726, 
  "V_5_6": 0.5506368523562781, 
  "V_5_7": 0.2675798936575116, 
  "V_5_8": 0.15822438873913428, 
  "V_5_9": 0.08954939008771265, 
  "V_6_1": 0.5598056542648846, 
  "V_6_10": -0.014807767034667156, 
  "V_6_11": -0.043019295884606415, 
  "V_6_2": 0.9732673191687264, 
  "V_6_3": 0.9243598327107307, 
  "V_6_4": 1.2194950951645234, 
  "V_6_5": 0.5506368523562781, 
  "V_6_6": 0.23952179496667841, 
  "V_6_7": 0.10106278956889209, 
  "V_6_8": 0.054932279094735116, 
  "V_6_9": 0.01712900015674262, 
  "V_7_1": 0.2739042174699839, 
  "V_7_10": -0.024154184437745082, 
  "V_7_11": -0.04338987071068188, 
  "V_7_2": 0.4911253004713183, 
  "V_7_3": 0.457037667478389, 
  "V_7_4": 0.5997459977383642, 
  "V_7_5": 0.2675798936575116, 
  "V_7_6": 0.10106278956889209, 
  "V_7_7": 0.05628033284513846, 
  "V_7_8": 0.015476985987239596, 
  "V_7_9": -0.005982687903191492, 
  "V_8_1": 0.18967411908713616, 
  "V_8_10": -0.04023832841066953, 
  "V_8_11": -0.05177741005042305, 
  "V_8_2": 0.3175214722200831, 
  "V_8_3": 0.29535472619704467, 
  "V_8_4": 0.37953646394561513, 
  "V_8_5": 0.15822438873913428, 
  "V_8_6": 0.054932279094735116, 
  "V_8_7": 0.015476985987239596, 
  "V_8_8": -0.005412883455200158, 
  "V_8_9": -0.02275341172409774, 
  "V_9_1": 0.1311337506169882, 
  "V_9_10": -0.05757674730812458, 
  "V_9_11": -0.07120518004450747, 
  "V_9_2": 0.2122940733053764, 
  "V_9_3": 0.19153303467645186, 
  "V_9_4": 0.23842951899205422, 
  "V_9_5": 0.08954939008771265, 
  "V_9_6": 0.01712900015674262, 
  "V_9_7": -0.005982687903191492, 
  "V_9_8": -0.02275341172409774, 
  "V_9_9": -0.07623845703310453
}