{
  "1": 17.338531684366075, 
  "3": 0.029131387764005093, 
  "2": 0.04385043867892424, 
  "4": 0.017010842569506454
}