{
  "1": [
    4.6023389743413374e-05, 
    0.06748593390492522, 
    0.28123885289228706, 
    0.2951183173309597, 
    0.11333529959192597, 
    0.10006567909906272, 
    0.06392173236529591
  ], 
  "3": [
    3.649779095870523e-05, 
    0.03908755000723926, 
    0.32878029012124194, 
    0.25838089290771815, 
    0.14541423423098412, 
    0.11534983168549828, 
    0.09005063292333071
  ], 
  "2": [
    4.205329127952025e-05, 
    0.07400810786235225, 
    0.28254954499747953, 
    0.3063052553072232, 
    0.1295048192136359, 
    0.1450519817777376, 
    0.11145057261963555
  ], 
  "5": [
    3.278522095806372e-05, 
    0.047982109909866635, 
    0.17237002413797076, 
    0.1755510398531441, 
    0.2466750033639146, 
    0.19943686179524836, 
    0.25251991647557187
  ], 
  "4": [
    3.6035029407595563e-05, 
    0.13266217022858576, 
    0.09735222266855746, 
    0.10252383979339973, 
    0.18475560869733676, 
    0.2120197942224873, 
    0.1838388230102829
  ], 
  "7": [
    1.0998181669974285e-05, 
    0.020915760808367594, 
    0.11360171270558032, 
    0.13245899256677096, 
    0.2783063910515434, 
    0.3027735032182013, 
    0.26389937173476247
  ], 
  "6": [
    1.2302467698699237e-05, 
    0.033310323282059705, 
    0.1648967728757579, 
    0.19257621694116847, 
    0.19631096349915927, 
    0.22912609244415863, 
    0.2471622010148234
  ]
}