{
  "1": 0.09973666137590602, 
  "3": 0.10736661367593589, 
  "2": 0.07089873960606312, 
  "4": 0.05619554179051419
}