{
  "1": 2440.1128030063314, 
  "3": 0.749073945785021, 
  "2": 1.4654115139152812, 
  "4": 0.20781167370411782
}