{
  "1": [
    3.2847768278283506e-05, 
    0.0758457982100119, 
    0.1085192061386899, 
    0.26989096409634333, 
    0.33421582817424894, 
    0.2805158163667511, 
    0.2963764881641597
  ], 
  "3": [
    3.165623951281858e-05, 
    0.05368985733688705, 
    0.29293164116341897, 
    0.3649233205931545, 
    0.3408153954154586, 
    0.3772799204886053, 
    0.3426885350334042
  ], 
  "2": [
    8.552516891321829e-06, 
    0.06292092618702778, 
    0.1944524990899833, 
    0.2767721005701075, 
    0.3038069596323817, 
    0.2653796505481705, 
    0.2724683736874927
  ], 
  "5": [
    4.155206065993199e-06, 
    0.04448945936184718, 
    0.13052473904385306, 
    0.30669113039089496, 
    0.3373484550287245, 
    0.23956668264945483, 
    0.34541070544414976
  ], 
  "4": [
    1.611330814665729e-05, 
    0.05071644175997455, 
    0.08812111247319446, 
    0.321710990566084, 
    0.2728760833973496, 
    0.21404596708987625, 
    0.27766503931605446
  ], 
  "7": [
    3.2927225399135965e-10, 
    0.037541109263236276, 
    0.3412154503938649, 
    0.3512814371335304, 
    0.23682177991334435, 
    0.16531456585350876, 
    0.17117391636331578
  ], 
  "6": [
    2.6771094688592685e-05, 
    0.029676286990249007, 
    0.1025134502844997, 
    0.38402392547024045, 
    0.3774643121679333, 
    0.3716261057203906, 
    0.4172251957667879
  ]
}