{
  "1": 0.02659400815959611, 
  "3": 0.0028764722283128653, 
  "2": 0.017365691929122757, 
  "4": 0.011870175742214384
}