{
  "1": [
    0.4225275866666667, 
    0.40226513999999974, 
    0.16747163638824047, 
    -0.014166153551598816, 
    0.2111208883455581, 
    -0.4402317580938823, 
    0.030360545414559247
  ], 
  "3": [
    0.44818956000000015, 
    0.08138156000000013, 
    -0.048107293886802516, 
    0.3613793720084241, 
    -0.18581930725346316, 
    0.010823818570410718, 
    0.09840431053441795
  ], 
  "2": [
    0.5646329, 
    0.3413254599999994, 
    0.03503181772049131, 
    -0.25809253302699525, 
    -0.11220374898125551, 
    0.3173050819282831, 
    0.05787369694303952
  ], 
  "5": [
    0.19496692666666673, 
    -0.5933854733333336, 
    0.037553249433336815, 
    -0.1959457668006891, 
    -0.18291204563977112, 
    -0.28192972373941244, 
    0.2367013635363978
  ], 
  "4": [
    0.5085041533333335, 
    -0.5210003066666681, 
    -0.2089341351195916, 
    0.039749802795328186, 
    0.1374790546047269, 
    0.0775964933111691, 
    -0.30682207316179044
  ], 
  "7": [
    0.024233333333333332, 
    -0.1579861533333335, 
    0.780860418146758, 
    0.038416186099942524, 
    -0.09132599022004917, 
    0.06035140505026529, 
    -0.16680830584268028
  ], 
  "6": [
    0.06771347333333343, 
    -0.2170555000000002, 
    0.16269191447613257, 
    0.10048803752632575, 
    0.37500553382233087, 
    0.23695977994142275, 
    0.3588248882046776
  ]
}