{
  "1": [
    0.00041820248233613507, 
    0.13012494151853005, 
    0.3766653303526325, 
    0.22980955431381514, 
    0.15973416923922837, 
    0.12700481354055695, 
    0.12931520789531012
  ], 
  "3": [
    0.0003042735937304931, 
    0.07625395701313258, 
    0.23670981508657005, 
    0.25283089343534426, 
    0.25366795757921806, 
    0.1807885571157002, 
    0.18808971723906287
  ], 
  "2": [
    0.0003767320001411078, 
    0.07120870517812067, 
    0.5496551772885431, 
    0.19888340094201276, 
    0.13748767987463095, 
    0.12437836839167926, 
    0.15270163038026735
  ], 
  "5": [
    0.00019433664996159703, 
    0.05725493478879814, 
    0.36906668681888605, 
    0.1948666559531445, 
    0.32358071836143537, 
    0.33120881502793936, 
    0.33613802476079724
  ], 
  "4": [
    0.00028164025965300173, 
    0.0398855022349298, 
    0.27602268311962125, 
    0.2173991565700018, 
    0.23938706034555576, 
    0.2209012952712181, 
    0.30405631011954815
  ], 
  "7": [
    6.272648173752987e-05, 
    0.02792843719632582, 
    0.24132509287819776, 
    0.16814810727097887, 
    0.37004760800838804, 
    0.40043114535275626, 
    0.38611319097552643
  ], 
  "6": [
    0.00010815829629869789, 
    0.03656324638502504, 
    0.28386802073796047, 
    0.2750466598131256, 
    0.3390296699079161, 
    0.2637140448774195, 
    0.41587930583761246
  ]
}