{
  "1": [
    0.2739608533333334, 
    0.4082755511069735, 
    -0.31558961233961186, 
    0.32394925641557754, 
    -0.003927815681746362, 
    0.1050029428530713, 
    0.01348917896329927
  ], 
  "3": [
    0.45132222666666655, 
    0.42871088438631094, 
    -0.10768591318591372, 
    -0.6824254271287246, 
    0.08002985549840808, 
    0.0864263217899389, 
    -0.051202108485536704
  ], 
  "2": [
    0.46460366666666686, 
    0.49829350352597335, 
    0.16042511602511597, 
    0.2083486753821679, 
    0.2135350932437634, 
    0.034782072110588674, 
    0.0205466412134971
  ], 
  "5": [
    0.30125090666666676, 
    0.3194860643790237, 
    0.08231865274365294, 
    0.1599005256968947, 
    0.06181056296140799, 
    0.3769629756306116, 
    -0.3658798644790712
  ], 
  "4": [
    0.6300100933333334, 
    0.2429178774289777, 
    0.0598727409227407, 
    0.10460213737289878, 
    -0.35643707707917693, 
    -0.25504993587002933, 
    0.16849216455130214
  ], 
  "7": [
    0.0472078066666668, 
    0.0936645302337483, 
    0.02752109609609603, 
    0.01832617417168156, 
    0.254972831601413, 
    0.36393318369673694, 
    0.4763625460048842
  ], 
  "6": [
    0.12451030666666675, 
    0.17500646736916783, 
    -0.026567649467649675, 
    0.06039206612713557, 
    0.47901070291452447, 
    -0.43361802764714225, 
    -0.06855212396381467
  ]
}