{
  "1": [
    0.0002886126767125219, 
    0.4282866784779154, 
    0.39858828797466933, 
    0.23580794949296127, 
    0.22712669180518205, 
    0.07921973048556075, 
    0.07473226862210186
  ], 
  "3": [
    0.00020595089161644543, 
    0.2567678481111402, 
    0.2776162038141025, 
    0.25263208993985203, 
    0.31071409897437213, 
    0.19752041209823815, 
    0.1999004379056912
  ], 
  "2": [
    0.00025119398224044656, 
    0.38137300903495297, 
    0.42633149349739036, 
    0.12832782522138278, 
    0.12714067122134423, 
    0.06766995809352531, 
    0.0655158951259694
  ], 
  "5": [
    0.00011796593402924879, 
    0.10573356336142017, 
    0.2026370572984587, 
    0.264315127382312, 
    0.31152603396397305, 
    0.27674311984310945, 
    0.4200477746495419
  ], 
  "4": [
    0.0001953353260793676, 
    0.23155066567741656, 
    0.24047014927170102, 
    0.2715929312630963, 
    0.23058625332440516, 
    0.19403953305349836, 
    0.18159059928118063
  ], 
  "7": [
    3.732127424468596e-05, 
    0.06700088419714875, 
    0.15038450537169742, 
    0.18218913282192797, 
    0.2708921193051122, 
    0.42335777679464753, 
    0.4755940115493956
  ], 
  "6": [
    6.301429257051266e-05, 
    0.10028560215381978, 
    0.2007496885050272, 
    0.1921797635062679, 
    0.30682947252374604, 
    0.5092134619490809, 
    0.3236170263012616
  ]
}