{
  "1": [
    6.0717552102910944e-05, 
    0.16419093486160583, 
    0.27805915399319875, 
    0.4196172765060287, 
    0.12967124454003004, 
    0.15846281202910006, 
    0.139673387790033
  ], 
  "3": [
    4.6736602175263844e-05, 
    0.1029071216107675, 
    0.35734622165977237, 
    0.19539120947943692, 
    0.2216124361158094, 
    0.23966223627825733, 
    0.24498111974727946
  ], 
  "2": [
    5.5897521254755725e-05, 
    0.15968642376677167, 
    0.2133856221606875, 
    0.31155851134128904, 
    0.08383451496054067, 
    0.10876730967207718, 
    0.08734381612315215
  ], 
  "5": [
    2.832343726149329e-05, 
    0.07170385387143532, 
    0.22855510513141036, 
    0.21701749324867817, 
    0.35696564025745053, 
    0.3176308997179571, 
    0.42105409817812456
  ], 
  "4": [
    4.4577219712415826e-05, 
    0.09149684770464432, 
    0.3235091479721643, 
    0.17228331424735088, 
    0.14431543573057198, 
    0.22805619844298886, 
    0.1739687050850097
  ], 
  "7": [
    0.0, 
    0.020435282195745127, 
    0.07285187512704092, 
    0.10469828092731731, 
    0.4407346736750467, 
    0.409797137402102, 
    0.4648503081918882
  ], 
  "6": [
    2.7267093747990607e-05, 
    0.037908681456419374, 
    0.24334723921841928, 
    0.19416127793404842, 
    0.26531131184182677, 
    0.4698682044299544, 
    0.34775411206503154
  ]
}