{
  "1": 0.055687842253414416, 
  "3": 0.02293134744295334, 
  "2": 0.07212742983848694, 
  "4": 0.015976772382724203
}