{
  "1": [
    -0.2833873666666666, 
    -0.4667901600000011, 
    0.5842059335738281, 
    -0.029092234064785307, 
    -0.0843491563196434, 
    -0.1023173024807173, 
    0.002103541764613817
  ], 
  "3": [
    -0.46866036666666666, 
    0.37598864666666615, 
    -0.058650565990794705, 
    -0.4177699519331235, 
    -0.0896937387243979, 
    -0.2737574525745264, 
    0.15378206393982155
  ], 
  "2": [
    -0.49939502, 
    -0.6225796333333334, 
    -0.4125760957001291, 
    0.02095416091954027, 
    0.0004617602320563367, 
    -0.004211094434021211, 
    -0.022142093715718528
  ], 
  "5": [
    -0.26157302666666654, 
    0.055655373333333445, 
    0.08281105858937675, 
    -0.3026644054336446, 
    0.12879273055290286, 
    0.5129659745674385, 
    0.07090060335370642
  ], 
  "4": [
    -0.6095856866666666, 
    0.4085007466666668, 
    0.07245410706140923, 
    0.3821817471264367, 
    0.05387711273833539, 
    0.039385328330206346, 
    -0.22249548660084636
  ], 
  "7": [
    -0.03389999999999992, 
    -0.04621110666666665, 
    0.028746324169672908, 
    0.0955980647857891, 
    0.6513135342601436, 
    -0.10692679174484099, 
    0.1942778718069269
  ], 
  "6": [
    -0.09741917333333326, 
    0.0511036533333334, 
    0.011976991333913521, 
    0.3749830261233018, 
    -0.23515241784286628, 
    0.04964333958724218, 
    0.5018553910045448
  ]
}