{
  "1": [
    -0.4172935597133128, 
    -0.7794298798543446, 
    -0.16364362646564518, 
    -0.3939519817895565, 
    -0.15979985299086213, 
    -0.10266399954069332, 
    -0.01737403682706798
  ], 
  "2": [
    -0.5579030025853728, 
    0.5774542644265679, 
    0.17631333774354144, 
    -0.5366023600252214, 
    -0.12940635206831805, 
    -0.13909292577195415, 
    0.01301846363902514
  ], 
  "3": [
    -0.44874106852179785, 
    0.17474110752965352, 
    -0.7583196785052567, 
    0.34101355163072666, 
    0.26771003704348295, 
    -0.007181944661243546, 
    -0.07097730126003307
  ], 
  "4": [
    -0.5164994607450427, 
    -0.16131193425355986, 
    0.5878020606301816, 
    0.41075533657349983, 
    0.3906321568732695, 
    0.2004026242507418, 
    0.0148614979955601
  ], 
  "5": [
    -0.20201695670031786, 
    0.030135536043998767, 
    0.07636432159892087, 
    0.49498906259285, 
    -0.8165200377724054, 
    -0.13203190741168924, 
    -0.1526365628362672
  ], 
  "6": [
    -0.07132511576208792, 
    0.03369391879188027, 
    -0.1253601443060032, 
    -0.06953369922237128, 
    -0.25797734404775513, 
    0.8205421096565432, 
    0.48310007537619526
  ], 
  "7": [
    -0.023915732626853165, 
    -0.020885626547597617, 
    0.0052628668817896445, 
    0.1483254763212861, 
    0.01409166368458172, 
    -0.48905898495828265, 
    0.8588285148322837
  ]
}