{
  "1": 1461.89580754987, 
  "3": 0.6540143430173764, 
  "2": 1.2621205905521562, 
  "4": 0.2674413795985506
}