{
  "1": [
    -0.41729459333333324, 
    -0.6493958343158037, 
    -0.09225449782966598, 
    -0.23872520156645904, 
    -0.008855405183726987, 
    -0.0323987682832948, 
    -0.008519459128169607
  ], 
  "3": [
    -0.44874077333333334, 
    0.1497497445571015, 
    -0.5076030284887494, 
    0.2072544068187057, 
    0.09955564304461942, 
    -0.030960413993670517, 
    -0.04679783957710825
  ], 
  "2": [
    -0.55790226, 
    0.4742323744399908, 
    0.0877485655839941, 
    -0.2976887859940087, 
    0.027307619750656445, 
    -0.041594183560003384, 
    0.012494422738067858
  ], 
  "5": [
    -0.20201607999999993, 
    0.020581883203646845, 
    0.050091378536146876, 
    0.10148928357521303, 
    -0.5944306758530176, 
    -0.12640586776152724, 
    -0.07762568758139812
  ], 
  "4": [
    -0.51650012, 
    -0.1288355812308416, 
    0.4116452177817683, 
    0.2974768716885508, 
    0.150700844816273, 
    0.08645267299632217, 
    -0.0018027196812992199
  ], 
  "7": [
    -0.023912339999999914, 
    -0.015994254499724844, 
    0.005917163099336496, 
    0.034206058511863695, 
    0.016029273293963437, 
    -0.2899918826447686, 
    0.6252884854056542
  ], 
  "6": [
    -0.07132515333333324, 
    0.027940116324766243, 
    -0.07786239085965153, 
    -0.032056821008983986, 
    -0.20110479002624734, 
    0.538979591138483, 
    0.2697409637631194
  ]
}