{"mode1_error": [3e-06, 3e-06, 4e-06, 5e-06, 2e-06, 2e-06, 2e-06], "mode2": [0.00165, 0.00079, -0.00014, -0.00354, -0.01161, -0.02504, -0.05309], "mode2_error": [8.5e-05, 0.0001, 0.000131, 0.000135, 0.000502, 0.001141, 0.002691], "mode1": [0.04998, 0.08288, 0.11671, 0.15675, 0.20422, 0.23521, 0.24418]}