{
  "1": 87.869163741055559, 
  "2": 0.018248174592460305, 
  "3": 0.01282848438725227, 
  "4": -0.014121173693246543, 
  "5": -0.028646338346206782, 
  "6": -0.12715900982414621, 
  "7": -0.21776045900113464
}