{
  "1": [
    0.2879136767480076, 
    -0.6897293661527727, 
    0.4842356968376584, 
    -0.18455362189809085, 
    0.4075039349265605, 
    -0.08009584197577704, 
    -0.018975401918515305
  ], 
  "2": [
    0.5092906038011187, 
    0.6182806849968133, 
    0.5321104412476559, 
    -0.17961634233483603, 
    0.005512274833069969, 
    0.12653262296226242, 
    0.16403546407304792
  ], 
  "3": [
    0.47325610663821205, 
    -0.35503270507856394, 
    -0.08690444557439107, 
    0.2419359714067154, 
    -0.6770118375015269, 
    0.15577672083946284, 
    0.31825088226188025
  ], 
  "4": [
    0.6018442091622594, 
    0.10664824232388469, 
    -0.45861724781439583, 
    0.3827473516824423, 
    0.41593151085019003, 
    -0.24953238324109756, 
    -0.18525375324203716
  ], 
  "5": [
    0.24971254048005298, 
    -0.03343035572264864, 
    -0.1938575006323164, 
    -0.6094831256155507, 
    -0.31512877604157963, 
    -0.03059024565888437, 
    -0.653631194836046
  ], 
  "6": [
    0.0899949317444202, 
    -0.05417349843269886, 
    -0.4093027146084181, 
    -0.35889399398782584, 
    0.32123100657067366, 
    0.7044135476466507, 
    0.3053599966122391
  ], 
  "7": [
    0.032947844180555644, 
    0.022977600919352283, 
    -0.24368558191386772, 
    -0.4778857618714774, 
    -0.008402555465249156, 
    -0.6276202236586966, 
    0.5627177419486789
  ]
}