{
  "1": [
    0.0001805266664808716, 
    0.11747433688119728, 
    0.12870101848656285, 
    0.1669832129729719, 
    0.1680471864070878, 
    0.16791586958975596, 
    0.1270444162725021
  ], 
  "3": [
    0.00012791763416028664, 
    0.06917936995822237, 
    0.12637995194059445, 
    0.3069213091453771, 
    0.24228697665113622, 
    0.3272203936355028, 
    0.22431662512850287
  ], 
  "2": [
    0.0001574261978105962, 
    0.11326530790537781, 
    0.12182139276656448, 
    0.08552049550335382, 
    0.11863138562850803, 
    0.1322692280763048, 
    0.1213450410812212
  ], 
  "5": [
    7.377737536443853e-05, 
    0.04720316971046467, 
    0.056972260738328964, 
    0.24713143125286963, 
    0.31237843064422743, 
    0.4583166191154996, 
    0.2861509791884121
  ], 
  "4": [
    0.00012074153617962783, 
    0.1026204987880698, 
    0.06833937374603351, 
    0.2506429880796588, 
    0.227624164494612, 
    0.18736187246398645, 
    0.23423232319528103
  ], 
  "7": [
    2.9547682745267e-05, 
    0.030296749472222943, 
    0.03840463742176783, 
    0.23521748325692915, 
    0.303829527248104, 
    0.45292817841637956, 
    0.48750687073541105
  ], 
  "6": [
    4.1956472705954515e-05, 
    0.054858796391999205, 
    0.05494395527162526, 
    0.1914852868040511, 
    0.30444991968624213, 
    0.35792116181279965, 
    0.5150878446113352
  ]
}