{
  "1": 0.013604483891814994, 
  "3": 0.0023121825786695184, 
  "2": 0.00429724943655582, 
  "4": 0.010458459416895863
}