{
  "1": 87.86913615172213, 
  "3": 0.012747268439792396, 
  "2": 0.019268484176170567, 
  "4": -0.013108596431140688
}