{
  "1": 210.84816469990147, 
  "3": 0.046746177260843305, 
  "2": 0.09420413598392482, 
  "5": -0.010788852331244343, 
  "4": 0.00434870533342097, 
  "7": -0.17980653815857298, 
  "6": -0.11427434966683209
}