{
  "dV_11": 1.5202222679413782, 
  "dV_12": 1.041242314666941, 
  "dV_13": 0.7936598834217645, 
  "dV_14": 0.7816254721056375, 
  "dV_15": 0.3928663134415308, 
  "dV_16": 0.2045598832642856, 
  "dV_17": 0.11235345663502651, 
  "dV_21": 1.041242314666941, 
  "dV_22": 1.3998486951757092, 
  "dV_23": 0.7688850707894224, 
  "dV_24": 0.7576411806738033, 
  "dV_25": 0.3794370241875664, 
  "dV_26": 0.19706284082609204, 
  "dV_27": 0.10817621610190066, 
  "dV_31": 0.7936598834217645, 
  "dV_32": 0.7688850707894224, 
  "dV_33": 0.8139342325953787, 
  "dV_34": 0.5803508016232729, 
  "dV_35": 0.2903072211855096, 
  "dV_36": 0.15048733980498513, 
  "dV_37": 0.0825286391827393, 
  "dV_41": 0.7816254721056375, 
  "dV_42": 0.7576411806738033, 
  "dV_43": 0.5803508016232729, 
  "dV_44": 0.7820118528094927, 
  "dV_45": 0.287702036984701, 
  "dV_46": 0.14846862641521363, 
  "dV_47": 0.08142727608858433, 
  "dV_51": 0.3928663134415308, 
  "dV_52": 0.3794370241875664, 
  "dV_53": 0.2903072211855096, 
  "dV_54": 0.287702036984701, 
  "dV_55": 0.20084938077828307, 
  "dV_56": 0.07504064540905694, 
  "dV_57": 0.04107690831374709, 
  "dV_61": 0.2045598832642856, 
  "dV_62": 0.19706284082609204, 
  "dV_63": 0.15048733980498513, 
  "dV_64": 0.14846862641521363, 
  "dV_65": 0.07504064540905694, 
  "dV_66": 0.05492865768441536, 
  "dV_67": 0.021432185038881446, 
  "dV_71": 0.11235345663502651, 
  "dV_72": 0.10817621610190066, 
  "dV_73": 0.0825286391827393, 
  "dV_74": 0.08142727608858433, 
  "dV_75": 0.04107690831374709, 
  "dV_76": 0.021432185038881446, 
  "dV_77": 0.016670719620687693
}