{
  "1": [
    -0.41545022666666676, 
    0.6504036064738126, 
    0.003403121826291019, 
    0.08784332078411018, 
    0.03150177424288773, 
    0.084806970207982, 
    0.015961242569064164
  ], 
  "3": [
    -0.4479481399999999, 
    -0.24882129476232964, 
    -0.15776207444694687, 
    -0.2582485395300529, 
    -0.17005513408789646, 
    0.11483739928798926, 
    0.057465326184093064
  ], 
  "2": [
    -0.5592905399999999, 
    -0.14654235164181645, 
    0.5395702786241003, 
    0.03248378121078384, 
    0.013472907107168402, 
    -0.07029424770470326, 
    0.009729925787776516
  ], 
  "5": [
    -0.2027837133333333, 
    -0.24029237075740195, 
    -0.1253270146156224, 
    0.23576343848716902, 
    0.28449940858570366, 
    0.1658651489600896, 
    0.05986593231534339
  ], 
  "4": [
    -0.5166934866666666, 
    -0.03362045367656441, 
    -0.3785216099262601, 
    -0.017949703578692498, 
    0.0028029366778832237, 
    -0.16561013678096237, 
    -0.05827409177448805
  ], 
  "7": [
    -0.02493465333333325, 
    -0.07878402361836792, 
    -0.13763054267673394, 
    0.1844921762084037, 
    -0.05120843275211504, 
    -0.22129110923739967, 
    0.4937165753584328
  ], 
  "6": [
    -0.07226795333333326, 
    -0.12109829234102176, 
    -0.11162642734136981, 
    0.24749262624951343, 
    -0.03181719180177351, 
    0.13961110174255204, 
    -0.4449646695419044
  ]
}