{"mode1_error": [5.526636089345184e-06, 3.6329860659832803e-06, 3.936621223632877e-06, 3.1586690985825917e-06, 8.47747174116613e-06, 3.0628048981356635e-05, 0.00015888703730182255], "mode1": [0.005722847858243566, 0.014314329575293706, 0.023870162380937174, 0.036442166018027265, 0.05163519535020254, 0.0614095497297813, 0.06314604242965151]}