{"mode1_error": [9.509638127942509e-06, 6.2296189583943345e-06, 6.779740226632695e-06, 5.7019811793493564e-06, 1.9206656696432078e-05, 9.752951839971016e-05, 0.0007271271350744435], "mode1": [0.008084324955995632, 0.02010214122811162, 0.03340294077093952, 0.05059845699009296, 0.07148307881353634, 0.08432251852113584, 0.08215083852438643]}