{"mode1_error": [5.491691303758752e-05, 3.540407725982252e-05, 4.1168658942511595e-05, 3.996898570002889e-05, 0.0002089302520516019, 0.0018760342727392456, 0.02475367033393728], "mode1": [0.009464555828116413, 0.02419670210583511, 0.03931995471421234, 0.058944448823908625, 0.08212940749864808, 0.0923638261391951, 0.07860245743676414]}