{
  "1": 31.236673219934264, 
  "2": 0.09792996524189293, 
  "3": 0.043066245117001647, 
  "4": 0.038785333889717111, 
  "5": 0.018036880179978881, 
  "6": -0.004006386209131069, 
  "7": -0.03294248675340708
}