{
  "1": 31.236653040593005, 
  "3": 0.04572285424735988, 
  "2": 0.09944761152240714, 
  "4": 0.03843319511252392
}