{
  "1": [
    -0.2871036799999999, 
    0.6643198393823461, 
    -0.042352525967894454, 
    -0.010337181023388122, 
    0.05604868971404227, 
    -0.09253613887427657, 
    -0.01734328159297599
  ], 
  "3": [
    -0.4726705133333332, 
    -0.16348180815496519, 
    -0.2343606625747565, 
    0.007892579771889853, 
    0.43406069995732144, 
    0.0217929335437496, 
    0.05906948102853564
  ], 
  "2": [
    -0.50795564, 
    -0.11612530589735724, 
    -0.2143554847340251, 
    -0.30506818000266217, 
    -0.2355588390951769, 
    -0.04211696475539192, 
    -0.11297065694575098
  ], 
  "5": [
    -0.2507274333333333, 
    -0.02115860131665134, 
    -0.27216117406358276, 
    0.49311169839790625, 
    -0.2812476653862573, 
    0.04962101525512894, 
    0.046953958921292074
  ], 
  "4": [
    -0.6013964866666665, 
    -0.08574823355047667, 
    0.48203562322946136, 
    0.043437647006612706, 
    -0.05596594110115243, 
    -0.02312023496405413, 
    0.10061063029162758
  ], 
  "7": [
    -0.05069418666666662, 
    0.08865076000413602, 
    0.010395986779981232, 
    -0.14153244130830417, 
    -0.07031307725138682, 
    0.45844489742241007, 
    0.12319251332706178
  ], 
  "6": [
    -0.09498540666666665, 
    -0.02253197187467673, 
    0.10153048473402568, 
    0.12244163227266654, 
    0.06467006402048689, 
    0.1667642731895496, 
    -0.4641694888679847
  ]
}