{
  "1": 807.30506557980823, 
  "2": 0.77782714353339522, 
  "3": 0.12817676810545128, 
  "4": 0.10014353511194984, 
  "5": -0.0062564207261358489, 
  "6": -0.11629125922352995, 
  "7": -0.41838873708212926
}