{
  "1": [
    -0.4239623592884952, 
    0.10816679130262773, 
    -0.18710978957861393, 
    0.41672778295794144, 
    -0.7316765131476141, 
    -0.22998357762431923, 
    0.10789244112444787
  ], 
  "2": [
    -0.5657599330179639, 
    0.15286869465979622, 
    -0.2266124841498754, 
    0.32476000936734667, 
    0.6690177006692122, 
    -0.16842525168085706, 
    0.15418440101144795
  ], 
  "3": [
    -0.4478076492248365, 
    0.057603676732087425, 
    -0.002337028719234804, 
    -0.06675401571464334, 
    -0.0767480235801626, 
    0.821751744666043, 
    -0.3324490583838083
  ], 
  "4": [
    -0.506046818290605, 
    -0.11175627125908848, 
    0.2593186097340335, 
    -0.6331439815982817, 
    -0.05396647558098353, 
    -0.43294288317967144, 
    -0.2701069976160314
  ], 
  "5": [
    -0.19333025940849133, 
    -0.20243272846858462, 
    0.25197891619810053, 
    -0.2304870774496357, 
    -0.060005514678828385, 
    0.2347273649249125, 
    0.86390343009254
  ], 
  "6": [
    -0.0697807394562474, 
    -0.4627631707275906, 
    0.6947110702707977, 
    0.5111433993259741, 
    0.06796267722198443, 
    -0.027771886392124967, 
    -0.1780439474367362
  ], 
  "7": [
    -0.036202241501152393, 
    -0.8330634417476409, 
    -0.5479673897673805, 
    -0.03390610022897163, 
    0.006524523146153368, 
    0.012522186046238814, 
    -0.05547469068872142
  ]
}