{
  "1": 807.305065579822, 
  "3": 0.12817676810548193, 
  "2": 0.777827143533526, 
  "4": 0.10014353511192582
}