{
  "1": 403.43122566241232, 
  "2": 0.25139447324060404, 
  "3": 0.058566840781911218, 
  "4": 0.017474696704753909, 
  "5": -0.015422227260691606, 
  "6": -0.25326478750693426, 
  "7": -0.28394132537197214
}