{
  "1": [
    -0.2738168550049156, 
    -0.5736130399376815, 
    0.2506225754329537, 
    0.6209199622211234, 
    0.22012855808441886, 
    0.24889862980790675, 
    -0.19295601965926898
  ], 
  "2": [
    -0.4789599227991063, 
    -0.12269124099243425, 
    -0.8241259281982126, 
    -0.029309748519036883, 
    -0.17932183105555827, 
    0.1199712758857875, 
    -0.17015351515146232
  ], 
  "3": [
    -0.4588781287829185, 
    0.7770586992214087, 
    0.16647815461979884, 
    0.2694931334391097, 
    0.16357614959565003, 
    0.16247011026638114, 
    -0.17920776352053178
  ], 
  "4": [
    -0.6225074944903488, 
    -0.14256040209668697, 
    0.33997377557567604, 
    -0.12506141471698898, 
    -0.4039542502463826, 
    -0.3928843315117131, 
    0.3786836295480098
  ], 
  "5": [
    -0.28717263839587226, 
    -0.12914461257155616, 
    -0.01018795193587552, 
    -0.4695766317591272, 
    0.796372569987362, 
    0.028674478887030494, 
    0.21264063904607935
  ], 
  "6": [
    -0.11499571885459552, 
    -0.12018645339567625, 
    0.2934362327440621, 
    -0.48069886346718216, 
    -0.1269456045196213, 
    -0.0072031976926520596, 
    -0.7993671925190469
  ], 
  "7": [
    -0.042951890498501025, 
    -0.02545849523171054, 
    0.16881652187602647, 
    -0.2715857549694705, 
    -0.2812942393273865, 
    0.8614102498625523, 
    0.27220413684486816
  ]
}