{
  "1": 0.051193786782057646, 
  "3": 0.02799398043700916, 
  "2": 0.06106918598357644, 
  "4": 0.016019504822954264
}