{
  "dV_11": 0.17116716991392392, 
  "dV_12": 0.11542636977995313, 
  "dV_13": 0.09120074213320689, 
  "dV_14": 0.09270063882259583, 
  "dV_15": 0.05079431611882483, 
  "dV_16": 0.02795917667593734, 
  "dV_17": 0.015994154673318287, 
  "dV_21": 0.11542636977995313, 
  "dV_22": 0.1552753828784729, 
  "dV_23": 0.08700725275295243, 
  "dV_24": 0.08836366210000911, 
  "dV_25": 0.04838989610072417, 
  "dV_26": 0.026637425491356254, 
  "dV_27": 0.015240834950833672, 
  "dV_31": 0.09120074213320689, 
  "dV_32": 0.08700725275295243, 
  "dV_33": 0.09688589499830613, 
  "dV_34": 0.06997498207619406, 
  "dV_35": 0.038272101689018574, 
  "dV_36": 0.02105829344135873, 
  "dV_37": 0.012046281617583764, 
  "dV_41": 0.09270063882259583, 
  "dV_42": 0.08836366210000911, 
  "dV_43": 0.06997498207619406, 
  "dV_44": 0.09916168587175578, 
  "dV_45": 0.038986489819214765, 
  "dV_46": 0.02142171516360331, 
  "dV_47": 0.012246549634251454, 
  "dV_51": 0.05079431611882483, 
  "dV_52": 0.04838989610072417, 
  "dV_53": 0.038272101689018574, 
  "dV_54": 0.038986489819214765, 
  "dV_55": 0.030008934673221403, 
  "dV_56": 0.01179173753047106, 
  "dV_57": 0.00673493469028997, 
  "dV_61": 0.02795917667593734, 
  "dV_62": 0.026637425491356254, 
  "dV_63": 0.02105829344135873, 
  "dV_64": 0.02142171516360331, 
  "dV_65": 0.01179173753047106, 
  "dV_66": 0.009161106844996134, 
  "dV_67": 0.0037243911407921675, 
  "dV_71": 0.015994154673318287, 
  "dV_72": 0.015240834950833672, 
  "dV_73": 0.012046281617583764, 
  "dV_74": 0.012246549634251454, 
  "dV_75": 0.00673493469028997, 
  "dV_76": 0.0037243911407921675, 
  "dV_77": 0.003042571355719914
}