{
  "1": 403.4311830066661, 
  "3": 0.06461188520979926, 
  "2": 0.2547111981847102, 
  "4": 0.019964243763210352
}