{
  "1": [
    -0.2842226133333333, 
    0.6411767299738197, 
    -0.1938318822506904, 
    0.15126605671183113, 
    0.2811709894903829, 
    0.025828052896841803, 
    -0.015992487036826333
  ], 
  "3": [
    -0.4690218533333333, 
    0.6635717073373548, 
    0.22062755923364738, 
    0.25944889416585204, 
    -0.19104482450921978, 
    -0.08553042493179888, 
    0.02643633094886669
  ], 
  "2": [
    -0.4994117866666666, 
    0.6810943375616398, 
    -0.011134115557570719, 
    -0.14799184709223814, 
    -0.10742715645449183, 
    0.09931473158551826, 
    0.008063423034707024
  ], 
  "5": [
    -0.2609650933333334, 
    0.2603902333819586, 
    -0.36875799040169316, 
    -0.06344484332076135, 
    0.03444985127900026, 
    -0.4256905396032724, 
    0.026863309488663754
  ], 
  "4": [
    -0.6093064999999999, 
    0.4239151723818608, 
    0.15056597135623337, 
    -0.13054479210318, 
    0.11604728336307743, 
    0.09932902852915333, 
    0.002272385602361719
  ], 
  "7": [
    -0.03335589333333331, 
    0.2033666635726954, 
    -0.21941952537505255, 
    0.027475247939656645, 
    -0.06903589133452281, 
    0.2886289036852087, 
    0.5694670413686092
  ], 
  "6": [
    -0.09671556000000002, 
    0.22089999988723433, 
    -0.3207103994256139, 
    0.045579973925595235, 
    -0.14530946857029473, 
    0.2494277754658529, 
    -0.4060170584005162
  ]
}