{
  "1": 1067.6428082794807, 
  "3": 0.06005075950806776, 
  "2": 0.2111019374661453, 
  "4": -0.013696604943350926
}