{"mode1_error": [2e-06, 2e-06, 3e-06, 4e-06, 9e-06, 7e-06, 6.4e-05], "mode2": [0.00058, -0.00024, 0.00018, -0.0005, 0.00026, 0.00046, 0.00478], "mode2_error": [0.00024, 0.000263, 0.000237, 0.000289, 0.00171, 0.004666, 0.010063], "mode1": [0.00836, 0.01844, 0.03072, 0.04667, 0.06613, 0.0787, 0.08201]}