{
  "1": 4067.591258567877, 
  "2": 2.5773617673708733, 
  "3": 1.733369900635042, 
  "4": 0.2546051492838361, 
  "5": 0.030261512891003439, 
  "6": -0.24817400004758997, 
  "7": -1.1846183469506875
}