{
  "1": [
    0.00017052565777021792, 
    0.4229815150509697, 
    0.2919715504132962, 
    0.39737845211628287, 
    0.23683242474094945, 
    0.18088172954515716, 
    0.16572847840309757
  ], 
  "3": [
    0.00012391782231327238, 
    0.32808455631816846, 
    0.4629446593992379, 
    0.3189968932526114, 
    0.2769460671095565, 
    0.20819127897331488, 
    0.20275184423937181
  ], 
  "2": [
    0.0001447645737392647, 
    0.30685225021004053, 
    0.36985527529376966, 
    0.30404015010935603, 
    0.22032298858938745, 
    0.19142005541540774, 
    0.18215964712360036
  ], 
  "5": [
    7.428253544014442e-05, 
    0.19528780767071804, 
    0.32243590739042033, 
    0.30886697744390784, 
    0.46077470738544546, 
    0.4063767638891252, 
    0.2951874089091412
  ], 
  "4": [
    0.00012196739252934026, 
    0.2030394630411292, 
    0.28655775177613824, 
    0.2897100925973925, 
    0.290285277779948, 
    0.2832160979645018, 
    0.26074358737844766
  ], 
  "7": [
    2.570741354760601e-05, 
    0.0985713755478022, 
    0.18903720418178163, 
    0.22367792957120244, 
    0.3743744766844264, 
    0.5154619987003721, 
    0.5157954414954695
  ], 
  "6": [
    4.238862527402997e-05, 
    0.1690058652956878, 
    0.3002506374570273, 
    0.25453109053571565, 
    0.3130624980049872, 
    0.3401464425844724, 
    0.539867078437332
  ]
}