{
  "1": 0.006418544232235948, 
  "3": 0.008015529215709059, 
  "2": 0.0049218565030751315, 
  "4": 0.0022688027945760615
}