{
  "dV_11": 2.1698182228468053, 
  "dV_12": 1.339941858645342, 
  "dV_13": 1.051784542246823, 
  "dV_14": 1.089273457289437, 
  "dV_15": 0.5735616991169015, 
  "dV_16": 0.3092105946697239, 
  "dV_17": 0.17515420272289572, 
  "dV_21": 1.339941858645342, 
  "dV_22": 1.6137359702909257, 
  "dV_23": 0.9164672056896419, 
  "dV_24": 0.9504605594344588, 
  "dV_25": 0.49813586659352643, 
  "dV_26": 0.26787949682423307, 
  "dV_27": 0.15165719756779697, 
  "dV_31": 1.051784542246823, 
  "dV_32": 0.9164672056896419, 
  "dV_33": 0.9925491697972573, 
  "dV_34": 0.749426469426757, 
  "dV_35": 0.3919775532610909, 
  "dV_36": 0.2105832229654425, 
  "dV_37": 0.11906615552488647, 
  "dV_41": 1.089273457289437, 
  "dV_42": 0.9504605594344588, 
  "dV_43": 0.749426469426757, 
  "dV_44": 1.0512988425890104, 
  "dV_45": 0.409100289724619, 
  "dV_46": 0.21878009793030725, 
  "dV_47": 0.12350550432759044, 
  "dV_51": 0.5735616991169015, 
  "dV_52": 0.49813586659352643, 
  "dV_53": 0.3919775532610909, 
  "dV_54": 0.409100289724619, 
  "dV_55": 0.29669333589568414, 
  "dV_56": 0.11570943299332587, 
  "dV_57": 0.06525133324912748, 
  "dV_61": 0.3092105946697239, 
  "dV_62": 0.26787949682423307, 
  "dV_63": 0.2105832229654425, 
  "dV_64": 0.21878009793030725, 
  "dV_65": 0.11570943299332587, 
  "dV_66": 0.08735848894700193, 
  "dV_67": 0.03532251952765047, 
  "dV_71": 0.17515420272289572, 
  "dV_72": 0.15165719756779697, 
  "dV_73": 0.11906615552488647, 
  "dV_74": 0.12350550432759044, 
  "dV_75": 0.06525133324912748, 
  "dV_76": 0.03532251952765047, 
  "dV_77": 0.028233466468731136
}