{
  "1": [
    -0.45400566666666664, 
    -0.10037880784313687, 
    -0.43230468670402566, 
    0.08744933194063616, 
    -0.02946790747764229, 
    -0.022716062801932512, 
    -0.020135341941654596
  ], 
  "3": [
    -0.4308314666666666, 
    -0.13928347450980463, 
    0.05364736797418893, 
    -0.5137562475519003, 
    -0.06705287727677094, 
    -9.141583054645793e-05, 
    -0.003171010680694639
  ], 
  "2": [
    -0.51801102, 
    -0.36700692549019737, 
    0.22512336559687532, 
    0.27704839187013125, 
    -0.12786743924708532, 
    0.05783385358602766, 
    -0.014833508688028229
  ], 
  "5": [
    -0.22758153999999994, 
    0.3240293725490193, 
    0.030577016471387365, 
    0.034135696566131635, 
    -0.19498808353233096, 
    -0.16103000743218143, 
    0.26920835326000403
  ], 
  "4": [
    -0.5282807599999998, 
    0.36364551372549, 
    0.09322308541348281, 
    0.05788095486791137, 
    0.3434051552184299, 
    -0.018668441099962633, 
    -0.048988538179499566
  ], 
  "7": [
    -0.0334901333333333, 
    0.15015792941176476, 
    0.038579724910850974, 
    0.026769530399965265, 
    -0.2250618111157927, 
    -0.26354939613526407, 
    -0.3241178542961886
  ], 
  "6": [
    -0.08906406666666664, 
    0.27874130196078384, 
    -0.01080579045678354, 
    -0.012703664534099502, 
    -0.23581922086435347, 
    0.40117879041248655, 
    -0.07112330623306294
  ]
}