{
  "1": 4067.5875360903747, 
  "3": 1.6276436141372128, 
  "2": 2.7760998884295707, 
  "4": 0.29198498150638713
}