{
  "1": [
    2.6255239758334675e-05, 
    0.04246896432120633, 
    0.21999366572757859, 
    0.2496758089677589, 
    0.21791903180344616, 
    0.20720228076931924, 
    0.18861629631035745
  ], 
  "3": [
    2.1964495462509523e-05, 
    0.035666375771384436, 
    0.1836941594299822, 
    0.32725293470603306, 
    0.3730031513273832, 
    0.34562483915389713, 
    0.3122176785291355
  ], 
  "2": [
    1.7488636280824445e-05, 
    0.043402986193597906, 
    0.304053196696197, 
    0.24066062884369713, 
    0.2770127445470166, 
    0.24521972694168842, 
    0.22854350585430416
  ], 
  "5": [
    1.763215749782825e-06, 
    0.025174797583112647, 
    0.1440982915624872, 
    0.2628510279087328, 
    0.27490794864164325, 
    0.25654227193707213, 
    0.4284460949791297
  ], 
  "4": [
    2.5528873799508187e-05, 
    0.024269571096330163, 
    0.19341491082099802, 
    0.24689862286796774, 
    0.22383947750342226, 
    0.20430268728257983, 
    0.2309494973234456
  ], 
  "7": [
    0.0, 
    0.010313660692897231, 
    0.13010624443254432, 
    0.28291759328733923, 
    0.45738088639453167, 
    0.4584249267384691, 
    0.44081793668964575
  ], 
  "6": [
    0.0, 
    0.016858741982634075, 
    0.20116073094299208, 
    0.41482914906596174, 
    0.29296404934359, 
    0.36403665612113717, 
    0.40586238582376777
  ]
}