{
  "1": 3751.553900382133, 
  "3": 0.291627929679865, 
  "2": 1.2814339005016233, 
  "4": 0.18320652674707855
}