{
  "P_1": 444.1432501036699, 
  "P_10": 1.3917592211271068, 
  "P_11": 1.2186039215249087, 
  "P_2": 371.6296492328426, 
  "P_3": 219.7472495334854, 
  "P_4": 199.05058589052456, 
  "P_5": 64.98316524984449, 
  "P_6": 21.65614387601824, 
  "P_7": 7.610204692951227, 
  "P_8": 3.1355532059616724, 
  "P_9": 1.822809373668197
}