{
  "P_1": 969.9785835039086, 
  "P_2": 776.6209134527625, 
  "P_3": 435.872256570394, 
  "P_4": 368.8837872889953, 
  "P_5": 109.95259129252794, 
  "P_6": 33.779317414398584, 
  "P_7": 11.048234115435902
}