{
  "1": [
    -0.46056290569554187, 
    -0.5278571794617106, 
    0.5521462918913944, 
    -0.2827278140550016, 
    -0.34802500140918996, 
    -0.0438397671008045, 
    0.03747981740611388
  ], 
  "2": [
    -0.5237611612460646, 
    -0.3451536368408689, 
    -0.7670012197514853, 
    -0.019867886714997167, 
    -0.006089941371961612, 
    0.11005261532350766, 
    -0.07555755023488935
  ], 
  "3": [
    -0.430740986580848, 
    0.06505818417365074, 
    0.2249413714206066, 
    0.04325485400817288, 
    0.8196966370869418, 
    -0.281322718225674, 
    -0.08194500313073333
  ], 
  "4": [
    -0.5207702152262232, 
    0.5073333274565022, 
    0.1668473951738154, 
    0.5005488148561564, 
    -0.266534152506844, 
    0.34925088207951, 
    -0.0027341121119437775
  ], 
  "5": [
    -0.22036390637709866, 
    0.4404975328287217, 
    -0.16111203508616925, 
    -0.3821711388577581, 
    -0.2003453412587005, 
    -0.4923563261029927, 
    0.5503060943646843
  ], 
  "6": [
    -0.08503425813319927, 
    0.34198701358347816, 
    -0.02588426667438519, 
    -0.4191465337511226, 
    -0.17443972992302825, 
    -0.1499074517245411, 
    -0.8040887898789464
  ], 
  "7": [
    -0.0320244436330406, 
    0.17211304047704507, 
    0.04218820079795496, 
    -0.5878023100129603, 
    0.25559930470240344, 
    0.7210831091640014, 
    0.1917505709995897
  ]
}