{
  "1": [
    6.795873812123075e-05, 
    0.11424838114742182, 
    0.19425227680066393, 
    0.1978705574194824, 
    0.21763683414789622, 
    0.18016305899648857, 
    0.16285666767025905
  ], 
  "3": [
    5.1880682230783854e-05, 
    0.08604679808933331, 
    0.23377717680839066, 
    0.3916158380806544, 
    0.31416748504326114, 
    0.348242465640413, 
    0.3223011751825791
  ], 
  "2": [
    6.010168906688038e-05, 
    0.15000044241987764, 
    0.16917005339882166, 
    0.17063034928417478, 
    0.1673448921120184, 
    0.13099492977559724, 
    0.12072120557385703
  ], 
  "5": [
    3.318301042101957e-05, 
    0.08685337822227737, 
    0.17447880082322192, 
    0.21740933648817212, 
    0.3605985565904455, 
    0.37801178075975256, 
    0.3527618525490771
  ], 
  "4": [
    5.299393720020955e-05, 
    0.09912126850410129, 
    0.1772040821507126, 
    0.23419849404695636, 
    0.3028087944405616, 
    0.21256003973823, 
    0.26059857340923315
  ], 
  "7": [
    6.666331265038233e-07, 
    0.03960732392537628, 
    0.11675732949343454, 
    0.29435216378987084, 
    0.45563757357407325, 
    0.32997173378695155, 
    0.47736646143056916
  ], 
  "6": [
    8.534489509986976e-06, 
    0.06659454454025503, 
    0.12675041518517355, 
    0.21289347429995595, 
    0.3677733459958022, 
    0.47733993053333196, 
    0.3097692527380626
  ]
}