{
  "1": 0.000984213408569535, 
  "3": 0.0003992062116052984, 
  "2": 0.0008172556678098004, 
  "4": 0.0003446441369201861
}