{"mode1_error": [3.3482661783392495e-06, 1.9179557367435556e-06, 2.0746811867362444e-06, 1.681666882636267e-06, 4.898974346886329e-06, 2.108396139167695e-05, 0.00012505574867564088], "mode1": [0.008296414374403172, 0.018182607398692655, 0.030313790321310135, 0.04606059351911244, 0.06520208231578006, 0.07711897857183123, 0.07828263244522247]}