{
  "1": [
    7.705985686135216e-05, 
    0.0267836383250392, 
    0.07706670362948786, 
    0.1213714186854237, 
    0.07519133262384023, 
    0.05844059994773045, 
    0.03899396045686103
  ], 
  "3": [
    5.7524392907600545e-05, 
    0.04593843276678465, 
    0.1351599769980042, 
    0.1996767918823236, 
    0.2878964663625841, 
    0.3218817142936186, 
    0.19066607655803733
  ], 
  "2": [
    6.879817025360276e-05, 
    0.06684623160997982, 
    0.1032225704606343, 
    0.20979382547484118, 
    0.24993481913446797, 
    0.3450868538879696, 
    0.1806020389895435
  ], 
  "5": [
    3.599031896575279e-05, 
    0.04764867512748214, 
    0.19953591514685723, 
    0.14770882281093958, 
    0.35242190486438, 
    0.24253761080295513, 
    0.24788433424538994
  ], 
  "4": [
    5.371200651687538e-05, 
    0.03182079457294387, 
    0.17334337104953487, 
    0.1526212981564754, 
    0.14220714718619973, 
    0.11701393378741434, 
    0.06994742791796386
  ], 
  "7": [
    6.666332891423118e-07, 
    0.021515391247608973, 
    0.08593187112998743, 
    0.07431631619794778, 
    0.2865583442939852, 
    0.4098725686426612, 
    0.33233087205027473
  ], 
  "6": [
    1.7822707043571924e-05, 
    0.029887318753264065, 
    0.12321209090973209, 
    0.09803540569990912, 
    0.35115517374984967, 
    0.3784143840407877, 
    0.26250780253876876
  ]
}