{"mode1_error": [2e-06, 2e-06, 4e-06, 4e-06, 8e-06, 1.8e-05, 3.4e-05], "mode2": [0.00026, -0.00048, 0.00026, 0.00046, -0.00133, -0.00131, -0.00032], "mode2_error": [0.000204, 0.000169, 0.000361, 0.00036, 0.001124, 0.001256, 0.002314], "mode1": [0.01098, 0.0235, 0.03829, 0.05814, 0.08614, 0.11273, 0.13859]}