{"mode1_error": [3e-06, 3e-06, 4e-06, 5e-06, 1.3e-05, 1e-05, 4e-06], "mode2": [0.00067, -0.00022, 0.00019, -0.00055, -0.00028, -0.00026, -0.00183], "mode2_error": [9.9e-05, 0.000115, 0.000228, 0.00021, 0.000515, 0.000852, 0.00142], "mode1": [0.01175, 0.02532, 0.04128, 0.06264, 0.0927, 0.12109, 0.1484]}