{"mode1_error": [1e-05, 1e-05, 1.5e-05, 1.7e-05, 3.6e-05, 6.6e-05, 0.000124], "mode2": [0.00188, 0.0002, 2e-05, -0.00199, -0.00493, -0.00726, -0.00575], "mode2_error": [0.000563, 0.000433, 0.001213, 0.001641, 0.002823, 0.003329, 0.005518], "mode1": [0.01298, 0.02804, 0.0458, 0.06946, 0.10228, 0.13299, 0.16189]}