{
  "1": [
    -0.4227698889283154, 
    -0.8485406634223404, 
    -0.2474909379651004, 
    0.048356453648805815, 
    0.17457867166437932, 
    -0.08286498021550961, 
    -0.01760497099280936
  ], 
  "2": [
    -0.5650605622409508, 
    0.05610878783456077, 
    0.5937821256819926, 
    0.22889175968094536, 
    -0.1311835217492371, 
    0.30677612256630227, 
    0.4015831280607713
  ], 
  "3": [
    -0.4479175140970429, 
    0.15037364326871805, 
    -0.052071079765719966, 
    -0.8326217324371713, 
    -0.19277052793279414, 
    0.05189872924468821, 
    -0.20231996135736485
  ], 
  "4": [
    -0.5073767890048573, 
    0.44727779677391283, 
    -0.14999076017968357, 
    0.3092518435573885, 
    0.43145309320741326, 
    -0.39249208405679586, 
    -0.29013036367033457
  ], 
  "5": [
    -0.19507978593005565, 
    0.08695836981886304, 
    -0.4417466643654999, 
    0.34429508603489634, 
    -0.797225941058844, 
    -0.04218594614691569, 
    -0.05791409280219515
  ], 
  "6": [
    -0.069849901627439, 
    0.16209020360226822, 
    -0.4895397032263426, 
    0.06843047586729385, 
    0.28979995043197215, 
    0.7988739296756016, 
    0.04829429874002898
  ], 
  "7": [
    -0.031236916042512736, 
    0.1425689103005929, 
    -0.3552086159505435, 
    -0.1820789042562327, 
    0.09719933423693103, 
    -0.31984227670050047, 
    0.8412048978282579
  ]
}