{
  "1": 362.95048274220983, 
  "2": 0.38156401055861872, 
  "3": 0.29028237846860333, 
  "4": 0.14136138164604248, 
  "5": 0.11259279335021709, 
  "6": 0.048758914168704516, 
  "7": 0.03201330078753982
}