{
  "1": [
    0.00014140579504077702, 
    0.20501196129321253, 
    0.33408058867183565, 
    0.17388206155452063, 
    0.13389826126317578, 
    0.13289075161055502, 
    0.12780335152680494
  ], 
  "3": [
    0.0001112125077997139, 
    0.12969362768176543, 
    0.17949313201735836, 
    0.3141500196018625, 
    0.3694267654643018, 
    0.30202830927598223, 
    0.301379115708918
  ], 
  "2": [
    0.0001268692295788422, 
    0.2975781508985816, 
    0.15007777086558868, 
    0.24936312174682776, 
    0.24494842076315185, 
    0.24349957539817635, 
    0.2401301512677946
  ], 
  "5": [
    6.0283543357879014e-05, 
    0.17039736530347507, 
    0.1537019759244859, 
    0.4036799882619551, 
    0.3461991252113844, 
    0.32447644856350927, 
    0.29728553850376943
  ], 
  "4": [
    0.00010874086902197225, 
    0.1533144445017044, 
    0.2279507360340936, 
    0.32651749044427864, 
    0.2675160260854143, 
    0.28338908932855433, 
    0.30999233623472877
  ], 
  "7": [
    2.105514874872088e-05, 
    0.115707308955549, 
    0.14622763448230103, 
    0.3687455438313317, 
    0.38466036829382905, 
    0.5207795700183873, 
    0.3484548036888233
  ], 
  "6": [
    3.491327410188831e-05, 
    0.16283587247219736, 
    0.16860451851102082, 
    0.22844967906973443, 
    0.3607497864566902, 
    0.27896350375547047, 
    0.5153327992065765
  ]
}