{
  "V_11": 65.16662150301724, 
  "V_12": 86.64000628040164, 
  "V_13": 68.68263827120795, 
  "V_14": 77.72869035625983, 
  "V_15": 29.93179294569602, 
  "V_16": 10.695774075282776, 
  "V_17": 4.773929323158378, 
  "V_21": 86.64000628040164, 
  "V_22": 116.02716582903855, 
  "V_23": 91.84264010987793, 
  "V_24": 104.01060209459897, 
  "V_25": 39.937316605147714, 
  "V_26": 14.273520767448042, 
  "V_27": 6.382925202663444, 
  "V_31": 68.68263827120795, 
  "V_32": 91.84264010987793, 
  "V_33": 72.85830160278476, 
  "V_34": 82.5068339692073, 
  "V_35": 31.725879740665274, 
  "V_36": 11.371068515150327, 
  "V_37": 5.069805471662014, 
  "V_41": 77.72869035625983, 
  "V_42": 104.01060209459897, 
  "V_43": 82.5068339692073, 
  "V_44": 93.5590280731799, 
  "V_45": 35.94941061165914, 
  "V_46": 12.881511746079529, 
  "V_47": 5.77203414722138, 
  "V_51": 29.93179294569602, 
  "V_52": 39.937316605147714, 
  "V_53": 31.725879740665274, 
  "V_54": 35.94941061165914, 
  "V_55": 13.907478202091706, 
  "V_56": 4.999125325814709, 
  "V_57": 2.250834577410864, 
  "V_61": 10.695774075282776, 
  "V_62": 14.273520767448042, 
  "V_63": 11.371068515150327, 
  "V_64": 12.881511746079529, 
  "V_65": 4.999125325814709, 
  "V_66": 1.926860673432161, 
  "V_67": 0.8291628803539622, 
  "V_71": 4.773929323158378, 
  "V_72": 6.382925202663444, 
  "V_73": 5.069805471662014, 
  "V_74": 5.77203414722138, 
  "V_75": 2.250834577410864, 
  "V_76": 0.8291628803539622, 
  "V_77": 0.5115996376452858
}