{
  "1": [
    -0.42277103333333327, 
    -0.7337023062979672, 
    -0.21333702668064825, 
    0.022990234707527847, 
    0.08973126072607263, 
    -0.04348992525445256, 
    0.0027684631177593037
  ], 
  "3": [
    -0.44791668666666656, 
    0.13333643025184166, 
    -0.040142580294380496, 
    -0.4995097693461458, 
    -0.10502862486248608, 
    0.03172317111959343, 
    -0.05323274673705817
  ], 
  "2": [
    -0.5650606133333334, 
    0.03468904701299675, 
    0.4823594974562103, 
    0.167711301633629, 
    -0.05044182618261812, 
    0.19280421437659034, 
    0.15651871975362977
  ], 
  "5": [
    -0.1950795466666666, 
    0.09187095915770006, 
    -0.3705854945823148, 
    0.22255627305525175, 
    -0.4578603696369636, 
    -0.05605440521628622, 
    -0.10717067751869754
  ], 
  "4": [
    -0.5073763666666666, 
    0.3899630799490909, 
    -0.10360441570546408, 
    0.14652834326482603, 
    0.22168499449944998, 
    -0.24145014312976998, 
    -0.10716733391993027
  ], 
  "7": [
    -0.03123569333333333, 
    0.13394416676308354, 
    -0.3170960464484064, 
    -0.028711625927276815, 
    0.0773456677667767, 
    -0.06159755884223965, 
    0.4569180378354596
  ], 
  "6": [
    -0.06984921333333331, 
    0.15620254926915814, 
    -0.42407658938211124, 
    0.0341638047752241, 
    0.17228811881188102, 
    0.43805789599236583, 
    -0.0680291465024197
  ]
}