{
  "1": 362.950239806387, 
  "3": 0.28867579762499435, 
  "2": 0.38951161841514587, 
  "4": 0.14518413046852385
}