{
  "P_1": 558.5240890404041, 
  "P_10": 1.4802374692669065, 
  "P_11": 1.2609074943929925, 
  "P_2": 466.58709343434344, 
  "P_3": 275.5886057070707, 
  "P_4": 249.63318313131313, 
  "P_5": 81.60588919191919, 
  "P_6": 27.24355702020202, 
  "P_7": 9.574176230426065, 
  "P_8": 3.7943534332887126, 
  "P_9": 2.0422661956716524
}