{
  "1": [
    -0.3771307733333334, 
    0.5969826866666665, 
    0.16240326000000044, 
    0.32388304539975865, 
    0.11587395669908995, 
    0.2098655906059488, 
    -0.006774143448060283
  ], 
  "3": [
    -0.4494787399999998, 
    -0.19057371333333348, 
    -0.5024501933333311, 
    0.0853497254586845, 
    0.12341988983021314, 
    0.13627614663884485, 
    -0.004702583313821979
  ], 
  "2": [
    -0.55127986, 
    0.34992729999999983, 
    0.03938374666666684, 
    -0.4357335877862614, 
    0.03013505909423704, 
    -0.03423105028435838, 
    0.004115765238429849
  ], 
  "5": [
    -0.2375891266666667, 
    -0.44604572666666664, 
    0.19034700666666685, 
    -0.02189659836614428, 
    0.019331440225917845, 
    0.22820801522032616, 
    -0.4857310309841576
  ], 
  "4": [
    -0.5314130800000001, 
    -0.33949408000000014, 
    0.14630224000000006, 
    0.17018461229409398, 
    -0.30316833315901326, 
    -0.39916641299455835, 
    0.13041315070631382
  ], 
  "7": [
    -0.04727579999999995, 
    -0.17656302000000018, 
    0.09237646666666664, 
    0.025175003348064905, 
    0.7523025032249053, 
    -0.21466107360582593, 
    0.04559972683992872
  ], 
  "6": [
    -0.1036562533333333, 
    -0.36333917999999965, 
    0.1504946666666669, 
    -0.06446436319807128, 
    0.04988024613882791, 
    0.44884984656929033, 
    0.4469414656989003
  ]
}