{
  "1": [
    0.00010216669416181661, 
    0.22610386345075684, 
    0.24255941079950902, 
    0.3423897290595598, 
    0.22848175492710246, 
    0.27566236340513095, 
    0.1246849967525105
  ], 
  "3": [
    7.350348414927628e-05, 
    0.24556822093499406, 
    0.2678792775801259, 
    0.3073302381977253, 
    0.268590265979118, 
    0.15842504469270985, 
    0.12406963146892752
  ], 
  "2": [
    9.03039321871948e-05, 
    0.1847045194800857, 
    0.2560922535370309, 
    0.30180952722833404, 
    0.17942497098542398, 
    0.13233217526443697, 
    0.08722341761253286
  ], 
  "5": [
    4.5749056616022524e-05, 
    0.18216851966774777, 
    0.28961235246012823, 
    0.29426404138725887, 
    0.20256502096216153, 
    0.17504459412326423, 
    0.1756284347969274
  ], 
  "4": [
    6.931532006609869e-05, 
    0.15680956350906985, 
    0.2526064884545047, 
    0.27904533620808025, 
    0.11365692524180863, 
    0.17572532574196137, 
    0.08485054130645969
  ], 
  "7": [
    2.6116449480185363e-05, 
    0.11213744182470771, 
    0.14105607413802457, 
    0.09153566325673254, 
    0.1674160349385127, 
    0.3283160048175405, 
    0.19271440805790024
  ], 
  "6": [
    2.6081578010666816e-05, 
    0.10669525188250333, 
    0.17816090006228708, 
    0.20335802983992327, 
    0.35373213745011545, 
    0.16776840895542697, 
    0.28074417011427893
  ]
}