{
  "1": 0.01862369803104245, 
  "3": 0.017923411114130795, 
  "2": 0.0236951309979741, 
  "4": 0.001981781316996075
}