{
  "1": 210.84847878766132, 
  "3": 0.04728241906029326, 
  "2": 0.09713859902501615, 
  "4": 0.004163045640855409
}