{
  "1": [
    6.578734717094862e-05, 
    0.10930884111336545, 
    0.14397710960441212, 
    0.1634275004620754, 
    0.12725522552903484, 
    0.12454185734172418, 
    0.08495414429574089
  ], 
  "3": [
    4.960827889963277e-05, 
    0.14050502555362487, 
    0.23879183553866923, 
    0.29202473675657, 
    0.30783980286563306, 
    0.2946123137573102, 
    0.19039731500111773
  ], 
  "2": [
    5.954283810399167e-05, 
    0.12247827896174306, 
    0.18144301295753543, 
    0.25660741946048315, 
    0.20911566018152705, 
    0.2009627300013648, 
    0.15737548334709586
  ], 
  "5": [
    3.387534759666744e-05, 
    0.07620791644979716, 
    0.17895218652008937, 
    0.3813323520100962, 
    0.3641894679173432, 
    0.36451883595035867, 
    0.30795763322670405
  ], 
  "4": [
    4.7318566396340484e-05, 
    0.10684985968066965, 
    0.14725169454412085, 
    0.2704294378464037, 
    0.2549438565172651, 
    0.24420062138068213, 
    0.21865745872893408
  ], 
  "7": [
    0.0, 
    0.0166329092092687, 
    0.029860112922800174, 
    0.10364973682435923, 
    0.2933970102069964, 
    0.5158855762484013, 
    0.4069907890475502
  ], 
  "6": [
    6.949823219678098e-06, 
    0.03520265373333164, 
    0.06445738265856325, 
    0.33150412929313045, 
    0.456466393826463, 
    0.39478632017045484, 
    0.3841107302004029
  ]
}