{
  "1": 443.67080857882655, 
  "3": 0.05615888748663327, 
  "2": 0.1522793259046244, 
  "4": 0.03532897805475858
}