{
  "1": [
    -0.28556112666666666, 
    0.882596745769501, 
    0.03940078498179532, 
    0.18799138118829276, 
    -0.048746677601603686, 
    0.025257328412750205, 
    0.015318543692704618
  ], 
  "3": [
    -0.4720744066666666, 
    0.11618742031307357, 
    -0.22146409793900576, 
    -0.5565202803836842, 
    0.12027098596683067, 
    0.019606291834002816, 
    -0.025664104709121893
  ], 
  "2": [
    -0.5064279599999999, 
    -0.23887557491405595, 
    -0.594580061462405, 
    0.30074411651031235, 
    0.01685751412429385, 
    -0.1360388545171674, 
    0.002547084248318352
  ], 
  "5": [
    -0.2542097533333333, 
    -0.04104872667801461, 
    0.4748448575341544, 
    0.06084137240434301, 
    0.2848359358483688, 
    -0.2811820217808169, 
    -0.10880182996967455
  ], 
  "4": [
    -0.6040340466666666, 
    -0.2876839257701673, 
    0.43765980225139345, 
    0.0948472471100804, 
    -0.14298736285766311, 
    0.24888676507833188, 
    -0.0028341977761508295
  ], 
  "7": [
    -0.03236666666666665, 
    -0.021569884182770886, 
    0.05002139492935174, 
    0.03157644144618953, 
    0.15675280116639337, 
    0.005312641557219553, 
    0.6627172330858515
  ], 
  "6": [
    -0.09276628666666667, 
    -0.010849193952137744, 
    0.08320955673581203, 
    -0.18380433224412435, 
    -0.45821744851467167, 
    -0.28677343970476604, 
    0.15489868939314758
  ]
}