{
  "1": 901.3172757924202, 
  "3": 0.179620981129917, 
  "2": 0.5089952680950021, 
  "4": 0.09785136166375029
}