{
  "1": 807.25776690222, 
  "3": 0.28880059690625015, 
  "2": 0.5827082066120455, 
  "4": 0.07706638315618965
}