{
  "1": [
    -0.2714583754113727, 
    0.902700405613918, 
    -0.3078444385969968, 
    -0.035800221741531225, 
    0.07633478139901799, 
    0.06086481868428148, 
    0.05769958241699622, 
    -0.02133107660276031, 
    0.04399561983472358, 
    0.010786928310185514, 
    -0.004971905047155476
  ], 
  "2": [
    -0.46902571445841773, 
    0.13197424869123836, 
    0.7830531610496984, 
    0.34718091653848326, 
    -0.04082896938704309, 
    -0.01808625206065317, 
    0.1458179924101388, 
    -0.020637846064593696, 
    0.06366191889902464, 
    -0.030900056897592256, 
    0.014151209526005511
  ], 
  "3": [
    -0.4540059005018957, 
    -0.2558926053554916, 
    -0.4115304777443862, 
    0.2955850496223349, 
    -0.5286136099337144, 
    0.35990753265812514, 
    0.1422029398199094, 
    0.1645841556644406, 
    0.12392500766948215, 
    -0.0025871434236864692, 
    0.005500842091108867
  ], 
  "4": [
    -0.6282330938402301, 
    -0.2968623587788613, 
    -0.23137654969387814, 
    -0.05903974459575678, 
    0.6161447900460584, 
    -0.15789885162292733, 
    -0.17390288896687578, 
    -0.09834107764695683, 
    -0.1244755293654931, 
    0.0015656613328099223, 
    -0.014102477059577331
  ], 
  "5": [
    -0.29703297684690894, 
    -0.008138449487469042, 
    0.0506214245102432, 
    -0.5697075033454296, 
    -0.5286659139507937, 
    -0.5301258038632638, 
    -0.055864252651787745, 
    -0.10276460608361684, 
    -0.09471464197040534, 
    -0.00898918810617964, 
    0.0363585468423155
  ], 
  "6": [
    -0.12165502262222083, 
    0.017615450248998753, 
    0.24936836562406103, 
    -0.4897668214825705, 
    -0.017734575345422932, 
    0.6632087732400113, 
    -0.4794027627488422, 
    0.09748089992306531, 
    0.008103109428250927, 
    0.050624913507957475, 
    -0.026742495914746443
  ], 
  "7": [
    -0.04654104020882247, 
    -0.045342922686100115, 
    0.06444799449207003, 
    -0.34944101264258465, 
    0.19199846030949594, 
    0.0269939504750189, 
    0.5865825694933898, 
    0.6775428848612092, 
    -0.044306731663926825, 
    0.16107306928827708, 
    -0.02953323084515771
  ], 
  "8": [
    -0.017018293752724643, 
    -0.08803154044935418, 
    0.010087835566966385, 
    -0.2230292897465848, 
    0.048336487459616974, 
    0.17263814704993752, 
    0.41653378865265805, 
    -0.5662347278326171, 
    0.3274090933254409, 
    0.2609220705594325, 
    -0.4904869476608872
  ], 
  "9": [
    -0.00607304996683202, 
    -0.05479310785954321, 
    -0.010820331941656502, 
    -0.16382146547993037, 
    0.11829487480530505, 
    -0.0380330965609317, 
    0.05306041371106986, 
    -0.0226363243659185, 
    0.7746773029041456, 
    -0.2934169564776599, 
    0.514800779674199
  ], 
  "10": [
    -0.002260806210513312, 
    -0.0126431521734181, 
    0.0027333719173570975, 
    -0.12465497935604461, 
    0.020141139151072282, 
    0.15152111900702364, 
    0.2328735458650681, 
    -0.09162964673353857, 
    -0.23674856100774652, 
    -0.8922633552266522, 
    -0.21474294522254728
  ], 
  "11": [
    -0.0009131915686386676, 
    -0.02760950355500188, 
    0.0063353780396056495, 
    -0.09306955295677365, 
    0.006157441898618173, 
    0.2562925437514713, 
    0.3425947357280912, 
    -0.3920491542496531, 
    -0.4344983902821238, 
    0.14150523206034663, 
    0.6670267959116233
  ]
}