{
  "1": [
    -0.3771283333333334, 
    0.597838346666667, 
    0.1625282533333335, 
    0.3219755810059607, 
    0.11799079895561389, 
    0.20986076605822998, 
    -0.008911738078513809
  ], 
  "3": [
    -0.4494875000000002, 
    -0.19132743333333335, 
    -0.49983929333333416, 
    0.08920865313776706, 
    0.12581858659704107, 
    0.1372415247662216, 
    -0.0059946070397251736
  ], 
  "2": [
    -0.5512744933333334, 
    0.34936746000000024, 
    0.0395127666666658, 
    -0.43444443774697034, 
    0.027907394255874685, 
    -0.034468957491118266, 
    0.0041308124560993685
  ], 
  "5": [
    -0.23758712666666665, 
    -0.44578137333333245, 
    0.1918409800000002, 
    -0.022221063559038176, 
    0.01654607136640545, 
    0.21919332353301416, 
    -0.4847577538437532
  ], 
  "4": [
    -0.5314147066666665, 
    -0.3391009999999993, 
    0.1428268199999999, 
    0.16746753064094852, 
    -0.30393371279373343, 
    -0.39735896524970304, 
    0.13380420666510634
  ], 
  "7": [
    -0.04727503999999994, 
    -0.17655102000000011, 
    0.09311473333333325, 
    0.022449614895184617, 
    0.7574877040905144, 
    -0.21282462738372368, 
    0.05243746195270421
  ], 
  "6": [
    -0.10365626666666662, 
    -0.36291780666666734, 
    0.15188894000000006, 
    -0.06528754269640355, 
    0.0515535839860749, 
    0.45645342398628064, 
    0.4375513618980717
  ]
}