{
  "1": 79.4215016898107, 
  "3": 0.4068293585759043, 
  "2": 1.3909793345903938, 
  "4": 0.0426761325684276
}