{
  "1": 0.002336093006098623, 
  "3": 0.0014720671817017277, 
  "2": 0.002702561268596625, 
  "4": 0.0007983206822159056
}