{
  "1": [
    0.0033070094565475733, 
    0.07529395479517821, 
    0.22032113063598782, 
    0.2544097108916302, 
    0.1558983072955985, 
    0.12694596034220762, 
    0.13542325454190568
  ], 
  "3": [
    0.0023655910167159474, 
    0.07514530526345184, 
    0.36682555685144075, 
    0.2566268366034577, 
    0.2565863430765413, 
    0.19934765240040433, 
    0.20202069653791388
  ], 
  "2": [
    0.002831604759922812, 
    0.07559896004222448, 
    0.22092781352577567, 
    0.290062214530787, 
    0.15566341342499773, 
    0.13236505297908194, 
    0.13347694442351796
  ], 
  "5": [
    0.0013405718620217574, 
    0.05320672341527322, 
    0.26632263269787204, 
    0.2469765068240746, 
    0.345960765833512, 
    0.3407540182593746, 
    0.3433573271353057
  ], 
  "4": [
    0.0022863463175621023, 
    0.05367316285779614, 
    0.17036357528203327, 
    0.1948345315886421, 
    0.26462276622978886, 
    0.26036241698859414, 
    0.2711160965150391
  ], 
  "7": [
    0.00039687633674435587, 
    0.017627718615850396, 
    0.12066927949999526, 
    0.21391624717830188, 
    0.38309862905950554, 
    0.47860767411095506, 
    0.47693717478796266
  ], 
  "6": [
    0.0007244504999939673, 
    0.028932755812849636, 
    0.168228108516556, 
    0.23600368991029774, 
    0.419120080414262, 
    0.27407252015103867, 
    0.48570920200675977
  ]
}