{
  "1": 87.828217712089952, 
  "2": 0.070751112038163574, 
  "3": 0.022303741719636123, 
  "4": 0.0011232246636017627, 
  "5": -0.052140048557310283, 
  "6": -0.12897498572918584, 
  "7": -0.21110536650794656
}