{
  "1": 0.0004386240562802158, 
  "3": 0.0001401457172758992, 
  "2": 0.00045543278148940354, 
  "4": 0.00013151923755861124
}