{
  "dV_11": 0.15920093423091503, 
  "dV_12": 0.10394538016636458, 
  "dV_13": 0.0795185566753072, 
  "dV_14": 0.0760811362187524, 
  "dV_15": 0.0400871969120052, 
  "dV_16": 0.021450585191678043, 
  "dV_17": 0.013094572274177133, 
  "dV_21": 0.10394538016636458, 
  "dV_22": 0.13567463919372763, 
  "dV_23": 0.07350765374202667, 
  "dV_24": 0.07030872960316593, 
  "dV_25": 0.0370310759074472, 
  "dV_26": 0.0198045489167981, 
  "dV_27": 0.012096940768615354, 
  "dV_31": 0.0795185566753072, 
  "dV_32": 0.07350765374202667, 
  "dV_33": 0.07935946644382219, 
  "dV_34": 0.05391117346104474, 
  "dV_35": 0.02836467421538045, 
  "dV_36": 0.015170341076778188, 
  "dV_37": 0.009248830493675956, 
  "dV_41": 0.0760811362187524, 
  "dV_42": 0.07030872960316593, 
  "dV_43": 0.05391117346104474, 
  "dV_44": 0.0725626797412332, 
  "dV_45": 0.027239216045972164, 
  "dV_46": 0.014538711057905437, 
  "dV_47": 0.008864803573149935, 
  "dV_51": 0.0400871969120052, 
  "dV_52": 0.0370310759074472, 
  "dV_53": 0.02836467421538045, 
  "dV_54": 0.027239216045972164, 
  "dV_55": 0.020247154163201643, 
  "dV_56": 0.007700766357266475, 
  "dV_57": 0.004698285737349604, 
  "dV_61": 0.021450585191678043, 
  "dV_62": 0.0198045489167981, 
  "dV_63": 0.015170341076778188, 
  "dV_64": 0.014538711057905437, 
  "dV_65": 0.007700766357266475, 
  "dV_66": 0.005888775892122851, 
  "dV_67": 0.002541188641066089, 
  "dV_71": 0.013094572274177133, 
  "dV_72": 0.012096940768615354, 
  "dV_73": 0.009248830493675956, 
  "dV_74": 0.008864803573149935, 
  "dV_75": 0.004698285737349604, 
  "dV_76": 0.002541188641066089, 
  "dV_77": 0.0025712927099587153
}