{
  "V_11": 7.255225825369286, 
  "V_12": 12.840705552532814, 
  "V_13": 11.909886606449984, 
  "V_14": 15.25972635230746, 
  "V_15": 6.344593790155093, 
  "V_16": 2.3228647357343597, 
  "V_17": 0.8413747508593418, 
  "V_21": 12.840705552532814, 
  "V_22": 22.762884065239458, 
  "V_23": 21.20165678308988, 
  "V_24": 27.00852938995575, 
  "V_25": 11.147484981544743, 
  "V_26": 4.066301132129159, 
  "V_27": 1.4993432812237435, 
  "V_31": 11.909886606449984, 
  "V_32": 21.20165678308988, 
  "V_33": 19.533228537182787, 
  "V_34": 25.060128999124178, 
  "V_35": 10.345504942400982, 
  "V_36": 3.7365478684633238, 
  "V_37": 1.3602550053869646, 
  "V_41": 15.25972635230746, 
  "V_42": 27.00852938995575, 
  "V_43": 25.060128999124178, 
  "V_44": 31.725537820643407, 
  "V_45": 13.181764852395975, 
  "V_46": 4.72833710996517, 
  "V_47": 1.735636060202997, 
  "V_51": 6.344593790155093, 
  "V_52": 11.147484981544743, 
  "V_53": 10.345504942400982, 
  "V_54": 13.181764852395975, 
  "V_55": 5.470214840647044, 
  "V_56": 1.952256027146471, 
  "V_57": 0.6983796437349892, 
  "V_61": 2.3228647357343597, 
  "V_62": 4.066301132129159, 
  "V_63": 3.7365478684633238, 
  "V_64": 4.72833710996517, 
  "V_65": 1.952256027146471, 
  "V_66": 0.6964308727110434, 
  "V_67": 0.2399028171308378, 
  "V_71": 0.8413747508593418, 
  "V_72": 1.4993432812237435, 
  "V_73": 1.3602550053869646, 
  "V_74": 1.735636060202997, 
  "V_75": 0.6983796437349892, 
  "V_76": 0.2399028171308378, 
  "V_77": 0.08665342792394831
}