{
  "1": 87.82845328262148, 
  "3": 0.024839565501573922, 
  "2": 0.08593738244068252, 
  "4": -0.0018805347171635778
}