{
  "1": [
    0.28772570000000014, 
    -0.3797703340181086, 
    0.052246835443038285, 
    0.28971033720978645, 
    0.0500031775412622, 
    -0.12772784942348675, 
    0.054923636768306264
  ], 
  "3": [
    0.4727168466666668, 
    -0.2278584645819067, 
    -0.3807084388185659, 
    -0.10856342378391987, 
    0.11661721425266078, 
    0.056289972279137054, 
    -0.034838370799020565
  ], 
  "2": [
    0.5098377666666665, 
    -0.22445808415125976, 
    0.3047048298770089, 
    -0.1922454462089957, 
    -0.10533178312509661, 
    -0.06395900124543029, 
    -0.017538296609540385
  ], 
  "5": [
    0.24932705333333344, 
    0.050231568135129065, 
    -0.06825171020737902, 
    0.1411898420240927, 
    -0.41674952953879335, 
    0.22604979711542303, 
    -0.04307876697084353
  ], 
  "4": [
    0.6020412933333333, 
    0.4988373354637468, 
    0.06335338899362625, 
    0.050776270268017384, 
    0.18491449174764735, 
    0.04407971957735742, 
    0.051959002893389845
  ], 
  "7": [
    0.03293944666666678, 
    0.07359384463212365, 
    -0.08319483795672862, 
    -0.05775745487891289, 
    -0.19620143452105634, 
    -0.13813578000080334, 
    0.46727921952667095
  ], 
  "6": [
    0.09008223333333341, 
    0.1788117172639426, 
    -0.09786394649429984, 
    0.023020611896127748, 
    -0.18642421718340216, 
    -0.3955441123297577, 
    -0.2924070850953328
  ]
}