{
  "1": [
    -0.28556666666666664, 
    0.9153, 
    0.052699999999999976, 
    0.2693000000000001, 
    -0.06289999999999996, 
    0.028566666666666636, 
    0.02443333333333331
  ], 
  "3": [
    -0.4721, 
    0.11383333333333347, 
    -0.2594333333333333, 
    -0.8003666666666667, 
    0.19809999999999994, 
    0.12503333333333333, 
    -0.03789999999999993
  ], 
  "2": [
    -0.5064333333333333, 
    -0.2371, 
    -0.6447666666666667, 
    0.42630000000000007, 
    -0.004499999999999945, 
    -0.2996333333333333, 
    -0.005299999999999968
  ], 
  "5": [
    -0.2542333333333333, 
    -0.04623333333333323, 
    0.5195000000000001, 
    -0.03976666666666661, 
    0.3550333333333333, 
    -0.7104333333333333, 
    -0.17603333333333326
  ], 
  "4": [
    -0.6040333333333333, 
    -0.30036666666666667, 
    0.4837, 
    0.19596666666666662, 
    -0.15416666666666667, 
    0.4986333333333335, 
    0.011100000000000113
  ], 
  "7": [
    -0.03236666666666665, 
    -0.022366666666666642, 
    0.05483333333333329, 
    0.01336666666666675, 
    0.27490000000000014, 
    -0.04749999999999998, 
    0.9578333333333334
  ], 
  "6": [
    -0.09276666666666666, 
    -0.011899999999999907, 
    0.08556666666666679, 
    -0.2549666666666667, 
    -0.8552333333333332, 
    -0.37163333333333326, 
    0.2223000000000002
  ]
}