{
  "1": [
    0.31344349007117894, 
    0.6880012705484619, 
    0.6529371006141919, 
    -0.03397203659554048, 
    0.021001370997140736, 
    0.02197605610275367, 
    0.0015713055711827468
  ], 
  "2": [
    0.4603690319561588, 
    -0.4130662371560874, 
    0.21739647305586865, 
    0.5028694994803327, 
    0.5364652035170664, 
    0.16892671565613082, 
    0.03108903803176284
  ], 
  "3": [
    0.44521185912396305, 
    0.4318587730129587, 
    -0.6517239232963379, 
    0.3372554972000632, 
    -0.1432328311913998, 
    0.16388155962856604, 
    -0.17154080727721557
  ], 
  "4": [
    0.6210693665595765, 
    -0.19535969558537564, 
    -0.13185914873085422, 
    -0.7398451907938087, 
    0.07331567863360589, 
    -0.042845087511858435, 
    0.06433350262427791
  ], 
  "5": [
    0.2974713723758538, 
    -0.18657003079218062, 
    0.10727001614175793, 
    0.2897920568119694, 
    -0.5209683104062671, 
    -0.6622683939362093, 
    0.2668495973732295
  ], 
  "6": [
    0.12331815465059742, 
    -0.2954639161830188, 
    0.2604363221056731, 
    0.00769821896130075, 
    -0.49651887363823066, 
    0.29016479083047664, 
    -0.7063149218327416
  ], 
  "7": [
    0.046649659321546244, 
    -0.09620718685182982, 
    0.07033544347355934, 
    0.028588314449683547, 
    -0.40979778286428664, 
    0.6476827303094249, 
    0.6287896931168545
  ]
}