{
  "1": [
    0.0009015364583110252, 
    0.14857371270519756, 
    0.3778316782510895, 
    0.3282205030115619, 
    0.19542487713089504, 
    0.08608295581124795, 
    0.08003494408964751
  ], 
  "3": [
    0.000577744489267041, 
    0.29310845576886885, 
    0.28284638901142084, 
    0.3798007637586062, 
    0.27733271822701305, 
    0.18061335264255432, 
    0.16144947013253536
  ], 
  "2": [
    0.0007131731157199319, 
    0.20470273482281653, 
    0.3565446429365964, 
    0.3338375528666675, 
    0.35416429103555574, 
    0.11614004292708342, 
    0.16313450063764107
  ], 
  "5": [
    0.0003707004240879367, 
    0.12946375441352953, 
    0.2638108489230832, 
    0.3452380345440868, 
    0.24784409907836966, 
    0.29471563360024966, 
    0.4358495463839007
  ], 
  "4": [
    0.0005468283364594889, 
    0.11258936509656925, 
    0.38651222376399713, 
    0.2815695774170684, 
    0.30473674606223455, 
    0.12177880799748791, 
    0.12266830186355365
  ], 
  "7": [
    0.00011629102019156924, 
    0.06140281870398818, 
    0.14714868586981433, 
    0.21520987590537152, 
    0.2555862342182001, 
    0.4517713666327279, 
    0.46710476240570287
  ], 
  "6": [
    0.00020643151944167018, 
    0.15840679039350655, 
    0.23990875738715936, 
    0.31510537232231967, 
    0.26646885057413416, 
    0.4635766770412719, 
    0.31180050404764964
  ]
}