{
  "1": 0.003597498447664797, 
  "3": 0.003554222205903019, 
  "2": 0.004390304542887738, 
  "4": 0.000547563636188784
}