{
  "1": [
    0.31346678666666666, 
    0.6622534802237042, 
    0.3303962620712624, 
    -0.02412812419810055, 
    -0.03979568062371649, 
    0.010934859509683382, 
    0.009841714622989646
  ], 
  "3": [
    0.4452030866666665, 
    0.3283054443770635, 
    -0.4115383949383946, 
    0.18523180224103977, 
    -0.1054479308064464, 
    0.1107115825217362, 
    -0.10855611627563858
  ], 
  "2": [
    0.4603626533333336, 
    -0.3518533521999862, 
    0.22154547119547063, 
    0.3137251732101615, 
    0.29187618600118376, 
    0.11113970297399156, 
    0.022706691751512468
  ], 
  "5": [
    0.2974658000000001, 
    -0.15961188599150994, 
    0.03841586746586744, 
    0.09021558463775603, 
    -0.385459994431102, 
    -0.44233644165827274, 
    0.15008151837096056
  ], 
  "4": [
    0.6210695133333335, 
    -0.17849429283740953, 
    -0.08104154179154213, 
    -0.38487586177401345, 
    0.15355639205039856, 
    -0.026110545169595937, 
    0.039556448280950396
  ], 
  "7": [
    0.04665041999999998, 
    -0.08029941378613299, 
    0.02331735764235764, 
    -0.01779450859635644, 
    -0.2815588702098786, 
    0.4043329266017387, 
    0.43332515862476156
  ], 
  "6": [
    0.12331783333333335, 
    -0.24054233542214157, 
    0.12540064102564116, 
    -0.050951364297322874, 
    -0.3457077755734219, 
    0.20306260308220517, 
    -0.4429901283753873
  ]
}