{
  "P_1": 123.8361243622449, 
  "P_2": 101.3476419005102, 
  "P_3": 57.626776147959184, 
  "P_4": 48.34027742346939, 
  "P_5": 13.688059787639844, 
  "P_6": 3.982277148117337, 
  "P_7": 1.7486857777140328
}