{
  "1": 0.0020111159304063908, 
  "3": 0.0008767106412205392, 
  "2": 0.0010812399025864154, 
  "4": 0.00031770720807358253
}