{
  "dV_11": 0.5843199029062419, 
  "dV_12": 0.40921915129202147, 
  "dV_13": 0.3145398995983091, 
  "dV_14": 0.310690512276381, 
  "dV_15": 0.15220127392763994, 
  "dV_16": 0.07551593914237507, 
  "dV_17": 0.038546688546891035, 
  "dV_21": 0.40921915129202147, 
  "dV_22": 0.5597305687963967, 
  "dV_23": 0.3109848215727882, 
  "dV_24": 0.3069691302003852, 
  "dV_25": 0.14978187758595957, 
  "dV_26": 0.07426699142791665, 
  "dV_27": 0.037891418761243065, 
  "dV_31": 0.3145398995983091, 
  "dV_32": 0.3109848215727882, 
  "dV_33": 0.3307059668798159, 
  "dV_34": 0.23706512977423044, 
  "dV_35": 0.11545849053486353, 
  "dV_36": 0.057179611036832084, 
  "dV_37": 0.029154308228466156, 
  "dV_41": 0.310690512276381, 
  "dV_42": 0.3069691302003852, 
  "dV_43": 0.23706512977423044, 
  "dV_44": 0.31926948465241844, 
  "dV_45": 0.1148417468385826, 
  "dV_46": 0.056636427046807165, 
  "dV_47": 0.02885718276980475, 
  "dV_51": 0.15220127392763994, 
  "dV_52": 0.14978187758595957, 
  "dV_53": 0.11545849053486353, 
  "dV_54": 0.1148417468385826, 
  "dV_55": 0.07818051065062645, 
  "dV_56": 0.027905771939428017, 
  "dV_57": 0.014183341000072304, 
  "dV_61": 0.07551593914237507, 
  "dV_62": 0.07426699142791665, 
  "dV_63": 0.057179611036832084, 
  "dV_64": 0.056636427046807165, 
  "dV_65": 0.027905771939428017, 
  "dV_66": 0.019478823841841974, 
  "dV_67": 0.007069750789206897, 
  "dV_71": 0.038546688546891035, 
  "dV_72": 0.037891418761243065, 
  "dV_73": 0.029154308228466156, 
  "dV_74": 0.02885718276980475, 
  "dV_75": 0.014183341000072304, 
  "dV_76": 0.007069750789206897, 
  "dV_77": 0.005115140136720902
}