{
  "V_11": 417.11579929064294, 
  "V_12": 559.4406240563217, 
  "V_13": 448.36033586850556, 
  "V_14": 514.7882790660893, 
  "V_15": 200.09640144006707, 
  "V_16": 70.25843514094522, 
  "V_17": 23.517661905738404, 
  "V_21": 559.4406240563217, 
  "V_22": 749.8325626732392, 
  "V_23": 600.5769344516814, 
  "V_24": 689.8064508892546, 
  "V_25": 268.25217652123257, 
  "V_26": 94.14675935209002, 
  "V_27": 31.580983022956577, 
  "V_31": 448.36033586850556, 
  "V_32": 600.5769344516814, 
  "V_33": 480.83215679519395, 
  "V_34": 552.570865092164, 
  "V_35": 214.6181096058725, 
  "V_36": 75.36816569094808, 
  "V_37": 25.33968221873811, 
  "V_41": 514.7882790660893, 
  "V_42": 689.8064508892546, 
  "V_43": 552.570865092164, 
  "V_44": 634.3710569507585, 
  "V_45": 246.8147667148148, 
  "V_46": 86.63359272193586, 
  "V_47": 29.07782186126849, 
  "V_51": 200.09640144006707, 
  "V_52": 268.25217652123257, 
  "V_53": 214.6181096058725, 
  "V_54": 246.8147667148148, 
  "V_55": 96.04145753339486, 
  "V_56": 33.74701872206513, 
  "V_57": 11.296856904482565, 
  "V_61": 70.25843514094522, 
  "V_62": 94.14675935209002, 
  "V_63": 75.36816569094808, 
  "V_64": 86.63359272193586, 
  "V_65": 33.74701872206513, 
  "V_66": 11.893099656047148, 
  "V_67": 3.9869082238510263, 
  "V_71": 23.517661905738404, 
  "V_72": 31.580983022956577, 
  "V_73": 25.33968221873811, 
  "V_74": 29.07782186126849, 
  "V_75": 11.296856904482565, 
  "V_76": 3.9869082238510263, 
  "V_77": 1.3448607242757882
}