{
  "1": 2391.9717980333567, 
  "3": 0.11992392376279606, 
  "2": 0.31403625152513903, 
  "4": 0.028920166588972483
}