{
  "1": 2942.050043353819, 
  "3": 0.22409723215895147, 
  "2": 0.9263980444916352, 
  "4": 0.17316444610133658
}