{
  "1": 0.08052888835659461, 
  "3": 0.05706025795248178, 
  "2": 0.060846835937410255, 
  "4": 0.04902879035335883
}