{
  "1": 3751.8987218223897, 
  "3": 0.2504887785860588, 
  "2": 1.290477288354093, 
  "4": 0.14693340729425522
}