{
  "1": 0.0005980695721917597, 
  "3": 1.7774603035293813e-08, 
  "2": 6.926467074380962e-08, 
  "4": 6.711825404967914e-09
}