{
  "1": 1067.1348747870013, 
  "3": 0.08662040910369055, 
  "2": 0.36356020316423077, 
  "4": 0.002264579534425734
}