{
  "1": [
    -0.27286070233550674, 
    0.6743380123046091, 
    0.13149786803525038, 
    -0.26501935109583724, 
    0.6108954732778642, 
    -0.09254956249000006, 
    0.03911055791715028
  ], 
  "2": [
    -0.47711213494071314, 
    0.29724140916647096, 
    0.3766157327639602, 
    -0.20427162927432366, 
    -0.6861227136156945, 
    0.1713034921606709, 
    0.018329814821805745
  ], 
  "3": [
    -0.45786145476469914, 
    0.17171074970587236, 
    -0.8240501905684989, 
    0.2337863681358788, 
    -0.11618707925141415, 
    0.040190560958870726, 
    0.10976705151776059
  ], 
  "4": [
    -0.6240467703704572, 
    -0.41690329508684204, 
    0.3404367128893538, 
    0.45700750188595674, 
    0.3213686846340321, 
    0.07495850774153168, 
    -0.05574629428673903
  ], 
  "5": [
    -0.2888694326556688, 
    -0.3564284392601117, 
    -0.10282152005579515, 
    -0.5135334167350952, 
    -0.03693732883742069, 
    -0.709109759666893, 
    -0.10499221855504134
  ], 
  "6": [
    -0.1161565058386412, 
    -0.2676182880665877, 
    -0.1872354261290455, 
    -0.5371642427730596, 
    0.1729385655663127, 
    0.6453486541068836, 
    -0.3806612098892128
  ], 
  "7": [
    -0.04360827298567935, 
    -0.23443990786103408, 
    0.0168421700992555, 
    -0.26881950914056, 
    0.08940335574848218, 
    0.18853142011621735, 
    0.9094237761082411
  ]
}