{
  "1": 832.26651559884681, 
  "2": 0.21505272617881974, 
  "3": 0.050111598328619167, 
  "4": -0.0062829148407746241, 
  "5": -0.14989823844632549, 
  "6": -0.25177122562729304, 
  "7": -0.53950211113176505
}