{
  "V_11": 61.649893259155725, 
  "V_12": 108.29965578647926, 
  "V_13": 103.91730419006984, 
  "V_14": 141.8785751858373, 
  "V_15": 65.6993710098472, 
  "V_16": 26.415797988853008, 
  "V_17": 9.961671575191282, 
  "V_21": 108.29965578647926, 
  "V_22": 189.3570442864933, 
  "V_23": 181.71579446055472, 
  "V_24": 247.95090544277522, 
  "V_25": 114.71810598983248, 
  "V_26": 46.14743797756322, 
  "V_27": 17.35201006873737, 
  "V_31": 103.91730419006984, 
  "V_32": 181.71579446055472, 
  "V_33": 174.588295854422, 
  "V_34": 237.75816083733548, 
  "V_35": 110.156850825169, 
  "V_36": 44.35708297496231, 
  "V_37": 16.65335468601102, 
  "V_41": 141.8785751858373, 
  "V_42": 247.95090544277522, 
  "V_43": 237.75816083733548, 
  "V_44": 323.97653851837345, 
  "V_45": 150.00152172016683, 
  "V_46": 60.310445872004514, 
  "V_47": 22.625123063166182, 
  "V_51": 65.6993710098472, 
  "V_52": 114.71810598983248, 
  "V_53": 110.156850825169, 
  "V_54": 150.00152172016683, 
  "V_55": 69.34119892129571, 
  "V_56": 27.786925338866716, 
  "V_57": 10.398327375440997, 
  "V_61": 26.415797988853008, 
  "V_62": 46.14743797756322, 
  "V_63": 44.35708297496231, 
  "V_64": 60.310445872004514, 
  "V_65": 27.786925338866716, 
  "V_66": 11.140947163656183, 
  "V_67": 4.150821859038751, 
  "V_71": 9.961671575191282, 
  "V_72": 17.35201006873737, 
  "V_73": 16.65335468601102, 
  "V_74": 22.625123063166182, 
  "V_75": 10.398327375440997, 
  "V_76": 4.150821859038751, 
  "V_77": 1.5303074299117196
}