{
  "1": 832.2638882497447, 
  "3": 0.05471415740757639, 
  "2": 0.21937991991147066, 
  "4": -0.002839400204701202
}