{"V_16": 0.8452555549345172, "V_17": 0.45214153466570123, "V_14": 5.353336240259236, "V_15": 2.2253650479897855, "V_12": 4.579091461814305, "V_13": 4.252084037049852, "V_11": 2.6398098293937267, "V_75": 0.3990109238050004, "V_55": 1.9665391266294734, "V_52": 3.9820826340525124, "V_45": 4.704562135613471, "V_76": 0.15356074385066631, "V_51": 2.2253650479897855, "V_56": 0.7448726916455023, "V_57": 0.3990109238050004, "V_54": 4.704562135613471, "V_44": 11.27251152097683, "V_31": 4.252084037049852, "V_32": 7.493733555503722, "V_33": 6.941149816071748, "V_34": 8.872786316127915, "V_35": 3.693443340766788, "V_36": 1.3918503048323485, "V_37": 0.7430552123377536, "V_27": 0.8066790952702125, "V_72": 0.8066790952702125, "V_43": 8.872786316127915, "V_42": 9.53752046528982, "V_73": 0.7430552123377536, "V_47": 0.94636909410652, "V_67": 0.15356074385066631, "V_66": 0.3123110307514794, "V_65": 0.7448726916455023, "V_64": 1.7783392814834897, "V_63": 1.3918503048323485, "V_62": 1.5059745830534987, "V_61": 0.8452555549345172, "V_23": 7.493733555503722, "V_22": 8.05721178027179, "V_21": 4.579091461814305, "V_46": 1.7783392814834897, "V_41": 5.353336240259236, "V_26": 1.5059745830534987, "V_25": 3.9820826340525124, "V_24": 9.53752046528982, "V_74": 0.94636909410652, "V_53": 3.693443340766788, "V_77": 0.12314973075413656, "V_71": 0.45214153466570123}