{"mode1_error": [8e-06, 9e-06, 1.3e-05, 1.3e-05, 2.7e-05, 4.3e-05, 6.8e-05], "mode2": [0.00032, -0.00026, 0.00041, -0.00024, -0.00064, -0.00281, -0.00262], "mode2_error": [7.1e-05, 0.000152, 0.000367, 0.000153, 0.00052, 0.00185, 0.002005], "mode1": [0.00269, 0.00613, 0.00998, 0.0151, 0.02141, 0.02582, 0.02731]}