{"mode1_error": [4e-06, 5e-06, 7e-06, 8e-06, 1.5e-05, 2.6e-05, 4.7e-05], "mode2": [-0.00038, 0.00051, -0.00037, 0.0, 0.00081, 0.00067, -0.00217], "mode2_error": [0.000169, 0.000331, 0.000318, 0.000428, 0.000662, 0.001174, 0.004906], "mode1": [0.0058, 0.01346, 0.02207, 0.03339, 0.0474, 0.05718, 0.06147]}