{"mode1_error": [4e-06, 5e-06, 7e-06, 8e-06, 1.6e-05, 2.6e-05, 4.9e-05], "mode2": [4e-05, 0.00047, -0.0, -0.00065, -0.00059, 0.00018, 0.0032], "mode2_error": [0.000252, 0.000268, 0.000369, 0.000415, 0.000844, 0.002576, 0.007782], "mode1": [0.00648, 0.01513, 0.02475, 0.03748, 0.05309, 0.06404, 0.06871]}