{"mode1_error": [5e-06, 6e-06, 9e-06, 9e-06, 1.8e-05, 3.1e-05, 6e-05], "mode2": [-0.00045, 0.00031, 0.0003, -7e-05, 0.00025, 0.00041, 0.00142], "mode2_error": [0.000224, 0.00035, 0.000507, 0.000611, 0.001222, 0.005295, 0.009572], "mode1": [0.00823, 0.01927, 0.03146, 0.04746, 0.06718, 0.0809, 0.08631]}