{"mode1_error": [7e-06, 8e-06, 1.2e-05, 1.2e-05, 2.5e-05, 4.1e-05, 7.6e-05], "mode2": [-0.00058, 0.00016, 0.00072, -3e-05, 0.00024, 0.00171, -0.00039], "mode2_error": [0.000249, 0.00037, 0.001012, 0.000682, 0.001376, 0.002347, 0.003075], "mode1": [0.00912, 0.02138, 0.03474, 0.05233, 0.07385, 0.08889, 0.09431]}