{"mode1_error": [1.4e-05, 1.7e-05, 2.4e-05, 2.5e-05, 5.1e-05, 8.3e-05, 0.000137], "mode2": [-0.00091, 0.00149, 0.00014, -0.00085, -0.00089, 0.00131, 0.00862], "mode2_error": [0.000343, 0.000623, 0.000605, 0.000792, 0.003141, 0.004192, 0.008795], "mode1": [0.01051, 0.02453, 0.03967, 0.05924, 0.0836, 0.10028, 0.10665]}