{"mode1_error": [2.4e-05, 2.9e-05, 3.9e-05, 4.1e-05, 8.4e-05, 0.000137, 0.000219], "mode2": [0.00068, -0.00093, 0.00108, -0.00069, 0.00119, -0.00203, 0.00088], "mode2_error": [0.000793, 0.001143, 0.002208, 0.002159, 0.002586, 0.006517, 0.009114], "mode1": [0.01126, 0.02595, 0.04179, 0.06205, 0.0875, 0.10493, 0.11076]}