{
  "1": [
    0.2901, 
    0.16456666666666675, 
    -0.26903333333333335, 
    -0.7376333333333334, 
    -0.4443, 
    0.27370000000000005, 
    0.0004999999999999486
  ], 
  "3": [
    0.4735666666666667, 
    0.3559000000000001, 
    -0.5543, 
    0.12683333333333335, 
    0.4153666666666667, 
    -0.2451, 
    0.3051666666666668
  ], 
  "2": [
    0.5119666666666667, 
    -0.7978333333333334, 
    0.13656666666666673, 
    -0.13683333333333325, 
    0.15883333333333338, 
    -0.04003333333333325, 
    0.19263333333333343
  ], 
  "5": [
    0.24696666666666678, 
    0.31623333333333337, 
    0.4834333333333334, 
    -0.09876666666666667, 
    0.5064333333333333, 
    0.5795000000000001, 
    -0.05676666666666663
  ], 
  "4": [
    0.5989666666666666, 
    0.1443000000000001, 
    0.1618333333333335, 
    0.4715, 
    -0.4552999999999999, 
    -0.030366666666666653, 
    -0.4046333333333333
  ], 
  "7": [
    0.0391666666666668, 
    0.20463333333333344, 
    0.3991, 
    0.10576666666666679, 
    -0.35043333333333326, 
    -0.05749999999999999, 
    0.8124333333333333
  ], 
  "6": [
    0.09056666666666668, 
    0.21676666666666677, 
    0.4272333333333334, 
    -0.4217666666666666, 
    0.13503333333333334, 
    -0.7234333333333334, 
    -0.2068333333333333
  ]
}