{
  "1": 1460.7539231112248, 
  "2": 0.57830431089385803, 
  "3": 0.22658881114677534, 
  "4": 0.092337395976570813, 
  "5": 0.052767367466609545, 
  "6": 0.030014881593356173, 
  "7": 0.0091703924323523096
}