{
  "1": 0.04832683434873293, 
  "3": 0.038503147251728875, 
  "2": 0.033870595075016365, 
  "4": 0.023889134081900226
}