{
  "V_11": 233.26001560474577, 
  "V_12": 315.5970028758229, 
  "V_13": 259.5542776991985, 
  "V_14": 313.6357777294601, 
  "V_15": 132.72368492522003, 
  "V_16": 51.158851169628996, 
  "V_17": 19.24532596594823, 
  "V_21": 315.5970028758229, 
  "V_22": 427.3869542241979, 
  "V_23": 351.56785562478694, 
  "V_24": 424.8768464664698, 
  "V_25": 179.81449654548967, 
  "V_26": 69.32667199907176, 
  "V_27": 26.082044636043964, 
  "V_31": 259.5542776991985, 
  "V_32": 351.56785562478694, 
  "V_33": 289.31041565761285, 
  "V_34": 349.6488375203261, 
  "V_35": 147.95487041751826, 
  "V_36": 57.05695452362822, 
  "V_37": 21.463839132941022, 
  "V_41": 313.6357777294601, 
  "V_42": 424.8768464664698, 
  "V_43": 349.6488375203261, 
  "V_44": 422.7062556961519, 
  "V_45": 178.98040679723584, 
  "V_46": 69.07316321449996, 
  "V_47": 26.012486693140286, 
  "V_51": 132.72368492522003, 
  "V_52": 179.81449654548967, 
  "V_53": 147.95487041751826, 
  "V_54": 178.98040679723584, 
  "V_55": 75.94671921422838, 
  "V_56": 29.33805473550016, 
  "V_57": 11.070674218706447, 
  "V_61": 51.158851169628996, 
  "V_62": 69.32667199907176, 
  "V_63": 57.05695452362822, 
  "V_64": 69.07316321449996, 
  "V_65": 29.33805473550016, 
  "V_66": 11.398030203952072, 
  "V_67": 4.321809977266216, 
  "V_71": 19.24532596594823, 
  "V_72": 26.082044636043964, 
  "V_73": 21.463839132941022, 
  "V_74": 26.012486693140286, 
  "V_75": 11.070674218706447, 
  "V_76": 4.321809977266216, 
  "V_77": 1.7347156698449628
}