{
  "11": [
    2.4012011808888384e-05, 
    0.014915127199367498, 
    0.0735894124259419, 
    0.08621864801751286, 
    0.1533523941832159, 
    0.159504079076504, 
    0.25587305864788257, 
    0.27340711613412527, 
    0.3860820435309913, 
    0.4245059367186212, 
    0.4137324905826418
  ], 
  "10": [
    0.0, 
    0.013954570499112277, 
    0.07771693278831165, 
    0.08308623129623689, 
    0.14671589437936303, 
    0.1717524054214731, 
    0.2552084062392194, 
    0.21206063564686653, 
    0.3428584252857794, 
    0.4411756939783701, 
    0.4418283716235404
  ], 
  "1": [
    4.247870071076646e-05, 
    0.085090244126274, 
    0.3135939881684601, 
    0.3182707336004011, 
    0.30670064902424554, 
    0.2336012470293383, 
    0.12553827553572486, 
    0.09480550073528904, 
    0.0643540493914395, 
    0.05017558173376169, 
    0.047822819874201485
  ], 
  "3": [
    3.729307422760649e-05, 
    0.07283021117103654, 
    0.36130924778990575, 
    0.4122940741361399, 
    0.3043220185758013, 
    0.3225536052031069, 
    0.16788713907298794, 
    0.13545016481075767, 
    0.09353048164374916, 
    0.07407498097474939, 
    0.0694720406750436
  ], 
  "2": [
    4.1440695236366276e-05, 
    0.07240816566126754, 
    0.26365711073932824, 
    0.32244564546712823, 
    0.28814258177973573, 
    0.2106048350008842, 
    0.09300622984705816, 
    0.07059254210791553, 
    0.04487828075447594, 
    0.042327113932806346, 
    0.04002346045416196
  ], 
  "5": [
    3.329586631878379e-05, 
    0.06496943852400468, 
    0.2806318325060577, 
    0.2636505413731779, 
    0.3888208794075388, 
    0.2213216306457923, 
    0.19163823220676077, 
    0.14530216432576257, 
    0.10034829527744006, 
    0.08779801022166016, 
    0.08067180648047934
  ], 
  "4": [
    3.775036116932217e-05, 
    0.07280454553780911, 
    0.33389251573403306, 
    0.2656480198396914, 
    0.3344729032693403, 
    0.20824444000409803, 
    0.1248816043651513, 
    0.1078413483697119, 
    0.07040751722445682, 
    0.059945757561750274, 
    0.05369452970250659
  ], 
  "7": [
    0.0, 
    0.02884781727701697, 
    0.16673321712186873, 
    0.179131925202551, 
    0.2682846860904335, 
    0.22271335642303597, 
    0.38008668123142086, 
    0.29554747198172526, 
    0.21602457172953218, 
    0.17774780869729317, 
    0.19062254797231828
  ], 
  "6": [
    2.6606478765140704e-05, 
    0.04387045050726133, 
    0.20082773417719074, 
    0.21327872767168116, 
    0.3107254855989566, 
    0.27064685446077985, 
    0.2145079353092339, 
    0.36939228217992265, 
    0.14672512188051093, 
    0.143113936691258, 
    0.12195259361405673
  ], 
  "9": [
    5.820766091346741e-11, 
    0.01602856728206785, 
    0.10672670572857576, 
    0.11665952326403924, 
    0.1776541792482631, 
    0.1728096076951218, 
    0.20028381354065936, 
    0.23215423113554318, 
    0.5028176341707625, 
    0.29242931953055584, 
    0.4869567816593228
  ], 
  "8": [
    0.0, 
    0.021167001901046756, 
    0.12366034172426803, 
    0.12741565700975774, 
    0.18735541747091342, 
    0.1617291814917437, 
    0.17907192600590427, 
    0.20087141079928453, 
    0.37460083889432777, 
    0.5387675174724305, 
    0.3017951910081603
  ]
}