{
  "1": 4205.402618662523, 
  "3": 0.37383476392846937, 
  "2": 1.279326761057527, 
  "4": 0.16877728759391664
}