{
  "1": [
    0.00043257396807950665, 
    0.3396077063894817, 
    0.4532865216044687, 
    0.3926285706083863, 
    0.3028689429335034, 
    0.17816319503048048, 
    0.18090042317195126
  ], 
  "3": [
    0.0002948988798529031, 
    0.2974545135153992, 
    0.3387734046362122, 
    0.3528398978835209, 
    0.24557137559307576, 
    0.21257738249129446, 
    0.2358944252799644
  ], 
  "2": [
    0.00036978656392988975, 
    0.39438696596067924, 
    0.2842810884191498, 
    0.29012680391916623, 
    0.2431173014365061, 
    0.22191490662232685, 
    0.2345465836816679
  ], 
  "5": [
    0.00017066654943284575, 
    0.2715010121969749, 
    0.3381422265509317, 
    0.29497128932129707, 
    0.34606728810090814, 
    0.3709458626572583, 
    0.2903655237877887
  ], 
  "4": [
    0.0002772697523236212, 
    0.45074400978250706, 
    0.327782199997206, 
    0.2172492951534075, 
    0.214392629074484, 
    0.12460816011359328, 
    0.12901310273492592
  ], 
  "7": [
    5.348286329796534e-05, 
    0.11121268748336366, 
    0.15759930069069839, 
    0.2456998057605171, 
    0.3474772172249503, 
    0.30494870790192175, 
    0.5194664622017856
  ], 
  "6": [
    8.734709712049034e-05, 
    0.247939888646491, 
    0.2812380843682202, 
    0.2731527210585435, 
    0.3542551372832668, 
    0.43596404543251105, 
    0.292573726793074
  ]
}