{
  "1": 0.00031477990791344246, 
  "3": 0.00010135455950150117, 
  "2": 0.0004248199210722326, 
  "4": 6.930300324356222e-05
}