{"mode1_error": [0.0, 0.0, 0.0, 0.0, 0.0, 0.0, 0.0], "mode2": [-0.00081, 0.00055, 0.00016, -0.00045, 0.00231, 0.00309, 0.00046], "mode2_error": [0.0, 0.0, 0.0, 0.0, 0.0, 0.0, 0.0], "mode1": [0.01226, 0.02645, 0.0432, 0.06554, 0.09676, 0.12622, 0.15427]}