{"mode1_error": [3.424273792306848e-06, 3.055947325720602e-06, 3.92468552902026e-06, 4.235234044932538e-06, 1.8512990727996835e-05, 0.00010716160258230553, 0.0008029858149057762], "mode1": [0.03857285127627485, 0.0701884350060835, 0.09925905477380723, 0.13381449408273677, 0.174232973276868, 0.20041490691800495, 0.20922086601445353]}