{
  "1": 0.00017760750629765884, 
  "3": 0.00014919889529132002, 
  "2": 0.00034990462349118804, 
  "4": 8.0418780133028e-05
}