{
  "V_11": 2.713658504439814, 
  "V_12": 4.479008784482931, 
  "V_13": 4.189109240611063, 
  "V_14": 5.274836321639236, 
  "V_15": 2.2093991003424662, 
  "V_16": 0.8155307092692611, 
  "V_17": 0.36064552828060803, 
  "V_21": 4.479008784482931, 
  "V_22": 7.951764491864163, 
  "V_23": 7.370563561118731, 
  "V_24": 9.296362336232157, 
  "V_25": 3.8490158127483594, 
  "V_26": 1.400761749427745, 
  "V_27": 0.6171218189077191, 
  "V_31": 4.189109240611063, 
  "V_32": 7.370563561118731, 
  "V_33": 6.843235503375981, 
  "V_34": 8.602443838492448, 
  "V_35": 3.56400620567399, 
  "V_36": 1.302501571519476, 
  "V_37": 0.561165888608286, 
  "V_41": 5.274836321639236, 
  "V_42": 9.296362336232157, 
  "V_43": 8.602443838492448, 
  "V_44": 10.899925561747914, 
  "V_45": 4.496937412511131, 
  "V_46": 1.6421019462144968, 
  "V_47": 0.7016362019948483, 
  "V_51": 2.2093991003424662, 
  "V_52": 3.8490158127483594, 
  "V_53": 3.56400620567399, 
  "V_54": 4.496937412511131, 
  "V_55": 1.8589374569736614, 
  "V_56": 0.6624382114441902, 
  "V_57": 0.2762105999083415, 
  "V_61": 0.8155307092692611, 
  "V_62": 1.400761749427745, 
  "V_63": 1.302501571519476, 
  "V_64": 1.6421019462144968, 
  "V_65": 0.6624382114441902, 
  "V_66": 0.24414808437382077, 
  "V_67": 0.09031869247807786, 
  "V_71": 0.36064552828060803, 
  "V_72": 0.6171218189077191, 
  "V_73": 0.561165888608286, 
  "V_74": 0.7016362019948483, 
  "V_75": 0.2762105999083415, 
  "V_76": 0.09031869247807786, 
  "V_77": 0.03980020071529388
}