{
  "1": 30.381676654779422, 
  "3": 0.03959769267194053, 
  "2": 0.15736865176221973, 
  "4": 0.01903802052581277
}