{
  "1": [
    0.29153012666666683, 
    0.8870040430366215, 
    -0.20184447020869067, 
    -0.008637032347185542, 
    -0.0478582766439907, 
    0.01694557986215173, 
    -0.03415175272482407
  ], 
  "3": [
    0.47403892000000003, 
    -0.05825848035284736, 
    0.03412934435594973, 
    0.30240439353823684, 
    0.30666264283491185, 
    -0.0964634701827989, 
    0.005423149433993719
  ], 
  "2": [
    0.5111821599999999, 
    -0.3051487302860194, 
    -0.32405049904224253, 
    0.1689411112390165, 
    -0.30923548530523365, 
    0.03883595045449989, 
    -0.04669894794428327
  ], 
  "5": [
    0.2476057933333333, 
    0.07594478080727085, 
    0.47134154988742144, 
    0.03687765243083538, 
    -0.09174670312569479, 
    0.14822344421136813, 
    0.3930643226865287
  ], 
  "4": [
    0.5983366466666669, 
    -0.17138509756749506, 
    0.05412059347380448, 
    -0.4040735313303405, 
    0.10999160108487867, 
    0.01895334132454321, 
    -0.07399625047342505
  ], 
  "7": [
    0.03898924000000013, 
    0.05122600240577393, 
    0.519928463890848, 
    0.10379269790107817, 
    0.027299306389222112, 
    0.2635816801518331, 
    -0.31743651474982165
  ], 
  "6": [
    0.09029722666666673, 
    0.07482665731087969, 
    0.4309407702389353, 
    0.015475449905989872, 
    -0.19400652260904452, 
    -0.41371159724303236, 
    -0.10439850608088157
  ]
}