{
  "1": 0.002842816758147212, 
  "3": 0.0016799859162840056, 
  "2": 0.0031424318579663835, 
  "4": 0.0017512681791366622
}