{
  "1": 4025.3890267502557, 
  "3": 0.675509479276744, 
  "2": 1.646364993185303, 
  "4": 0.3101509951940787
}