{
  "1": [
    -0.4802141266666666, 
    -0.6502009845288321, 
    0.2717613687511533, 
    -0.07007872663186479, 
    0.12678070175438588, 
    0.03958033337696907, 
    0.004796937705900083
  ], 
  "3": [
    -0.4331271333333333, 
    0.35808681936909825, 
    -0.24703711861280336, 
    -0.18644181947976635, 
    0.264035288888889, 
    0.11438808308242802, 
    0.045032756813417195
  ], 
  "2": [
    -0.54164026, 
    -0.1725947424820841, 
    -0.3493505589374656, 
    0.2536077410431449, 
    -0.07202454736842186, 
    -0.05607059824584373, 
    0.022649004192872243
  ], 
  "5": [
    -0.19275634666666666, 
    0.33509081106422917, 
    0.2566239771259914, 
    0.14542721188595964, 
    0.21090444444444445, 
    -0.4234635728934855, 
    -0.1337275306978135
  ], 
  "4": [
    -0.49606923333333336, 
    0.3342688567410078, 
    0.19812877697841705, 
    -0.14457956989247253, 
    -0.37176472046783654, 
    0.026332805341013128, 
    -0.02412493261455508
  ], 
  "7": [
    -0.023166666666666665, 
    0.1350264081441297, 
    0.13231680132816834, 
    0.1051683621112747, 
    0.03628601169590671, 
    -0.003643648819652648, 
    0.6958611635220132
  ], 
  "6": [
    -0.0681604266666666, 
    0.25070100462125794, 
    0.21865079136690643, 
    0.2684435060009814, 
    0.09822747602339177, 
    0.44701201291617554, 
    -0.1827775082359986
  ]
}