{
  "dV_10_1": 0.013244270166450398, 
  "dV_10_10": 0.00206727063084562, 
  "dV_10_11": 0.001061619417698224, 
  "dV_10_2": 0.012635493913516954, 
  "dV_10_3": 0.009988845348563034, 
  "dV_10_4": 0.010189425112352105, 
  "dV_10_5": 0.005592020574350676, 
  "dV_10_6": 0.0030933420768920177, 
  "dV_10_7": 0.0017860463971819782, 
  "dV_10_8": 0.0011281371366088234, 
  "dV_10_9": 0.0009124019063865554, 
  "dV_11_1": 0.015198647023276689, 
  "dV_11_10": 0.001061619417698224, 
  "dV_11_11": 0.0029017191034938815, 
  "dV_11_2": 0.014504497030104506, 
  "dV_11_3": 0.0114700141588818, 
  "dV_11_4": 0.011694043531607436, 
  "dV_11_5": 0.006425974170596238, 
  "dV_11_6": 0.0035579154430472144, 
  "dV_11_7": 0.002056128603500191, 
  "dV_11_8": 0.001298828421513043, 
  "dV_11_9": 0.001043897584637605, 
  "dV_1_1": 0.2700811743059355, 
  "dV_1_10": 0.013244270166450398, 
  "dV_1_11": 0.015198647023276689, 
  "dV_1_2": 0.18229345693386234, 
  "dV_1_3": 0.14423769134498127, 
  "dV_1_4": 0.14695649454946322, 
  "dV_1_5": 0.08043697822415075, 
  "dV_1_6": 0.04421950920205196, 
  "dV_1_7": 0.025259999209554622, 
  "dV_1_8": 0.01580142410171531, 
  "dV_1_9": 0.012815633390005729, 
  "dV_2_1": 0.18229345693386234, 
  "dV_2_10": 0.012635493913516954, 
  "dV_2_11": 0.014504497030104506, 
  "dV_2_2": 0.2455907930273884, 
  "dV_2_3": 0.1376631849615403, 
  "dV_2_4": 0.14010982753107354, 
  "dV_2_5": 0.07664723695027702, 
  "dV_2_6": 0.042134301810867046, 
  "dV_2_7": 0.02409107784847858, 
  "dV_2_8": 0.015071766904317418, 
  "dV_2_9": 0.012223565903584699, 
  "dV_3_1": 0.14423769134498127, 
  "dV_3_10": 0.009988845348563034, 
  "dV_3_11": 0.0114700141588818, 
  "dV_3_2": 0.1376631849615403, 
  "dV_3_3": 0.15339528703676264, 
  "dV_3_4": 0.11102309176628819, 
  "dV_3_5": 0.06062606631126232, 
  "dV_3_6": 0.03333530794053254, 
  "dV_3_7": 0.019067521140573057, 
  "dV_3_8": 0.011923399004935196, 
  "dV_3_9": 0.009675886608953934, 
  "dV_4_1": 0.14695649454946322, 
  "dV_4_10": 0.010189425112352105, 
  "dV_4_11": 0.011694043531607436, 
  "dV_4_2": 0.14010982753107354, 
  "dV_4_3": 0.11102309176628819, 
  "dV_4_4": 0.15762225616573727, 
  "dV_4_5": 0.06189384058217415, 
  "dV_4_6": 0.03398994872553471, 
  "dV_4_7": 0.019423586157224816, 
  "dV_4_8": 0.012150332122927897, 
  "dV_4_9": 0.009853881040494804, 
  "dV_5_1": 0.08043697822415075, 
  "dV_5_10": 0.005592020574350676, 
  "dV_5_11": 0.006425974170596238, 
  "dV_5_2": 0.07664723695027702, 
  "dV_5_3": 0.06062606631126232, 
  "dV_5_4": 0.06189384058217415, 
  "dV_5_5": 0.04760742367766624, 
  "dV_5_6": 0.018681693308781108, 
  "dV_5_7": 0.0106587246641072, 
  "dV_5_8": 0.006667005755647937, 
  "dV_5_9": 0.005411153337833385, 
  "dV_6_1": 0.04421950920205196, 
  "dV_6_10": 0.0030933420768920177, 
  "dV_6_11": 0.0035579154430472144, 
  "dV_6_2": 0.042134301810867046, 
  "dV_6_3": 0.03333530794053254, 
  "dV_6_4": 0.03398994872553471, 
  "dV_6_5": 0.018681693308781108, 
  "dV_6_6": 0.01450147593580342, 
  "dV_6_7": 0.005887315064426628, 
  "dV_6_8": 0.0036822741787046792, 
  "dV_6_9": 0.0029890068347803375, 
  "dV_7_1": 0.025259999209554622, 
  "dV_7_10": 0.0017860463971819782, 
  "dV_7_11": 0.002056128603500191, 
  "dV_7_2": 0.02409107784847858, 
  "dV_7_3": 0.019067521140573057, 
  "dV_7_4": 0.019423586157224816, 
  "dV_7_5": 0.0106587246641072, 
  "dV_7_6": 0.005887315064426628, 
  "dV_7_7": 0.004776757563768964, 
  "dV_7_8": 0.0021199087504755257, 
  "dV_7_9": 0.001723898574649023, 
  "dV_8_1": 0.01580142410171531, 
  "dV_8_10": 0.0011281371366088234, 
  "dV_8_11": 0.001298828421513043, 
  "dV_8_2": 0.015071766904317418, 
  "dV_8_3": 0.011923399004935196, 
  "dV_8_4": 0.012150332122927897, 
  "dV_8_5": 0.006667005755647937, 
  "dV_8_6": 0.0036822741787046792, 
  "dV_8_7": 0.0021199087504755257, 
  "dV_8_8": 0.002076899843657058, 
  "dV_8_9": 0.0010896454911994778, 
  "dV_9_1": 0.012815633390005729, 
  "dV_9_10": 0.0009124019063865554, 
  "dV_9_11": 0.001043897584637605, 
  "dV_9_2": 0.012223565903584699, 
  "dV_9_3": 0.009675886608953934, 
  "dV_9_4": 0.009853881040494804, 
  "dV_9_5": 0.005411153337833385, 
  "dV_9_6": 0.0029890068347803375, 
  "dV_9_7": 0.001723898574649023, 
  "dV_9_8": 0.0010896454911994778, 
  "dV_9_9": 0.0016854562240716745
}