{
  "V_10_1": 0.5003687363933155, 
  "V_10_10": -0.02953522533473113, 
  "V_10_11": -0.024650814962354977, 
  "V_10_2": 0.8388322120833898, 
  "V_10_3": 0.7919927093590906, 
  "V_10_4": 1.0519414397051998, 
  "V_10_5": 0.45659014337078935, 
  "V_10_6": 0.16449115508631856, 
  "V_10_7": 0.04728986556595654, 
  "V_10_8": 0.00150852506859877, 
  "V_10_9": -0.011002464997419635, 
  "V_11_1": 0.2472705648936707, 
  "V_11_10": -0.024650814962354977, 
  "V_11_11": -0.045642889163465074, 
  "V_11_2": 0.4118957758301862, 
  "V_11_3": 0.3981793756427099, 
  "V_11_4": 0.49404753843792953, 
  "V_11_5": 0.19160698355228162, 
  "V_11_6": 0.05293751523887607, 
  "V_11_7": -0.0030687761065846405, 
  "V_11_8": -0.014920650318319052, 
  "V_11_9": -0.019842693028942687, 
  "V_1_1": 36.67415389635515, 
  "V_1_10": 0.5003687363933155, 
  "V_1_11": 0.2472705648936707, 
  "V_1_2": 63.634194220713695, 
  "V_1_3": 60.5918384519831, 
  "V_1_4": 82.76594720686019, 
  "V_1_5": 38.194057070558216, 
  "V_1_6": 15.441823136221364, 
  "V_1_7": 5.7516914090162174, 
  "V_1_8": 2.17560650922739, 
  "V_1_9": 0.9601596654787683, 
  "V_2_1": 63.634194220713695, 
  "V_2_10": 0.8388322120833898, 
  "V_2_11": 0.4118957758301862, 
  "V_2_2": 111.13192621985392, 
  "V_2_3": 106.38973562830905, 
  "V_2_4": 144.58245130945733, 
  "V_2_5": 66.7545889246098, 
  "V_2_6": 26.726182401817017, 
  "V_2_7": 10.033615064605709, 
  "V_2_8": 3.740535553876809, 
  "V_2_9": 1.666611539774222, 
  "V_3_1": 60.5918384519831, 
  "V_3_10": 0.7919927093590906, 
  "V_3_11": 0.3981793756427099, 
  "V_3_2": 106.38973562830905, 
  "V_3_3": 101.73707437231838, 
  "V_3_4": 138.43814734517457, 
  "V_3_5": 63.79159433901466, 
  "V_3_6": 25.596377665984413, 
  "V_3_7": 9.602926821670561, 
  "V_3_8": 3.588439936219094, 
  "V_3_9": 1.5914480818723948, 
  "V_4_1": 82.76594720686019, 
  "V_4_10": 1.0519414397051998, 
  "V_4_11": 0.49404753843792953, 
  "V_4_2": 144.58245130945733, 
  "V_4_3": 138.43814734517457, 
  "V_4_4": 188.06688174017776, 
  "V_4_5": 86.83746259256527, 
  "V_4_6": 34.81230144710257, 
  "V_4_7": 13.020836459318604, 
  "V_4_8": 4.848824083508072, 
  "V_4_9": 2.154467700283117, 
  "V_5_1": 38.194057070558216, 
  "V_5_10": 0.45659014337078935, 
  "V_5_11": 0.19160698355228162, 
  "V_5_2": 66.7545889246098, 
  "V_5_3": 63.79159433901466, 
  "V_5_4": 86.83746259256527, 
  "V_5_5": 40.018421962563274, 
  "V_5_6": 16.002727560961716, 
  "V_5_7": 5.939641517863656, 
  "V_5_8": 2.1870081893586444, 
  "V_5_9": 0.9570654670041903, 
  "V_6_1": 15.441823136221364, 
  "V_6_10": 0.16449115508631856, 
  "V_6_11": 0.05293751523887607, 
  "V_6_2": 26.726182401817017, 
  "V_6_3": 25.596377665984413, 
  "V_6_4": 34.81230144710257, 
  "V_6_5": 16.002727560961716, 
  "V_6_6": 6.371906711342929, 
  "V_6_7": 2.36042368693546, 
  "V_6_8": 0.8548247052977783, 
  "V_6_9": 0.36331970433086364, 
  "V_7_1": 5.7516914090162174, 
  "V_7_10": 0.04728986556595654, 
  "V_7_11": -0.0030687761065846405, 
  "V_7_2": 10.033615064605709, 
  "V_7_3": 9.602926821670561, 
  "V_7_4": 13.020836459318604, 
  "V_7_5": 5.939641517863656, 
  "V_7_6": 2.36042368693546, 
  "V_7_7": 0.8546274178612022, 
  "V_7_8": 0.30384078490743743, 
  "V_7_9": 0.11987365959293332, 
  "V_8_1": 2.17560650922739, 
  "V_8_10": 0.00150852506859877, 
  "V_8_11": -0.014920650318319052, 
  "V_8_2": 3.740535553876809, 
  "V_8_3": 3.588439936219094, 
  "V_8_4": 4.848824083508072, 
  "V_8_5": 2.1870081893586444, 
  "V_8_6": 0.8548247052977783, 
  "V_8_7": 0.30384078490743743, 
  "V_8_8": 0.10979398627874858, 
  "V_8_9": 0.030544407233755753, 
  "V_9_1": 0.9601596654787683, 
  "V_9_10": -0.011002464997419635, 
  "V_9_11": -0.019842693028942687, 
  "V_9_2": 1.666611539774222, 
  "V_9_3": 1.5914480818723948, 
  "V_9_4": 2.154467700283117, 
  "V_9_5": 0.9570654670041903, 
  "V_9_6": 0.36331970433086364, 
  "V_9_7": 0.11987365959293332, 
  "V_9_8": 0.030544407233755753, 
  "V_9_9": 0.001647355701361174
}