{
  "1": [
    -0.28009268666666665, 
    -0.7908672799999997, 
    -0.3096245672344542, 
    -0.17426392450546507, 
    0.01978458725182859, 
    -0.05868473744418587, 
    0.026587551152272446
  ], 
  "3": [
    -0.4661600266666666, 
    -0.2784518666666665, 
    0.2374619443290402, 
    0.29786580808653823, 
    -0.001646215853112417, 
    0.21003458061183064, 
    -0.10477895757053708
  ], 
  "2": [
    -0.4927445999999999, 
    0.11300698666666688, 
    0.5712611965101804, 
    -0.2794464881425166, 
    -0.003944827586206629, 
    -0.033080538027232195, 
    0.05257803144518625
  ], 
  "5": [
    -0.2691371866666667, 
    0.22364848666666626, 
    -0.15515974934219653, 
    -0.031231827981391753, 
    0.04820380653828958, 
    0.014711948780397704, 
    -0.32374138129083085
  ], 
  "4": [
    -0.6142316999999999, 
    0.39987475333333417, 
    -0.46755020772746103, 
    0.044193301562086146, 
    -0.0020443722943725645, 
    -0.058214771762795554, 
    0.15928326513030397
  ], 
  "7": [
    -0.03610370666666657, 
    -0.006581613333333272, 
    -0.06552257305082398, 
    -0.0713351450508719, 
    -0.34948272876548847, 
    -0.054507372965792236, 
    -0.10446571900351793
  ], 
  "6": [
    -0.1021102133333333, 
    -0.09734517333333335, 
    0.253095700041545, 
    0.30847604296682923, 
    -0.018957478728168504, 
    -0.30765283220783035, 
    0.08390361835020473
  ]
}