{
  "1": 594.13364330582635, 
  "2": 2.3090606099829341, 
  "3": 1.03560266557272, 
  "4": 0.46136911518398405, 
  "5": 0.089983074041278852, 
  "6": -0.0054460506084825109, 
  "7": -0.28761391392403968
}