{
  "1": [
    0.0002558861147683094, 
    0.09246341944338822, 
    0.10464623229812801, 
    0.2344243016145708, 
    0.2577937537937092, 
    0.09167359103101634, 
    0.06848931617426061
  ], 
  "3": [
    0.00018426362458407797, 
    0.04435328912163234, 
    0.1584781628277043, 
    0.2975172083570509, 
    0.3649422773853371, 
    0.1181331621725601, 
    0.15720244328312874
  ], 
  "2": [
    0.00021956718795256364, 
    0.07913942140859388, 
    0.10405046129325082, 
    0.14279308087000936, 
    0.10796851660899032, 
    0.05468723631721719, 
    0.04293963629760882
  ], 
  "5": [
    0.00010514751541266093, 
    0.028895208860134004, 
    0.14884365721910103, 
    0.3885391380923922, 
    0.3334555182801943, 
    0.13574186970447136, 
    0.20194594693683598
  ], 
  "4": [
    0.00018073892623737519, 
    0.03271972672584414, 
    0.1290826455820625, 
    0.3613158241078748, 
    0.28182519142950824, 
    0.13041319243919666, 
    0.15141501677542785
  ], 
  "7": [
    3.44860835043735e-05, 
    0.012927706092634886, 
    0.07248507517315025, 
    0.17155492399443928, 
    0.20488689903678461, 
    0.38423873939265746, 
    0.28017983732535867
  ], 
  "6": [
    5.5837026365305e-05, 
    0.020764578678074064, 
    0.10262792738391077, 
    0.1849236892060196, 
    0.22764224996529495, 
    0.3094010279047538, 
    0.34435669687253806
  ]
}