{
  "1": 0.14127892794818692, 
  "3": 0.19291454623854132, 
  "2": 0.12331585263454471, 
  "4": 0.09952958156597635
}