{
  "dV_11": 0.7970762610460271, 
  "dV_12": 0.5246557445562926, 
  "dV_13": 0.39794136017476717, 
  "dV_14": 0.38045753109610503, 
  "dV_15": 0.2012779833575739, 
  "dV_16": 0.1087454479097304, 
  "dV_17": 0.06083341770494365, 
  "dV_21": 0.5246557445562926, 
  "dV_22": 0.6880637076964448, 
  "dV_23": 0.3710498978814147, 
  "dV_24": 0.354858082224939, 
  "dV_25": 0.18739004850001975, 
  "dV_26": 0.10118521100816151, 
  "dV_27": 0.05656885832266623, 
  "dV_31": 0.39794136017476717, 
  "dV_32": 0.3710498978814147, 
  "dV_33": 0.39584031024701327, 
  "dV_34": 0.26968923460916056, 
  "dV_35": 0.1422410084571888, 
  "dV_36": 0.0767956574714239, 
  "dV_37": 0.04291321705441732, 
  "dV_41": 0.38045753109610503, 
  "dV_42": 0.354858082224939, 
  "dV_43": 0.26968923460916056, 
  "dV_44": 0.36125343647817526, 
  "dV_45": 0.13643177965183317, 
  "dV_46": 0.07345448329042087, 
  "dV_47": 0.04104438604337227, 
  "dV_51": 0.2012779833575739, 
  "dV_52": 0.18739004850001975, 
  "dV_53": 0.1422410084571888, 
  "dV_54": 0.13643177965183317, 
  "dV_55": 0.10148951249707014, 
  "dV_56": 0.03897361863116444, 
  "dV_57": 0.021768482304456018, 
  "dV_61": 0.1087454479097304, 
  "dV_62": 0.10118521100816151, 
  "dV_63": 0.0767956574714239, 
  "dV_64": 0.07345448329042087, 
  "dV_65": 0.03897361863116444, 
  "dV_66": 0.02971749683941453, 
  "dV_67": 0.011787585028413362, 
  "dV_71": 0.06083341770494365, 
  "dV_72": 0.05656885832266623, 
  "dV_73": 0.04291321705441732, 
  "dV_74": 0.04104438604337227, 
  "dV_75": 0.021768482304456018, 
  "dV_76": 0.011787585028413362, 
  "dV_77": 0.00933195419916468
}