{
  "1": 594.1333980932453, 
  "3": 1.039006225116952, 
  "2": 2.31518259312899, 
  "4": 0.4583682751734053
}