{
  "1": [
    -0.45341679255860895, 
    0.5356496693059737, 
    0.6644388427312661, 
    -0.16304436014042828, 
    -0.09713570216922261, 
    0.16803028209099427, 
    0.041960511902393034
  ], 
  "2": [
    -0.515934029668443, 
    -0.7718242110597787, 
    0.28343899352761337, 
    -0.14930271873286985, 
    0.14741055901301528, 
    -0.09512252152258258, 
    -0.06850060123610195
  ], 
  "3": [
    -0.43060657776410605, 
    0.22851398708518464, 
    -0.20991631158278276, 
    0.5879644188866204, 
    0.5925423319894635, 
    -0.14655046023806864, 
    -0.0029773397509800822
  ], 
  "4": [
    -0.5297684314018851, 
    -0.006428957078948891, 
    -0.4814837230452152, 
    0.14332523487859558, 
    -0.6310027166011241, 
    0.25915133138703544, 
    0.040143968073868205
  ], 
  "5": [
    -0.22966653528572298, 
    0.22619547637265933, 
    -0.3093885045102234, 
    -0.5632366427964556, 
    0.027253297327288192, 
    -0.6815535192491683, 
    0.13369437052687388
  ], 
  "6": [
    -0.09065319046584105, 
    0.10943342344131494, 
    -0.27496091404170203, 
    -0.4279256227397058, 
    0.3219402077835576, 
    0.42906592665627646, 
    -0.6582852081274171
  ], 
  "7": [
    -0.034408649500265315, 
    -0.04434836540527571, 
    -0.17597493235761508, 
    -0.2907320064765811, 
    0.3393754547623069, 
    0.47483503580254927, 
    0.7353318845232671
  ]
}