{
  "1": [
    0.00019953125043113703, 
    0.4307441867263875, 
    0.48451735740134383, 
    0.11378573054708974, 
    0.13980583865004678, 
    0.11057382030399711, 
    0.09451051992857365
  ], 
  "3": [
    0.0001375972595285962, 
    0.22217876758037458, 
    0.20767234282359093, 
    0.21254768803927082, 
    0.24804354813010748, 
    0.2953269464148744, 
    0.25796801616322257
  ], 
  "2": [
    0.00016625255728249135, 
    0.428289590661516, 
    0.46691415654221086, 
    0.11049815986633735, 
    0.12840037373094437, 
    0.10784806513352631, 
    0.09824241317553882
  ], 
  "5": [
    8.471373361098771e-05, 
    0.24350779226764152, 
    0.21274633898870907, 
    0.18582289267843724, 
    0.36263114779970473, 
    0.27151023988579104, 
    0.276072253086716
  ], 
  "4": [
    0.00013899150661390625, 
    0.3136065064272571, 
    0.23708170612669033, 
    0.22623873720763243, 
    0.228107693471542, 
    0.2816923398415809, 
    0.25232991839948743
  ], 
  "7": [
    3.296420618053148e-05, 
    0.09891825574540808, 
    0.12404278972719247, 
    0.13746183699621695, 
    0.37369771029787224, 
    0.40925711428504735, 
    0.3765457795154352
  ], 
  "6": [
    4.777813729766312e-05, 
    0.1846731224877407, 
    0.16257764307119343, 
    0.1733115126028491, 
    0.3526976448472257, 
    0.37424918688243647, 
    0.31244691748990994
  ]
}