{
  "1": 0.004568365836918383, 
  "3": 0.0021883331146610834, 
  "2": 0.005117503021164985, 
  "4": 0.0026208981968958074
}