{
  "1": 2516.003297919098, 
  "3": 1.092919272689484, 
  "2": 2.9895675923443883, 
  "4": 0.40104356738180325
}