{
  "1": 0.05517194371159758, 
  "3": 0.0423258161456143, 
  "2": 0.06379402614948049, 
  "4": 0.02553851479905197
}