{
  "1": [
    0.00022205553816209524, 
    0.08631765903473113, 
    0.21315184754928568, 
    0.19020477780451964, 
    0.15434629057578003, 
    0.15907664485292883, 
    0.13296019242047624
  ], 
  "3": [
    0.0001602280311254179, 
    0.1211972644323379, 
    0.24435697372271142, 
    0.3976891486021965, 
    0.2946403623996059, 
    0.2904059843363788, 
    0.2477129409897612
  ], 
  "2": [
    0.00019679182910963228, 
    0.12206438625491675, 
    0.18601421052855996, 
    0.33276576509100025, 
    0.2578549794214587, 
    0.2685063893205291, 
    0.187010060232792
  ], 
  "5": [
    9.467904518840264e-05, 
    0.07705092915945799, 
    0.13482958518216498, 
    0.34761860349593776, 
    0.5243679908321438, 
    0.36726447026313536, 
    0.37547753497352404
  ], 
  "4": [
    0.00014917406729769166, 
    0.12660665088427073, 
    0.1085241064087271, 
    0.22529189781664857, 
    0.2544230017733053, 
    0.1994435126444251, 
    0.16747905304321903
  ], 
  "7": [
    2.6944511702990278e-05, 
    0.019528741325941307, 
    0.053535129298986586, 
    0.174408260816597, 
    0.41061536144136507, 
    0.5396029079657341, 
    0.6475690613125124
  ], 
  "6": [
    5.06409228954791e-05, 
    0.06769791865092915, 
    0.2140048331439636, 
    0.444844700715993, 
    0.44121933604323416, 
    0.4556216281355358, 
    0.3718804292355658
  ]
}