{
  "1": [
    -0.28008767999999995, 
    -0.7929109210921097, 
    -0.30696547532467644, 
    -0.17637405714285725, 
    0.016256523707140598, 
    -0.055365100375027454, 
    0.02729851028190607
  ], 
  "3": [
    -0.46616164666666654, 
    -0.27565492215888265, 
    0.23487164329004287, 
    0.30647430095238093, 
    0.00037037833352228253, 
    0.20480677255680574, 
    -0.1015614847286083
  ], 
  "2": [
    -0.49274577333333347, 
    0.11277303397006405, 
    0.570991636363637, 
    -0.27423373714285815, 
    -0.004876756817924431, 
    -0.032415155526141354, 
    0.054812527174881304
  ], 
  "5": [
    -0.26913861333333333, 
    0.22403176650998474, 
    -0.15501441731601798, 
    -0.03482924952380911, 
    0.04093278639055443, 
    0.011070034561365193, 
    -0.32027126055810967
  ], 
  "4": [
    -0.6142315733333333, 
    0.39867115711571194, 
    -0.4657029991341998, 
    0.03808527238095269, 
    7.329033230771596e-06, 
    -0.055046907860871984, 
    0.1560027549092983
  ], 
  "7": [
    -0.036103619999999906, 
    -0.006343230989765577, 
    -0.06479650562770549, 
    -0.06966460190476169, 
    -0.3432945305722145, 
    -0.06163915729097636, 
    -0.11536851277664932
  ], 
  "6": [
    -0.10210972666666662, 
    -0.09721091109110906, 
    0.24718949610389582, 
    0.2954275809523804, 
    -0.009344019463618973, 
    -0.3030275829105085, 
    0.07092175416087515
  ]
}