{"mode1_error": [4e-06, 4e-06, 6e-06, 7e-06, 1.4e-05, 2.6e-05, 8e-05], "mode2": [0.00015, 0.00041, 0.00036, -0.00081, -0.00262, -0.00659, -0.0172], "mode2_error": [0.000168, 0.000179, 0.000402, 0.000324, 0.001232, 0.002391, 0.007461], "mode1": [0.01, 0.02198, 0.03634, 0.05482, 0.07721, 0.09153, 0.09422]}