{
  "1": 0.04330377657978406, 
  "3": 0.045215700690170724, 
  "2": 0.07625411574671309, 
  "4": 0.018637494698939515
}