{
  "1": [
    6.412483329494121e-05, 
    0.2994290446068357, 
    0.36035824757442353, 
    0.15339605385919478, 
    0.07645414933750229, 
    0.08350544817139353, 
    0.05834096624968733
  ], 
  "3": [
    4.830097509077328e-05, 
    0.1357270472038397, 
    0.15632768460106797, 
    0.08858504072014294, 
    0.12546143127758225, 
    0.09090231277922581, 
    0.07569995207929045
  ], 
  "2": [
    5.7171212058361504e-05, 
    0.2609810943569848, 
    0.18143377916701578, 
    0.11059069701603061, 
    0.2178796704164376, 
    0.260809777091885, 
    0.3044846893906456
  ], 
  "5": [
    3.4448822332108e-05, 
    0.24090399222994874, 
    0.20632434434993405, 
    0.10324645347418156, 
    0.2718811478804447, 
    0.2936109757890205, 
    0.19338315341658557
  ], 
  "4": [
    4.5400615856707054e-05, 
    0.1391871064540601, 
    0.1793856669260974, 
    0.12294858102628982, 
    0.19882183591149194, 
    0.31733053604805117, 
    0.28731871121377006
  ], 
  "7": [
    2.4672932538433965e-05, 
    0.14219344298881453, 
    0.1156692212172552, 
    0.053234313841804035, 
    0.2144126480495693, 
    0.5343096897316967, 
    0.40333720991655087
  ], 
  "6": [
    8.206661384184113e-06, 
    0.2020536616711537, 
    0.17951525297595639, 
    0.07071125704335438, 
    0.3814747645069027, 
    0.3932064856405085, 
    0.40837502598163217
  ]
}