{
  "1": [
    -0.2855158466666667, 
    0.7380413690773897, 
    0.13222791039786033, 
    0.2913220171214552, 
    0.10680347013680364, 
    0.0195917329040481, 
    -0.024690486725663728
  ], 
  "3": [
    -0.47122877333333324, 
    0.10194570704544706, 
    0.08701652290203941, 
    -0.8166426899411418, 
    -0.09875554220887595, 
    -0.04014061441459587, 
    0.014240305711987174
  ], 
  "2": [
    -0.50401306, 
    -0.25352081291053996, 
    0.41335100635238986, 
    0.2868357142857138, 
    -0.2405964698031357, 
    0.23250004695308, 
    -0.014794670152856371
  ], 
  "5": [
    -0.25593242000000005, 
    0.04242206995431961, 
    -0.4706816783684373, 
    0.18707348849652247, 
    -0.5584999332666021, 
    -0.19237936412113887, 
    -0.12884519308125467
  ], 
  "4": [
    -0.60590586, 
    -0.24165206561968688, 
    -0.19820148445336014, 
    0.19904886302835728, 
    0.42970902902902774, 
    -0.1563331958278829, 
    0.08207343121480278
  ], 
  "7": [
    -0.031889079999999924, 
    0.07209528525224239, 
    -0.2638075894349719, 
    -0.01033279159978587, 
    -0.029435548882215848, 
    0.213962729315491, 
    0.5814459372485914
  ], 
  "6": [
    -0.09356747333333323, 
    0.02433225634356975, 
    -0.4075497225008357, 
    -0.1183597913322629, 
    0.2225147013680355, 
    0.3556070798537749, 
    -0.2937801354250468
  ]
}