{"mode1_error": [3e-06, 1e-06, 6e-06, 6e-06, 2e-06, 3.9e-05, 1e-06], "mode2": [-0.00068, -0.00074, 0.00031, 0.00192, 0.00618, 0.01415, 0.02782], "mode2_error": [6.8e-05, 7.7e-05, 0.000111, 0.000106, 0.000321, 0.000768, 0.001476], "mode1": [0.03516, 0.05869, 0.08329, 0.11246, 0.14661, 0.16857, 0.17521]}