{
  "1": 0.003312171840404019, 
  "3": 0.003091591224161246, 
  "2": 0.0036001953937925546, 
  "4": 0.002198132459561522
}