{
  "1": [
    0.25233284, 
    0.27362677333333346, 
    0.5512514333333334, 
    0.38453269333333334, 
    0.21398900000000004, 
    -0.6018685333333328, 
    0.025978120000000077
  ], 
  "3": [
    0.48676973333333345, 
    0.1709448200000001, 
    -0.5362524733333331, 
    -0.4582409866666667, 
    0.053656440000000076, 
    -0.4796085733333336, 
    0.05082979333333337
  ], 
  "2": [
    0.5069615066666668, 
    0.6211642199999997, 
    0.1253753333333334, 
    0.017199300000000056, 
    -0.1787342333333332, 
    0.5543929800000004, 
    -0.030883226666666586
  ], 
  "5": [
    0.24005221999999998, 
    -0.3689345533333333, 
    0.5085255133333341, 
    -0.4465267866666669, 
    -0.5119094666666664, 
    -0.05634764666666655, 
    0.2868849333333334
  ], 
  "4": [
    0.6129477200000001, 
    -0.5978062199999997, 
    -0.15537161333333327, 
    0.4427386733333337, 
    0.1207540466666668, 
    0.16535555999999996, 
    -0.06835119333333328
  ], 
  "7": [
    0.04309500000000015, 
    -0.046354919999999945, 
    0.15964369333333342, 
    -0.27491146666666666, 
    0.7289858533333337, 
    0.2501297800000003, 
    0.5470651800000002
  ], 
  "6": [
    0.08477341999999999, 
    -0.12006325333333327, 
    0.2908111066666667, 
    -0.4132340666666666, 
    0.329752066666667, 
    0.06686887333333333, 
    -0.7806690533333335
  ]
}