{
  "1": [
    -0.27473363664099437, 
    0.5192691246309105, 
    0.19150904745458738, 
    -0.29608737923196543, 
    0.6596290275720517, 
    -0.3072146011119206, 
    -0.03234638393386585
  ], 
  "2": [
    -0.48033130575636124, 
    0.3075558523244367, 
    0.41045163472377405, 
    0.4293185591406918, 
    -0.11434289028147247, 
    0.5276010152641829, 
    0.1745541087334655
  ], 
  "3": [
    -0.45920585467454766, 
    0.18190879598409507, 
    -0.373611511350191, 
    -0.6258946317525335, 
    -0.4354367327658134, 
    0.14045812393128804, 
    0.12399955115311846
  ], 
  "4": [
    -0.6217901966921178, 
    -0.2776495301357128, 
    -0.39912182714097716, 
    0.4442491295258502, 
    0.0828647607949879, 
    -0.4006249287238274, 
    -0.11074865972857703
  ], 
  "5": [
    -0.28547733525791474, 
    -0.49165012821227444, 
    0.6684273607054119, 
    -0.31128355275822955, 
    -0.16650048049316096, 
    -0.1887185382355333, 
    -0.2641082335850469
  ], 
  "6": [
    -0.11390053693478064, 
    -0.404226781953168, 
    -0.2099552598545129, 
    -0.18355942416518353, 
    0.5347610201650461, 
    0.6372622653086755, 
    -0.23190420354710273
  ], 
  "7": [
    -0.04289007669155332, 
    -0.3470875429134736, 
    0.07136944935834409, 
    -0.09124114794407384, 
    0.2040876623185185, 
    -0.07286740013529011, 
    0.9040523776765302
  ]
}