{
  "1": [
    0.00020116763326456663, 
    0.13006807017766284, 
    0.34461558211361165, 
    0.3592035311764799, 
    0.29684694192330463, 
    0.32700399515176, 
    0.21146108807201794
  ], 
  "3": [
    0.00015036843596157092, 
    0.12363314250165233, 
    0.38793882603360097, 
    0.3959247402167087, 
    0.36197635947582785, 
    0.25469610957956973, 
    0.2043771198597397
  ], 
  "2": [
    0.000183200405541406, 
    0.11910410043994137, 
    0.37634175288977645, 
    0.32052860864376403, 
    0.3184369606580446, 
    0.22157840877215143, 
    0.22999107841672217
  ], 
  "5": [
    9.33591570874426e-05, 
    0.10757636435579365, 
    0.3700437760286139, 
    0.3989945212041549, 
    0.35561761139653847, 
    0.29278684155834045, 
    0.2298768909930265
  ], 
  "4": [
    0.00013943231596551345, 
    0.13988038424051824, 
    0.32827866942592066, 
    0.29214959124631534, 
    0.32495570634891235, 
    0.21484033468002958, 
    0.22027787664760645
  ], 
  "7": [
    3.270469622882888e-05, 
    0.06941049550891042, 
    0.19727219401187457, 
    0.23857813151678658, 
    0.31976433667481413, 
    0.43627946226747427, 
    0.2886353200963407
  ], 
  "6": [
    5.35480676928228e-05, 
    0.1176713980018933, 
    0.29555711583314165, 
    0.35627378837463175, 
    0.3463552374880107, 
    0.27870033555399354, 
    0.3851691793805699
  ]
}