{
  "1": 170.30585808962414, 
  "3": 0.02581696252951635, 
  "2": 0.08350122831064435, 
  "4": 0.003930102910836591
}