{
  "1": 17328.949411737922, 
  "2": 17.050201038849913, 
  "3": 5.7773041645851571, 
  "4": 2.4100283904003583, 
  "5": 1.0546784050810465, 
  "6": 0.43152776750974031, 
  "7": -119959.27876363293
}