{
  "1": [
    0.310978599290828, 
    0.9251229937047902, 
    -0.0689900109777349, 
    -0.16853019233927463, 
    0.09667793497780934, 
    0.05645609068325113, 
    0.04175879153375119
  ], 
  "2": [
    0.4729536280140862, 
    -0.3272865105850315, 
    -0.280491657876002, 
    -0.758848274387098, 
    0.10695552686448109, 
    -0.051340849274980026, 
    0.02442876435555829
  ], 
  "3": [
    0.45318963356941905, 
    -0.08120356168012098, 
    -0.39159422347039297, 
    0.3507705387685729, 
    -0.5611432358157107, 
    0.43346758619274994, 
    -0.09414484314491632
  ], 
  "4": [
    0.6158392735718669, 
    -0.10260661950876916, 
    0.7086381477014831, 
    0.1742792179961434, 
    0.01006099253688981, 
    -0.19425294544722652, 
    -0.19959251030677738
  ], 
  "5": [
    0.2833618757303472, 
    -0.1314020384016007, 
    -0.17654265223662546, 
    0.39473905511279683, 
    0.5940825515549139, 
    0.09829175892255414, 
    0.5940184963975192
  ], 
  "6": [
    0.11345194299962807, 
    0.02044342502491405, 
    -0.47936108207752687, 
    0.29409468953650314, 
    0.18873894812289455, 
    -0.6435244519378036, 
    -0.4697721562612664
  ], 
  "7": [
    0.04246205006011284, 
    0.04716376138902434, 
    -0.00981799087467421, 
    -0.004800624079488502, 
    -0.525047111113356, 
    -0.587165634052144, 
    0.6127113221408842
  ]
}