{
  "1": [
    0.0004151741041479283, 
    0.07384311304343892, 
    0.18619646411144833, 
    0.1536948872106798, 
    0.1221233836050638, 
    0.09536936505173804, 
    0.09494703041272604
  ], 
  "3": [
    0.0002734845028765849, 
    0.13159076121627558, 
    0.3545665628101052, 
    0.39492316523799087, 
    0.3036755115926812, 
    0.3100272759811598, 
    0.2965858039578332
  ], 
  "2": [
    0.00033208881266696554, 
    0.12611633716418033, 
    0.47448253117606437, 
    0.3405422260871005, 
    0.27748785468220283, 
    0.1825061974380394, 
    0.18389109141405327
  ], 
  "5": [
    0.00016891759149230038, 
    0.08362440566633703, 
    0.2954072957788592, 
    0.34386217067199, 
    0.32479722267837624, 
    0.44943939958575396, 
    0.35178089133035234
  ], 
  "4": [
    0.00025721189470542967, 
    0.14585546814472874, 
    0.27811819917951447, 
    0.43594362244986995, 
    0.2125541622830711, 
    0.1912971896958426, 
    0.17436017394990488
  ], 
  "7": [
    5.2798558485047533e-05, 
    0.028711127246550106, 
    0.0873556065208537, 
    0.25906210222458825, 
    0.4483937630941592, 
    0.4501948948996176, 
    0.45914854142398004
  ], 
  "6": [
    9.239046967568584e-05, 
    0.058593666542487696, 
    0.32806460602473375, 
    0.38452384588028343, 
    0.3804124295031078, 
    0.38779851423460376, 
    0.39674656396939806
  ]
}