{
  "dV_11": 0.5680551343569669, 
  "dV_12": 0.33784409972941787, 
  "dV_13": 0.2671715312303573, 
  "dV_14": 0.27145192295465814, 
  "dV_15": 0.14872096680828586, 
  "dV_16": 0.0818452660907385, 
  "dV_17": 0.046803034726745324, 
  "dV_21": 0.33784409972941787, 
  "dV_22": 0.40137766668772346, 
  "dV_23": 0.2248160946737032, 
  "dV_24": 0.2282468400637399, 
  "dV_25": 0.12502484907449954, 
  "dV_26": 0.06878062680481775, 
  "dV_27": 0.03937704808602355, 
  "dV_31": 0.2671715312303573, 
  "dV_32": 0.2248160946737032, 
  "dV_33": 0.25002311876041045, 
  "dV_34": 0.18077555578443194, 
  "dV_35": 0.09875390334059321, 
  "dV_36": 0.05438856531878245, 
  "dV_37": 0.031103417896285176, 
  "dV_41": 0.27145192295465814, 
  "dV_42": 0.2282468400637399, 
  "dV_43": 0.18077555578443194, 
  "dV_44": 0.2562877562649682, 
  "dV_45": 0.10073433671797964, 
  "dV_46": 0.05537282867390447, 
  "dV_47": 0.0316271552912708, 
  "dV_51": 0.14872096680828586, 
  "dV_52": 0.12502484907449954, 
  "dV_53": 0.09875390334059321, 
  "dV_54": 0.10073433671797964, 
  "dV_55": 0.07748462999726904, 
  "dV_56": 0.030441949692576242, 
  "dV_57": 0.017400686305376042, 
  "dV_61": 0.0818452660907385, 
  "dV_62": 0.06878062680481775, 
  "dV_63": 0.05438856531878245, 
  "dV_64": 0.05537282867390447, 
  "dV_65": 0.030441949692576242, 
  "dV_66": 0.023674237692022454, 
  "dV_67": 0.009620016440144397, 
  "dV_71": 0.046803034726745324, 
  "dV_72": 0.03937704808602355, 
  "dV_73": 0.031103417896285176, 
  "dV_74": 0.0316271552912708, 
  "dV_75": 0.017400686305376042, 
  "dV_76": 0.009620016440144397, 
  "dV_77": 0.00785566660055123
}