{
  "1": [
    0.31098088, 
    0.8901843696462753, 
    -0.0773790948503747, 
    -0.06575013062855369, 
    0.03693292220113854, 
    0.03839733610737165, 
    0.019744011560259764
  ], 
  "3": [
    0.45319326666666676, 
    -0.0761875944774766, 
    -0.16556367064960759, 
    0.2706130090671584, 
    -0.3129492014547757, 
    0.08236204054991242, 
    -0.04679721127500635
  ], 
  "2": [
    0.47295438666666667, 
    -0.3196151331922468, 
    -0.29658742730252663, 
    -0.2559557783925006, 
    0.001723703352308901, 
    -0.032236082894790685, 
    0.00240128739256076
  ], 
  "5": [
    0.2833600533333334, 
    -0.12796512143505004, 
    -0.036877455852807134, 
    0.11517073920393432, 
    0.3465622390891841, 
    0.19243656427201844, 
    0.32608227677063356
  ], 
  "4": [
    0.6158358800000002, 
    -0.09627534347811532, 
    0.4335406612385895, 
    -0.05135247425848987, 
    0.02189461574952558, 
    -0.059487010973768906, 
    -0.10469254588447205
  ], 
  "7": [
    0.042463033333333323, 
    0.04835840303671619, 
    0.008164262803567118, 
    0.03314937759336133, 
    -0.2096503083491468, 
    -0.32836156733162164, 
    0.39238341402995086
  ], 
  "6": [
    0.11345170000000004, 
    0.020784463703853076, 
    -0.15446908815339433, 
    0.1453163132011678, 
    0.23575755850727406, 
    -0.334867731407824, 
    -0.2701643320947333
  ]
}