{
  "1": 413.59714666320366, 
  "3": 0.31753096036939954, 
  "2": 1.2015198904688698, 
  "4": 0.08048021025503545
}