{
  "1": 0.016277621715750864, 
  "3": 0.012321585749157699, 
  "2": 0.02560851397505283, 
  "4": 0.0032072295731979616
}