{
  "1": 0.00034125936527966584, 
  "3": 5.82862115371464e-07, 
  "2": 1.5879527841468985e-06, 
  "4": 1.5305458444486662e-07
}