{
  "1": [
    5.268356063861754e-09, 
    5.268356063861754e-09, 
    0.0, 
    3.725290298461914e-09, 
    2.634178031930877e-09, 
    0.0, 
    1.6463612699567982e-10
  ], 
  "3": [
    0.0, 
    5.268356063861754e-09, 
    2.634178031930877e-09, 
    0.0, 
    1.862645149230957e-09, 
    2.634178031930877e-09, 
    0.0
  ], 
  "2": [
    0.0, 
    0.0, 
    0.0, 
    9.313225746154785e-10, 
    0.0, 
    0.0, 
    2.3283064365386963e-10
  ], 
  "5": [
    0.0, 
    0.0, 
    0.0, 
    0.0, 
    1.0536712127723509e-08, 
    0.0, 
    0.0
  ], 
  "4": [
    0.0, 
    0.0, 
    9.313225746154785e-10, 
    2.634178031930877e-09, 
    7.450580596923828e-09, 
    3.725290298461914e-09, 
    1.862645149230957e-09
  ], 
  "7": [
    3.2927225399135965e-10, 
    1.862645149230957e-09, 
    0.0, 
    3.725290298461914e-09, 
    0.0, 
    1.4551915228366852e-11, 
    1.0536712127723509e-08
  ], 
  "6": [
    9.313225746154785e-10, 
    3.725290298461914e-09, 
    1.862645149230957e-09, 
    0.0, 
    0.0, 
    1.0536712127723509e-08, 
    2.634178031930877e-09
  ]
}