{
  "1": 594.1336433059319, 
  "3": 1.0356026655728872, 
  "2": 2.309060609982611, 
  "4": 0.46136911518402174
}