{
  "1": [
    0.4105666666666668, 
    0.4315666666666667, 
    0.6797666666666669, 
    0.3363666666666667, 
    0.2455666666666667, 
    0.09729999999999994, 
    0.013633333333333388
  ], 
  "3": [
    0.4470333333333334, 
    -0.3565666666666666, 
    0.20963333333333334, 
    -0.7101, 
    0.16836666666666678, 
    0.23096666666666674, 
    0.2077
  ], 
  "2": [
    0.5551666666666668, 
    0.5216333333333334, 
    -0.6411666666666667, 
    -0.07763333333333333, 
    0.018299999999999986, 
    0.04230000000000001, 
    0.020299999999999988
  ], 
  "5": [
    0.2093666666666667, 
    -0.4207666666666666, 
    -0.20323333333333327, 
    0.2801, 
    0.7096333333333333, 
    -0.3250333333333333, 
    -0.22396666666666665
  ], 
  "4": [
    0.5223, 
    -0.37096666666666667, 
    0.07756666666666678, 
    0.24336666666666673, 
    -0.6366333333333334, 
    -0.3150333333333333, 
    -0.1407666666666666
  ], 
  "7": [
    0.027833333333333383, 
    -0.1546333333333333, 
    -0.11263333333333325, 
    0.3368333333333333, 
    0.025033333333333466, 
    -0.0013666666666666235, 
    0.9211666666666666
  ], 
  "6": [
    0.07709999999999995, 
    -0.2756333333333333, 
    -0.15116666666666667, 
    0.3542333333333334, 
    -0.039166666666666565, 
    0.8547, 
    -0.19423333333333326
  ]
}