{"mode1_error": [3e-06, 4e-06, 1e-06, 9e-06, 1e-06, 2e-06, 8e-06], "mode2": [0.00068, 0.00075, -0.00029, -0.00224, -0.00462, -0.0074, -0.0094], "mode2_error": [0.000104, 0.000113, 0.00018, 0.000135, 0.00059, 0.00099, 0.001773], "mode1": [0.04446, 0.07228, 0.10056, 0.13567, 0.18355, 0.22868, 0.27165]}