{"mode1_error": [4e-06, 1e-06, 8e-06, 5e-06, 5e-06, 0.000106, 2e-06], "mode2": [0.00067, 0.00069, 0.00029, -0.0022, -0.00882, -0.01155, -0.02789], "mode2_error": [0.000127, 0.000129, 0.000191, 0.000222, 0.000703, 0.00161, 0.006671], "mode1": [0.05232, 0.08515, 0.11847, 0.15977, 0.21589, 0.26856, 0.31892]}