{"mode1_error": [2e-06, 5e-06, 6e-06, 1.1e-05, 3.3e-05, 3e-06, 8.5e-05], "mode2": [-0.0006, -0.00069, 5e-05, 0.00181, 0.00661, 0.01801, 0.07527], "mode2_error": [0.000804, 0.001194, 0.001567, 0.001267, 0.004897, 0.013023, 0.055234], "mode1": [0.05899, 0.09611, 0.13377, 0.18027, 0.24334, 0.30221, 0.35759]}