{
  "1": 269.98167411847413, 
  "2": 0.51564725069490747, 
  "3": 0.078903176506729608, 
  "4": -0.035938473120854117, 
  "5": -0.050065177585577797, 
  "6": -0.43997589312387569, 
  "7": -0.81799393628933559
}