{
  "1": 0.0009738373093202531, 
  "3": 0.0006346029846914261, 
  "2": 0.0020028232994813598, 
  "4": 0.00040280354259402947
}