{
  "1": [
    0.00029112858330518143, 
    0.36792465807975694, 
    0.4736938387270436, 
    0.19816022388111126, 
    0.14287192024367967, 
    0.12765610537575192, 
    0.12476672434999206
  ], 
  "3": [
    0.0001919333391733279, 
    0.2895608977642063, 
    0.2578970773513733, 
    0.33966919478153756, 
    0.3009856516910338, 
    0.3330201019368166, 
    0.31208624546672903
  ], 
  "2": [
    0.00023287567305244967, 
    0.45889997836879404, 
    0.3015867299486059, 
    0.22145943762927037, 
    0.1713095099516705, 
    0.15416009292255678, 
    0.14941804543302611
  ], 
  "5": [
    0.00012078172617452753, 
    0.17371676743692216, 
    0.19931475137525734, 
    0.34499115799082936, 
    0.3824815623414499, 
    0.4444058781651951, 
    0.37241586531077675
  ], 
  "4": [
    0.00018144666669958617, 
    0.196134721922592, 
    0.2412224718544956, 
    0.25272677957215733, 
    0.2755402373272463, 
    0.28282700509190667, 
    0.2502036859419697
  ], 
  "7": [
    4.005056303732925e-05, 
    0.04324982286427316, 
    0.0993874590544174, 
    0.3984742168490921, 
    0.4900582947159302, 
    0.35796390557577107, 
    0.5242662283358929
  ], 
  "6": [
    6.580091149328868e-05, 
    0.1745245988147374, 
    0.2018469329221565, 
    0.29145304602850003, 
    0.42446532444312773, 
    0.5157679211942265, 
    0.3266658335370182
  ]
}