{
  "V_11": 40.44487517050746, 
  "V_12": 60.675905762315075, 
  "V_13": 58.44904266942283, 
  "V_14": 79.17943931350906, 
  "V_15": 36.57294431733235, 
  "V_16": 14.673731132156298, 
  "V_17": 5.479750960494411, 
  "V_21": 60.675905762315075, 
  "V_22": 92.61540740712982, 
  "V_23": 88.91172229596819, 
  "V_24": 120.5645001976455, 
  "V_25": 55.62855827462303, 
  "V_26": 22.284645006078392, 
  "V_27": 8.29085595093752, 
  "V_31": 58.44904266942283, 
  "V_32": 88.91172229596819, 
  "V_33": 84.89292560507086, 
  "V_34": 115.27622682235847, 
  "V_35": 53.13310146927871, 
  "V_36": 21.22269055293665, 
  "V_37": 7.991201545688593, 
  "V_41": 79.17943931350906, 
  "V_42": 120.5645001976455, 
  "V_43": 115.27622682235847, 
  "V_44": 156.5898680799991, 
  "V_45": 72.15002001865425, 
  "V_46": 28.767086541842797, 
  "V_47": 10.817667553281437, 
  "V_51": 36.57294431733235, 
  "V_52": 55.62855827462303, 
  "V_53": 53.13310146927871, 
  "V_54": 72.15002001865425, 
  "V_55": 33.22208014156297, 
  "V_56": 13.286883216502147, 
  "V_57": 4.922132707046289, 
  "V_61": 14.673731132156298, 
  "V_62": 22.284645006078392, 
  "V_63": 21.22269055293665, 
  "V_64": 28.767086541842797, 
  "V_65": 13.286883216502147, 
  "V_66": 5.280163142164684, 
  "V_67": 1.9559802163528812, 
  "V_71": 5.479750960494411, 
  "V_72": 8.29085595093752, 
  "V_73": 7.991201545688593, 
  "V_74": 10.817667553281437, 
  "V_75": 4.922132707046289, 
  "V_76": 1.9559802163528812, 
  "V_77": 0.7061253862511109
}