{
  "1": [
    0.0, 
    7.450580596923828e-09, 
    0.0, 
    0.0, 
    9.313225746154785e-10, 
    2.634178031930877e-09, 
    0.0
  ], 
  "3": [
    0.0, 
    0.0, 
    9.313225746154785e-10, 
    0.0, 
    0.0, 
    5.268356063861754e-09, 
    3.725290298461914e-09
  ], 
  "2": [
    0.0, 
    0.0, 
    0.0, 
    3.2927225399135965e-10, 
    0.0, 
    2.9103830456733704e-11, 
    0.0
  ], 
  "5": [
    3.725290298461914e-09, 
    6.585445079827193e-10, 
    0.0, 
    0.0, 
    9.313225746154785e-10, 
    1.0536712127723509e-08, 
    0.0
  ], 
  "4": [
    0.0, 
    5.268356063861754e-09, 
    0.0, 
    0.0, 
    0.0, 
    0.0, 
    0.0
  ], 
  "7": [
    0.0, 
    0.0, 
    4.656612873077393e-10, 
    0.0, 
    0.0, 
    1.3170890159654386e-09, 
    0.0
  ], 
  "6": [
    0.0, 
    6.585445079827193e-10, 
    1.1641532182693481e-10, 
    0.0, 
    0.0, 
    9.313225746154785e-10, 
    0.0
  ]
}