{
  "1": 0.029851262916212044, 
  "3": 0.021471326764456088, 
  "2": 0.026204517674511086, 
  "4": 0.03054681175986059
}