{
  "1": [
    0.00021714042458439368, 
    0.2438821650128708, 
    0.3345523741594658, 
    0.2513936338489821, 
    0.27498450516832457, 
    0.14040275112129214, 
    0.1267263528489078
  ], 
  "3": [
    0.0001560812776429377, 
    0.20734490304861974, 
    0.2956731611071497, 
    0.503805849286817, 
    0.30060606891495334, 
    0.2132278917277838, 
    0.19443638472793512
  ], 
  "2": [
    0.00019233435312975185, 
    0.23531496892589504, 
    0.2528184702356184, 
    0.39665223498327873, 
    0.3413716189615771, 
    0.20985495102361046, 
    0.17741144316659607
  ], 
  "5": [
    8.967575764281551e-05, 
    0.1336492624738573, 
    0.24204552380238586, 
    0.33973788477554895, 
    0.408891085255988, 
    0.3839135028542686, 
    0.36003664098659754
  ], 
  "4": [
    0.00014659435705972564, 
    0.2906163942167328, 
    0.24918705314431763, 
    0.2167002410254525, 
    0.2264912491030856, 
    0.13112986145383662, 
    0.1206146207551598
  ], 
  "7": [
    2.8656975105012277e-05, 
    0.06999718799471483, 
    0.14782044571742303, 
    0.24430386677054122, 
    0.4103489377151497, 
    0.554815964676997, 
    0.38145747754475845
  ], 
  "6": [
    4.931261544027886e-05, 
    0.12074091906769492, 
    0.19102483653889415, 
    0.23829035420982264, 
    0.3696329495759128, 
    0.35012004520796786, 
    0.5738527294137463
  ]
}