{
  "1": [
    -0.2867296466666667, 
    0.6992411112224787, 
    0.24419618248519795, 
    0.13503600534402152, 
    0.0926709543859651, 
    0.047811094436702915, 
    0.014215249887281971
  ], 
  "3": [
    -0.4716348133333332, 
    0.08009613110153353, 
    -0.28515266063709993, 
    0.1668404438506648, 
    -0.28420194385965, 
    -0.03402005574016509, 
    -0.08805480872611257
  ], 
  "2": [
    -0.5067398266666665, 
    0.06895129798536644, 
    -0.40882607605971427, 
    -0.23303643583463132, 
    0.13571373333333334, 
    0.07893642405402519, 
    0.12620723823396807
  ], 
  "5": [
    -0.2534173599999999, 
    -0.22944378403661733, 
    -0.08808300824525139, 
    0.24049119720923362, 
    0.26704151578947355, 
    -0.25249351841926526, 
    -0.21439487046093073
  ], 
  "4": [
    -0.6040441799999998, 
    -0.31425833750960613, 
    0.490564182194618, 
    -0.13804624805165902, 
    -0.06460792982456154, 
    -0.020336302569049926, 
    0.024305653244546293
  ], 
  "7": [
    -0.03137566666666664, 
    -0.1220169489826599, 
    -0.0316307907449782, 
    0.1848137608550434, 
    0.029487368421053282, 
    -0.11274135491478124, 
    0.4742154232996896
  ], 
  "6": [
    -0.0921218133333333, 
    -0.23229249607430472, 
    -0.014788089789691415, 
    0.18808261708602406, 
    0.09923778947368446, 
    0.45742858112695134, 
    -0.01867769222765665
  ]
}