{
  "1": 439.7544921803627, 
  "3": 0.18357278850107983, 
  "2": 0.3928546352028861, 
  "4": 0.02983115462194238
}