{
  "1": 0.07714339450460664, 
  "3": 0.060767013990104715, 
  "2": 0.07327816142794553, 
  "4": 0.009931564615630469
}