{
  "1": [
    0.0010815992907373206, 
    0.037801291719164055, 
    0.39257377226817, 
    0.312412448626928, 
    0.11063533605497314, 
    0.1465670908361474, 
    0.15596520393598193
  ], 
  "3": [
    0.0007659919553763068, 
    0.04923223663944277, 
    0.39050611944604174, 
    0.5388153015016431, 
    0.07761405703955498, 
    0.10931350239269061, 
    0.11881316603569557
  ], 
  "2": [
    0.0009062748399471367, 
    0.03610614896713224, 
    0.48106090464243156, 
    0.3387905268947451, 
    0.10104348082175646, 
    0.1276137749094883, 
    0.08873543961390257
  ], 
  "5": [
    0.0004417031519719568, 
    0.0271918822531677, 
    0.16942885103814714, 
    0.22710942994606667, 
    0.22111902809196174, 
    0.45877436199351773, 
    0.2656630227265513
  ], 
  "4": [
    0.0007298132164893202, 
    0.029609044325290535, 
    0.20290843940917636, 
    0.23570394428452807, 
    0.16270503577785042, 
    0.28969515173722515, 
    0.2818171879979822
  ], 
  "7": [
    0.00012978095580133632, 
    0.011955264216815704, 
    0.08602933264622792, 
    0.15117005661136343, 
    0.3738357613084717, 
    0.21141667387909177, 
    0.44054513714603966
  ], 
  "6": [
    0.0002353029370332911, 
    0.02123615510359656, 
    0.1462145765958739, 
    0.19246212086292644, 
    0.2741447578594798, 
    0.31105968097867304, 
    0.4149031518601746
  ]
}