{
  "1": 79.42107484400543, 
  "3": 0.40702368560669905, 
  "2": 1.3893311869614609, 
  "4": 0.042561263108948366
}