{
  "1": 0.0020402303290353863, 
  "3": 0.0009348979639798283, 
  "2": 0.0011373858415166735, 
  "4": 0.0010301166644161087
}