{
  "1": 1067.4117248132522, 
  "3": 0.09339375960436866, 
  "2": 0.3545281352905164, 
  "4": -0.045870168376057084
}