{
  "1": [
    -0.2845040733333333, 
    0.7318447653981359, 
    0.03638336776859488, 
    -0.05883866699139524, 
    -0.005220621573719248, 
    -0.08887169657071503, 
    -0.03840214640759162
  ], 
  "3": [
    -0.4695428533333332, 
    -0.28012057924499606, 
    -0.1950660812672174, 
    -0.13057264166260743, 
    0.09655876921808661, 
    -0.34035387031539, 
    -0.07003075764422341
  ], 
  "2": [
    -0.49911648000000003, 
    -0.1481591242549293, 
    0.41492546487603316, 
    -0.05219187368079239, 
    0.03222073698528521, 
    0.04374277784949006, 
    0.024529507455942214
  ], 
  "5": [
    -0.26063595999999994, 
    0.06464130368332588, 
    0.0037319645316808156, 
    0.27428893489202816, 
    -0.08377674869131492, 
    -0.24877952325631347, 
    -0.04765067028166924
  ], 
  "4": [
    -0.6091468333333334, 
    -0.017611928778847465, 
    -0.2089430182506891, 
    0.06603087351842865, 
    -0.0012127570998723201, 
    0.36858004819069784, 
    0.11175954963096855
  ], 
  "7": [
    -0.03339298666666665, 
    -0.03193719241937932, 
    0.002682945936638936, 
    -0.06041562753693777, 
    -0.2599422736078463, 
    -0.11698216513919313, 
    0.45021314203946433
  ], 
  "6": [
    -0.09676031333333333, 
    -0.08037614244230444, 
    0.0037101584022040815, 
    -0.058063451859068194, 
    -0.2967437574708387, 
    0.07744455488145954, 
    -0.40433904955565697
  ]
}