{
  "P_1": 969.9354949832776, 
  "P_2": 776.5764285953177, 
  "P_3": 435.8513162207358, 
  "P_4": 368.8628692307692, 
  "P_5": 109.94374030100334, 
  "P_6": 33.77250133779264, 
  "P_7": 11.048492912605187
}