{
  "dV_11": 0.4226263764029785, 
  "dV_12": 0.2783825956670484, 
  "dV_13": 0.21491864439402295, 
  "dV_14": 0.21091522814841737, 
  "dV_15": 0.11081234227442853, 
  "dV_16": 0.05886431842395361, 
  "dV_17": 0.03258480498877696, 
  "dV_21": 0.2783825956670484, 
  "dV_22": 0.3660137074764228, 
  "dV_23": 0.20017930043600662, 
  "dV_24": 0.19627891814908235, 
  "dV_25": 0.10309615092047439, 
  "dV_26": 0.05478198000201693, 
  "dV_27": 0.03033044239466135, 
  "dV_31": 0.21491864439402295, 
  "dV_32": 0.20017930043600662, 
  "dV_33": 0.2177171681672625, 
  "dV_34": 0.15169070702224302, 
  "dV_35": 0.07958758607757258, 
  "dV_36": 0.042290556162163706, 
  "dV_37": 0.02342013045245988, 
  "dV_41": 0.21091522814841737, 
  "dV_42": 0.19627891814908235, 
  "dV_43": 0.15169070702224302, 
  "dV_44": 0.20792694142387505, 
  "dV_45": 0.0782440709021762, 
  "dV_46": 0.041505494495547614, 
  "dV_47": 0.022976628283751376, 
  "dV_51": 0.11081234227442853, 
  "dV_52": 0.10309615092047439, 
  "dV_53": 0.07958758607757258, 
  "dV_54": 0.0782440709021762, 
  "dV_55": 0.057806089494341524, 
  "dV_56": 0.021881966736007535, 
  "dV_57": 0.01209943008566019, 
  "dV_61": 0.05886431842395361, 
  "dV_62": 0.05478198000201693, 
  "dV_63": 0.042290556162163706, 
  "dV_64": 0.041505494495547614, 
  "dV_65": 0.021881966736007535, 
  "dV_66": 0.01640654843341928, 
  "dV_67": 0.006443036589880458, 
  "dV_71": 0.03258480498877696, 
  "dV_72": 0.03033044239466135, 
  "dV_73": 0.02342013045245988, 
  "dV_74": 0.022976628283751376, 
  "dV_75": 0.01209943008566019, 
  "dV_76": 0.006443036589880458, 
  "dV_77": 0.005051061698881235
}