{
  "1": [
    -0.42222709847373835, 
    0.5859178464384871, 
    0.5158156811569614, 
    0.10238584279034449, 
    -0.2364221500570483, 
    0.3780281761786002, 
    0.05545396095364407
  ], 
  "2": [
    -0.5644308302264263, 
    0.22710263327481084, 
    -0.1692582991272845, 
    0.29605418379558796, 
    0.2540960758401321, 
    -0.6697514335799251, 
    -0.020346541319973592
  ], 
  "3": [
    -0.44804040841671106, 
    -0.02314080418721855, 
    -0.17044496421070157, 
    -0.8617641681238681, 
    0.05599399847131161, 
    0.0574849570612984, 
    -0.1435112544964431
  ], 
  "4": [
    -0.508558141096297, 
    -0.4836795640019921, 
    -0.3086116071524925, 
    0.3756794449983661, 
    0.02908466504710368, 
    0.5197920029783899, 
    -0.00410888388869808
  ], 
  "5": [
    -0.19590498678640217, 
    -0.4695333424580383, 
    0.3584273831921941, 
    -0.09810633448176002, 
    -0.44974800330048265, 
    -0.315366669966616, 
    0.5489400983583065
  ], 
  "6": [
    -0.06883220044048548, 
    -0.308806156229191, 
    0.38957210870264886, 
    0.07631990843910781, 
    -0.2257551214564433, 
    -0.17235730365567423, 
    -0.8134109138483306
  ], 
  "7": [
    -0.025571255142465037, 
    -0.2341376772928249, 
    0.5484127865522963, 
    -0.051448530660604265, 
    0.7888725272582109, 
    0.07665697577392348, 
    0.11369242289488266
  ]
}