{
  "1": 0.017688847041626356, 
  "3": 0.009806900822377415, 
  "2": 0.013787277047839568, 
  "4": 0.004318069973863416
}