{
  "1": [
    -0.42222894000000005, 
    0.5848234866666658, 
    0.47617842666666665, 
    0.06528759238821451, 
    -0.2401399595755439, 
    0.29447906240346083, 
    0.022936963848039144
  ], 
  "3": [
    -0.44803589999999993, 
    -0.023193453333333273, 
    -0.17526800666666714, 
    -0.7249678238186017, 
    0.0496474010442985, 
    0.04726958603645341, 
    -0.12793288909313738
  ], 
  "2": [
    -0.5644320466666666, 
    0.22685592000000018, 
    -0.1532416999999999, 
    0.25858331493929987, 
    0.27547794172140866, 
    -0.5316047343219039, 
    0.02518472732843136
  ], 
  "5": [
    -0.19590000666666663, 
    -0.4690017733333329, 
    0.3266793266666666, 
    -0.08885526571017652, 
    -0.372357564426479, 
    -0.2725577463700951, 
    0.49500975796568625
  ], 
  "4": [
    -0.5085635866666666, 
    -0.48269915333333335, 
    -0.26998793333333404, 
    0.32839541486906854, 
    -0.016566329796193522, 
    0.4280141257337035, 
    -0.03544741115196098
  ], 
  "7": [
    -0.025566666666666623, 
    -0.23394444666666686, 
    0.49995418000000064, 
    -0.0808597003444701, 
    0.6925141013980123, 
    0.12243999073215933, 
    0.09648639705882364
  ], 
  "6": [
    -0.0688333333333333, 
    -0.3085596733333334, 
    0.3557727133333341, 
    0.054673452392896615, 
    -0.18415389253831937, 
    -0.18693659252394176, 
    -0.697285179227938
  ]
}