{
  "1": 0.09305096645258215, 
  "3": 0.0655220635151826, 
  "2": 0.1652428321535755, 
  "4": 0.045171263973282985
}