{
  "1": [
    0.00013138136366335835, 
    0.0414473187269257, 
    0.18789684171587334, 
    0.2085446411415352, 
    0.14623130410202348, 
    0.1683682160953818, 
    0.11432402591232554
  ], 
  "3": [
    9.546346710896005e-05, 
    0.06753000925779497, 
    0.1431151747962673, 
    0.48904353455934063, 
    0.33100311998842474, 
    0.3634593373478249, 
    0.2619658364702181
  ], 
  "2": [
    0.0001179589191024064, 
    0.0666650042728296, 
    0.15312090694520747, 
    0.20059251909819217, 
    0.26731991210084227, 
    0.26635410457269937, 
    0.1783724272745441
  ], 
  "5": [
    5.738149283202447e-05, 
    0.06984771854247873, 
    0.12505002386900985, 
    0.3387118487951695, 
    0.437540830433887, 
    0.32384077442513914, 
    0.30633032791978393
  ], 
  "4": [
    9.129089112284857e-05, 
    0.07088408328803913, 
    0.1382053631327276, 
    0.3147267745290617, 
    0.29503477230493363, 
    0.32496758218302485, 
    0.2282655506689975
  ], 
  "7": [
    2.8782337172594935e-05, 
    0.05110521913539083, 
    0.07899920720071991, 
    0.18402407835180354, 
    0.36521793472123354, 
    0.4595550289058264, 
    0.36655449186734984
  ], 
  "6": [
    3.3957342495968205e-05, 
    0.07405431419605928, 
    0.12596752913837472, 
    0.38401309044772275, 
    0.4470813516591378, 
    0.3691596895860284, 
    0.3332073847366536
  ]
}