{"mode1_error": [5.293459871876822e-06, 3.5810446851855768e-06, 3.7516304449040236e-06, 2.8280016802621343e-06, 6.74259204249477e-06, 2.0702744057983154e-05, 8.521167515088845e-05], "mode1": [0.0064420389162322235, 0.014923048898419252, 0.024406131550933012, 0.03699875619213994, 0.05240275670986604, 0.0631556714151376, 0.0667690208956504]}