{"mode1_error": [9.318868952833433e-06, 6.185192146754779e-06, 6.461943592111677e-06, 5.138766080803697e-06, 1.55749841339541e-05, 6.205168223008596e-05, 0.0003311114627745576], "mode1": [0.008984844981853372, 0.020977683743651967, 0.03424383043205354, 0.0515545755174772, 0.07274219923411795, 0.08711359568131331, 0.09085572757132393]}