{
  "P_1": 141.45927754432714, 
  "P_2": 114.34383665573435, 
  "P_3": 64.57158857743158, 
  "P_4": 54.56987719073486, 
  "P_5": 16.086896179678824, 
  "P_6": 4.98668811891773, 
  "P_7": 2.138545578290335
}