{"mode1_error": [2.1723049688002494e-06, 1.4251586762432308e-06, 1.4626518367225532e-06, 1.1033695713508664e-06, 2.7998379385826685e-06, 9.288394183176144e-06, 3.9479245074595755e-05], "mode1": [0.005761474222099477, 0.013357368601763751, 0.02192766551444236, 0.03306048856684072, 0.046984337601588363, 0.056628594391913874, 0.05984965317490414]}