{
  "1": 1.4975481660844222e-05, 
  "3": 2.3114818420244114e-07, 
  "2": 8.758394379547795e-07, 
  "4": 2.2259388869101404e-08
}