{"mode1_error": [5e-06, 5e-06, 8e-06, 8e-06, 1.8e-05, 3.4e-05, 5.1e-05], "mode2": [-0.00029, -9e-05, -0.0002, 0.00065, 4e-05, -0.00023, -0.00022], "mode2_error": [0.000218, 0.000263, 0.000334, 0.000461, 0.000701, 0.002108, 0.002436], "mode1": [0.0081, 0.01716, 0.02783, 0.04227, 0.06257, 0.08205, 0.10116]}