{"mode1_error": [5e-06, 5e-06, 8e-06, 8e-06, 1.8e-05, 3.6e-05, 3.9e-05], "mode2": [-0.00022, 0.0004, -0.00016, -0.00018, -0.00068, -0.001, -0.00068], "mode2_error": [0.000295, 0.000233, 0.000439, 0.000488, 0.001244, 0.003314, 0.003707], "mode1": [0.00896, 0.01909, 0.03101, 0.04706, 0.06969, 0.09137, 0.11244]}