{"mode1_error": [6e-06, 6e-06, 9e-06, 1e-05, 2.2e-05, 4.4e-05, 6.5e-05], "mode2": [0.00062, -6e-05, -0.00035, -0.00018, -0.00078, -0.00326, 0.00629], "mode2_error": [0.000132, 0.000208, 0.000291, 0.000329, 0.000792, 0.002047, 0.004472], "mode1": [0.01097, 0.0235, 0.0383, 0.05816, 0.08607, 0.1128, 0.13865]}