{"mode1_error": [8e-06, 8e-06, 1.2e-05, 1.3e-05, 2.9e-05, 5.6e-05, 0.00015], "mode2": [-0.0004, -0.00058, 0.00063, 0.00082, 0.00041, 0.00276, 0.00202], "mode2_error": [0.000166, 0.000158, 0.000164, 0.00019, 0.000591, 0.001047, 0.001761], "mode1": [0.01176, 0.02528, 0.04129, 0.06265, 0.09274, 0.12132, 0.14826]}