{"mode1_error": [1.7e-05, 1.8e-05, 2.6e-05, 2.9e-05, 6.1e-05, 0.000111, 0.000206], "mode2": [0.00029, -0.00132, 0.00048, 0.00187, -0.0028, -0.00016, 0.0018], "mode2_error": [0.000632, 0.000488, 0.00065, 0.001138, 0.002932, 0.00447, 0.007479], "mode1": [0.01262, 0.02736, 0.04462, 0.0676, 0.09969, 0.1299, 0.15895]}