{"mode1_error": [2.8e-05, 3e-05, 4.3e-05, 4.8e-05, 0.0001, 0.000181, 0.00032], "mode2": [0.00169, -0.00036, -0.00089, -0.00056, -0.00049, -0.00178, 0.01599], "mode2_error": [0.0009, 0.00083, 0.001511, 0.002498, 0.005515, 0.00915, 0.020656], "mode1": [0.01296, 0.02802, 0.04585, 0.06956, 0.10239, 0.13329, 0.16206]}