{
  "1": [
    0.0008986069465840801, 
    0.2691920195772737, 
    0.42256874459752547, 
    0.2318292606718897, 
    0.21041921734677094, 
    0.1739312674826512, 
    0.17810985160101422
  ], 
  "3": [
    0.0006131685351743789, 
    0.13415906367967176, 
    0.25745702397541337, 
    0.48019501110425805, 
    0.34690186052881794, 
    0.3138997077831017, 
    0.3396641407711193
  ], 
  "2": [
    0.0007843057658307496, 
    0.3411033847627515, 
    0.25657057300237984, 
    0.2630030314529019, 
    0.23533912691416467, 
    0.24135704054108434, 
    0.20351285460336999
  ], 
  "5": [
    0.0003673992836312368, 
    0.23334535094581613, 
    0.28080808391964834, 
    0.2883925845033641, 
    0.4098733864751591, 
    0.31386255514790984, 
    0.36777324715683296
  ], 
  "4": [
    0.0005856719585041778, 
    0.1228107525636439, 
    0.2561989269765693, 
    0.2889474956124051, 
    0.3383834725426682, 
    0.26393103979072846, 
    0.28211317367731636
  ], 
  "7": [
    0.00010562904461620579, 
    0.10284780645225862, 
    0.21042104973087658, 
    0.40174458095484944, 
    0.3789637793314616, 
    0.3929787325643835, 
    0.47244032754661175
  ], 
  "6": [
    0.0001910263040769133, 
    0.22274817179946219, 
    0.21783285902737243, 
    0.2759392076386117, 
    0.39103550343555415, 
    0.4820007483504841, 
    0.28826403949798307
  ]
}