{"mode1_error": [8e-06, 8e-06, 1.3e-05, 1.4e-05, 2.7e-05, 4.7e-05, 8.2e-05], "mode2": [0.00083, 0.00031, -0.00076, -0.00127, -0.00249, -0.00566, -0.01485], "mode2_error": [0.000121, 0.000203, 0.000253, 0.000279, 0.000715, 0.00159, 0.003395], "mode1": [0.01022, 0.01722, 0.02462, 0.03346, 0.04376, 0.05074, 0.05375]}