{"mode1_error": [9e-06, 1e-05, 1.6e-05, 1.9e-05, 3.7e-05, 8.6e-05, 6e-06], "mode2": [-0.00117, -0.00103, 0.00066, 0.00311, 0.00783, 0.01415, 0.02703], "mode2_error": [0.000551, 0.000622, 0.000739, 0.000644, 0.002204, 0.004755, 0.008999], "mode1": [0.04279, 0.07124, 0.10067, 0.13553, 0.1765, 0.20313, 0.2106]}