{
  "1": [
    -0.28657515184875204, 
    -0.6342527898512073, 
    -0.031330051115989764, 
    -0.33117242815302433, 
    -0.5317795246805206, 
    0.33582289847596863, 
    0.09682380712853582
  ], 
  "2": [
    -0.5087338511773416, 
    0.6601025080443249, 
    -0.2904677671600434, 
    -0.01148899177197228, 
    -0.4572856754228197, 
    0.019145281857963548, 
    0.1071181407823284
  ], 
  "3": [
    -0.4727179443368556, 
    -0.37402651979739315, 
    -0.10990481975758228, 
    0.653321478269144, 
    0.017305262643974906, 
    -0.44408668575666876, 
    -0.014880444715094076
  ], 
  "4": [
    -0.6018218294180327, 
    -0.004943209348459904, 
    0.1579960800399828, 
    -0.5281079094135869, 
    0.5220875369185964, 
    -0.14415161258324383, 
    -0.20142055855355892
  ], 
  "5": [
    -0.25186200867681313, 
    0.12997030413473978, 
    0.6705234144685143, 
    0.38650845812095136, 
    0.05776910779937557, 
    0.5632695965852835, 
    0.00853831514985453
  ], 
  "6": [
    -0.09199630228017505, 
    -0.0708325972976225, 
    -0.6455660608019406, 
    0.1689336208522044, 
    0.4461591831422726, 
    0.5809904126918629, 
    0.0679517481101366
  ], 
  "7": [
    -0.03892288143316453, 
    -0.012580453582283687, 
    0.10605604751418432, 
    -0.08086131023581791, 
    0.18119104101647926, 
    -0.11849586105800039, 
    0.9662654098893869
  ]
}