{
  "1": 1.4562025879094053e-05, 
  "3": 1.315441624431455e-08, 
  "2": 3.2219925204054564e-08, 
  "4": 6.6996992425705116e-09
}