{
  "1": 89.34719797405172, 
  "3": 0.04687534471128198, 
  "2": 0.05796064078870649, 
  "4": 0.032650587247551786
}