{"mode1_error": [4e-06, 5e-06, 7e-06, 8e-06, 1.5e-05, 2.8e-05, 6.5e-05], "mode2": [-0.00038, -0.00036, 0.0002, 0.00091, 0.00313, 0.00705, 0.01005], "mode2_error": [0.000148, 0.000179, 0.000206, 0.000161, 0.000649, 0.001328, 0.002752], "mode1": [0.01025, 0.01722, 0.02462, 0.03344, 0.04381, 0.05094, 0.05411]}