{"mode1_error": [5e-06, 6e-06, 9e-06, 1.1e-05, 2.8e-05, 3.9e-05, 0.000117], "mode2": [-0.00121, -0.00084, 0.00042, 0.00291, 0.00838, 0.01715, 0.03574], "mode2_error": [0.000144, 0.000169, 0.000388, 0.000279, 0.00095, 0.002175, 0.004538], "mode1": [0.04279, 0.07118, 0.10063, 0.13552, 0.17653, 0.20332, 0.21104]}