{"mode1_error": [1e-05, 1.1e-05, 1.8e-05, 2.1e-05, 4.2e-05, 3.8e-05, 0.000143], "mode2": [-0.00232, -0.00102, 0.00111, 0.00374, 0.01508, 0.04526, 0.08539], "mode2_error": [0.00062, 0.00064, 0.000678, 0.000574, 0.002633, 0.007582, 0.015752], "mode1": [0.05696, 0.09419, 0.13211, 0.1771, 0.23088, 0.26677, 0.27772]}