{
  "1": 0.018568195078609778, 
  "3": 0.017767146367024925, 
  "2": 0.02372511508534924, 
  "4": 0.0020157589605185417
}