{
  "1": [
    -0.28399278, 
    0.8136771783014016, 
    -0.15950535826932363, 
    0.0676107417411178, 
    -0.09255838664607705, 
    -0.07283663041601919, 
    0.00045319098174888376
  ], 
  "3": [
    -0.47006896, 
    -0.060905865081112426, 
    0.47086739767709374, 
    0.33540608767920244, 
    -0.04020341201558911, 
    0.07598502503020879, 
    -0.012128557795538598
  ], 
  "2": [
    -0.5006729400000001, 
    0.03408099537546798, 
    0.29227396563879904, 
    -0.3968674007895271, 
    -0.00233387749099216, 
    -0.022589444156740718, 
    0.11029162590957897
  ], 
  "5": [
    -0.25943989333333334, 
    -0.25446732731410127, 
    -0.15152806041040565, 
    0.03971233464921354, 
    -0.3593823957643957, 
    -0.44727794752287175, 
    -0.1515805201002016
  ], 
  "4": [
    -0.6083888666666667, 
    -0.23833836159436242, 
    -0.43843655423206845, 
    0.019792520257635813, 
    0.2987151187587323, 
    0.10831306749525309, 
    -0.027486655533023197
  ], 
  "7": [
    -0.03292309999999992, 
    -0.1009796006753286, 
    -0.12699528368399526, 
    0.049083918553916535, 
    -0.15720654459886865, 
    0.0183984550319341, 
    0.6254814227205844
  ], 
  "6": [
    -0.09580477333333332, 
    -0.05379466343683472, 
    -0.1266519907974318, 
    -0.022148479811621203, 
    -0.38604703287006376, 
    0.4782376920421197, 
    -0.14807236470635085
  ]
}