{
  "1": [
    5.918244476530298e-05, 
    0.15079564113169416, 
    0.3005330960697037, 
    0.4051130542297316, 
    0.26093433465367677, 
    0.26759965427512505, 
    0.23583014342422165
  ], 
  "3": [
    4.720903494211948e-05, 
    0.07510612544202161, 
    0.5832947345006119, 
    0.34795335364228547, 
    0.30634685898403335, 
    0.2678394751337418, 
    0.2471308242840945
  ], 
  "2": [
    5.4664999709582536e-05, 
    0.119842970487581, 
    0.36746527236540527, 
    0.3584431166017832, 
    0.22179630212825613, 
    0.21334499389683265, 
    0.1891801203329666
  ], 
  "5": [
    2.6290032561474588e-05, 
    0.05574763411045432, 
    0.20010235950406222, 
    0.3047801899204182, 
    0.3730493728660477, 
    0.32800580140227464, 
    0.35460866496269416
  ], 
  "4": [
    4.692929393033766e-05, 
    0.06971252104804333, 
    0.27455665112351507, 
    0.3083315387744916, 
    0.2514281649964547, 
    0.23588722046526392, 
    0.2515274949818867
  ], 
  "7": [
    1.1545272248170069e-06, 
    0.037344162781929244, 
    0.1657364756772849, 
    0.35109719475396806, 
    0.41733093175203106, 
    0.3522201320133635, 
    0.421932419033859
  ], 
  "6": [
    3.8806870663829794e-06, 
    0.04004936725834363, 
    0.18461624362620802, 
    0.3339947818747484, 
    0.4173249402152189, 
    0.3595976348005268, 
    0.38424147695648536
  ]
}