{
  "1": 0.0005112973979788261, 
  "3": 0.0005776129779683639, 
  "2": 0.00031227474482339423, 
  "4": 0.00023824180061405358
}