{
  "1": 901.5162733584314, 
  "3": 0.22134408924538312, 
  "2": 0.45231317066041915, 
  "4": 0.14091432359813963
}