{
  "1": [
    -0.4143014866666667, 
    -0.4734688983136423, 
    -0.17726117696704646, 
    -0.2579255365096503, 
    -0.022250095773208935, 
    0.06851209194833068, 
    -0.008249502010748923
  ], 
  "3": [
    -0.44821533333333335, 
    0.11761041098656984, 
    0.29282370430045607, 
    -0.02529179376434087, 
    0.19253315881326438, 
    -0.13575980768437104, 
    0.12411514639004795
  ], 
  "2": [
    -0.5572618266666667, 
    -0.36931828402167705, 
    0.10760504469252268, 
    0.16688529716111028, 
    -0.1935532243647038, 
    -0.014812261153068447, 
    -0.00843509226895165
  ], 
  "5": [
    -0.20473162666666667, 
    0.45586935608738083, 
    0.06970308435953461, 
    -0.14562667476492633, 
    -0.15809019282339423, 
    -0.08359874128182877, 
    -0.40758504528883316
  ], 
  "4": [
    -0.5185542866666667, 
    0.4410328553636955, 
    -0.25755604787662617, 
    0.12213963647815719, 
    0.1508310092367939, 
    0.0791215756675334, 
    0.0002871161724359957
  ], 
  "7": [
    -0.025678499999999944, 
    0.14828820559426456, 
    -0.04955453638700261, 
    -0.07638732622486111, 
    -0.13715503767079532, 
    -0.45730791548017136, 
    0.31371042582779035
  ], 
  "6": [
    -0.07378025999999997, 
    0.3174650745565321, 
    0.037749196301837526, 
    -0.08627551626400329, 
    -0.15654188481675316, 
    0.3869111427510214, 
    0.37583858007291326
  ]
}