{
  "11": [
    4.4312745094414165e-05, 
    0.008957716795579296, 
    0.041571247296689415, 
    0.04832661865776439, 
    0.04404945746013485, 
    0.38537560348329525, 
    0.2886052795620681, 
    0.25371138973873086, 
    0.19710732295114403, 
    0.2731552013823379, 
    0.20123205799456637
  ], 
  "10": [
    3.6194486382898176e-05, 
    0.006951238784906253, 
    0.04927726293142745, 
    0.05931767480571602, 
    0.06287410997587299, 
    0.2532482159266247, 
    0.22489047542039278, 
    0.31583250938370766, 
    0.3238604517398127, 
    0.3453467491209165, 
    0.30813693555261246
  ], 
  "1": [
    9.083272962397044e-05, 
    0.014861539782567159, 
    0.3432305707342613, 
    0.2473955452915377, 
    0.1328817779166442, 
    0.1857182625736038, 
    0.1661998000206225, 
    0.17813382095483257, 
    0.1518238331636255, 
    0.12652527769217675, 
    0.09596894216841519
  ], 
  "3": [
    7.284425543475784e-05, 
    0.010489881639495253, 
    0.24542537335743717, 
    0.4296753541222049, 
    0.08829066236782045, 
    0.0651791248256812, 
    0.03815636528720282, 
    0.06670653479973941, 
    0.06609447779601238, 
    0.06125571389819034, 
    0.04628017747827534
  ], 
  "2": [
    8.470242613586155e-05, 
    0.01276463101708363, 
    0.36972170523310527, 
    0.17707286127484526, 
    0.13337021688049133, 
    0.15927319096875284, 
    0.11101132965930188, 
    0.15425868283026473, 
    0.14575232111194608, 
    0.11622202795112255, 
    0.10738076968891347
  ], 
  "5": [
    4.573177780520592e-05, 
    0.007201976227052182, 
    0.07474733726013502, 
    0.14864332291405696, 
    0.06939260320360849, 
    0.17287672751044356, 
    0.09774293955079943, 
    0.10945538569506778, 
    0.10712582352993473, 
    0.09739348724585442, 
    0.09685933250746541
  ], 
  "4": [
    7.188420203029819e-05, 
    0.01245475191184913, 
    0.12847448670296305, 
    0.2607891490997624, 
    0.10411447167669072, 
    0.20863578808951194, 
    0.17631978633326978, 
    0.2426095223884983, 
    0.22586344063413719, 
    0.17644802822411965, 
    0.14734527637848377
  ], 
  "7": [
    3.3185109771632785e-05, 
    0.004119306508523018, 
    0.018643615264580554, 
    0.022664425520009756, 
    0.026251868244675118, 
    0.37116144743001184, 
    0.489309949205745, 
    0.3776501823491042, 
    0.15688237500044228, 
    0.12423269479481006, 
    0.1865289528025638
  ], 
  "6": [
    2.4419692451555464e-05, 
    0.0051827347726296925, 
    0.03166071526382097, 
    0.03444932138427972, 
    0.037675036969399354, 
    0.2276466537440339, 
    0.30310637811554014, 
    0.4092917064026634, 
    0.34604608148307603, 
    0.33105416243993097, 
    0.23676489799180003
  ], 
  "9": [
    2.914848957502648e-05, 
    0.005079075444965326, 
    0.030477366260797164, 
    0.04212114051068385, 
    0.05474922238271348, 
    0.25519944317647875, 
    0.26690241136738685, 
    0.2736177106877562, 
    0.4066751538909571, 
    0.35822608269924705, 
    0.3577678243764506
  ], 
  "8": [
    1.6544463998208995e-05, 
    0.0042048010100453875, 
    0.025749637886128555, 
    0.047194948198240286, 
    0.03490847897165957, 
    0.16066920741003704, 
    0.14223570559063398, 
    0.25773883938873826, 
    0.2530817012303821, 
    0.44117508545794487, 
    0.3395044962018242
  ]
}