{
  "1": 0.00017088045620758177, 
  "3": 4.715489294507498e-05, 
  "2": 4.628354147641781e-05, 
  "4": 2.857521816574739e-05
}