{
  "1": 0.00026327517336113186, 
  "3": 0.00027017658910187195, 
  "2": 0.00019986594943897235, 
  "4": 8.261879562938787e-05
}