{
  "1": 362.98143264279486, 
  "3": 0.22823392531101921, 
  "2": 0.3313930739519021, 
  "4": 0.13098938955269016
}