{
  "1": [
    0.28743107321379985, 
    0.5589917854329949, 
    -0.7193533935298055, 
    -0.09826228216564173, 
    -0.20734089768658168, 
    0.14353440078674645, 
    -0.11914029136968832
  ], 
  "2": [
    0.508238567787204, 
    -0.6885699384537814, 
    -0.35166504050260067, 
    -0.3289114527879961, 
    0.07736648179931631, 
    -0.1611899375557967, 
    0.06120608719164861
  ], 
  "3": [
    0.47266928900105915, 
    -0.1761061472924456, 
    0.19669891990540556, 
    0.5987037945945632, 
    -0.41095549984998825, 
    0.2708495675768573, 
    -0.325867700537597
  ], 
  "4": [
    0.6004672712064041, 
    0.37149138778708035, 
    0.2632486407098071, 
    0.15947031431659367, 
    0.5375003662611522, 
    -0.24355652070745662, 
    0.24181843295368227
  ], 
  "5": [
    0.25214537705687173, 
    0.20130420237498772, 
    0.49062674815634183, 
    -0.6778906542675999, 
    -0.3473293268340001, 
    -0.022402215349454878, 
    -0.27296421240457175
  ], 
  "6": [
    0.09427152064098951, 
    -0.039768146998793476, 
    0.09368527638670186, 
    -0.1777239325335433, 
    0.10807230602781519, 
    0.8519501885262543, 
    0.46007597265386224
  ], 
  "7": [
    0.0513354169635945, 
    0.04770230552584645, 
    0.03715569350481146, 
    0.08463586698194456, 
    -0.6007627056031049, 
    -0.307270938754989, 
    0.7288443806644551
  ]
}