{
  "1": 0.0004269348711356728, 
  "3": 0.00018600644091810818, 
  "2": 0.00029242508135076154, 
  "4": 9.018787623441378e-05
}