{
  "V_11": 2.4993182719803517, 
  "V_12": 4.594825573921319, 
  "V_13": 4.256485194104241, 
  "V_14": 5.345814664255385, 
  "V_15": 2.2708540020794694, 
  "V_16": 0.8515961828556763, 
  "V_17": 0.4592838982539659, 
  "V_21": 4.594825573921319, 
  "V_22": 7.9749874165626515, 
  "V_23": 7.448452793148901, 
  "V_24": 9.548426612548825, 
  "V_25": 4.038263209608865, 
  "V_26": 1.4937160889891403, 
  "V_27": 0.8160401386387467, 
  "V_31": 4.256485194104241, 
  "V_32": 7.448452793148901, 
  "V_33": 6.994127599112166, 
  "V_34": 8.838385195107241, 
  "V_35": 3.689888985845655, 
  "V_36": 1.3734392698683264, 
  "V_37": 0.7641785336106066, 
  "V_41": 5.345814664255385, 
  "V_42": 9.548426612548825, 
  "V_43": 8.838385195107241, 
  "V_44": 11.225251312529107, 
  "V_45": 4.675606381026317, 
  "V_46": 1.7650287143304553, 
  "V_47": 0.9479119772653862, 
  "V_51": 2.2708540020794694, 
  "V_52": 4.038263209608865, 
  "V_53": 3.689888985845655, 
  "V_54": 4.675606381026317, 
  "V_55": 2.005911442602435, 
  "V_56": 0.7417507639172775, 
  "V_57": 0.40040673501963303, 
  "V_61": 0.8515961828556763, 
  "V_62": 1.4937160889891403, 
  "V_63": 1.3734392698683264, 
  "V_64": 1.7650287143304553, 
  "V_65": 0.7417507639172775, 
  "V_66": 0.29917419800076567, 
  "V_67": 0.15337090133458026, 
  "V_71": 0.4592838982539659, 
  "V_72": 0.8160401386387467, 
  "V_73": 0.7641785336106066, 
  "V_74": 0.9479119772653862, 
  "V_75": 0.40040673501963303, 
  "V_76": 0.15337090133458026, 
  "V_77": 0.12201911604297912
}