{
  "1": 31.144925631792265, 
  "3": 0.05675946456782708, 
  "2": 0.09380814395405129, 
  "4": 0.03399939620570655
}