{
  "1": [
    -0.41975229120535307, 
    -0.8007146413076079, 
    0.24804176135389358, 
    -0.33819451447386695, 
    -0.05194980000566798, 
    -0.06134295228916282, 
    -0.017380814417972873
  ], 
  "2": [
    -0.5624485917665314, 
    0.5116343658970596, 
    0.6005916565618878, 
    -0.04203705199042896, 
    -0.16708604809011549, 
    -0.07370000978815797, 
    0.16141550939978094
  ], 
  "3": [
    -0.4482969233831126, 
    -0.16738602649986384, 
    -0.3564533098723117, 
    0.7346301049738995, 
    -0.21088642675722646, 
    -0.12067058780479434, 
    0.2126898154909805
  ], 
  "4": [
    -0.5116695998300562, 
    0.15318216665046785, 
    -0.3253848987552483, 
    -0.114732902915387, 
    0.5866560931881826, 
    0.4053878363095317, 
    -0.2952724226498879
  ], 
  "5": [
    -0.19814938758363926, 
    0.19797961847939666, 
    -0.4424942658249685, 
    -0.3719500557837037, 
    -0.3317904909404536, 
    -0.5793452941338886, 
    -0.37638673178981913
  ], 
  "6": [
    -0.0697051595939014, 
    0.06875961131461412, 
    -0.33692608079824343, 
    -0.36806018619719794, 
    -0.5040706650552701, 
    0.5520901673449393, 
    0.4272411891942242
  ], 
  "7": [
    -0.023700119596858756, 
    0.04098374434106249, 
    -0.18844174968879338, 
    -0.23915932311613716, 
    0.4653738807668264, 
    -0.41407745586876804, 
    0.7190397581585735
  ]
}