{
  "1": 2941.2450001283373, 
  "2": 0.93652506701747518, 
  "3": 0.86409228576780706, 
  "4": 0.30572849815641778, 
  "5": 0.075609371987715487, 
  "6": 0.055247772822412937, 
  "7": -0.015669660392285664
}