{
  "1": 0.0025249281944912786, 
  "3": 0.0024041112074599503, 
  "2": 0.0024817219857125373, 
  "4": 0.0015636080117672948
}