{
  "dV_11": 0.7022469536705078, 
  "dV_12": 0.5042907191058511, 
  "dV_13": 0.3870701069767907, 
  "dV_14": 0.39151027852845405, 
  "dV_15": 0.18619382294662815, 
  "dV_16": 0.09234398802039653, 
  "dV_17": 0.0495600917036798, 
  "dV_21": 0.5042907191058511, 
  "dV_22": 0.6994994000294358, 
  "dV_23": 0.38805008935966784, 
  "dV_24": 0.38991797800032346, 
  "dV_25": 0.186966539086438, 
  "dV_26": 0.09356125101603129, 
  "dV_27": 0.050505643194716024, 
  "dV_31": 0.3870701069767907, 
  "dV_32": 0.38805008935966784, 
  "dV_33": 0.4106987867389447, 
  "dV_34": 0.30021466021032234, 
  "dV_35": 0.1438950527253044, 
  "dV_36": 0.07208272879642902, 
  "dV_37": 0.03890448631019565, 
  "dV_41": 0.39151027852845405, 
  "dV_42": 0.38991797800032346, 
  "dV_43": 0.30021466021032234, 
  "dV_44": 0.4096825977319032, 
  "dV_45": 0.14631949938132116, 
  "dV_46": 0.07345837154013869, 
  "dV_47": 0.039720082558202884, 
  "dV_51": 0.18619382294662815, 
  "dV_52": 0.186966539086438, 
  "dV_53": 0.1438950527253044, 
  "dV_54": 0.14631949938132116, 
  "dV_55": 0.0970644191873593, 
  "dV_56": 0.0350169969230934, 
  "dV_57": 0.01877291011787756, 
  "dV_61": 0.09234398802039653, 
  "dV_62": 0.09356125101603129, 
  "dV_63": 0.07208272879642902, 
  "dV_64": 0.07345837154013869, 
  "dV_65": 0.0350169969230934, 
  "dV_66": 0.02419238912672496, 
  "dV_67": 0.00925235033770978, 
  "dV_71": 0.0495600917036798, 
  "dV_72": 0.050505643194716024, 
  "dV_73": 0.03890448631019565, 
  "dV_74": 0.039720082558202884, 
  "dV_75": 0.01877291011787756, 
  "dV_76": 0.00925235033770978, 
  "dV_77": 0.00703511143171013
}