{
  "1": 2941.244428508304, 
  "3": 0.7486120185463842, 
  "2": 1.1023277358011794, 
  "4": 0.3134087755802847
}