{
  "1": 3751.554067207971, 
  "3": 0.291458142454024, 
  "2": 1.2815264621084732, 
  "4": 0.18269713689117997
}