{
  "1": [
    -0.41835396, 
    0.5444241133333327, 
    -0.42521586118639054, 
    -0.2735580276684861, 
    0.061718976639820435, 
    -0.08898897159161433, 
    -0.031402863662293216
  ], 
  "3": [
    -0.4483746066666667, 
    0.02099612666666675, 
    0.22162841764528746, 
    -0.10168142742310773, 
    -0.33993659895019324, 
    0.17111472108506004, 
    0.24499821639094807
  ], 
  "2": [
    -0.5609043733333332, 
    0.2757844666666664, 
    0.0947759334537794, 
    0.45066574015315025, 
    0.09485966662659803, 
    0.011407927056196508, 
    -0.07560840844266978
  ], 
  "5": [
    -0.19976667999999997, 
    -0.4592392133333343, 
    -0.4230020551038835, 
    0.0447254770063883, 
    0.09684839123292036, 
    0.3829814373733619, 
    -0.036820806236927024
  ], 
  "4": [
    -0.5136451666666668, 
    -0.5344923999999994, 
    0.2800440454682328, 
    -0.2267398527731948, 
    0.14388593580959258, 
    -0.19509753545879235, 
    -0.09281909488495955
  ], 
  "7": [
    -0.024033333333333236, 
    -0.18639999999999987, 
    -0.24462016711833812, 
    0.13194934636375202, 
    0.18591702127659537, 
    -0.22415545217715044, 
    0.37113335234835526
  ], 
  "6": [
    -0.07063333333333333, 
    -0.29866697333333314, 
    -0.3979636254140326, 
    0.16440496255870027, 
    -0.3445347157110229, 
    -0.2379448496877988, 
    -0.11607719718577775
  ]
}