{"mode1_error": [6e-06, 6e-06, 9e-06, 1e-05, 1.9e-05, 3.3e-05, 5.6e-05], "mode2": [0.00041, 0.0003, -0.00029, -0.00059, -0.00256, -0.00665, -0.00984], "mode2_error": [2.9e-05, 3.2e-05, 7.6e-05, 5.5e-05, 0.000174, 0.000437, 0.000732], "mode1": [0.00196, 0.00355, 0.00512, 0.00703, 0.01029, 0.01434, 0.01989]}