{"mode1_error": [3e-06, 1e-06, 6e-06, 6e-06, 2e-06, 4e-05, 1e-06], "mode2": [-0.00068, -0.00073, 0.00031, 0.00192, 0.00618, 0.01416, 0.02782], "mode2_error": [6.8e-05, 7.6e-05, 0.00011, 0.000105, 0.000319, 0.000759, 0.001475], "mode1": [0.03516, 0.05869, 0.08329, 0.11246, 0.14661, 0.16857, 0.17521]}