{"mode1_error": [3e-06, 3e-06, 4e-06, 5e-06, 2e-06, 2e-06, 2e-06], "mode2": [0.00165, 0.00079, -0.00015, -0.00354, -0.01161, -0.02503, -0.05306], "mode2_error": [8.5e-05, 0.000101, 0.000131, 0.000132, 0.000497, 0.001139, 0.002684], "mode1": [0.04998, 0.08288, 0.11671, 0.15675, 0.20422, 0.23521, 0.24418]}