{"mode1_error": [0.0, 0.0, 0.0, 0.0, 0.0, 0.0, 0.0], "mode2": [-0.00045, -0.0002, -0.00026, 0.0011, 0.00355, 0.00886, 0.01712], "mode2_error": [0.0, 0.0, 0.0, 0.0, 0.0, 0.0, 0.0], "mode1": [0.01437, 0.02414, 0.03448, 0.04674, 0.061, 0.07035, 0.07384]}