{
  "1": [
    -0.4222293666666667, 
    0.5846346600000005, 
    0.4756728066666671, 
    0.06729156457119902, 
    -0.23879056387427441, 
    0.2959575542910226, 
    0.02256335060449039
  ], 
  "3": [
    -0.44803573333333335, 
    -0.02314497999999992, 
    -0.17307056666666706, 
    -0.7264687554395127, 
    0.049494192634560986, 
    0.04486689505671054, 
    -0.12569685281136034
  ], 
  "2": [
    -0.5644319933333333, 
    0.22710866000000005, 
    -0.15292719333333352, 
    0.2588763941889269, 
    0.27226527721570254, 
    -0.532246781248789, 
    0.025246551525618974
  ], 
  "5": [
    -0.1959000133333333, 
    -0.46882854000000035, 
    0.3274979666666659, 
    -0.08561847091116001, 
    -0.37532117226493994, 
    -0.2715548523206755, 
    0.4929305354058725
  ], 
  "4": [
    -0.5085633199999999, 
    -0.4829389266666663, 
    -0.2722467066666672, 
    0.32622415478342326, 
    -0.01251709834075262, 
    0.42933330623621, 
    -0.036741542890040356
  ], 
  "7": [
    -0.025566666666666623, 
    -0.23401544666666668, 
    0.500426886666666, 
    -0.08442282921604087, 
    0.6947851881829229, 
    0.12086980606201392, 
    0.09810818269046245
  ], 
  "6": [
    -0.0688333333333333, 
    -0.30848323333333344, 
    0.356172733333333, 
    0.05790194818236603, 
    -0.18741617428841195, 
    -0.18711127240351424, 
    -0.6951731759739008
  ]
}