{
  "1": [
    -0.3973078561926247, 
    -0.369797967516237, 
    -0.7874884603316409, 
    -0.1619494689025827, 
    0.18015862166245386, 
    0.16267959290235479, 
    -0.010413745190595824
  ], 
  "2": [
    -0.5385295577721106, 
    -0.4308889387186169, 
    0.3974865256631979, 
    0.5803345028115039, 
    0.16654459472942326, 
    0.020314375642858495, 
    -0.03724498311217028
  ], 
  "3": [
    -0.44482122111172834, 
    -0.10341342543389237, 
    0.4203990967818376, 
    -0.7780306638602849, 
    0.022094969915821553, 
    -0.08250038308792496, 
    0.04558650350424921
  ], 
  "4": [
    -0.5406089643345806, 
    0.5071430874247866, 
    -0.13185654758206874, 
    0.14789181325304923, 
    -0.6391373937506064, 
    0.05029998218488011, 
    0.01621735775652001
  ], 
  "5": [
    -0.23014719004108994, 
    0.48603776763435574, 
    -0.11725769193499877, 
    0.08922678987601576, 
    0.583612037842655, 
    -0.573342131254117, 
    0.14058649584541635
  ], 
  "6": [
    -0.0891223838510583, 
    0.35758963047991893, 
    0.0811408786275814, 
    -0.03694081502840623, 
    0.3568265091534533, 
    0.5123216074024471, 
    -0.6829639842805394
  ], 
  "7": [
    -0.03313432293035978, 
    0.21352443100108057, 
    0.08609081567202963, 
    0.02131872857381876, 
    0.2507843792418137, 
    0.6104028554122851, 
    0.714114043071057
  ]
}