{
  "1": 0.0012780591551195294, 
  "3": 0.0014039316297333735, 
  "2": 0.0009169956838377992, 
  "4": 0.0008370406211860422
}