{
  "dV_11": 0.3361205122043921, 
  "dV_12": 0.24870546262509624, 
  "dV_13": 0.19674081733466378, 
  "dV_14": 0.2105426754617572, 
  "dV_15": 0.10519429507515109, 
  "dV_16": 0.053871689967741956, 
  "dV_17": 0.02950728114316869, 
  "dV_21": 0.24870546262509624, 
  "dV_22": 0.35331020818347875, 
  "dV_23": 0.20254252062710518, 
  "dV_24": 0.21486421952713114, 
  "dV_25": 0.10818010147156396, 
  "dV_26": 0.05602606441881617, 
  "dV_27": 0.030938784376972207, 
  "dV_31": 0.19674081733466378, 
  "dV_32": 0.20254252062710518, 
  "dV_33": 0.2198816979250523, 
  "dV_34": 0.170277110969961, 
  "dV_35": 0.08572729309022523, 
  "dV_36": 0.044460129985145036, 
  "dV_37": 0.02457214716381979, 
  "dV_41": 0.2105426754617572, 
  "dV_42": 0.21486421952713114, 
  "dV_43": 0.170277110969961, 
  "dV_44": 0.2427395232348683, 
  "dV_45": 0.0920153289124001, 
  "dV_46": 0.04794289889717702, 
  "dV_47": 0.026609661191836564, 
  "dV_51": 0.10519429507515109, 
  "dV_52": 0.10818010147156396, 
  "dV_53": 0.08572729309022523, 
  "dV_54": 0.0920153289124001, 
  "dV_55": 0.06390197804067094, 
  "dV_56": 0.024094645821202403, 
  "dV_57": 0.01321969134191015, 
  "dV_61": 0.053871689967741956, 
  "dV_62": 0.05602606441881617, 
  "dV_63": 0.044460129985145036, 
  "dV_64": 0.04794289889717702, 
  "dV_65": 0.024094645821202403, 
  "dV_66": 0.017147221959399217, 
  "dV_67": 0.006721403209385474, 
  "dV_71": 0.02950728114316869, 
  "dV_72": 0.030938784376972207, 
  "dV_73": 0.02457214716381979, 
  "dV_74": 0.026609661191836564, 
  "dV_75": 0.01321969134191015, 
  "dV_76": 0.006721403209385474, 
  "dV_77": 0.0051321836362252845
}