{
  "V_11": 738.3645161490524, 
  "V_12": 1000.237892665773, 
  "V_13": 825.9850928518464, 
  "V_14": 1003.800499246908, 
  "V_15": 427.27146754234576, 
  "V_16": 165.34553420385348, 
  "V_17": 61.42787866225207, 
  "V_21": 1000.237892665773, 
  "V_22": 1355.9155733891641, 
  "V_23": 1119.995142253367, 
  "V_24": 1360.5402277857268, 
  "V_25": 579.0866659474067, 
  "V_26": 224.19427541107433, 
  "V_27": 83.32078368466716, 
  "V_31": 825.9850928518464, 
  "V_32": 1119.995142253367, 
  "V_33": 924.8959347583152, 
  "V_34": 1124.0132623462987, 
  "V_35": 478.47995900116763, 
  "V_36": 185.27363303336213, 
  "V_37": 68.88616408462654, 
  "V_41": 1003.800499246908, 
  "V_42": 1360.5402277857268, 
  "V_43": 1124.0132623462987, 
  "V_44": 1366.6103032544465, 
  "V_45": 581.7956632726258, 
  "V_46": 225.37616098247884, 
  "V_47": 83.81771328293638, 
  "V_51": 427.27146754234576, 
  "V_52": 579.0866659474067, 
  "V_53": 478.47995900116763, 
  "V_54": 581.7956632726258, 
  "V_55": 248.0419631568575, 
  "V_56": 96.13150415740257, 
  "V_57": 35.78594747131647, 
  "V_61": 165.34553420385348, 
  "V_62": 224.19427541107433, 
  "V_63": 185.27363303336213, 
  "V_64": 225.37616098247884, 
  "V_65": 96.13150415740257, 
  "V_66": 37.367423629050144, 
  "V_67": 13.956669026465516, 
  "V_71": 61.42787866225207, 
  "V_72": 83.32078368466716, 
  "V_73": 68.88616408462654, 
  "V_74": 83.81771328293638, 
  "V_75": 35.78594747131647, 
  "V_76": 13.956669026465516, 
  "V_77": 5.258115249777371
}