{
  "1": 4674.466593876623, 
  "3": 0.5033569061231973, 
  "2": 1.2854512954387314, 
  "4": 0.293537449755223
}