{
  "1": [
    -0.39730763999999996, 
    -0.36602512000000054, 
    -0.5029007068167747, 
    -0.019853317269076184, 
    0.10183949908088219, 
    0.1267393697341065, 
    -0.012071945197858055
  ], 
  "3": [
    -0.44482328, 
    -0.09941198000000012, 
    0.19747958246803018, 
    -0.3413290602409659, 
    0.015183310355391959, 
    -0.05762610424189324, 
    0.046325627651436205
  ], 
  "2": [
    -0.5385293933333333, 
    -0.42265235333333295, 
    0.30215972966080107, 
    0.21452612851405647, 
    0.07986608455882367, 
    0.0024151037677354837, 
    -0.030379449196745064
  ], 
  "5": [
    -0.23015688666666664, 
    0.47657270000000007, 
    -0.04620792436331789, 
    0.04589366265060275, 
    0.2543002604166666, 
    -0.4179793668162086, 
    0.11477388552750548
  ], 
  "4": [
    -0.54061058, 
    0.4982354066666666, 
    -0.08311980544321806, 
    0.0624105622489965, 
    -0.3094247395833326, 
    0.04411041689462761, 
    0.004780784477363048
  ], 
  "7": [
    -0.0331406533333333, 
    0.2096402466666667, 
    0.04095731773964376, 
    0.013321654618474114, 
    0.11063123468137237, 
    0.4401302950723998, 
    0.5205155365463524
  ], 
  "6": [
    -0.08910325999999995, 
    0.3509529333333334, 
    0.03876837177104981, 
    -0.006224305220883234, 
    0.16673020067401959, 
    0.35620392092497394, 
    -0.5127401905556727
  ]
}