{
  "1": 0.0006639433057615433, 
  "3": 1.0947992974434743e-08, 
  "2": 4.3523764034911706e-07, 
  "4": 5.963374150388733e-09
}