{
  "1": [
    -0.28389999999999993, 
    0.8912333333333334, 
    0.28976666666666673, 
    0.034166666666666685, 
    0.18676666666666675, 
    0.04863333333333331, 
    0.0525
  ], 
  "3": [
    -0.4684333333333332, 
    0.1434333333333333, 
    -0.3929, 
    -0.29289999999999994, 
    -0.6939, 
    0.052899999999999954, 
    -0.18856666666666666
  ], 
  "2": [
    -0.4981, 
    -0.08716666666666661, 
    -0.5771, 
    0.3787666666666667, 
    0.5097, 
    0.0015000000000000605, 
    -0.08976666666666666
  ], 
  "5": [
    -0.2625666666666666, 
    -0.2229, 
    0.32943333333333347, 
    -0.4788333333333333, 
    0.32943333333333347, 
    0.2967666666666666, 
    -0.5890333333333333
  ], 
  "4": [
    -0.6100333333333333, 
    -0.3557666666666667, 
    0.5224333333333333, 
    0.21843333333333348, 
    -0.16069999999999995, 
    -0.10149999999999992, 
    0.38016666666666676
  ], 
  "7": [
    -0.03396666666666658, 
    -0.03636666666666665, 
    -0.19529999999999992, 
    -0.4326333333333333, 
    0.1741666666666668, 
    0.5625, 
    0.6522333333333334
  ], 
  "6": [
    -0.09776666666666667, 
    0.00036666666666662997, 
    -0.09543333333333326, 
    -0.5526333333333333, 
    0.24323333333333338, 
    -0.7615666666666667, 
    0.19169999999999998
  ]
}