{
  "1": 0.00014660804124175123, 
  "3": 1.4062662488353904e-08, 
  "2": 1.6598065309805438e-07, 
  "4": 2.756463100565363e-08
}