{
  "1": [
    -0.2801, 
    -0.8149666666666666, 
    -0.3675666666666666, 
    -0.14036666666666664, 
    0.09109999999999996, 
    -0.2970999999999999, 
    0.0777000000000001
  ], 
  "3": [
    -0.4661666666666666, 
    -0.28803333333333325, 
    0.2711000000000001, 
    0.18169999999999997, 
    -0.06963333333333332, 
    0.7132333333333334, 
    -0.2823
  ], 
  "2": [
    -0.4927666666666667, 
    0.10496666666666665, 
    0.6274333333333335, 
    -0.4571666666666666, 
    0.04356666666666676, 
    -0.3175, 
    0.20189999999999997
  ], 
  "5": [
    -0.26916666666666667, 
    0.23310000000000008, 
    -0.16876666666666662, 
    -0.01049999999999995, 
    0.21636666666666685, 
    -0.3232999999999999, 
    -0.8326333333333334
  ], 
  "4": [
    -0.6142333333333333, 
    0.42103333333333337, 
    -0.5148333333333333, 
    0.1693, 
    -0.042433333333333316, 
    0.06790000000000007, 
    0.3813
  ], 
  "7": [
    -0.0360999999999999, 
    -0.005299999999999968, 
    -0.07983333333333331, 
    -0.15883333333333327, 
    -0.9603666666666668, 
    -0.11803333333333332, 
    -0.17536666666666667
  ], 
  "6": [
    -0.10209999999999997, 
    -0.10116666666666663, 
    0.31276666666666664, 
    0.8272333333333336, 
    -0.11816666666666666, 
    -0.4232333333333334, 
    0.06443333333333334
  ]
}