{
  "1": 79.17617536774495, 
  "3": 0.4369319085649675, 
  "2": 1.174136196501939, 
  "4": 0.05575032911811304
}