{
  "1": [
    -0.37551952666666655, 
    0.39855038111677926, 
    0.16388740959559947, 
    -0.22434201444317783, 
    -0.14753976341360334, 
    0.10562745482255603, 
    -0.012178999311452672
  ], 
  "3": [
    -0.44878724666666614, 
    0.2763169717988562, 
    -0.4365728260500497, 
    -0.0624255720258453, 
    -0.06387602027883361, 
    0.00782864794252127, 
    -0.012205860301430699
  ], 
  "2": [
    -0.5504651466666667, 
    0.3248830795780881, 
    0.07563035211028547, 
    0.30827330292664423, 
    -0.033529024081114946, 
    -0.007655218811234148, 
    0.014907589319868518
  ], 
  "5": [
    -0.2383102, 
    0.23435617301927508, 
    0.10474448745373688, 
    -0.0039725123527173094, 
    -0.14864020278834011, 
    -0.0037533246244287294, 
    -0.4038843546782952
  ], 
  "4": [
    -0.5337506466666668, 
    0.2731244083956968, 
    0.1141085633764559, 
    -0.10894489547700542, 
    0.3167590367553865, 
    -0.12682543435663024, 
    0.11788755259735292
  ], 
  "7": [
    -0.047124366666666605, 
    0.07634890159393108, 
    0.046437957964076, 
    -0.019228384644621524, 
    -0.37800713983945916, 
    -0.2442124058349645, 
    0.25127827251166757
  ], 
  "6": [
    -0.10317877999999994, 
    0.18466592857519828, 
    0.04737934535329875, 
    0.024394975294564775, 
    -0.12907038445289373, 
    0.39828843457435253, 
    0.2255699028383447
  ]
}