{
  "1": 0.00028310637681574623, 
  "3": 3.389809479140438e-07, 
  "2": 1.737359734827432e-07, 
  "4": 2.078832153723196e-07
}