{
  "1": [
    -0.4143666666666667, 
    0.6586333333333334, 
    0.4307000000000001, 
    -0.09109999999999996, 
    0.4474333333333334, 
    0.016566666666666622, 
    0.01703333333333346
  ], 
  "3": [
    -0.4483666666666667, 
    -0.08189999999999997, 
    0.3667666666666667, 
    -0.31543333333333334, 
    -0.7191000000000001, 
    -0.013499999999999951, 
    0.20250000000000012
  ], 
  "2": [
    -0.5568333333333333, 
    0.10236666666666672, 
    -0.7876333333333333, 
    -0.2389, 
    0.04249999999999999, 
    0.0027666666666668095, 
    0.013966666666666686
  ], 
  "5": [
    -0.20489999999999994, 
    -0.4884333333333333, 
    0.20476666666666676, 
    -0.3962333333333333, 
    0.2814333333333334, 
    -0.1404333333333333, 
    -0.6493
  ], 
  "4": [
    -0.5187666666666666, 
    -0.3036333333333333, 
    0.08876666666666666, 
    0.7918333333333334, 
    0.044166666666666694, 
    -0.006699999999999925, 
    -0.042433333333333316
  ], 
  "7": [
    -0.02563333333333328, 
    -0.24536666666666665, 
    0.04143333333333344, 
    -0.10783333333333332, 
    0.2817666666666667, 
    -0.7354333333333334, 
    0.5527666666666666
  ], 
  "6": [
    -0.07363333333333333, 
    -0.3975666666666666, 
    0.09023333333333339, 
    -0.1988333333333333, 
    0.34696666666666665, 
    0.6625000000000001, 
    0.4791666666666667
  ]
}