{
  "1": [
    6.138968999268699e-05, 
    0.16000658350558372, 
    0.2792982897380071, 
    0.41692410676412217, 
    0.13006854762226594, 
    0.164866905675922, 
    0.1412206962701199
  ], 
  "3": [
    4.615565795986726e-05, 
    0.10113929017424565, 
    0.3542126284078992, 
    0.19798137746783107, 
    0.22006724505238157, 
    0.2407542135661454, 
    0.24676823669026063
  ], 
  "2": [
    5.571270670169305e-05, 
    0.16852177276379335, 
    0.2107894617807146, 
    0.3074744966658936, 
    0.08429081495670618, 
    0.11217818831148413, 
    0.0880925337790194
  ], 
  "5": [
    2.852433204250111e-05, 
    0.07093747805454044, 
    0.22844262484028496, 
    0.2155994286973627, 
    0.346342625426898, 
    0.31568053778264316, 
    0.4205933444861694
  ], 
  "4": [
    4.404119363734352e-05, 
    0.09516864924293143, 
    0.31750864996730305, 
    0.1721911177213006, 
    0.14529700565163056, 
    0.22845880599585705, 
    0.17568685146873986
  ], 
  "7": [
    0.0, 
    0.020126412166821, 
    0.07395504278181461, 
    0.10437650097032146, 
    0.43726443846596835, 
    0.40382962963090147, 
    0.46416758345475384
  ], 
  "6": [
    2.7087187603512498e-05, 
    0.038538649141975405, 
    0.23893050299932184, 
    0.19651414754808572, 
    0.26548664896087787, 
    0.4662054755243142, 
    0.35055939544097026
  ]
}