{
  "dV_11": 8.82877847950194, 
  "dV_12": 9.595398196104743, 
  "dV_13": 6.80319992949592, 
  "dV_14": 7.2616345074037545, 
  "dV_15": 3.214490580717503, 
  "dV_16": 1.2776195014117888, 
  "dV_17": 0.6308576547376141, 
  "dV_21": 9.595398196104743, 
  "dV_22": 11.181791223517445, 
  "dV_23": 7.69851471320739, 
  "dV_24": 8.242281476155904, 
  "dV_25": 3.6507755162041473, 
  "dV_26": 1.446498920128463, 
  "dV_27": 0.7114150479381117, 
  "dV_31": 6.80319992949592, 
  "dV_32": 7.69851471320739, 
  "dV_33": 5.570657411491416, 
  "dV_34": 5.740583685522578, 
  "dV_35": 2.5396410144183217, 
  "dV_36": 1.0006993149587673, 
  "dV_37": 0.48918915188980217, 
  "dV_41": 7.2616345074037545, 
  "dV_42": 8.242281476155904, 
  "dV_43": 5.740583685522578, 
  "dV_44": 6.309795042725474, 
  "dV_45": 2.695537411834096, 
  "dV_46": 1.0578034651977843, 
  "dV_47": 0.5141790423487437, 
  "dV_51": 3.214490580717503, 
  "dV_52": 3.6507755162041473, 
  "dV_53": 2.5396410144183217, 
  "dV_54": 2.695537411834096, 
  "dV_55": 1.177211725757178, 
  "dV_56": 0.42828725823896474, 
  "dV_57": 0.205389205266239, 
  "dV_61": 1.2776195014117888, 
  "dV_62": 1.446498920128463, 
  "dV_63": 1.0006993149587673, 
  "dV_64": 1.0578034651977843, 
  "dV_65": 0.42828725823896474, 
  "dV_66": 0.16204883862178165, 
  "dV_67": 0.06786148719103755, 
  "dV_71": 0.6308576547376141, 
  "dV_72": 0.7114150479381117, 
  "dV_73": 0.48918915188980217, 
  "dV_74": 0.5141790423487437, 
  "dV_75": 0.205389205266239, 
  "dV_76": 0.06786148719103755, 
  "dV_77": 0.0334682152565342
}