{
  "1": 1929.0798667443853, 
  "2": 0.87257570068338874, 
  "3": 0.18920969285588746, 
  "4": 0.042980354174657114, 
  "5": 0.026209707007988501, 
  "6": -0.040895850952035379, 
  "7": -0.46048031838101944
}