{
  "dV_11": 0.42105613559155874, 
  "dV_12": 0.26353525835813024, 
  "dV_13": 0.2019498226333934, 
  "dV_14": 0.2036626284425719, 
  "dV_15": 0.09714706732325938, 
  "dV_16": 0.048371688777241885, 
  "dV_17": 0.02644692350199741, 
  "dV_21": 0.26353525835813024, 
  "dV_22": 0.31899821211175566, 
  "dV_23": 0.17714991179572923, 
  "dV_24": 0.1776502524529028, 
  "dV_25": 0.08515500132769678, 
  "dV_26": 0.04270993118558993, 
  "dV_27": 0.023444064616117418, 
  "dV_31": 0.2019498226333934, 
  "dV_32": 0.17714991179572923, 
  "dV_33": 0.1871664838760598, 
  "dV_34": 0.1367666685614034, 
  "dV_35": 0.06548718760450242, 
  "dV_36": 0.032863072968621086, 
  "dV_37": 0.01804697348054324, 
  "dV_41": 0.2036626284425719, 
  "dV_42": 0.1776502524529028, 
  "dV_43": 0.1367666685614034, 
  "dV_44": 0.18620489378541463, 
  "dV_45": 0.06657636060591987, 
  "dV_46": 0.033416521166141015, 
  "dV_47": 0.018374849541211945, 
  "dV_51": 0.09714706732325938, 
  "dV_52": 0.08515500132769678, 
  "dV_53": 0.06548718760450242, 
  "dV_54": 0.06657636060591987, 
  "dV_55": 0.04415052999236638, 
  "dV_56": 0.015954242637319784, 
  "dV_57": 0.008704746542920213, 
  "dV_61": 0.048371688777241885, 
  "dV_62": 0.04270993118558993, 
  "dV_63": 0.032863072968621086, 
  "dV_64": 0.033416521166141015, 
  "dV_65": 0.015954242637319784, 
  "dV_66": 0.011073688247374262, 
  "dV_67": 0.004314763009805102, 
  "dV_71": 0.02644692350199741, 
  "dV_72": 0.023444064616117418, 
  "dV_73": 0.01804697348054324, 
  "dV_74": 0.018374849541211945, 
  "dV_75": 0.008704746542920213, 
  "dV_76": 0.004314763009805102, 
  "dV_77": 0.0034952391531312224
}