{
  "1": [
    -0.4826378733333334, 
    0.3835587400000009, 
    -0.5894944638880045, 
    0.05471497123826829, 
    0.02521739548093399, 
    -0.006774443970218589, 
    -0.0013384320240494934
  ], 
  "3": [
    -0.4328072799999999, 
    0.042782953333333394, 
    0.17873459539717876, 
    -0.1113914698758704, 
    -0.418245938270059, 
    -0.059858533693744595, 
    -0.005260768956923694
  ], 
  "2": [
    -0.5440545933333334, 
    0.2929553733333326, 
    0.4756345777212151, 
    0.16588813200121108, 
    0.19536487073466133, 
    0.03189020249442781, 
    -0.0232407143704757
  ], 
  "5": [
    -0.19010661999999992, 
    -0.3909452799999996, 
    -0.08145615653833904, 
    0.29435129427792955, 
    -0.009294612203984073, 
    -0.17111074595722378, 
    -0.3036522487243379
  ], 
  "4": [
    -0.4925418866666666, 
    -0.5538122466666663, 
    -0.06580298016756778, 
    -0.3165294504995485, 
    0.1470189157582593, 
    0.048207231943851674, 
    0.1369272932241605
  ], 
  "7": [
    -0.023100000000000006, 
    -0.12720354666666714, 
    -0.009310824760490607, 
    0.36878693611867996, 
    -0.03869089504239257, 
    -0.21669499217527405, 
    0.3322662908903918
  ], 
  "6": [
    -0.06686657333333329, 
    -0.19420758666666674, 
    -0.05239586028917889, 
    0.34360606267030036, 
    -0.10759585265004373, 
    0.3831459524825723, 
    -0.02730711997152138
  ]
}