{
  "1": 1929.0796230513913, 
  "3": 0.19133097351718464, 
  "2": 0.8790226542253066, 
  "4": 0.06290700972701004
}