{
  "1": [
    7.773284279093432e-05, 
    0.022721865091517548, 
    0.05530538457911958, 
    0.1737872130222192, 
    0.13186768951270567, 
    0.15995973056817778, 
    0.0788259297342693
  ], 
  "3": [
    5.7999760925470174e-05, 
    0.06965165188659246, 
    0.06995317984316805, 
    0.4425653465399949, 
    0.36413681447275326, 
    0.38985991777084805, 
    0.20446996780148405
  ], 
  "2": [
    6.92124466633106e-05, 
    0.04672535044956277, 
    0.07081868803201442, 
    0.19510423056955922, 
    0.22880538792934335, 
    0.26997410468515526, 
    0.14459132887144285
  ], 
  "5": [
    3.6032023232963333e-05, 
    0.07431795418104091, 
    0.05449087020955655, 
    0.2670220610445529, 
    0.4336420504948584, 
    0.34659188827812637, 
    0.2901581587818427
  ], 
  "4": [
    5.450538677384113e-05, 
    0.0485374929705061, 
    0.06584352818256264, 
    0.31486474036059225, 
    0.2669791148153243, 
    0.3228436666172623, 
    0.18457479146488606
  ], 
  "7": [
    2.1171213165325385e-05, 
    0.04699786566336586, 
    0.03769492245986334, 
    0.16613468190149486, 
    0.35128051943556554, 
    0.3809973284327868, 
    0.36933727124510557
  ], 
  "6": [
    2.810666667051444e-05, 
    0.06796881846397783, 
    0.06248571067186498, 
    0.3712538564338473, 
    0.4081939737246084, 
    0.3555865169750329, 
    0.2895817454713899
  ]
}