{
  "1": 807.3044631453783, 
  "3": 0.14060316215533494, 
  "2": 0.7790875388152675, 
  "4": 0.08851128584178479
}