{
  "1": 0.01588535855163014, 
  "3": 0.012187754928852886, 
  "2": 0.025863366853714796, 
  "4": 0.003200081993714502
}