{
  "1": 807.2578874313151, 
  "3": 0.2878611893740085, 
  "2": 0.5849490170431505, 
  "4": 0.0768379121542063
}