{
  "1": 1798.6921468836206, 
  "2": 0.89336918613824645, 
  "3": 0.30158794161821068, 
  "4": 0.08439466019750945, 
  "5": 0.062473771888153659, 
  "6": 0.020574384125561365, 
  "7": -0.36844434182767455
}