{
  "dV_11": 0.3213755185103597, 
  "dV_12": 0.23017402212578905, 
  "dV_13": 0.17648398432454634, 
  "dV_14": 0.17809273555490432, 
  "dV_15": 0.08479582203246169, 
  "dV_16": 0.042203613938870295, 
  "dV_17": 0.023051933607965997, 
  "dV_21": 0.23017402212578905, 
  "dV_22": 0.3189097045058365, 
  "dV_23": 0.17704291932635716, 
  "dV_24": 0.1775434908246955, 
  "dV_25": 0.08513526831294312, 
  "dV_26": 0.04269331362393712, 
  "dV_27": 0.023438824940514143, 
  "dV_31": 0.17648398432454634, 
  "dV_32": 0.17704291932635716, 
  "dV_33": 0.18701395685041544, 
  "dV_34": 0.13662498928490305, 
  "dV_35": 0.06545032256646757, 
  "dV_36": 0.03283687503680106, 
  "dV_37": 0.018026176275054186, 
  "dV_41": 0.17809273555490432, 
  "dV_42": 0.1775434908246955, 
  "dV_43": 0.13662498928490305, 
  "dV_44": 0.18600134275425279, 
  "dV_45": 0.06653004742112328, 
  "dV_46": 0.03342077128041081, 
  "dV_47": 0.018365218163927995, 
  "dV_51": 0.08479582203246169, 
  "dV_52": 0.08513526831294312, 
  "dV_53": 0.06545032256646757, 
  "dV_54": 0.06653004742112328, 
  "dV_55": 0.04411534946734896, 
  "dV_56": 0.01595302809545438, 
  "dV_57": 0.008694252400258689, 
  "dV_61": 0.042203613938870295, 
  "dV_62": 0.04269331362393712, 
  "dV_63": 0.03283687503680106, 
  "dV_64": 0.03342077128041081, 
  "dV_65": 0.01595302809545438, 
  "dV_66": 0.011077277974786786, 
  "dV_67": 0.004311282055788599, 
  "dV_71": 0.023051933607965997, 
  "dV_72": 0.023438824940514143, 
  "dV_73": 0.018026176275054186, 
  "dV_74": 0.018365218163927995, 
  "dV_75": 0.008694252400258689, 
  "dV_76": 0.004311282055788599, 
  "dV_77": 0.0034939812545955774
}