{
  "1": 1798.6939394126666, 
  "3": 0.30441242600115676, 
  "2": 0.9018670285807167, 
  "4": 0.10457444202737268
}