{
  "1": [
    0.2850099390605224, 
    0.3233617749161457, 
    -0.5752777231674646, 
    -0.642267951422449, 
    -0.18894272396642672, 
    -0.11427000556768033, 
    -0.14831361990850603
  ], 
  "2": [
    0.49575295096090116, 
    0.655651416253068, 
    0.3922058233048902, 
    0.03938818426507183, 
    0.36124868330613585, 
    0.05385283199301199, 
    0.18860714827612696
  ], 
  "3": [
    0.4677244033279014, 
    -0.3613973903485534, 
    0.5082274903857131, 
    -0.28691402368649643, 
    -0.5503221897835608, 
    -0.0018943355659653, 
    0.08457463410310069
  ], 
  "4": [
    0.6111645442294528, 
    -0.1922580197014749, 
    -0.4565942422369986, 
    0.6051997865150074, 
    -0.08193405952867765, 
    -0.0660448292663989, 
    0.060782896540171064
  ], 
  "5": [
    0.264730915123217, 
    -0.3240655027541716, 
    0.09863545389376566, 
    -0.13872537998994894, 
    0.4887480908891882, 
    0.16346252548363877, 
    -0.7282380895690712
  ], 
  "6": [
    0.09766868609317712, 
    -0.39356092666870224, 
    -0.1816583752630794, 
    -0.3257868623333573, 
    0.43760520335566927, 
    0.3475412876004297, 
    0.6197987731460479
  ], 
  "7": [
    0.032992408119081204, 
    -0.19513715669371393, 
    0.07568309783036845, 
    -0.1094175498160876, 
    0.3063646892821113, 
    -0.9122345019288498, 
    0.13077366030947943
  ]
}