{
  "1": 0.0029966107138016916, 
  "3": 0.003020589186776548, 
  "2": 0.0036371174719567194, 
  "4": 0.000955612240015687
}