{
  "1": [
    0.0012969055155147115, 
    0.4198075042056081, 
    0.39891043082206207, 
    0.34875806246753754, 
    0.3287392528950305, 
    0.23597710925767587, 
    0.1870322228571173
  ], 
  "3": [
    0.0008967704570114518, 
    0.29712089753275894, 
    0.385489932646203, 
    0.39735889492515114, 
    0.3069430434802373, 
    0.19700515362468105, 
    0.1972202441302009
  ], 
  "2": [
    0.001121899620124615, 
    0.3618499943813657, 
    0.37951943344014993, 
    0.34297985155240196, 
    0.2269723908996916, 
    0.19290752638654363, 
    0.18184820386766282
  ], 
  "5": [
    0.000525447964434659, 
    0.18671064402995602, 
    0.29013172543177546, 
    0.3457788831260857, 
    0.3710812970937283, 
    0.48390699783782015, 
    0.31490816915928943
  ], 
  "4": [
    0.000823890769538582, 
    0.24374669273205926, 
    0.33650843067009145, 
    0.3252349197656433, 
    0.29615951502262144, 
    0.17636400254877804, 
    0.16363874030078368
  ], 
  "7": [
    0.000150393888618479, 
    0.1077133549009358, 
    0.17333314227753985, 
    0.23089271887171278, 
    0.32543845538408733, 
    0.39598922861116187, 
    0.6261408323613713
  ], 
  "6": [
    0.00027141603850280074, 
    0.2354259862868983, 
    0.3249407087600178, 
    0.3581757854277588, 
    0.3654683028274486, 
    0.4137951975213682, 
    0.3830539144427159
  ]
}