{
  "1": [
    0.28502555333333324, 
    0.27797415001937864, 
    -0.2560554284352273, 
    -0.20731254704139582, 
    0.010376445762518739, 
    -0.046689007458404964, 
    -0.0804287671232882
  ], 
  "3": [
    0.4677482133333331, 
    -0.24576968960293083, 
    0.20064919953918894, 
    -0.23078419409079973, 
    -0.27654157256377965, 
    -0.003852174411933714, 
    0.057487307363013745
  ], 
  "2": [
    0.4957312466666662, 
    0.4273224148257756, 
    0.21772420053231636, 
    0.07541052926575403, 
    0.1830770503022698, 
    0.04330283801874159, 
    0.08010953196347032
  ], 
  "5": [
    0.2647282133333335, 
    -0.19820170876933352, 
    0.06319908235013702, 
    -0.06699698134358247, 
    0.233722736778069, 
    -0.005575433161215686, 
    -0.36019386415525134
  ], 
  "4": [
    0.6111540000000001, 
    -0.1622615685445518, 
    -0.23546871250943388, 
    0.2643982944991597, 
    -0.09572577088323618, 
    -0.028496572958500634, 
    0.03711086615296804
  ], 
  "7": [
    0.032990460000000096, 
    -0.10852502906669517, 
    0.04022704882215075, 
    -0.06390027223957055, 
    0.19154189954754544, 
    -0.43962693057946056, 
    0.13041137271689546
  ], 
  "6": [
    0.09766664000000008, 
    -0.21348730930486792, 
    -0.03003040956580485, 
    -0.12446695492033022, 
    0.2659564465229461, 
    0.2771311187607578, 
    0.25300560074200873
  ]
}