{
  "1": 0.017716357459823206, 
  "3": 0.009743010466597974, 
  "2": 0.01379408808786799, 
  "4": 0.004260427881900016
}