{
  "1": [
    0.00012571255225627803, 
    0.11218172812810978, 
    0.340879461881399, 
    0.29406110103835187, 
    0.2866313097830951, 
    0.28034680399070594, 
    0.24942563902740408
  ], 
  "3": [
    8.925050699195355e-05, 
    0.06796039802368747, 
    0.3742565046498706, 
    0.24961006932078847, 
    0.17320447189656976, 
    0.13913600292370193, 
    0.1525385607715528
  ], 
  "2": [
    0.000109469208342537, 
    0.09876130075136685, 
    0.24426074509809811, 
    0.3484120085002861, 
    0.24624729803699666, 
    0.2828225032736902, 
    0.27723546505128543
  ], 
  "5": [
    5.312642150094921e-05, 
    0.08418313709192385, 
    0.3427921748198411, 
    0.1931554699620751, 
    0.30853440774736157, 
    0.27458094826663754, 
    0.44398711472209595
  ], 
  "4": [
    8.43870101912698e-05, 
    0.09606513854587509, 
    0.289663734323041, 
    0.21040200186715055, 
    0.279210756509874, 
    0.24192763533695844, 
    0.20843972975813962
  ], 
  "7": [
    2.6993028732401797e-05, 
    0.0810814239648189, 
    0.28384919302540645, 
    0.2548878454467887, 
    0.38618257621538615, 
    0.5226939046128406, 
    0.3474156064294837
  ], 
  "6": [
    2.9697733500236868e-05, 
    0.08681098816592213, 
    0.29990364782071294, 
    0.20895017492489074, 
    0.3561662934434804, 
    0.35202583901090884, 
    0.4607108014195731
  ]
}