{
  "1": 0.022978513989156377, 
  "3": 0.012077185731858259, 
  "2": 0.022096919871056463, 
  "4": 0.007884849692427595
}