{
  "1": [
    0.00013020400256989187, 
    0.07252311033665064, 
    0.3940412090766549, 
    0.25318042444049155, 
    0.3005276241444241, 
    0.29974512282698096, 
    0.19234891775592738
  ], 
  "3": [
    9.376196643396949e-05, 
    0.07522949320471162, 
    0.22481676259547928, 
    0.247680915101031, 
    0.40034989626032436, 
    0.33077884643338945, 
    0.2708864142492747
  ], 
  "2": [
    0.00011449985551118504, 
    0.05032434710519454, 
    0.2898096658385753, 
    0.23807490498271233, 
    0.1661504743357658, 
    0.21215130081773195, 
    0.15544891471633748
  ], 
  "5": [
    5.41401882283467e-05, 
    0.05031680473027335, 
    0.30281370605088664, 
    0.4365834502426688, 
    0.456778426508176, 
    0.3066554262743657, 
    0.3276338015863207
  ], 
  "4": [
    8.741920520610066e-05, 
    0.061694758024958496, 
    0.33920212868628014, 
    0.30135549895597713, 
    0.35620862383018104, 
    0.3473254722728319, 
    0.23037868571576908
  ], 
  "7": [
    2.8664235554001006e-05, 
    0.01141394819683355, 
    0.20790405138667692, 
    0.44678011573877774, 
    0.32965768308601273, 
    0.3429415383999228, 
    0.42541129307955156
  ], 
  "6": [
    3.426271766337065e-05, 
    0.02480174931215388, 
    0.438858680372059, 
    0.44079563454860055, 
    0.4291700057864297, 
    0.3208686223025562, 
    0.3507796386822338
  ]
}