{
  "1": 89.34723738554119, 
  "3": 0.04620839538658194, 
  "2": 0.06001028273157101, 
  "4": 0.033313613468532184
}