{
  "1": [
    -0.39835228087407076, 
    0.5033677662908742, 
    -0.6596510318259381, 
    0.3713578165583697, 
    -0.026210843938094263, 
    -0.09917287510984597, 
    -0.06609064212446628
  ], 
  "2": [
    -0.5397875637106275, 
    0.20218956604188454, 
    0.6296613014012633, 
    0.11278432442439557, 
    -0.2561271485375905, 
    -0.4216214162440156, 
    -0.12324517140726411
  ], 
  "3": [
    -0.44490161190594524, 
    0.16017453035428003, 
    -0.1198017837171699, 
    -0.8144368372327307, 
    -0.07057278725261042, 
    0.23517108037474913, 
    0.19611448437207854
  ], 
  "4": [
    -0.5392122261914996, 
    -0.3923099607692233, 
    0.11938096735720169, 
    0.3499591328660296, 
    0.3260811506999095, 
    0.5534930367692239, 
    0.07704804455328217
  ], 
  "5": [
    -0.22881760047874108, 
    -0.5536047629231996, 
    -0.2892132087841027, 
    -0.16005679799523095, 
    0.33516995007971584, 
    -0.647642095475815, 
    -0.011074032309568991
  ], 
  "6": [
    -0.08843470606964828, 
    -0.38201083902793787, 
    -0.20413854570428902, 
    -0.053194580883845266, 
    -0.5986791738590043, 
    0.16330175618041243, 
    -0.6454925216962277
  ], 
  "7": [
    -0.03285400597181225, 
    -0.2716003885933992, 
    -0.12027490595392981, 
    0.1874739174051743, 
    -0.5929981379825212, 
    -0.06806170734180723, 
    0.7205984546479477
  ]
}