{
  "V_11": 457.6726701551692, 
  "V_12": 619.728577702549, 
  "V_13": 510.91150156132244, 
  "V_14": 618.90810920014, 
  "V_15": 262.54432723027645, 
  "V_16": 101.42048412872803, 
  "V_17": 37.62899454593529, 
  "V_21": 619.728577702549, 
  "V_22": 839.9397753901195, 
  "V_23": 692.1878781146427, 
  "V_24": 838.8475323303103, 
  "V_25": 355.85017665779105, 
  "V_26": 137.5102399114945, 
  "V_27": 51.06349867832735, 
  "V_31": 510.91150156132244, 
  "V_32": 692.1878781146427, 
  "V_33": 570.4939557223375, 
  "V_34": 691.3971537178625, 
  "V_35": 293.34360489209524, 
  "V_36": 113.35704643324505, 
  "V_37": 42.11414642844313, 
  "V_41": 618.90810920014, 
  "V_42": 838.8475323303103, 
  "V_43": 691.3971537178625, 
  "V_44": 838.1420215102532, 
  "V_45": 355.7916388145515, 
  "V_46": 137.53233731874096, 
  "V_47": 51.118637297438646, 
  "V_51": 262.54432723027645, 
  "V_52": 355.85017665779105, 
  "V_53": 293.34360489209524, 
  "V_54": 355.7916388145515, 
  "V_55": 151.1846121131828, 
  "V_56": 58.485404141255664, 
  "V_57": 21.77685506986006, 
  "V_61": 101.42048412872803, 
  "V_62": 137.5102399114945, 
  "V_63": 113.35704643324505, 
  "V_64": 137.53233731874096, 
  "V_65": 58.485404141255664, 
  "V_66": 22.717528321948652, 
  "V_67": 8.488386298241613, 
  "V_71": 37.62899454593529, 
  "V_72": 51.06349867832735, 
  "V_73": 42.11414642844313, 
  "V_74": 51.118637297438646, 
  "V_75": 21.77685506986006, 
  "V_76": 8.488386298241613, 
  "V_77": 3.2232873067810757
}