{
  "1": 0.0018833952505557452, 
  "3": 0.00031842037433091363, 
  "2": 0.002158534743153525, 
  "4": 0.0005676929882231336
}