{
  "1": [
    0.00019386280506560928, 
    0.18224703748934318, 
    0.30618826967022605, 
    0.20620102740442525, 
    0.143301598622799, 
    0.09510280003415583, 
    0.10377334083537908
  ], 
  "3": [
    0.00013853155202886078, 
    0.24094941074264312, 
    0.34061913995120385, 
    0.3169443660608193, 
    0.31025379609687437, 
    0.16989947177620432, 
    0.1783625987792924
  ], 
  "2": [
    0.0001714181739451638, 
    0.20367347721159415, 
    0.32732559947265283, 
    0.3467591550682008, 
    0.3684711918055966, 
    0.21336763164747122, 
    0.19324045861131917
  ], 
  "5": [
    8.243882140251671e-05, 
    0.11389071289428802, 
    0.20642565886754544, 
    0.3652613342916178, 
    0.2873928299866496, 
    0.2660244789359834, 
    0.3923470870245552
  ], 
  "4": [
    0.00013171538025075706, 
    0.20691931082279147, 
    0.20416481108585774, 
    0.34003425880835275, 
    0.19232342571106337, 
    0.14323604508487336, 
    0.16640309757700059
  ], 
  "7": [
    3.1644331771303454e-05, 
    0.053512722070034074, 
    0.10653258655427865, 
    0.22861036498174642, 
    0.3229853644782126, 
    0.5373489911462788, 
    0.303722254053296
  ], 
  "6": [
    4.4977424439538196e-05, 
    0.0641153699837539, 
    0.13301579330172256, 
    0.39605054154849045, 
    0.34403730421714035, 
    0.29451458661264246, 
    0.44341048268012573
  ]
}