{
  "1": [
    -0.28399655333333323, 
    0.8150423773751664, 
    -0.15939146699357276, 
    0.06842561483951655, 
    -0.0920417938718662, 
    -0.07234898648648626, 
    0.00029321899317140274
  ], 
  "3": [
    -0.4700670133333333, 
    -0.06021893504198014, 
    0.46732499349901496, 
    0.3326727247464221, 
    -0.03573407242339779, 
    0.07160082293832293, 
    -0.01107789423534992
  ], 
  "2": [
    -0.5006723066666666, 
    0.03401282221240251, 
    0.28874336713845195, 
    -0.3979683965541182, 
    -0.009176516248839072, 
    -0.019434589397089155, 
    0.11027303477846587
  ], 
  "5": [
    -0.2594386933333333, 
    -0.2547575489762852, 
    -0.15227666332330378, 
    0.03719915242462164, 
    -0.3573894930362106, 
    -0.44526507276507293, 
    -0.16181689693504817
  ], 
  "4": [
    -0.6083906933333334, 
    -0.23923444542642472, 
    -0.4323669638545273, 
    0.023693851604834934, 
    0.3005582655524609, 
    0.108020200970201, 
    -0.025480538351596277
  ], 
  "7": [
    -0.03292235999999992, 
    -0.10171420680512573, 
    -0.12712930272298387, 
    0.04903384743643179, 
    -0.15257301764159703, 
    0.018076100138600965, 
    0.6256943544545027
  ], 
  "6": [
    -0.09580534666666668, 
    -0.0541105612019444, 
    -0.12761735205616828, 
    -0.023361671529804843, 
    -0.3924262321262753, 
    0.4783314015939005, 
    -0.13776599174209783
  ]
}