{"mode1_error": [7.661591973806117e-06, 4.304229776309349e-06, 4.692094847634056e-06, 4.016025370307801e-06, 1.4112958445174446e-05, 7.173290038028454e-05, 0.0004931826472193569], "mode1": [0.009057578902477381, 0.020153062616732036, 0.03340272041339485, 0.050544554620872005, 0.07127310672025282, 0.08353072776735623, 0.08364857820034131]}