{
  "1": 359.14650522572697, 
  "2": 0.2607132832987073, 
  "3": 0.22599333971871974, 
  "4": 0.17373414441211679, 
  "5": 0.060589674915589087, 
  "6": 0.016617989923516093, 
  "7": -0.19312445031088468
}