{
  "1": [
    -0.4229818350870439, 
    0.3753505544122219, 
    -0.5291653830692236, 
    0.5321697290662504, 
    0.2831764948333325, 
    0.16527234056490242, 
    -0.09733360947651157
  ], 
  "2": [
    -0.565758753502919, 
    0.5881071945077974, 
    0.3823511727158409, 
    -0.3610077469118525, 
    -0.08914319245492051, 
    -0.218258392547202, 
    0.04409890380947976
  ], 
  "3": [
    -0.4486478491580015, 
    -0.44407231716221063, 
    0.2801073765076512, 
    0.5421640772743691, 
    -0.38067164040687046, 
    -0.2569512502303871, 
    0.13482586068805813
  ], 
  "4": [
    -0.506261196626695, 
    -0.5088249953712372, 
    -0.43596336236502387, 
    -0.5339315892777396, 
    0.09544855559225668, 
    0.02268442430051701, 
    0.004971886133851686
  ], 
  "5": [
    -0.19299947786037625, 
    -0.21815922058905915, 
    0.5435817865400173, 
    0.05562288786876756, 
    0.5063113852381353, 
    0.4983196417802721, 
    -0.33452803693993094
  ], 
  "6": [
    -0.06971514991995628, 
    0.09507893131720517, 
    -0.07008968143856525, 
    -0.06592326808764051, 
    -0.6989120009924453, 
    0.6655862542319981, 
    -0.21297489762373373
  ], 
  "7": [
    -0.0361815930341102, 
    0.022479803775909208, 
    0.0698116056484214, 
    0.002043156759520899, 
    0.11407907557972032, 
    0.4088792880784067, 
    0.9017269033750456
  ]
}