{
  "1": [
    0.0002620656237825379, 
    0.3090188706624427, 
    0.34775574827048356, 
    0.3180522751266195, 
    0.2603730269383291, 
    0.2339044503391448, 
    0.19609839172782695
  ], 
  "3": [
    0.00019876584712149234, 
    0.21394936233206735, 
    0.3432171486420262, 
    0.29510667359044296, 
    0.2637165679495987, 
    0.2582884308839561, 
    0.22391327836450006
  ], 
  "2": [
    0.00023363939870084367, 
    0.24716177233672434, 
    0.32547812547817745, 
    0.27288488190676746, 
    0.21473712522179433, 
    0.1701880936590752, 
    0.14532966755125096
  ], 
  "5": [
    0.0001055225094725293, 
    0.15797046866681005, 
    0.3348268855856311, 
    0.47944061575248126, 
    0.3575385340839197, 
    0.31990132304224406, 
    0.28764378330315415
  ], 
  "4": [
    0.00019530286773610542, 
    0.21972072132053053, 
    0.35512273685343587, 
    0.30160321625428027, 
    0.2199090357460197, 
    0.167802577363519, 
    0.17238341688242886
  ], 
  "7": [
    4.483947467192549e-05, 
    0.0478240408736046, 
    0.12800948103399554, 
    0.22334260613067206, 
    0.32909514327848494, 
    0.5279310557042242, 
    0.34842707112828025
  ], 
  "6": [
    5.551592524628136e-05, 
    0.07439357783871632, 
    0.17508189671519842, 
    0.3253943078622969, 
    0.44931271760615504, 
    0.34282063913470306, 
    0.4592622393477433
  ]
}