{
  "1": 0.0009285012416492195, 
  "3": 0.00012786036626295346, 
  "2": 0.00035684213296027377, 
  "4": 0.0003200065694901798
}