{
  "dV_11": 0.2745624504451693, 
  "dV_12": 0.18863129235106993, 
  "dV_13": 0.14403062434352237, 
  "dV_14": 0.13959346227171068, 
  "dV_15": 0.06873366768170955, 
  "dV_16": 0.03570887755636753, 
  "dV_17": 0.028522172510590717, 
  "dV_21": 0.18863129235106993, 
  "dV_22": 0.2563986765053715, 
  "dV_23": 0.14018574958915678, 
  "dV_24": 0.135887161551277, 
  "dV_25": 0.06684257092562612, 
  "dV_26": 0.03473842677610006, 
  "dV_27": 0.027739470045716686, 
  "dV_31": 0.14403062434352237, 
  "dV_32": 0.14018574958915678, 
  "dV_33": 0.14944518088028735, 
  "dV_34": 0.10411389966710383, 
  "dV_35": 0.051114085450409234, 
  "dV_36": 0.026590110716758757, 
  "dV_37": 0.021192737801579112, 
  "dV_41": 0.13959346227171068, 
  "dV_42": 0.135887161551277, 
  "dV_43": 0.10411389966710383, 
  "dV_44": 0.1400211418557646, 
  "dV_45": 0.05002770774781162, 
  "dV_46": 0.0259355550390441, 
  "dV_47": 0.020592180380721803, 
  "dV_51": 0.06873366768170955, 
  "dV_52": 0.06684257092562612, 
  "dV_53": 0.051114085450409234, 
  "dV_54": 0.05002770774781162, 
  "dV_55": 0.034540797893711464, 
  "dV_56": 0.012821782119034397, 
  "dV_57": 0.010188418957366975, 
  "dV_61": 0.03570887755636753, 
  "dV_62": 0.03473842677610006, 
  "dV_63": 0.026590110716758757, 
  "dV_64": 0.0259355550390441, 
  "dV_65": 0.012821782119034397, 
  "dV_66": 0.01033576120833777, 
  "dV_67": 0.005340422917227147, 
  "dV_71": 0.028522172510590717, 
  "dV_72": 0.027739470045716686, 
  "dV_73": 0.021192737801579112, 
  "dV_74": 0.020592180380721803, 
  "dV_75": 0.010188418957366975, 
  "dV_76": 0.005340422917227147, 
  "dV_77": 0.009003882580970582
}