{
  "1": 359.14669840146075, 
  "3": 0.22869602545368403, 
  "2": 0.27482194381428876, 
  "4": 0.18126061739435292
}