{
  "11": [
    -0.001160593333333313, 
    -0.08937973883740515, 
    0.0013246378482229576, 
    -0.013268191949652397, 
    0.005909362227925147, 
    0.01200441396402179, 
    -0.25367113017234494, 
    0.06350566007396705, 
    0.1788240579710148, 
    -0.12337304620203561, 
    0.4843811886112154
  ], 
  "10": [
    -0.0020999999999999873, 
    -0.0885137180567256, 
    0.03456547550432288, 
    -0.01735115161050636, 
    0.007354167854766763, 
    0.04393779002691966, 
    -0.2714335636565806, 
    0.08781362759286072, 
    0.19635030992196242, 
    0.4060571078047515, 
    -0.2689808239048438
  ], 
  "1": [
    -0.39424176, 
    0.5019590704858183, 
    0.33594625552353524, 
    -0.20774587212097267, 
    -0.17537742610018117, 
    0.038405268555313704, 
    -0.07586991501866441, 
    -0.004733582569544781, 
    -0.0009407937569676143, 
    -0.021195056121117134, 
    0.006656376144887993
  ], 
  "3": [
    -0.44446466666666673, 
    0.059439953664701006, 
    0.02896868780019225, 
    0.423687500546305, 
    -0.15217154262902774, 
    0.023463278212195106, 
    -0.006538416329123658, 
    -0.023713571313715705, 
    0.028272575250836166, 
    0.0035262176977291456, 
    -0.0020539806871398662
  ], 
  "2": [
    -0.53471774, 
    0.04719425723111464, 
    -0.5368738789625354, 
    -0.13264373497661835, 
    0.015395903431232778, 
    0.13353408110071374, 
    -0.052301620204908236, 
    -0.022937264833574413, 
    -0.014685685618729056, 
    -0.004512790394152891, 
    -0.011711446806746989
  ], 
  "5": [
    -0.23405695333333332, 
    -0.4966406627351854, 
    0.024192549471661978, 
    -0.11959283685153496, 
    -0.2429161011310712, 
    -0.3985401230611481, 
    0.0344119370979271, 
    -0.033586203569705785, 
    0.012575665551839586, 
    -0.0074874497520228895, 
    -0.018842583613079635
  ], 
  "4": [
    -0.5446055199999998, 
    -0.1506453313675932, 
    0.21226021517771398, 
    -0.0019283554040461688, 
    0.3505131166238944, 
    -0.08533617484937775, 
    0.07132341354936075, 
    0.044167253577745653, 
    -0.004887424749163788, 
    0.016201759331767252, 
    0.011775179244892076
  ], 
  "7": [
    -0.03423333333333333, 
    -0.315198834597024, 
    0.1415661517771372, 
    -0.04436704252436496, 
    0.03511449481988418, 
    0.25040620005982134, 
    -0.020629497259947543, 
    -0.4337171570992113, 
    0.11421059085841709, 
    -0.11639503523884095, 
    -0.042247797256413415
  ], 
  "6": [
    -0.09144157999999993, 
    -0.4092072591968559, 
    0.15925257636887574, 
    -0.05430314671561582, 
    -0.0769818458321443, 
    0.3609374823740549, 
    0.2427150266063064, 
    0.24989644637401529, 
    -0.056017600891861516, 
    0.06781465413730106, 
    0.04942674375233129
  ], 
  "9": [
    -0.004770839999999915, 
    -0.1198088317888232, 
    0.028034762728146083, 
    0.0019103142345177832, 
    0.01468211196654321, 
    0.055029658590779136, 
    -0.33325448336113056, 
    0.3210733478051132, 
    0.07579471571906359, 
    -0.2700065518141481, 
    -0.15042651995524048
  ], 
  "8": [
    -0.012637786666666604, 
    -0.1729112819432743, 
    0.06926254370797327, 
    0.006882238538525526, 
    0.020026451858188462, 
    0.06566779045421542, 
    -0.40628011277896947, 
    -0.10445513748190938, 
    -0.3471111125975468, 
    0.038625972330984325, 
    0.017001802809895886
  ]
}