{
  "1": 1463.5394633677163, 
  "3": 0.18228912261746316, 
  "2": 0.28736956610208864, 
  "4": 0.047992260152057105
}