{
  "1": 1798.7162423433888, 
  "3": 0.260425614723139, 
  "2": 0.7636939073700917, 
  "4": 0.1493997188415496
}