{
  "dV_10_1": 0.01908927364375678, 
  "dV_10_10": 0.0016242826221172203, 
  "dV_10_11": 0.0008606281494590627, 
  "dV_10_2": 0.01994959775697747, 
  "dV_10_3": 0.015845088947580906, 
  "dV_10_4": 0.017129000468866805, 
  "dV_10_5": 0.008517678225254706, 
  "dV_10_6": 0.0043324533559858805, 
  "dV_10_7": 0.002366718420611631, 
  "dV_10_8": 0.0014004169633458875, 
  "dV_10_9": 0.0009533385854825909, 
  "dV_11_1": 0.019881614363213774, 
  "dV_11_10": 0.0008606281494590627, 
  "dV_11_11": 0.0019997958001704537, 
  "dV_11_2": 0.02076279335387958, 
  "dV_11_3": 0.0164753789363742, 
  "dV_11_4": 0.017796149317807885, 
  "dV_11_5": 0.008858338911887323, 
  "dV_11_6": 0.004511572075359361, 
  "dV_11_7": 0.002468407401172791, 
  "dV_11_8": 0.0014636053061354585, 
  "dV_11_9": 0.0009945778935323126, 
  "dV_1_1": 0.6235191154469145, 
  "dV_1_10": 0.01908927364375678, 
  "dV_1_11": 0.019881614363213774, 
  "dV_1_2": 0.45820220638137543, 
  "dV_1_3": 0.3623641953480871, 
  "dV_1_4": 0.38710222021554724, 
  "dV_1_5": 0.19439360794121352, 
  "dV_1_6": 0.10012684882989997, 
  "dV_1_7": 0.05503575848448716, 
  "dV_1_8": 0.03248696093071036, 
  "dV_1_9": 0.0219940902275732, 
  "dV_2_1": 0.45820220638137543, 
  "dV_2_10": 0.01994959775697747, 
  "dV_2_11": 0.02076279335387958, 
  "dV_2_2": 0.648992720344107, 
  "dV_2_3": 0.37112850455763374, 
  "dV_2_4": 0.3928815035428665, 
  "dV_2_5": 0.19875408834017438, 
  "dV_2_6": 0.10342346657869093, 
  "dV_2_7": 0.05729269677895095, 
  "dV_2_8": 0.033965513631804244, 
  "dV_2_9": 0.022989701288325996, 
  "dV_3_1": 0.3623641953480871, 
  "dV_3_10": 0.015845088947580906, 
  "dV_3_11": 0.0164753789363742, 
  "dV_3_2": 0.37112850455763374, 
  "dV_3_3": 0.40368293049237414, 
  "dV_3_4": 0.31103156338822785, 
  "dV_3_5": 0.157508771581784, 
  "dV_3_6": 0.08203003621960714, 
  "dV_3_7": 0.04548826402089455, 
  "dV_3_8": 0.026961669418734523, 
  "dV_3_9": 0.018262327246178107, 
  "dV_4_1": 0.38710222021554724, 
  "dV_4_10": 0.017129000468866805, 
  "dV_4_11": 0.017796149317807885, 
  "dV_4_2": 0.3928815035428665, 
  "dV_4_3": 0.31103156338822785, 
  "dV_4_4": 0.4440952037419572, 
  "dV_4_5": 0.16849864058945854, 
  "dV_4_6": 0.08819886065246182, 
  "dV_4_7": 0.049102269103248275, 
  "dV_4_8": 0.029167001945705397, 
  "dV_4_9": 0.019755461703502716, 
  "dV_5_1": 0.19439360794121352, 
  "dV_5_10": 0.008517678225254706, 
  "dV_5_11": 0.008858338911887323, 
  "dV_5_2": 0.19875408834017438, 
  "dV_5_3": 0.157508771581784, 
  "dV_5_4": 0.16849864058945854, 
  "dV_5_5": 0.11788710882661306, 
  "dV_5_6": 0.04458398757195128, 
  "dV_5_7": 0.024547760993396898, 
  "dV_5_8": 0.014509333768967392, 
  "dV_5_9": 0.009814082759722622, 
  "dV_6_1": 0.10012684882989997, 
  "dV_6_10": 0.0043324533559858805, 
  "dV_6_11": 0.004511572075359361, 
  "dV_6_2": 0.10342346657869093, 
  "dV_6_3": 0.08203003621960714, 
  "dV_6_4": 0.08819886065246182, 
  "dV_6_5": 0.04458398757195128, 
  "dV_6_6": 0.03194104545584481, 
  "dV_6_7": 0.012558716298539505, 
  "dV_6_8": 0.0073812076917930845, 
  "dV_6_9": 0.00498998916890424, 
  "dV_7_1": 0.05503575848448716, 
  "dV_7_10": 0.002366718420611631, 
  "dV_7_11": 0.002468407401172791, 
  "dV_7_2": 0.05729269677895095, 
  "dV_7_3": 0.04548826402089455, 
  "dV_7_4": 0.049102269103248275, 
  "dV_7_5": 0.024547760993396898, 
  "dV_7_6": 0.012558716298539505, 
  "dV_7_7": 0.009622773119410667, 
  "dV_7_8": 0.004029606821518796, 
  "dV_7_9": 0.0027238790452888, 
  "dV_8_1": 0.03248696093071036, 
  "dV_8_10": 0.0014004169633458875, 
  "dV_8_11": 0.0014636053061354585, 
  "dV_8_2": 0.033965513631804244, 
  "dV_8_3": 0.026961669418734523, 
  "dV_8_4": 0.029167001945705397, 
  "dV_8_5": 0.014509333768967392, 
  "dV_8_6": 0.0073812076917930845, 
  "dV_8_7": 0.004029606821518796, 
  "dV_8_8": 0.0033898698839546007, 
  "dV_8_9": 0.0016110781233205146, 
  "dV_9_1": 0.0219940902275732, 
  "dV_9_10": 0.0009533385854825909, 
  "dV_9_11": 0.0009945778935323126, 
  "dV_9_2": 0.022989701288325996, 
  "dV_9_3": 0.018262327246178107, 
  "dV_9_4": 0.019755461703502716, 
  "dV_9_5": 0.009814082759722622, 
  "dV_9_6": 0.00498998916890424, 
  "dV_9_7": 0.0027238790452888, 
  "dV_9_8": 0.0016110781233205146, 
  "dV_9_9": 0.0017840039334560882
}