{"mode1_error": [6e-06, 6e-06, 9e-06, 1e-05, 2e-05, 3.3e-05, 5.6e-05], "mode2": [0.00041, 0.0003, -0.00029, -0.00059, -0.00256, -0.00664, -0.00982], "mode2_error": [2.8e-05, 3.2e-05, 7.5e-05, 5.4e-05, 0.000171, 0.000429, 0.00072], "mode1": [0.00196, 0.00355, 0.00512, 0.00703, 0.01029, 0.01434, 0.01989]}