{
  "P_1": 417.6173139282736, 
  "P_2": 335.73964403669726, 
  "P_3": 188.8759404503753, 
  "P_4": 159.60774645537947, 
  "P_5": 47.296172643869895, 
  "P_6": 14.455096513671116, 
  "P_7": 4.816144697501517
}