{
  "1": 0.0007440799014247529, 
  "3": 6.71586259354649e-08, 
  "2": 2.705648363816356e-07, 
  "4": 8.319583324390387e-08
}