{
  "1": [
    0.0001478464766834903, 
    0.22602510670984052, 
    0.17089212971915627, 
    0.14940394406898075, 
    0.1448828233052004, 
    0.1693289999964996, 
    0.12485532830279161
  ], 
  "3": [
    0.00010541323498524405, 
    0.09387794164082874, 
    0.19619468119633282, 
    0.16978537160084264, 
    0.21256336478270565, 
    0.2440574630118535, 
    0.19606426187994713
  ], 
  "2": [
    0.0001291670254905028, 
    0.14656377295955672, 
    0.21961488579347718, 
    0.10096068691897882, 
    0.21135900784291656, 
    0.14582923569230094, 
    0.17269924048681892
  ], 
  "5": [
    6.169455242785788e-05, 
    0.08730296576687917, 
    0.06296651920121958, 
    0.24849030530061803, 
    0.5464069287956045, 
    0.3975101669750736, 
    0.44550594493741025
  ], 
  "4": [
    9.860500749291191e-05, 
    0.1371252041631297, 
    0.08035356253367366, 
    0.15311097716409777, 
    0.44937877413027466, 
    0.20146143746114548, 
    0.3007073819875672
  ], 
  "7": [
    2.269577641305337e-05, 
    0.07815870451970496, 
    0.057162710713851254, 
    0.19116549461121496, 
    0.4209616439929653, 
    0.39908301791613277, 
    0.5138405460084412
  ], 
  "6": [
    3.684198327161362e-05, 
    0.10353076744212862, 
    0.08725705433728716, 
    0.2505306665201222, 
    0.2788943226361917, 
    0.38625130848299827, 
    0.448269690871243
  ]
}