{
  "1": 87.86616684137867, 
  "3": 0.013901778138388195, 
  "2": 0.02697986737093258, 
  "4": -0.01070271642440309
}