{
  "1": [
    -0.46083268436159597, 
    0.5504132923635218, 
    0.2855985554696156, 
    -0.5488045307032786, 
    -0.034697223615098784, 
    -0.2906543089394555, 
    -0.12744281923778958
  ], 
  "2": [
    -0.5248302159441934, 
    -0.6988433781029181, 
    0.43404334120117416, 
    -0.04698628803573889, 
    0.2129065454385594, 
    0.004956930968003488, 
    -0.014699515434266525
  ], 
  "3": [
    -0.43086661474083576, 
    0.4272202629438686, 
    0.1837296084917623, 
    0.6851455532001287, 
    0.11464309959475669, 
    0.3303887768456596, 
    0.07972468234578386
  ], 
  "4": [
    -0.519542944998445, 
    -0.13786715017908138, 
    -0.6028376564639835, 
    0.09626368489613672, 
    -0.46031487823284467, 
    -0.2619805107398748, 
    0.24054992203899694
  ], 
  "5": [
    -0.21964101255983945, 
    -0.0019405820371223047, 
    -0.41388902806736144, 
    -0.39088796617787774, 
    0.17826020343611762, 
    0.7443418209977944, 
    -0.20453626443839365
  ], 
  "6": [
    -0.0847395017220151, 
    -0.020369270915731427, 
    -0.29587429520145014, 
    0.24453744814421158, 
    0.33594165919845287, 
    -0.35549555504652375, 
    -0.7783509873454755
  ], 
  "7": [
    -0.03453422229853713, 
    0.0819753819548239, 
    -0.2720740852590821, 
    -0.07295741270716015, 
    0.764068439121467, 
    -0.23933895109877257, 
    0.5212068870712755
  ]
}