{
  "1": 636.01804475308211, 
  "2": 0.44171827169471634, 
  "3": 0.19487372389569049, 
  "4": 0.092761840490034095, 
  "5": 0.075230920012077165, 
  "6": -0.091487412074030786, 
  "7": -0.33224790466992776
}