{
  "1": 0.0007243827493814841, 
  "3": 0.00022302586352325113, 
  "2": 0.0005132022292174527, 
  "4": 0.00020557481663945637
}