{
  "1": [
    -0.46083313333333326, 
    0.3672617963186886, 
    0.21556708233745572, 
    -0.41048113063671865, 
    -0.04304211985497991, 
    -0.2114208004344731, 
    -0.014524361231756712
  ], 
  "3": [
    -0.43086782, 
    0.2503393524116612, 
    0.0921345145311582, 
    0.5460492565249044, 
    0.11287519016137076, 
    0.22336947403601162, 
    -0.01733748483781361
  ], 
  "2": [
    -0.5248288199999999, 
    -0.4579709324197226, 
    0.26403897952821426, 
    -0.029343270597206116, 
    0.16234597995308175, 
    -0.007628236621130471, 
    -0.002674198849630129
  ], 
  "5": [
    -0.2196411, 
    0.004805951901115069, 
    -0.2450452907963567, 
    -0.3446309625316279, 
    0.19496894149427707, 
    0.4163679617328827, 
    -0.23614354971240786
  ], 
  "4": [
    -0.5195437266666666, 
    -0.07460936450356022, 
    -0.38855261699400795, 
    0.05803411666839992, 
    -0.3764001350678909, 
    -0.10019667878180194, 
    0.16912612200180038
  ], 
  "7": [
    -0.034534733333333296, 
    0.046670616686819814, 
    -0.16956097197686096, 
    -0.062276992131988465, 
    0.5453771664178579, 
    -0.106199578059072, 
    0.36728646163477713
  ], 
  "6": [
    -0.08473988, 
    -0.007763247346500065, 
    -0.1893740933180921, 
    0.20048388270770515, 
    0.23479015426174754, 
    -0.3602933241425402, 
    -0.39083048479868565
  ]
}