{
  "1": 134.82743550797946, 
  "2": 0.13813396746694673, 
  "3": 0.10500029613609056, 
  "4": 0.014455082769699479, 
  "5": 0.0018880557233796468, 
  "6": -0.045910491026793128, 
  "7": -0.20669069655010358
}