{
  "1": 0.024588905194398093, 
  "3": 0.023479611901679638, 
  "2": 0.03652345347251518, 
  "4": 0.002353252655841971
}