{
  "1": [
    0.000212086871441844, 
    0.2797753906613118, 
    0.3078616200132838, 
    0.4128594674091718, 
    0.26262336937093317, 
    0.14075359588426525, 
    0.1414858485399291
  ], 
  "3": [
    0.00015032541126222323, 
    0.17397227424520978, 
    0.34061812537428104, 
    0.2771916566488546, 
    0.22941589556559436, 
    0.12700107715270317, 
    0.12109568412386061
  ], 
  "2": [
    0.00018458166231983996, 
    0.20175028606751302, 
    0.30129133517268236, 
    0.17912449685411588, 
    0.1244895471656097, 
    0.07264480028202897, 
    0.07692071173162414
  ], 
  "5": [
    8.568961452368065e-05, 
    0.10796786127623889, 
    0.2144374016539371, 
    0.24824372517564913, 
    0.18103572333750356, 
    0.3040979238526655, 
    0.47909071610508985
  ], 
  "4": [
    0.00014157318840246014, 
    0.10334626164685017, 
    0.3748359126041881, 
    0.27767470307925013, 
    0.22230667627886647, 
    0.0742848668476774, 
    0.1080435916371125
  ], 
  "7": [
    2.689591790368772e-05, 
    0.07694810156808705, 
    0.14314128484336036, 
    0.17724803850620868, 
    0.2304795383591714, 
    0.5210384896919187, 
    0.3281729191219582
  ], 
  "6": [
    4.6928619062433804e-05, 
    0.10638141112971482, 
    0.19122665124140048, 
    0.21420046340969262, 
    0.19888904777698382, 
    0.3986080088886807, 
    0.4160271685603758
  ]
}