{
  "dV_11": 0.1561344993152973, 
  "dV_12": 0.10212373791782998, 
  "dV_13": 0.07820721179713927, 
  "dV_14": 0.07511174659215021, 
  "dV_15": 0.03948186369316177, 
  "dV_16": 0.021062880757858303, 
  "dV_17": 0.012206875843790127, 
  "dV_21": 0.10212373791782998, 
  "dV_22": 0.13348386256052758, 
  "dV_23": 0.07238873654897342, 
  "dV_24": 0.06947196260502926, 
  "dV_25": 0.03650807369153142, 
  "dV_26": 0.01947727147786434, 
  "dV_27": 0.011293123659865428, 
  "dV_31": 0.07820721179713927, 
  "dV_32": 0.07238873654897342, 
  "dV_33": 0.07824872907978557, 
  "dV_34": 0.05333419991056098, 
  "dV_35": 0.02800506625117375, 
  "dV_36": 0.014926054457523819, 
  "dV_37": 0.008651547639075219, 
  "dV_41": 0.07511174659215021, 
  "dV_42": 0.06947196260502926, 
  "dV_43": 0.05333419991056098, 
  "dV_44": 0.07196935470138777, 
  "dV_45": 0.02696866716192443, 
  "dV_46": 0.014354747415379237, 
  "dV_47": 0.008312217337809144, 
  "dV_51": 0.03948186369316177, 
  "dV_52": 0.03650807369153142, 
  "dV_53": 0.02800506625117375, 
  "dV_54": 0.02696866716192443, 
  "dV_55": 0.020005318748624563, 
  "dV_56": 0.007581424804405452, 
  "dV_57": 0.004391390589089141, 
  "dV_61": 0.021062880757858303, 
  "dV_62": 0.01947727147786434, 
  "dV_63": 0.014926054457523819, 
  "dV_64": 0.014354747415379237, 
  "dV_65": 0.007581424804405452, 
  "dV_66": 0.005740132684399925, 
  "dV_67": 0.002360684942293143, 
  "dV_71": 0.012206875843790127, 
  "dV_72": 0.011293123659865428, 
  "dV_73": 0.008651547639075219, 
  "dV_74": 0.008312217337809144, 
  "dV_75": 0.004391390589089141, 
  "dV_76": 0.002360684942293143, 
  "dV_77": 0.002146854566569162
}