{
  "1": [
    0.2749435281939886, 
    -0.4015089641461314, 
    -0.7357758227964443, 
    0.3617997998723049, 
    -0.25099145619788205, 
    0.07815051872377136, 
    0.03316873585021595, 
    0.021740095546609977, 
    -0.08415996134919598, 
    -0.10492559298016407, 
    -0.04649904090600435
  ], 
  "2": [
    0.48230789007136926, 
    -0.05881474391947579, 
    0.5669051687018583, 
    0.5532532937227764, 
    -0.28763834205305455, 
    -0.1835068522186809, 
    0.01696828303555314, 
    -0.1046358858366, 
    0.05196725050034523, 
    -0.07014001526015876, 
    -0.034378176611273986
  ], 
  "3": [
    0.45902203359505855, 
    -0.037659537545187985, 
    -0.16860819547580666, 
    -0.32863007416865403, 
    0.1969486609055795, 
    -0.7212997883645883, 
    -0.10197135320862273, 
    0.03971806241883012, 
    0.0920099107164936, 
    0.2256676431390792, 
    0.14499838882438054
  ], 
  "4": [
    0.6208916923511028, 
    0.06923536555943935, 
    0.08756017765487116, 
    -0.28898711992374027, 
    0.19404126423365003, 
    0.5054635025970585, 
    0.014380039875561149, 
    0.4369000042290674, 
    -0.07712074750966753, 
    -0.13412376426638462, 
    -0.1017303915738975
  ], 
  "5": [
    0.282890254066431, 
    0.21351691419222446, 
    -0.10599096185699869, 
    -0.04963228606563991, 
    0.027596715570400145, 
    0.35961455059482406, 
    0.05496988229623121, 
    -0.6923428177631803, 
    0.04411950166976053, 
    0.4787177578942442, 
    0.13086058445533405
  ], 
  "6": [
    0.1124324120391844, 
    0.23923886019132892, 
    -0.11927416493290964, 
    -0.18487433614242796, 
    0.019237657949833252, 
    -0.08872654060744774, 
    -0.060785980895856837, 
    -0.440707675051768, 
    0.2573669012098213, 
    -0.736912404942179, 
    -0.2574501557627836
  ], 
  "7": [
    0.04551399241352385, 
    0.2270499726220734, 
    -0.005278167204371026, 
    -0.031002609461242114, 
    -0.020130387815567134, 
    -0.1544008776255196, 
    0.0865390745747417, 
    -0.14091056908352267, 
    -0.9333650133584455, 
    -0.1489168597611589, 
    0.021251420397097993
  ], 
  "8": [
    0.02381192933447565, 
    0.24795161605831614, 
    -0.06679192619826094, 
    0.032542286918350254, 
    -0.182518173409589, 
    0.06460593711480687, 
    0.02059437252791445, 
    0.1107324879042154, 
    0.10265550588689948, 
    -0.27007748493646905, 
    0.8937450434666548
  ], 
  "9": [
    0.014338684101130133, 
    0.3394075741740342, 
    -0.10485505183157656, 
    -0.06895569584519654, 
    -0.29291696274729834, 
    -0.1257420630053582, 
    0.8234087630085879, 
    0.16483112385215426, 
    0.14477600974359817, 
    0.0998508592603214, 
    -0.17644953922155257
  ], 
  "10": [
    0.007662352502845805, 
    0.41520537218886494, 
    -0.10372931178997782, 
    -0.13314530742220976, 
    -0.6427571437678571, 
    -0.005090890084240546, 
    -0.5284092698203771, 
    0.17568947310770422, 
    0.01156124443630769, 
    0.18399449868444506, 
    -0.2045113588731868
  ], 
  "11": [
    0.002578838573577533, 
    0.5706752138029942, 
    -0.22238070308734495, 
    0.5570958710794837, 
    0.494003856844236, 
    -0.05835605160667764, 
    -0.12711750248593737, 
    0.18001157350911595, 
    0.06940218820753832, 
    0.06327002436602906, 
    -0.09841818013063171
  ]
}