{
  "1": 0.0027865943515505342, 
  "3": 0.001969149433493878, 
  "2": 0.0021013095110200613, 
  "4": 0.0005345125960908782
}