{
  "1": [
    0.00032613791488938647, 
    0.17852573041476782, 
    0.333971031119972, 
    0.29742001085080494, 
    0.2339981915934095, 
    0.1524545916927444, 
    0.10913826909751383
  ], 
  "3": [
    0.0002038351944455362, 
    0.2091906916153669, 
    0.307656145473936, 
    0.36902557719932627, 
    0.26609820927329786, 
    0.2976025396802498, 
    0.23332537993818012
  ], 
  "2": [
    0.0002518203378921217, 
    0.294891248128421, 
    0.2877679993999751, 
    0.38179082762080063, 
    0.31284233448468524, 
    0.14892476764510001, 
    0.19057415515316925
  ], 
  "5": [
    0.00012181652066083881, 
    0.2687717293959835, 
    0.4249553279390951, 
    0.28811084626173356, 
    0.3712531152816946, 
    0.1778171114229319, 
    0.23754988797896218
  ], 
  "4": [
    0.00019638261975645993, 
    0.13362684584278287, 
    0.287227954658066, 
    0.3402023621363768, 
    0.2571952704273028, 
    0.17728673799919217, 
    0.15668192827939625
  ], 
  "7": [
    3.696280652997138e-05, 
    0.05363357454783085, 
    0.10176060149322778, 
    0.1581462741797694, 
    0.2709720467870614, 
    0.49891823504937904, 
    0.35821497749529424
  ], 
  "6": [
    6.372632841005915e-05, 
    0.10824586583711913, 
    0.23434359594029328, 
    0.3005913227758107, 
    0.33478274551099974, 
    0.30733870957657067, 
    0.4094695488983009
  ]
}