{
  "V_11": 112.47863663551631, 
  "V_12": 173.89229186464237, 
  "V_13": 162.6273811541352, 
  "V_14": 212.45733826144732, 
  "V_15": 91.5958589870625, 
  "V_16": 33.7141572121068, 
  "V_17": 11.730525349842559, 
  "V_21": 173.89229186464237, 
  "V_22": 265.04638003426487, 
  "V_23": 249.49728443659865, 
  "V_24": 324.3388530992615, 
  "V_25": 139.39412019055553, 
  "V_26": 51.730055746281145, 
  "V_27": 17.86756393418335, 
  "V_31": 162.6273811541352, 
  "V_32": 249.49728443659865, 
  "V_33": 234.36557724390744, 
  "V_34": 304.76165203237156, 
  "V_35": 130.5459711792136, 
  "V_36": 48.497354739076194, 
  "V_37": 16.726424632739715, 
  "V_41": 212.45733826144732, 
  "V_42": 324.3388530992615, 
  "V_43": 304.76165203237156, 
  "V_44": 396.5520653873989, 
  "V_45": 169.4506785907786, 
  "V_46": 62.75753020321615, 
  "V_47": 21.733188865617855, 
  "V_51": 91.5958589870625, 
  "V_52": 139.39412019055553, 
  "V_53": 130.5459711792136, 
  "V_54": 169.4506785907786, 
  "V_55": 72.67212451288987, 
  "V_56": 26.7730486175508, 
  "V_57": 9.207435740840383, 
  "V_61": 33.7141572121068, 
  "V_62": 51.730055746281145, 
  "V_63": 48.497354739076194, 
  "V_64": 62.75753020321615, 
  "V_65": 26.7730486175508, 
  "V_66": 9.827831534470816, 
  "V_67": 3.323182314880489, 
  "V_71": 11.730525349842559, 
  "V_72": 17.86756393418335, 
  "V_73": 16.726424632739715, 
  "V_74": 21.733188865617855, 
  "V_75": 9.207435740840383, 
  "V_76": 3.323182314880489, 
  "V_77": 1.1114159671529018
}