{
  "dV_11": 0.17649469515475452, 
  "dV_12": 0.12650285132507486, 
  "dV_13": 0.09698112976490991, 
  "dV_14": 0.09782255743080102, 
  "dV_15": 0.04659308976060383, 
  "dV_16": 0.023177972525710713, 
  "dV_17": 0.01267149234345515, 
  "dV_21": 0.12650285132507486, 
  "dV_22": 0.17526489132196094, 
  "dV_23": 0.09727762640897182, 
  "dV_24": 0.09755870887071241, 
  "dV_25": 0.046784084976680226, 
  "dV_26": 0.023455102180081094, 
  "dV_27": 0.012877576014700923, 
  "dV_31": 0.09698112976490991, 
  "dV_32": 0.09727762640897182, 
  "dV_33": 0.10278349442752646, 
  "dV_34": 0.07511409503875291, 
  "dV_35": 0.03597989303959774, 
  "dV_36": 0.018048203044766165, 
  "dV_37": 0.009909301354232371, 
  "dV_41": 0.09782255743080102, 
  "dV_42": 0.09755870887071241, 
  "dV_43": 0.07511409503875291, 
  "dV_44": 0.10220880129080372, 
  "dV_45": 0.036558708798639566, 
  "dV_46": 0.018354937862528932, 
  "dV_47": 0.010090208453684076, 
  "dV_51": 0.04659308976060383, 
  "dV_52": 0.046784084976680226, 
  "dV_53": 0.03597989303959774, 
  "dV_54": 0.036558708798639566, 
  "dV_55": 0.02424868835105142, 
  "dV_56": 0.008765917226301365, 
  "dV_57": 0.004779865848150851, 
  "dV_61": 0.023177972525710713, 
  "dV_62": 0.023455102180081094, 
  "dV_63": 0.018048203044766165, 
  "dV_64": 0.018354937862528932, 
  "dV_65": 0.008765917226301365, 
  "dV_66": 0.006085139097533509, 
  "dV_67": 0.002368188783873198, 
  "dV_71": 0.01267149234345515, 
  "dV_72": 0.012877576014700923, 
  "dV_73": 0.009909301354232371, 
  "dV_74": 0.010090208453684076, 
  "dV_75": 0.004779865848150851, 
  "dV_76": 0.002368188783873198, 
  "dV_77": 0.0019192881823684258
}