{
  "1": 4067.3001610189785, 
  "2": 2.3248145064025674, 
  "3": 1.595002645518997, 
  "4": 0.25163484469073055, 
  "5": 0.030962793718811932, 
  "6": -0.22739036883518074, 
  "7": -1.0554939510446488
}