{
  "1": [
    -0.45418433712752493, 
    -0.30559114560224165, 
    -0.7182551167456842, 
    -0.24716349279395658, 
    0.34297708707146346, 
    0.03819047868544217, 
    0.0652582547895044
  ], 
  "2": [
    -0.5178869363342193, 
    0.7491957061556748, 
    0.17448472831275266, 
    -0.24916370880150016, 
    0.18405212961742284, 
    -0.20712500899841152, 
    0.034575787553587284
  ], 
  "3": [
    -0.4305638324245197, 
    0.015911047095090645, 
    -0.09517808540029778, 
    0.8792868939030871, 
    -0.12515420290519003, 
    -0.10199751080945038, 
    0.07804004319504675
  ], 
  "4": [
    -0.5284173721695727, 
    -0.23661533592661055, 
    0.30524505390095635, 
    -0.21079244341773723, 
    -0.4575016159637105, 
    0.5462403239484839, 
    -0.13962108130234718
  ], 
  "5": [
    -0.2276627613225158, 
    -0.46745473010167443, 
    0.3015488579153307, 
    -0.178286855371375, 
    -0.13005936925213296, 
    -0.7681221171075769, 
    0.003286272049203184
  ], 
  "6": [
    -0.08914305684116756, 
    -0.22002094459343086, 
    0.41356845530186487, 
    0.16569756557696716, 
    0.7346471734997827, 
    0.15800865636945546, 
    -0.424825309838395
  ], 
  "7": [
    -0.03350759024042047, 
    -0.14885135618417905, 
    0.29909977440980007, 
    -0.002621453426492691, 
    0.25864709383935236, 
    0.1785508666711244, 
    0.8879607181332327
  ]
}