{
  "1": 0.004467109295088834, 
  "3": 0.004644801364145109, 
  "2": 0.004429975454264453, 
  "4": 0.0017770691279798245
}