{
  "1": [
    0.00011983839165217665, 
    0.35331195738611343, 
    0.2853119571522919, 
    0.35848887088102865, 
    0.190948467115292, 
    0.24026612041364726, 
    0.16942461682106758
  ], 
  "3": [
    8.697811107592386e-05, 
    0.2932284251744094, 
    0.38367000867939155, 
    0.32013966580828246, 
    0.26090863060037695, 
    0.20205984274118927, 
    0.16987523755702955
  ], 
  "2": [
    0.00010047768216471674, 
    0.23823544059418167, 
    0.3657139538359429, 
    0.22716827025272224, 
    0.19447413371015962, 
    0.16426529453044222, 
    0.11695861345258243
  ], 
  "5": [
    5.3499301886291746e-05, 
    0.22548414119305787, 
    0.28822164963602953, 
    0.24718034444707646, 
    0.44554389886799184, 
    0.27586246452417784, 
    0.354167730986044
  ], 
  "4": [
    8.659481683223165e-05, 
    0.21178442286844132, 
    0.20585330122719675, 
    0.26068170186994616, 
    0.34397817807967096, 
    0.3378498710492204, 
    0.2762437057082939
  ], 
  "7": [
    1.2480028468575715e-05, 
    0.1120285595423089, 
    0.16482860970410312, 
    0.1967531362839357, 
    0.3072194408516763, 
    0.45445626329437544, 
    0.30463498696765384
  ], 
  "6": [
    3.35960817250795e-05, 
    0.16360460829398535, 
    0.23239606881004202, 
    0.3273854094074315, 
    0.3231557593992945, 
    0.46195727433634715, 
    0.3023954901825822
  ]
}