{"mode1_error": [4e-06, 4e-06, 6e-06, 7e-06, 1.4e-05, 2.4e-05, 3.4e-05, 1.2e-05, 0.000139, 0.0, 5.7e-05], "mode2": [0.00021, 0.0002, 2e-05, -0.00026, -0.00109, -0.00255, -0.00517, -0.01061, -0.01636, -0.02205, -0.02072], "mode2_error": [0.000363, 0.000343, 0.00025, 0.000243, 0.001222, 0.002679, 0.005514, 0.012552, 0.017566, 0.025188, 0.021602], "mode1": [0.00891, 0.01867, 0.03053, 0.0461, 0.0653, 0.07854, 0.08392, 0.08021, 0.06686, 0.0482, 0.02966]}