{
  "1": [
    -0.4229666666666666, 
    0.36483333333333334, 
    -0.5068333333333332, 
    -0.25029999999999997, 
    -0.5143, 
    -0.3029666666666666, 
    -0.11043333333333329
  ], 
  "3": [
    -0.4479, 
    0.03576666666666673, 
    -0.12603333333333333, 
    -0.5143, 
    0.7066333333333334, 
    0.0600333333333334, 
    0.12163333333333348
  ], 
  "2": [
    -0.5652333333333333, 
    0.3372333333333335, 
    0.6171666666666666, 
    0.37936666666666663, 
    0.03736666666666678, 
    -0.19243333333333335, 
    -0.059299999999999894
  ], 
  "5": [
    -0.1948333333333333, 
    -0.4941, 
    0.47270000000000006, 
    -0.5571666666666666, 
    -0.40789999999999993, 
    0.0780333333333334, 
    -0.10729999999999995
  ], 
  "4": [
    -0.5071, 
    -0.4413, 
    -0.3121666666666666, 
    0.4249000000000001, 
    -0.1129, 
    0.4838333333333333, 
    0.1526333333333334
  ], 
  "7": [
    -0.031166666666666676, 
    -0.3683666666666666, 
    -0.03029999999999999, 
    0.09076666666666666, 
    0.006299999999999976, 
    -0.6678999999999999, 
    0.6387666666666667
  ], 
  "6": [
    -0.0698333333333333, 
    -0.4211, 
    -0.1566333333333333, 
    0.1725000000000001, 
    0.2357666666666667, 
    -0.4258333333333333, 
    -0.7257
  ]
}