{
  "1": [
    0.0001031231057338876, 
    0.1262437496744652, 
    0.13716511279431104, 
    0.2759793744047981, 
    0.19342371000518022, 
    0.18221500777891858, 
    0.11161040891469318
  ], 
  "3": [
    8.012959286418777e-05, 
    0.08951089112548725, 
    0.23555969458999979, 
    0.3224602921902999, 
    0.3843441974601594, 
    0.24934483092502138, 
    0.26819413707807993
  ], 
  "2": [
    9.235986554716663e-05, 
    0.15060674201096694, 
    0.16703089221288098, 
    0.25225709123132445, 
    0.294213447074513, 
    0.2129953130353558, 
    0.18057936145533737
  ], 
  "5": [
    4.579983447258086e-05, 
    0.05527551291940972, 
    0.21512877272404687, 
    0.3782187714057556, 
    0.3192692323686445, 
    0.3907875880451224, 
    0.2749331991041864
  ], 
  "4": [
    7.801094861697236e-05, 
    0.10173953172689168, 
    0.1888293775912727, 
    0.3372487658944452, 
    0.29434429324391487, 
    0.28264422021368957, 
    0.2028083108670069
  ], 
  "7": [
    3.3333117333440904e-05, 
    0.027917161984754652, 
    0.12061709054968416, 
    0.29704466631322274, 
    0.41097151610289434, 
    0.3421418325954846, 
    0.3809641757453999
  ], 
  "6": [
    3.144942958368263e-05, 
    0.04730665695079859, 
    0.17202417230217712, 
    0.2885932334788652, 
    0.40116156551513843, 
    0.4116738536114475, 
    0.26552996028326664
  ]
}