{
  "V_11": 423.0627284775385, 
  "V_12": 567.1719194594137, 
  "V_13": 454.330491426552, 
  "V_14": 524.1582851986371, 
  "V_15": 204.89908706375786, 
  "V_16": 73.1029230770653, 
  "V_17": 25.15761342061233, 
  "V_21": 567.1719194594137, 
  "V_22": 762.5599303884079, 
  "V_23": 611.1898882305206, 
  "V_24": 704.2300133901696, 
  "V_25": 276.0273533677496, 
  "V_26": 98.35289509352354, 
  "V_27": 33.798419921736446, 
  "V_31": 454.330491426552, 
  "V_32": 611.1898882305206, 
  "V_33": 490.452036334939, 
  "V_34": 565.2451845182258, 
  "V_35": 221.75100544113283, 
  "V_36": 79.06030760145961, 
  "V_37": 27.174493482191515, 
  "V_41": 524.1582851986371, 
  "V_42": 704.2300133901696, 
  "V_43": 565.2451845182258, 
  "V_44": 652.0701393977355, 
  "V_45": 255.81804207994617, 
  "V_46": 91.37698388898029, 
  "V_47": 31.44841703671309, 
  "V_51": 204.89908706375786, 
  "V_52": 276.0273533677496, 
  "V_53": 221.75100544113283, 
  "V_54": 255.81804207994617, 
  "V_55": 100.55386602782963, 
  "V_56": 36.04737090477834, 
  "V_57": 12.4914609573165, 
  "V_61": 73.1029230770653, 
  "V_62": 98.35289509352354, 
  "V_63": 79.06030760145961, 
  "V_64": 91.37698388898029, 
  "V_65": 36.04737090477834, 
  "V_66": 13.049940944175455, 
  "V_67": 4.573410034912997, 
  "V_71": 25.15761342061233, 
  "V_72": 33.798419921736446, 
  "V_73": 27.174493482191515, 
  "V_74": 31.44841703671309, 
  "V_75": 12.4914609573165, 
  "V_76": 4.573410034912997, 
  "V_77": 1.6369609807163488
}