{
  "1": [
    -0.41584827999999996, 
    -0.6246191991991995, 
    0.4526609899904017, 
    0.040109695140823624, 
    -0.14457604421491357, 
    -0.03446608847283373, 
    0.0031717190107722563
  ], 
  "3": [
    -0.44818644666666657, 
    0.23896387721054432, 
    -0.2709951803098849, 
    -0.29091971525843274, 
    -0.11648983419407488, 
    -0.29534237334801844, 
    -0.05014062357760612
  ], 
  "2": [
    -0.5588305266666667, 
    -0.2512557157157152, 
    -0.5244736528177727, 
    0.22039582946456218, 
    0.08253288031167912, 
    0.08779893538913394, 
    -0.005860757093005662
  ], 
  "5": [
    -0.20256847333333336, 
    0.4712849649649637, 
    0.035186548745371964, 
    0.19012258588672248, 
    -0.3134262390142254, 
    0.26012784508076375, 
    0.16286983007130956
  ], 
  "4": [
    -0.5167510866666666, 
    0.3383264597931256, 
    0.38706173728232635, 
    -0.14451517332095376, 
    0.2454575246896799, 
    0.12425695668135103, 
    0.032749491731148835
  ], 
  "7": [
    -0.02486654666666659, 
    0.13108764764764766, 
    0.14384267105443616, 
    0.22538077994428976, 
    0.10055930053456578, 
    -0.37703933553597535, 
    0.49648746017296314
  ], 
  "6": [
    -0.07227833999999993, 
    0.26982229562896237, 
    0.21578110516934054, 
    0.292006391210152, 
    0.004906550693122729, 
    -0.1368576725403813, 
    -0.5234403580640277
  ]
}