{
  "1": [
    2.0731512626047102e-05, 
    0.029107184630996017, 
    0.13123872907972853, 
    0.18939317308149747, 
    0.093763781975619, 
    0.15819340015238478, 
    0.14751584878218332
  ], 
  "3": [
    1.3912920433513043e-05, 
    0.02113829740184595, 
    0.2352960039996444, 
    0.29315723001272126, 
    0.15835362840375444, 
    0.1604798974576612, 
    0.16019557512242807
  ], 
  "2": [
    1.6797870557539443e-05, 
    0.02863520755989423, 
    0.12160558013318194, 
    0.17654303750627567, 
    0.15702711673557002, 
    0.21257857733360971, 
    0.2551982350140415
  ], 
  "5": [
    6.666292231681976e-07, 
    0.019236505378681434, 
    0.10811223297936826, 
    0.1574112192265987, 
    0.19051973423316743, 
    0.2533238550126936, 
    0.1821977281050263
  ], 
  "4": [
    1.5364482820736615e-05, 
    0.017191005088187675, 
    0.15730310768452904, 
    0.15746234837682904, 
    0.16382267048619178, 
    0.14536312929346276, 
    0.21040409707232136
  ], 
  "7": [
    0.0, 
    0.011426192361117698, 
    0.15653580901044922, 
    0.2346374224847801, 
    0.24024776681823, 
    0.19314963923047523, 
    0.09481312780136215
  ], 
  "6": [
    0.0, 
    0.013414221725619454, 
    0.10507621834424413, 
    0.13397320515337202, 
    0.1686729847293168, 
    0.3234164630122264, 
    0.2126246531823239
  ]
}