{
  "1": 0.017639579478449467, 
  "3": 0.009766269857390947, 
  "2": 0.013765895528172112, 
  "4": 0.00429004773726373
}