{
  "1": [
    -0.42222906666666665, 
    0.5849978466666652, 
    0.4763995466666659, 
    0.06922983584589622, 
    -0.23835247107242766, 
    0.29261322419598323, 
    0.020841971895876537
  ], 
  "3": [
    -0.44803578, 
    -0.02313719999999991, 
    -0.17430211333333281, 
    -0.7270936482412064, 
    0.04758069358701901, 
    0.045151735748287396, 
    -0.12774796897796198
  ], 
  "2": [
    -0.56443198, 
    0.22681619333333325, 
    -0.15366783333333323, 
    0.25671524288107234, 
    0.27423053334682734, 
    -0.5295716978211237, 
    0.028331981878215496
  ], 
  "5": [
    -0.19590000666666663, 
    -0.4686702466666664, 
    0.3282693733333334, 
    -0.08606241876046891, 
    -0.3762883277670947, 
    -0.2729622779519337, 
    0.49334109652153835
  ], 
  "4": [
    -0.50856348, 
    -0.483014393333334, 
    -0.27137694666666673, 
    0.3277336549413734, 
    -0.013584282967310818, 
    0.4294367158171755, 
    -0.03708733010826976
  ], 
  "7": [
    -0.025566666666666623, 
    -0.2338763800000002, 
    0.5008201466666669, 
    -0.08341679731993305, 
    0.6946870256046949, 
    0.12128532450946265, 
    0.0989090916071567
  ], 
  "6": [
    -0.0688333333333333, 
    -0.3083085600000003, 
    0.3570275000000003, 
    0.057533641541038634, 
    -0.1830963836318864, 
    -0.18729877704245512, 
    -0.6954748521846015
  ]
}