{
  "dV_10_1": 0.01678200843980006, 
  "dV_10_10": 0.0016041157916479739, 
  "dV_10_11": 0.0008515587975542341, 
  "dV_10_2": 0.016152218784402914, 
  "dV_10_3": 0.012871142669994224, 
  "dV_10_4": 0.013371873748907328, 
  "dV_10_5": 0.0072766843651174, 
  "dV_10_6": 0.003971488520455852, 
  "dV_10_7": 0.002261604051186699, 
  "dV_10_8": 0.0013660778235852127, 
  "dV_10_9": 0.0009370594866699074, 
  "dV_11_1": 0.017526362099342538, 
  "dV_11_10": 0.0008515587975542341, 
  "dV_11_11": 0.0019772668065203797, 
  "dV_11_2": 0.016858742771633954, 
  "dV_11_3": 0.013446148272829438, 
  "dV_11_4": 0.013963398914850694, 
  "dV_11_5": 0.007598447429640431, 
  "dV_11_6": 0.004147915531433948, 
  "dV_11_7": 0.002364343721589581, 
  "dV_11_8": 0.0014299942651214963, 
  "dV_11_9": 0.0009789449128027891, 
  "dV_1_1": 0.49980664081611814, 
  "dV_1_10": 0.01678200843980006, 
  "dV_1_11": 0.017526362099342538, 
  "dV_1_2": 0.34029783089023824, 
  "dV_1_3": 0.27107516048243674, 
  "dV_1_4": 0.28162732050407324, 
  "dV_1_5": 0.15284964004649987, 
  "dV_1_6": 0.0831289419872912, 
  "dV_1_7": 0.04712977140306575, 
  "dV_1_8": 0.02822583620273552, 
  "dV_1_9": 0.019258999777427087, 
  "dV_2_1": 0.34029783089023824, 
  "dV_2_10": 0.016152218784402914, 
  "dV_2_11": 0.016858742771633954, 
  "dV_2_2": 0.4616432584250529, 
  "dV_2_3": 0.2606449360482551, 
  "dV_2_4": 0.2699672917456287, 
  "dV_2_5": 0.14662871519171666, 
  "dV_2_6": 0.07986247992506365, 
  "dV_2_7": 0.04531431150619383, 
  "dV_2_8": 0.0271588089537758, 
  "dV_2_9": 0.01852352029066349, 
  "dV_3_1": 0.27107516048243674, 
  "dV_3_10": 0.012871142669994224, 
  "dV_3_11": 0.013446148272829438, 
  "dV_3_2": 0.2606449360482551, 
  "dV_3_3": 0.2918453670919034, 
  "dV_3_4": 0.21501565806219883, 
  "dV_3_5": 0.11669942537954706, 
  "dV_3_6": 0.06358984444132491, 
  "dV_3_7": 0.03609382610972301, 
  "dV_3_8": 0.021642886146639104, 
  "dV_3_9": 0.014759170621513112, 
  "dV_4_1": 0.28162732050407324, 
  "dV_4_10": 0.013371873748907328, 
  "dV_4_11": 0.013963398914850694, 
  "dV_4_2": 0.2699672917456287, 
  "dV_4_3": 0.21501565806219883, 
  "dV_4_4": 0.3087087388315217, 
  "dV_4_5": 0.12097362838419762, 
  "dV_4_6": 0.06595096925390428, 
  "dV_4_7": 0.03748723047721347, 
  "dV_4_8": 0.022486765754699684, 
  "dV_4_9": 0.015339199251353164, 
  "dV_5_1": 0.15284964004649987, 
  "dV_5_10": 0.0072766843651174, 
  "dV_5_11": 0.007598447429640431, 
  "dV_5_2": 0.14662871519171666, 
  "dV_5_3": 0.11669942537954706, 
  "dV_5_4": 0.12097362838419762, 
  "dV_5_5": 0.09230110663531033, 
  "dV_5_6": 0.036007554021911796, 
  "dV_5_7": 0.020405726560134948, 
  "dV_5_8": 0.012232159880976663, 
  "dV_5_9": 0.008342945638928598, 
  "dV_6_1": 0.0831289419872912, 
  "dV_6_10": 0.003971488520455852, 
  "dV_6_11": 0.004147915531433948, 
  "dV_6_2": 0.07986247992506365, 
  "dV_6_3": 0.06358984444132491, 
  "dV_6_4": 0.06595096925390428, 
  "dV_6_5": 0.036007554021911796, 
  "dV_6_6": 0.027615383757192413, 
  "dV_6_7": 0.011140038883112435, 
  "dV_6_8": 0.0066676574155686424, 
  "dV_6_9": 0.004550729382594928, 
  "dV_7_1": 0.04712977140306575, 
  "dV_7_10": 0.002261604051186699, 
  "dV_7_11": 0.002364343721589581, 
  "dV_7_2": 0.04531431150619383, 
  "dV_7_3": 0.03609382610972301, 
  "dV_7_4": 0.03748723047721347, 
  "dV_7_5": 0.020405726560134948, 
  "dV_7_6": 0.011140038883112435, 
  "dV_7_7": 0.008928194109853325, 
  "dV_7_8": 0.0037982705015819586, 
  "dV_7_9": 0.0025887849595011905, 
  "dV_8_1": 0.02822583620273552, 
  "dV_8_10": 0.0013660778235852127, 
  "dV_8_11": 0.0014299942651214963, 
  "dV_8_2": 0.0271588089537758, 
  "dV_8_3": 0.021642886146639104, 
  "dV_8_4": 0.022486765754699684, 
  "dV_8_5": 0.012232159880976663, 
  "dV_8_6": 0.0066676574155686424, 
  "dV_8_7": 0.0037982705015819586, 
  "dV_8_8": 0.003267970919105214, 
  "dV_8_9": 0.0015633191168103278, 
  "dV_9_1": 0.019258999777427087, 
  "dV_9_10": 0.0009370594866699074, 
  "dV_9_11": 0.0009789449128027891, 
  "dV_9_2": 0.01852352029066349, 
  "dV_9_3": 0.014759170621513112, 
  "dV_9_4": 0.015339199251353164, 
  "dV_9_5": 0.008342945638928598, 
  "dV_9_6": 0.004550729382594928, 
  "dV_9_7": 0.0025887849595011905, 
  "dV_9_8": 0.0015633191168103278, 
  "dV_9_9": 0.0017488997016829582
}