{
  "1": [
    0.29012272666666666, 
    0.17199725867307758, 
    -0.2634404602077279, 
    -0.6445551705721361, 
    -0.37485764820687834, 
    0.11384046358395118, 
    0.04082849606580829
  ], 
  "3": [
    0.4735751333333333, 
    0.32684713679922633, 
    -0.49935319440269804, 
    0.13245054409506637, 
    0.40582898267870077, 
    -0.06585665372396769, 
    0.12741240164520753
  ], 
  "2": [
    0.51193678, 
    -0.7379743463888593, 
    0.11422664061717286, 
    -0.13242151011415923, 
    0.15075050825404582, 
    0.012648805741852216, 
    0.08433505007153072
  ], 
  "5": [
    0.24695658000000012, 
    0.2909511068816985, 
    0.44573132618642064, 
    -0.11036499098738209, 
    0.20187432707164374, 
    0.34726367807977443, 
    -0.14061883941344755
  ], 
  "4": [
    0.5989616933333333, 
    0.12598764232528636, 
    0.1581852553184388, 
    0.4232057346952403, 
    -0.37924579978856715, 
    -0.09764106365454794, 
    -0.15298310085836925
  ], 
  "7": [
    0.039164740000000135, 
    0.187297816287689, 
    0.3670081721938354, 
    0.08634737298885121, 
    -0.07692636415385938, 
    0.03534086363101521, 
    0.5131473175965652
  ], 
  "6": [
    0.09054939333333334, 
    0.20389233363384449, 
    0.3890369001102091, 
    -0.4147359236264105, 
    0.2174386842319265, 
    -0.4083358865748915, 
    -0.10051396638054329
  ]
}