{"mode1_error": [0.0, 0.0, 0.0, 0.0, 0.0, 0.0, 0.0], "mode2": [-0.0003, -0.00049, 0.00051, 0.00065, 0.00031, 0.00097, -0.00315], "mode2_error": [0.0, 0.0, 0.0, 0.0, 0.0, 0.0, 0.0], "mode1": [0.00809, 0.01716, 0.02782, 0.04228, 0.06261, 0.08219, 0.1012]}