{
  "1": 0.0003091887478073843, 
  "3": 0.00021388691392537962, 
  "2": 0.00024493453260488384, 
  "4": 0.00012755523287192908
}