{
  "dV_11": 0.10714384572022981, 
  "dV_12": 0.07184163901822294, 
  "dV_13": 0.05653070078120105, 
  "dV_14": 0.05669449724773879, 
  "dV_15": 0.03127038344370197, 
  "dV_16": 0.01733983917226757, 
  "dV_17": 0.010102603662900807, 
  "dV_21": 0.07184163901822294, 
  "dV_22": 0.09617272943045382, 
  "dV_23": 0.05362238213367964, 
  "dV_24": 0.05376057206387341, 
  "dV_25": 0.029636237951342556, 
  "dV_26": 0.016432944801099934, 
  "dV_27": 0.00957368969479134, 
  "dV_31": 0.05653070078120105, 
  "dV_32": 0.05362238213367964, 
  "dV_33": 0.05950408785672302, 
  "dV_34": 0.042403961758111584, 
  "dV_35": 0.023345234144599034, 
  "dV_36": 0.012937138617671002, 
  "dV_37": 0.007534591478738179, 
  "dV_41": 0.05669449724773879, 
  "dV_42": 0.05376057206387341, 
  "dV_43": 0.042403961758111584, 
  "dV_44": 0.059621355092399644, 
  "dV_45": 0.0235069806174896, 
  "dV_46": 0.012998600624314006, 
  "dV_47": 0.007567281158305617, 
  "dV_51": 0.03127038344370197, 
  "dV_52": 0.029636237951342556, 
  "dV_53": 0.023345234144599034, 
  "dV_54": 0.0235069806174896, 
  "dV_55": 0.018234458057647077, 
  "dV_56": 0.007202868836580597, 
  "dV_57": 0.004189084141205052, 
  "dV_61": 0.01733983917226757, 
  "dV_62": 0.016432944801099934, 
  "dV_63": 0.012937138617671002, 
  "dV_64": 0.012998600624314006, 
  "dV_65": 0.007202868836580597, 
  "dV_66": 0.00565430250625767, 
  "dV_67": 0.0023402966534046975, 
  "dV_71": 0.010102603662900807, 
  "dV_72": 0.00957368969479134, 
  "dV_73": 0.007534591478738179, 
  "dV_74": 0.007567281158305617, 
  "dV_75": 0.004189084141205052, 
  "dV_76": 0.0023402966534046975, 
  "dV_77": 0.002027853095426713
}