{
  "1": [
    3.103358399063173e-05, 
    0.07154943201091579, 
    0.21388693814555235, 
    0.2648782282914571, 
    0.24728155941062274, 
    0.24497233044477548, 
    0.26746836001159985
  ], 
  "3": [
    3.588319045555339e-06, 
    0.05921263026618578, 
    0.23782329704262062, 
    0.3093766172615366, 
    0.2918289317863134, 
    0.3294766757699016, 
    0.2807782336435251
  ], 
  "2": [
    3.207845896942387e-05, 
    0.06327845199873615, 
    0.19190314372589848, 
    0.23474892641427464, 
    0.22512163333323315, 
    0.22601181738477852, 
    0.28898674876838065
  ], 
  "5": [
    0.0, 
    0.044755420389427036, 
    0.3529480396713741, 
    0.30276166573638846, 
    0.30519853103236183, 
    0.3257538003140045, 
    0.2834500303346801
  ], 
  "4": [
    3.199025884845451e-05, 
    0.03085243262627155, 
    0.19059565860173316, 
    0.18011553690138724, 
    0.18465867490676438, 
    0.21775377194867207, 
    0.15240684212096048
  ], 
  "7": [
    0.0, 
    0.010986567378766608, 
    0.12950901170259324, 
    0.3193142146725631, 
    0.4256440369363003, 
    0.389104052821623, 
    0.5034225224736327
  ], 
  "6": [
    9.313225746154785e-10, 
    0.021587209023865142, 
    0.1884197680797743, 
    0.4042559039546365, 
    0.4093026388161258, 
    0.3797742439645731, 
    0.36562684893514724
  ]
}