{
  "1": [
    5.607258151076658e-05, 
    0.5279545451208122, 
    0.4014303755217171, 
    0.2893064079888063, 
    0.11065352579785195, 
    0.07445093113548827, 
    0.06960440988638786
  ], 
  "3": [
    4.37500760362189e-05, 
    0.2788015260329275, 
    0.39845543080697493, 
    0.11776599533144018, 
    0.14840096874109635, 
    0.10248388685250119, 
    0.14636831884144516
  ], 
  "2": [
    5.150377599589918e-05, 
    0.3622558681259863, 
    0.4588226209536123, 
    0.1455053744348603, 
    0.0864791280943945, 
    0.06196732961329305, 
    0.06976138413279222
  ], 
  "5": [
    2.989531631006933e-05, 
    0.15069979055923108, 
    0.19368200856712522, 
    0.20443965841085746, 
    0.2306984960849363, 
    0.3182471012000236, 
    0.2934987183920621
  ], 
  "4": [
    4.143881382049421e-05, 
    0.1468164901208545, 
    0.24451528227405048, 
    0.12346377851368515, 
    0.1749193512113676, 
    0.1696110402805128, 
    0.17368074103194778
  ], 
  "7": [
    2.4384620833546284e-05, 
    0.05880075386434605, 
    0.07753071856650716, 
    0.05999048541493326, 
    0.30901734821620597, 
    0.5171706066977952, 
    0.5119566626074977
  ], 
  "6": [
    1.7878105852748442e-05, 
    0.05351288026749556, 
    0.06917553989847079, 
    0.08186519589204952, 
    0.33764761495758633, 
    0.5153471795953066, 
    0.4872647267208776
  ]
}