{
  "1": 78.460811739338453, 
  "2": 2.4961876885081646, 
  "3": 0.5533230044116012, 
  "4": 0.13967720794822158, 
  "5": 0.093819065464978105, 
  "6": -0.01744507921364287, 
  "7": -0.67353281549259214
}