{
  "1": 0.002326157091369147, 
  "3": 0.0014595567767695058, 
  "2": 0.00269099428536949, 
  "4": 0.000804410132939621
}