{
  "1": [
    0.0033475830983650165, 
    0.07657848300261776, 
    0.21655437825161808, 
    0.2541632214548664, 
    0.15437164408209597, 
    0.1255596970406459, 
    0.1357006483554853
  ], 
  "3": [
    0.0023609581764940137, 
    0.07499407013467974, 
    0.3626486718238248, 
    0.24585901267085195, 
    0.25806749824970066, 
    0.19964616072735525, 
    0.20529165115814527
  ], 
  "2": [
    0.0027936530251198893, 
    0.075145756548181, 
    0.21823916601630283, 
    0.2869698340634764, 
    0.1550658322165349, 
    0.1350361494593442, 
    0.13449925558913028
  ], 
  "5": [
    0.0013417694803013358, 
    0.05369644954510109, 
    0.2651109924414808, 
    0.25083777129043383, 
    0.3475243418001694, 
    0.33385384253306233, 
    0.34155045279889346
  ], 
  "4": [
    0.002285652281908445, 
    0.053870182855562526, 
    0.16965618135649418, 
    0.19810468975577095, 
    0.2649906522396483, 
    0.257866288257967, 
    0.2682604969578872
  ], 
  "7": [
    0.0003924660480715722, 
    0.017791157028386455, 
    0.12021056504439709, 
    0.2143201571495143, 
    0.38803234246009505, 
    0.4819580401774044, 
    0.47104409891365556
  ], 
  "6": [
    0.0007252932753631312, 
    0.02869826419254401, 
    0.1675103601105149, 
    0.2324004036394819, 
    0.4148364422037066, 
    0.2797300725723078, 
    0.48999284804489307
  ]
}