{
  "1": [
    -0.38507122000000005, 
    0.6307984666666665, 
    0.44399692085557896, 
    -0.23560292816515624, 
    -0.06735664064064023, 
    -0.11943671783822632, 
    -0.0009593216428239895
  ], 
  "3": [
    -0.44792409333333355, 
    -0.20630155333333264, 
    0.3119944561969035, 
    0.5041240713433048, 
    0.19447666466466482, 
    0.09684542598078831, 
    -0.08474621596677474
  ], 
  "2": [
    -0.5476226199999997, 
    0.38955870000000015, 
    -0.5629333434068718, 
    0.07903365634435819, 
    0.0641784304304304, 
    0.1092066343477872, 
    0.019453199507768068
  ], 
  "5": [
    -0.23562111333333338, 
    -0.3005428800000007, 
    -0.08510077902018072, 
    -0.37537354820588553, 
    0.3009043803803812, 
    -0.2677781757787939, 
    -0.22711108291032137
  ], 
  "4": [
    -0.53089286, 
    -0.5170635399999988, 
    0.009536943017360255, 
    -0.09163176041008378, 
    -0.34246518918918833, 
    -0.11302302720172362, 
    0.14474814643900943
  ], 
  "7": [
    -0.04846103333333329, 
    -0.09563467999999999, 
    0.0880478392263527, 
    -0.18506104908363105, 
    0.34237445045045, 
    0.1823633539815072, 
    0.41171692047377334
  ], 
  "6": [
    -0.10699743999999996, 
    -0.1299583733333332, 
    0.0770156374869886, 
    -0.3017440769608879, 
    -0.018726730730730817, 
    0.5332438369692073, 
    -0.14543307952622722
  ]
}