{
  "1": 78.45850759258624, 
  "3": 0.5699431538493301, 
  "2": 2.5039991277084512, 
  "4": 0.17564035108091372
}