{
  "1": 0.00040196693659037033, 
  "3": 5.8902011442340524e-08, 
  "2": 2.4697614100158436e-07, 
  "4": 1.1627553952097681e-08
}