{
  "1": [
    -0.2841666666666667, 
    -0.1569666666666666, 
    0.9295, 
    -0.08029999999999993, 
    0.15276666666666672, 
    -0.02689999999999992, 
    -0.010099999999999994
  ], 
  "3": [
    -0.4697666666666667, 
    0.5874333333333335, 
    -0.022366666666666642, 
    0.6073666666666668, 
    0.14783333333333348, 
    -0.20709999999999995, 
    -0.008966666666666675
  ], 
  "2": [
    -0.5007666666666666, 
    -0.7427666666666666, 
    -0.2327, 
    0.3637666666666668, 
    -0.07750000000000001, 
    0.06676666666666664, 
    -0.02483333333333326
  ], 
  "5": [
    -0.2597666666666666, 
    -0.0499666666666666, 
    -0.25716666666666665, 
    -0.4351666666666666, 
    0.7389000000000001, 
    -0.2629, 
    -0.24363333333333326
  ], 
  "4": [
    -0.6081666666666666, 
    0.24670000000000014, 
    -0.1049, 
    -0.5365, 
    -0.4927666666666667, 
    0.16596666666666682, 
    -0.006633333333333266
  ], 
  "7": [
    -0.03329999999999999, 
    -0.10070000000000001, 
    -0.03216666666666667, 
    -0.12243333333333328, 
    -0.10483333333333332, 
    -0.6711666666666667, 
    0.7150333333333334
  ], 
  "6": [
    -0.09623333333333328, 
    0.07130000000000014, 
    -0.05643333333333333, 
    -0.012833333333333249, 
    0.3859666666666668, 
    0.6362333333333334, 
    0.6546333333333334
  ]
}