{
  "1": 30.38186960645413, 
  "3": 0.03990284353972735, 
  "2": 0.1570684981679371, 
  "4": 0.01913703285485082
}