{
  "1": [
    0.29154479333333344, 
    0.8862844611528811, 
    -0.19970777945873275, 
    -0.008915033660319401, 
    -0.047378187979311315, 
    0.01941532277950399, 
    -0.03548679653679653
  ], 
  "3": [
    0.47403443333333345, 
    -0.05905448621553898, 
    0.03157322911413681, 
    0.30014890171186825, 
    0.31356499019083317, 
    -0.10161139714947998, 
    0.0007791625041624513
  ], 
  "2": [
    0.5111717533333332, 
    -0.3054287552213867, 
    -0.3238142175155493, 
    0.17664616657049442, 
    -0.3148867308721245, 
    0.04707665335108737, 
    -0.04714244089244106
  ], 
  "5": [
    0.24760500666666677, 
    0.07603368086883891, 
    0.4690865927046558, 
    0.033518634352760056, 
    -0.08826833422507599, 
    0.14809762292252357, 
    0.3970265068265073
  ], 
  "4": [
    0.5983418333333335, 
    -0.17020707435254848, 
    0.056271820474029205, 
    -0.4069238430467401, 
    0.10877321205635858, 
    0.01495286778123024, 
    -0.07127518315018297
  ], 
  "7": [
    0.038989046666666805, 
    0.05136928654970766, 
    0.5173347621448978, 
    0.09990693210232722, 
    0.027808302122347257, 
    0.2689873008827739, 
    -0.3261357059607067
  ], 
  "6": [
    0.0902967866666667, 
    0.07483364745196325, 
    0.4291819297360898, 
    0.014388363146759104, 
    -0.2016131799536296, 
    -0.4169051486906332, 
    -0.09834752747252895
  ]
}