{
  "1": [
    0.0009019734451188419, 
    0.26914671035279647, 
    0.4239401188643903, 
    0.23784872201157592, 
    0.21348233190088275, 
    0.17412209106607818, 
    0.1802325370780205
  ], 
  "3": [
    0.0006259476583867586, 
    0.1320545071737885, 
    0.2581262105645845, 
    0.4763723239117734, 
    0.3444724679506809, 
    0.3194804956142286, 
    0.33898058846430434
  ], 
  "2": [
    0.0007868878897693646, 
    0.34253271421760473, 
    0.25747912564367553, 
    0.2575449748630339, 
    0.23396179534460124, 
    0.24099024612844044, 
    0.20746731379652525
  ], 
  "5": [
    0.0003650313181676363, 
    0.2365807398153526, 
    0.28291786058191465, 
    0.2837273151860464, 
    0.40595385206553564, 
    0.31781264190185904, 
    0.36443464408108
  ], 
  "4": [
    0.0005827303157741728, 
    0.12307325074450921, 
    0.26025974524410495, 
    0.29345972122954445, 
    0.34015248290102196, 
    0.2636193224548108, 
    0.28621288925786587
  ], 
  "7": [
    0.00010472550278146182, 
    0.10242692532878686, 
    0.21398789026604323, 
    0.4045899638726662, 
    0.3829056987022936, 
    0.3928443478824915, 
    0.4739012985904606
  ], 
  "6": [
    0.00019233290478970147, 
    0.22346305548500944, 
    0.21990477801156535, 
    0.2775907047495681, 
    0.3950031919501493, 
    0.4753996909549908, 
    0.2879079485845896
  ]
}