{
  "1": [
    0.28474028666666656, 
    -0.5373036740681469, 
    0.39522676437429627, 
    -0.11506411869273972, 
    -0.03993508967568104, 
    -0.101118030703041, 
    -0.019469284683570127
  ], 
  "3": [
    0.4676241333333334, 
    0.1308797359471896, 
    -0.02763515219842131, 
    -0.0034310269383293966, 
    0.2955991357680517, 
    -0.1257561357191749, 
    0.10343120593692037
  ], 
  "2": [
    0.49573160000000005, 
    -0.24913552043742024, 
    -0.4630376475009385, 
    -0.15010902502393056, 
    -0.10927650775950125, 
    -0.014892060232717722, 
    -0.14182747062461284
  ], 
  "5": [
    0.2641081733333334, 
    0.3699566246582651, 
    0.1491983690341977, 
    -0.31712124982907275, 
    0.013696440851222038, 
    0.19052057299305794, 
    0.1296359802102655
  ], 
  "4": [
    0.6116835466666669, 
    0.13107458158298324, 
    0.1187411574596017, 
    0.32145187565522604, 
    -0.10793351918966705, 
    0.1166189693947394, 
    0.05169926613069493
  ], 
  "7": [
    0.03318801333333347, 
    0.19845928519037126, 
    -0.024223149192033187, 
    -0.04984093623228061, 
    -0.2917116903633487, 
    -0.4050169942309576, 
    0.17538508761080182
  ], 
  "6": [
    0.09740135333333341, 
    0.3161017203440689, 
    0.19262725291243887, 
    -0.02516296549523747, 
    -0.005686404609236422, 
    -0.13604335582282207, 
    -0.4537977942692231
  ]
}