{
  "1": [
    0.00045737776255237457, 
    0.3138203940188419, 
    0.4295260333780074, 
    0.3161115046214364, 
    0.20222876536951653, 
    0.11693571104822459, 
    0.10210514045143734
  ], 
  "3": [
    0.00028309091161142654, 
    0.34441790862584065, 
    0.39041759987829766, 
    0.31030929211882735, 
    0.3278885584930746, 
    0.18051093293133633, 
    0.1771917459739269
  ], 
  "2": [
    0.0003441217401499853, 
    0.378545260398557, 
    0.310846903157983, 
    0.3360468287653772, 
    0.27995664150742877, 
    0.1405064980952126, 
    0.14902827096928117
  ], 
  "5": [
    0.00016155782931869347, 
    0.14760031581259542, 
    0.22950433511808477, 
    0.3494436916477189, 
    0.46277533831807055, 
    0.3316613834919753, 
    0.46393346036794186
  ], 
  "4": [
    0.00026912397132000204, 
    0.2397721577616775, 
    0.35490338641492625, 
    0.28788065012109637, 
    0.2912779659692893, 
    0.19798256032878403, 
    0.2098000038014553
  ], 
  "7": [
    4.770132260292234e-05, 
    0.09007679294498999, 
    0.1618996544310237, 
    0.3025282577746235, 
    0.38889914671272824, 
    0.5578333528843973, 
    0.6368356969172684
  ], 
  "6": [
    8.276880547101055e-05, 
    0.07436776438961736, 
    0.18425824525704879, 
    0.38918748562252603, 
    0.5466198117597066, 
    0.27368332830185393, 
    0.5013102319941052
  ]
}