{
  "1": 216.07370000690102, 
  "3": 0.1598923311145738, 
  "2": 0.30007521777813173, 
  "4": 0.019291682477747263
}