{
  "1": [
    -0.32538966, 
    0.6236760033357652, 
    0.20135977320933265, 
    0.06548966622054592, 
    -0.012338553350589601, 
    -0.016207266906762722, 
    0.019599072583735798
  ], 
  "3": [
    -0.46682556, 
    0.13687385593662033, 
    -0.2227889704682656, 
    -0.35693766070487065, 
    0.010771577509347634, 
    0.10242977991196477, 
    0.014450869931785197
  ], 
  "2": [
    -0.5022674866666667, 
    -0.3341801973661342, 
    0.39685355686082563, 
    -0.11175354260453467, 
    0.04078080241587529, 
    -0.0704702761104442, 
    -0.002474929102475577
  ], 
  "5": [
    -0.24862603333333327, 
    -0.09901620278675405, 
    0.004826660140316687, 
    0.1508678793040519, 
    -0.11180349439171754, 
    0.4321171588635454, 
    -0.003180677550394519
  ], 
  "4": [
    -0.5941934799999999, 
    -0.12228829702213449, 
    -0.27225292054168815, 
    0.275173820821673, 
    0.009780572332470755, 
    -0.1293927410964387, 
    -0.03972118494673114
  ], 
  "7": [
    -0.031066293333333245, 
    -0.05032774245109291, 
    0.07138990047316046, 
    -0.011675722918440828, 
    0.09440097066436597, 
    0.011606282513004794, 
    0.029136560128765466
  ], 
  "6": [
    -0.08986964666666664, 
    -0.0013171444456026745, 
    -0.02737581987273596, 
    0.008857999756662138, 
    -0.027179119930975, 
    -0.42355664665866505, 
    0.1296533839196749
  ]
}