{
  "1": [
    0.4232271530620058, 
    -0.24534186131169752, 
    0.027349368316314054, 
    -0.5059722900244825, 
    0.5435777952904434, 
    -0.44584591186558203, 
    -0.09836058722711216
  ], 
  "2": [
    0.5653620568591815, 
    -0.40347259664479623, 
    0.1573336675661865, 
    -0.130950688812545, 
    -0.41135641809048734, 
    0.31500873665253315, 
    0.4552241598353112
  ], 
  "3": [
    0.448069292580066, 
    0.8276713702074315, 
    0.0591093949354459, 
    -0.24134009813701246, 
    -0.061919134760586705, 
    0.1947273639628989, 
    -0.10345203198630848
  ], 
  "4": [
    0.5074094918461162, 
    -0.0218346245247929, 
    -0.08600326193473777, 
    0.6767090308651904, 
    -0.16033525906593615, 
    -0.41221862830983946, 
    -0.2847728751346991
  ], 
  "5": [
    0.19411152526076805, 
    -0.2113405214567099, 
    -0.19863146758005415, 
    0.19764915704277952, 
    0.4536569641493913, 
    0.7004947662094491, 
    -0.3776753790642924
  ], 
  "6": [
    0.06759097545061928, 
    0.21232510387631412, 
    -0.2873369693402588, 
    0.32227170200212035, 
    0.4661432228951905, 
    -0.03068342229309895, 
    0.7387130361553668
  ], 
  "7": [
    0.02768057089047106, 
    -0.04187864861656571, 
    -0.9173825012540683, 
    -0.2602682543310812, 
    -0.2875300990180807, 
    -0.05013566608004911, 
    -0.05442980902737624
  ]
}