{
  "1": [
    5.614191201879949e-05, 
    0.3012660176057026, 
    0.3511742801079783, 
    0.33242354295607485, 
    0.32236405954641695, 
    0.35692909625378155, 
    0.30647966080330763
  ], 
  "3": [
    4.593124104348185e-05, 
    0.3584072417360278, 
    0.2882625567059955, 
    0.3149134260501591, 
    0.341536947444554, 
    0.2777091702317919, 
    0.2641951155724615
  ], 
  "2": [
    5.247138445470175e-05, 
    0.2916178021211452, 
    0.2828241694497317, 
    0.31873007244692, 
    0.28721035066073636, 
    0.2917640976416799, 
    0.2633007644562515
  ], 
  "5": [
    2.6608916748224232e-05, 
    0.19959879620640775, 
    0.2717748176823509, 
    0.3614185730837853, 
    0.38579337277594206, 
    0.33881414926642095, 
    0.4816689123849061
  ], 
  "4": [
    4.528183328180369e-05, 
    0.23788000034334697, 
    0.32681441411630013, 
    0.27987293306871475, 
    0.36120833409374337, 
    0.34644578164767076, 
    0.3364359083504518
  ], 
  "7": [
    6.763247087361422e-06, 
    0.5404372692373128, 
    0.4094448930329746, 
    0.41156871612350443, 
    0.2726215993598504, 
    0.2169777173048652, 
    0.3231903671705471
  ], 
  "6": [
    2.6691634148078117e-05, 
    0.21774394938980388, 
    0.3142437302066361, 
    0.3846743118138917, 
    0.3977061167258562, 
    0.4693694295661537, 
    0.33965447222178136
  ]
}