{
  "1": 0.0004798836395778307, 
  "3": 0.0003213295350654307, 
  "2": 0.00012720510498256157, 
  "4": 0.000302461342026377
}