{
  "V_11": 160.063695831183, 
  "V_12": 213.6323674731279, 
  "V_13": 169.3496442321497, 
  "V_14": 191.70841534718537, 
  "V_15": 73.35373304667206, 
  "V_16": 25.546601700678153, 
  "V_17": 10.458223860033254, 
  "V_21": 213.6323674731279, 
  "V_22": 285.48844230113906, 
  "V_23": 226.2224920255633, 
  "V_24": 256.13719925368775, 
  "V_25": 97.96444369125214, 
  "V_26": 34.10059614766246, 
  "V_27": 13.960073891110797, 
  "V_31": 169.3496442321497, 
  "V_32": 226.2224920255633, 
  "V_33": 179.3008652871465, 
  "V_34": 202.98777021919855, 
  "V_35": 77.66561279104211, 
  "V_36": 27.015735798138756, 
  "V_37": 11.075723941026926, 
  "V_41": 191.70841534718537, 
  "V_42": 256.13719925368775, 
  "V_43": 202.98777021919855, 
  "V_44": 230.02296793551918, 
  "V_45": 87.95318972013368, 
  "V_46": 30.64546606205438, 
  "V_47": 12.539295929777623, 
  "V_51": 73.35373304667206, 
  "V_52": 97.96444369125214, 
  "V_53": 77.66561279104211, 
  "V_54": 87.95318972013368, 
  "V_55": 33.7517468207125, 
  "V_56": 11.750002823084747, 
  "V_57": 4.812208940881056, 
  "V_61": 25.546601700678153, 
  "V_62": 34.10059614766246, 
  "V_63": 27.015735798138756, 
  "V_64": 30.64546606205438, 
  "V_65": 11.750002823084747, 
  "V_66": 4.196203390296246, 
  "V_67": 1.6968703493110593, 
  "V_71": 10.458223860033254, 
  "V_72": 13.960073891110797, 
  "V_73": 11.075723941026926, 
  "V_74": 12.539295929777623, 
  "V_75": 4.812208940881056, 
  "V_76": 1.6968703493110593, 
  "V_77": 0.9184269518819007
}