{
  "1": [
    0.42322718, 
    -0.1446998758126962, 
    -0.005299939978563494, 
    -0.15831664551905536, 
    0.18973988163421104, 
    -0.13007933701136376, 
    0.002775983898073059
  ], 
  "3": [
    0.4480694333333335, 
    0.4212055738183943, 
    0.03507450803858523, 
    -0.10209612763757613, 
    -0.022646716303933112, 
    0.0973903852501533, 
    -0.07436096846054603
  ], 
  "2": [
    0.5653631266666668, 
    -0.21851855504419512, 
    0.0862894790996783, 
    -0.073269265473002, 
    -0.188483839251623, 
    0.09578900834630044, 
    0.1352785516082385
  ], 
  "5": [
    0.19410956666666682, 
    -0.07805868215355398, 
    -0.1046910310825296, 
    0.12706427463696573, 
    0.20612353951890036, 
    0.35176740227283493, 
    -0.14016414976355276
  ], 
  "4": [
    0.50740834, 
    0.011319343998831303, 
    -0.041987434083600325, 
    0.24368216081582744, 
    -0.028358199694538667, 
    -0.21601355684443732, 
    -0.08358332356274632
  ], 
  "7": [
    0.02769930666666673, 
    -0.012172627657243541, 
    -0.48333304608789013, 
    -0.15372887353729014, 
    -0.1468239595265367, 
    -0.0464742820766728, 
    -0.03352792042834238
  ], 
  "6": [
    0.06758003333333344, 
    0.08578173716122431, 
    -0.1071920643086819, 
    0.14968264016166202, 
    0.21966880488736168, 
    -0.001857381996510735, 
    0.3877349865165908
  ]
}