{
  "1": 892.9789131129486, 
  "3": 0.20022548594218698, 
  "2": 0.25263785999683325, 
  "4": 0.14996888237138087
}