{
  "1": [
    -0.4234312333333333, 
    -0.24385583333333322, 
    0.1549674333333331, 
    -0.25968936000000115, 
    -0.4463089102628322, 
    -0.2088743831494491, 
    -0.06955401942136334
  ], 
  "3": [
    -0.4481609666666666, 
    0.013672973333333274, 
    -0.03533112666666651, 
    -0.23869383333333308, 
    0.49066874060715404, 
    0.3077987963891676, 
    -0.01210054726866258
  ], 
  "2": [
    -0.5653520933333331, 
    -0.23266805333333374, 
    0.09362940666666673, 
    0.3313751000000001, 
    -0.020765163811241247, 
    0.16780310932798417, 
    0.13386609603897626
  ], 
  "5": [
    -0.1940460466666666, 
    0.29914535333333336, 
    -0.10554112, 
    -0.07373500666666669, 
    -0.3046765554553659, 
    0.04522336342360518, 
    0.5152993059031605
  ], 
  "4": [
    -0.5072146933333334, 
    0.288308006666666, 
    -0.19621068666666597, 
    0.08591793999999993, 
    0.12559632969308346, 
    -0.3516414510197255, 
    -0.22855964561017
  ], 
  "7": [
    -0.027633953333333284, 
    0.3266090666666661, 
    0.5782277133333324, 
    0.006569733333333314, 
    0.13367400394082107, 
    -0.07643531260448007, 
    0.024720889645276523
  ], 
  "6": [
    -0.06756666666666666, 
    0.22707802666666685, 
    0.01906329333333371, 
    0.0020358666666667143, 
    -0.406200110209399, 
    0.4044072550986293, 
    -0.3782528881769941
  ]
}