{
  "1": 363.00634715214142, 
  "2": 0.34137996202434856, 
  "3": 0.1398064634066451, 
  "4": 0.11719729572635275, 
  "5": 0.068420330438203877, 
  "6": 0.053861889613203422, 
  "7": 0.011858934233846197
}