{
  "1": [
    0.00020966356021536194, 
    0.2174390679132446, 
    0.3551842471191099, 
    0.142977603230644, 
    0.07941458669613934, 
    0.09705552943350507, 
    0.07005045927906302
  ], 
  "3": [
    0.00014890084293996077, 
    0.23387743382246076, 
    0.24843920164643926, 
    0.25274040258171016, 
    0.19990142723307983, 
    0.20020032819998668, 
    0.1873105086630893
  ], 
  "2": [
    0.00018232400450452, 
    0.14698162404752518, 
    0.20899761558083935, 
    0.2958012217312862, 
    0.2424146056003789, 
    0.2831490780339409, 
    0.22073921398627433
  ], 
  "5": [
    8.305224050964531e-05, 
    0.13082534743215654, 
    0.11472971808783201, 
    0.2068703107287576, 
    0.6465354414821648, 
    0.256001696357595, 
    0.38215069292747317
  ], 
  "4": [
    0.00013831228501798784, 
    0.2701949752653953, 
    0.16427487762625706, 
    0.15488750204707805, 
    0.3154527080889181, 
    0.12360220705671657, 
    0.21318897373045717
  ], 
  "7": [
    3.836345424775134e-05, 
    0.032667043616795344, 
    0.1308922901104996, 
    0.40498852392857393, 
    0.39045269546932604, 
    0.4756248914041947, 
    0.6138450326446669
  ], 
  "6": [
    4.588101325554984e-05, 
    0.04387154947380251, 
    0.06776225670580707, 
    0.18595291029251806, 
    0.43119554788637277, 
    0.45681654358147145, 
    0.4673773327685016
  ]
}