{
  "1": [
    0.28761464666666675, 
    0.7847857990730559, 
    -0.26053422235743584, 
    -0.12463634885139226, 
    0.01932442171413295, 
    -0.0401982294380971, 
    0.0031032064128256945
  ], 
  "3": [
    0.47239748666666664, 
    -0.002150555166549936, 
    0.562832542338505, 
    -0.3941854848546444, 
    -0.00453275839015928, 
    0.054105578940335346, 
    -0.08184051436205704
  ], 
  "2": [
    0.50852786, 
    0.06713939181754544, 
    0.2630987966061595, 
    0.5624076302771568, 
    -0.010710395774835998, 
    -0.01634006146856423, 
    0.10992194388777557
  ], 
  "5": [
    0.25064240666666676, 
    -0.2257932212997233, 
    -0.14764828786803189, 
    -0.2686763434302357, 
    0.01813003075277443, 
    -0.02878841451192612, 
    0.283144762859052
  ], 
  "4": [
    0.6009449733333333, 
    -0.3184380547497584, 
    -0.4801223641956524, 
    0.015529145490275838, 
    -0.03133693675625081, 
    0.07726179595109259, 
    -0.13246437541750142
  ], 
  "7": [
    0.05066192666666665, 
    -0.03379734253609402, 
    -0.01211736808302058, 
    -0.01650041336315005, 
    0.17671655970049485, 
    0.16540452328455899, 
    -0.055137488309953464
  ], 
  "6": [
    0.09483848, 
    -0.09683229968990686, 
    0.01497914004664845, 
    -0.05368961848614199, 
    0.07757926193341347, 
    -0.5618231709761474, 
    -0.07069198396793644
  ]
}