{
  "1": 510.01516386755742, 
  "2": 1.4130675491112779, 
  "3": 1.104847889580499, 
  "4": 0.054622652537711473, 
  "5": -0.072979088431568181, 
  "6": -0.83243789849308147, 
  "7": -2.5397250227245038
}