{
  "dV_11": 1.5821075562487954, 
  "dV_12": 0.9241667333329626, 
  "dV_13": 0.7252057006181916, 
  "dV_14": 0.7246687978176302, 
  "dV_15": 0.4123334651585775, 
  "dV_16": 0.2354275186911545, 
  "dV_17": 0.13776822281139997, 
  "dV_21": 0.9241667333329626, 
  "dV_22": 1.0794260148173347, 
  "dV_23": 0.5997279277133825, 
  "dV_24": 0.5991705426571057, 
  "dV_25": 0.3406145323777725, 
  "dV_26": 0.1945345903051832, 
  "dV_27": 0.11374245506042643, 
  "dV_31": 0.7252057006181916, 
  "dV_32": 0.5997279277133825, 
  "dV_33": 0.6648689838439515, 
  "dV_34": 0.471033194104606, 
  "dV_35": 0.2675671610747777, 
  "dV_36": 0.15275628498776828, 
  "dV_37": 0.0893147549819987, 
  "dV_41": 0.7246687978176302, 
  "dV_42": 0.5991705426571057, 
  "dV_43": 0.471033194104606, 
  "dV_44": 0.6620226227815353, 
  "dV_45": 0.267975448841004, 
  "dV_46": 0.15264544311227754, 
  "dV_47": 0.08924850171699542, 
  "dV_51": 0.4123334651585775, 
  "dV_52": 0.3406145323777725, 
  "dV_53": 0.2675671610747777, 
  "dV_54": 0.267975448841004, 
  "dV_55": 0.21468322114216376, 
  "dV_56": 0.0870291064679666, 
  "dV_57": 0.050814369052226735, 
  "dV_61": 0.2354275186911545, 
  "dV_62": 0.1945345903051832, 
  "dV_63": 0.15275628498776828, 
  "dV_64": 0.15264544311227754, 
  "dV_65": 0.0870291064679666, 
  "dV_66": 0.07008331923287797, 
  "dV_67": 0.029065852645387157, 
  "dV_71": 0.13776822281139997, 
  "dV_72": 0.11374245506042643, 
  "dV_73": 0.0893147549819987, 
  "dV_74": 0.08924850171699542, 
  "dV_75": 0.050814369052226735, 
  "dV_76": 0.029065852645387157, 
  "dV_77": 0.024043747428249315
}