{
  "1": [
    0.3134491333333334, 
    0.6658297692437277, 
    0.3215686534769181, 
    -0.02882999057169859, 
    -0.04464806533625909, 
    0.013440830527497205, 
    0.011454088189674276
  ], 
  "3": [
    0.44521952666666664, 
    0.32364213239009576, 
    -0.41410096836130045, 
    0.1900653467043795, 
    -0.09940616793786769, 
    0.10975845866068101, 
    -0.11001701011891486
  ], 
  "2": [
    0.46035254666666686, 
    -0.35145947448206216, 
    0.2186754487018951, 
    0.31281823947887066, 
    0.2824922683105219, 
    0.11126125701459033, 
    0.02001169953467767
  ], 
  "5": [
    0.29747910666666677, 
    -0.15714581438436948, 
    0.03380794724100544, 
    0.08831942230222002, 
    -0.38298136384216147, 
    -0.4442469734380842, 
    0.1447859886254523
  ], 
  "4": [
    0.6210678533333334, 
    -0.1786333198585145, 
    -0.07018269471575263, 
    -0.38214955001285644, 
    0.1568123463239647, 
    -0.026448058361391677, 
    0.04347740601226095
  ], 
  "7": [
    0.04665013999999998, 
    -0.07983670203806606, 
    0.022597913014441997, 
    -0.021659021170823654, 
    -0.27950234040330135, 
    0.4021118069584732, 
    0.43643471452839866
  ], 
  "6": [
    0.12331781333333332, 
    -0.23968075795856514, 
    0.1246378245262543, 
    -0.060792483071911804, 
    -0.34335171176818724, 
    0.20683221099887716, 
    -0.4399286874953849
  ]
}