{
  "1": 510.00642188947893, 
  "3": 0.9818132068674799, 
  "2": 1.5855168228510532, 
  "4": 0.06552738734063401
}