{
  "1": 1110.579607769463, 
  "3": 0.19591368125779415, 
  "2": 0.3704681665527773, 
  "4": 0.027762414867730137
}