{
  "1": [
    5.5917469327514196e-05, 
    0.3087890674109781, 
    0.3416590444808063, 
    0.38161987641930273, 
    0.28004661180468954, 
    0.1844436924566491, 
    0.17092398082990734
  ], 
  "3": [
    4.2584419927648824e-05, 
    0.2611854852227541, 
    0.3530920825586358, 
    0.35125771842884923, 
    0.30646129644438425, 
    0.21152793163263278, 
    0.2156020798312968
  ], 
  "2": [
    5.0674627559931474e-05, 
    0.20574091467573372, 
    0.3070338452608964, 
    0.22529881464622714, 
    0.18870703782315001, 
    0.18872164673979053, 
    0.15782233112086325
  ], 
  "5": [
    2.4265901051032072e-05, 
    0.19604124104866513, 
    0.38223880705576146, 
    0.4410918121166196, 
    0.32127310603471104, 
    0.31395120067781457, 
    0.3003006303202038
  ], 
  "4": [
    4.1143868144204984e-05, 
    0.2179420315630288, 
    0.3620546891680396, 
    0.31791285854966866, 
    0.2988774038075304, 
    0.20556107778133176, 
    0.20454705779014815
  ], 
  "7": [
    7.60869676761345e-06, 
    0.031630888534278104, 
    0.10022534909126848, 
    0.2418815306588357, 
    0.43008137036335, 
    0.3675771433518432, 
    0.5532225857264147
  ], 
  "6": [
    1.4815245864876868e-05, 
    0.06353334427880747, 
    0.1602956091462512, 
    0.2583791765968305, 
    0.365922349898, 
    0.5558988799093922, 
    0.37260443036394847
  ]
}