{
  "1": [
    2.2269104895814382e-05, 
    0.06021924165264666, 
    0.06678795596712002, 
    0.1440807148461342, 
    0.1099121778586983, 
    0.04416959564827629, 
    0.03911245197182036
  ], 
  "3": [
    3.225567252581918e-05, 
    0.033764172103973734, 
    0.13185180679195482, 
    0.2660419293055303, 
    0.2855052668192524, 
    0.2006464478027005, 
    0.18878123064825547
  ], 
  "2": [
    2.401794705143858e-05, 
    0.05754349688632006, 
    0.08107803932888194, 
    0.16918157113129742, 
    0.15973081099069994, 
    0.05231074551515317, 
    0.0504622015747457
  ], 
  "5": [
    1.6052796338960612e-05, 
    0.02511300497997911, 
    0.12919312562016963, 
    0.2814682352752728, 
    0.2763621855438842, 
    0.1809177818000657, 
    0.18489264893652246
  ], 
  "4": [
    3.330638870134119e-05, 
    0.05265891560475874, 
    0.09270753774268763, 
    0.25869491067589345, 
    0.2164425932861379, 
    0.15049772574131498, 
    0.1211784186695338
  ], 
  "7": [
    2.7463996684449605e-06, 
    0.011776294637157616, 
    0.060037564276799474, 
    0.1332585555394532, 
    0.16270903626975589, 
    0.3227351506654069, 
    0.4136577077194739
  ], 
  "6": [
    0.0, 
    0.018971945160404714, 
    0.09032512581124023, 
    0.17408910779159897, 
    0.20860584566160983, 
    0.3698635598055711, 
    0.2856705274489531
  ]
}