{
  "1": [
    -0.4183547, 
    0.5451721200000009, 
    -0.4220456326776693, 
    -0.27552905698952324, 
    0.060022603426828774, 
    -0.09158928777750276, 
    -0.03137268502647328
  ], 
  "3": [
    -0.44837445333333337, 
    0.020741386666666757, 
    0.22422543522496027, 
    -0.10481368941136397, 
    -0.3391133060471084, 
    0.16655231492943842, 
    0.24386934445587188
  ], 
  "2": [
    -0.5609042066666666, 
    0.2751662666666664, 
    0.08959519180043717, 
    0.45318307351563203, 
    0.09665541912443312, 
    0.01802352892630183, 
    -0.0750807869576803
  ], 
  "5": [
    -0.19976672666666667, 
    -0.45910392666666655, 
    -0.424540583314493, 
    0.036825879546809846, 
    0.09766808314273119, 
    0.38896180572749, 
    -0.034276596960346746
  ], 
  "4": [
    -0.5136455066666668, 
    -0.5342886133333333, 
    0.2816479840229104, 
    -0.22322286395774868, 
    0.14214519080293753, 
    -0.19784790789799506, 
    -0.09292673980116592
  ], 
  "7": [
    -0.024033333333333236, 
    -0.18633707333333335, 
    -0.2464799532745499, 
    0.12249641366385541, 
    0.18476991693752318, 
    -0.22337914500288752, 
    0.36912258027653944
  ], 
  "6": [
    -0.07063333333333333, 
    -0.29846090000000025, 
    -0.398763011530636, 
    0.1759558480279413, 
    -0.3432379077886128, 
    -0.24329396715358576, 
    -0.11900781244048254
  ]
}