{
  "1": 3751.55371701038, 
  "3": 0.2917942029617129, 
  "2": 1.2819302186400643, 
  "4": 0.1834136730644211
}