{
  "1": [
    5.8715481361368994e-05, 
    0.15268278313559583, 
    0.30125380739298974, 
    0.40519737809517103, 
    0.26202321099634057, 
    0.2613363396491131, 
    0.23128804065941697
  ], 
  "3": [
    4.7683340670462174e-05, 
    0.07773537201291575, 
    0.5764088408739393, 
    0.3529009675095576, 
    0.309104451511771, 
    0.2659748768683713, 
    0.2538749389650086
  ], 
  "2": [
    5.429332707741831e-05, 
    0.11998721063403534, 
    0.3596738382823633, 
    0.3538534541806387, 
    0.22146546454828278, 
    0.210744027593679, 
    0.19166756704312166
  ], 
  "5": [
    2.5616074666551296e-05, 
    0.05579819644785653, 
    0.19972473779305447, 
    0.30053275018610176, 
    0.37231788795615484, 
    0.33270968409162077, 
    0.3523432154406021
  ], 
  "4": [
    4.716872782086779e-05, 
    0.0695153008227046, 
    0.27354869214286753, 
    0.3059946906100134, 
    0.25156023060237925, 
    0.23251806470144193, 
    0.2522831834641419
  ], 
  "7": [
    0.0, 
    0.03725347257074536, 
    0.16608699971389365, 
    0.3535610023373768, 
    0.41903435133709754, 
    0.34982109425028374, 
    0.42093885316928753
  ], 
  "6": [
    3.992793639187049e-06, 
    0.04079092992972101, 
    0.18412296239637901, 
    0.3323397741457177, 
    0.41686331999635756, 
    0.3665498037042858, 
    0.38494009096390125
  ]
}