{
  "1": 901.515786812258, 
  "3": 0.22183426176629217, 
  "2": 0.4516793947004154, 
  "4": 0.14067124124598018
}