{
  "1": [
    -0.28422189444247775, 
    0.29119505400492557, 
    -0.15701679250322675, 
    0.2531070643506291, 
    0.8339961884761772, 
    0.20694552982969674, 
    -0.08561425921622287
  ], 
  "2": [
    -0.49941284300844807, 
    0.7048186325903901, 
    -0.08723723782085054, 
    -0.27701936427459645, 
    -0.38563748684684185, 
    0.1433918211274541, 
    -0.013782522197499696
  ], 
  "3": [
    -0.4690208493174986, 
    -0.054491863778868825, 
    0.27302586872666423, 
    0.7183571584556964, 
    -0.20542867829463757, 
    -0.3501051178163696, 
    0.14729362580201308
  ], 
  "4": [
    -0.6093071210709952, 
    -0.5550787401592022, 
    0.29849427258002004, 
    -0.383916999958149, 
    0.0851070615762405, 
    0.2683417271361349, 
    -0.06993451481910468
  ], 
  "5": [
    -0.2609649052962938, 
    -0.1646719989070572, 
    -0.5974101927007818, 
    -0.2747039209268436, 
    0.11884637342639089, 
    -0.6592060484995679, 
    0.1540850207164866
  ], 
  "6": [
    -0.09671627985427479, 
    -0.2352494615984395, 
    -0.5489965509720817, 
    0.307606293968901, 
    -0.27863526934845756, 
    0.27047639939743673, 
    -0.6232894279581134
  ], 
  "7": [
    -0.03335088440000116, 
    -0.15778209111067526, 
    -0.3818341055096251, 
    0.16026209648395867, 
    -0.12053156743419678, 
    0.48406751622498256, 
    0.7440847314132266
  ]
}