{
  "1": 0.08222537720435051, 
  "3": 0.04175509892045303, 
  "2": 0.07294750621857182, 
  "4": 0.022927156574949634
}