{
  "1": [
    9.230411540822272e-05, 
    0.05325806115326649, 
    0.2661571339931559, 
    0.49791514481799587, 
    0.3542946471415833, 
    0.3032775992129628, 
    0.2099748866915068
  ], 
  "3": [
    6.624720010163824e-05, 
    0.005029085628343134, 
    0.22101198081861764, 
    0.34250117770493854, 
    0.46786484859666805, 
    0.26498920052964203, 
    0.25299086225904144
  ], 
  "2": [
    8.009339037252721e-05, 
    0.03833662145512147, 
    0.16547065029778962, 
    0.24977933312520656, 
    0.238814054125445, 
    0.14716289820459783, 
    0.14163006287948435
  ], 
  "5": [
    4.145195632674901e-05, 
    0.007374257664511356, 
    0.18942379792004466, 
    0.31229820356235877, 
    0.33453130256574976, 
    0.2553648496105153, 
    0.35447469719589686
  ], 
  "4": [
    6.176420633640979e-05, 
    0.0, 
    0.1647607623710635, 
    0.22835156953247623, 
    0.2695437279977707, 
    0.15526527231022064, 
    0.16879749198740615
  ], 
  "7": [
    1.3032601852684962e-05, 
    0.0, 
    0.1285681055778985, 
    0.21636412777944244, 
    0.28455186583293424, 
    0.4295484803298438, 
    0.354333759624517
  ], 
  "6": [
    2.6643135480604805e-05, 
    0.0, 
    0.19150956470527367, 
    0.32392579206676925, 
    0.312556371972243, 
    0.3777605242096712, 
    0.2956899253039473
  ]
}