{
  "1": [
    -0.28422260666666666, 
    0.5971028295550381, 
    -0.17958047173083608, 
    0.2718264441153009, 
    0.3315896412838268, 
    0.044871153133111075, 
    -0.04045211711227992
  ], 
  "3": [
    -0.46901985999999996, 
    0.20877730057664928, 
    0.25620015955601866, 
    0.31706130036838726, 
    -0.2590998405705897, 
    -0.17591819305401096, 
    0.030369444146175935
  ], 
  "2": [
    -0.49941293333333325, 
    0.6874764715704876, 
    -0.05601850849809185, 
    -0.20748537085564614, 
    -0.10570707363121384, 
    0.12020943023112114, 
    0.018313558108736958
  ], 
  "5": [
    -0.2609657466666667, 
    0.0004595568250080583, 
    -0.5101329032258055, 
    -0.10273471953211136, 
    0.057458246276484506, 
    -0.4417571828780951, 
    0.029430734815133804
  ], 
  "4": [
    -0.6093073533333334, 
    0.0, 
    0.2419223100936524, 
    -0.17502519843530406, 
    0.13379097545626215, 
    0.15033558686606524, 
    0.001221493253158994
  ], 
  "7": [
    -0.03336401333333332, 
    0.0, 
    -0.32125279223031566, 
    0.057165337434962535, 
    -0.0569606083490663, 
    0.2641233345692745, 
    0.5774992483625023
  ], 
  "6": [
    -0.09671243333333335, 
    0.0, 
    -0.46228738813735654, 
    0.09510170901219094, 
    -0.15038374239563698, 
    0.25434462571581645, 
    -0.4092062815419309
  ]
}