{
  "1": 1067.6406437426251, 
  "3": 0.04153145996551085, 
  "2": 0.167954573115799, 
  "4": -0.010323278457193885
}