{
  "1": [
    -0.4158472673318636, 
    -0.6500875050779236, 
    0.5031431632843324, 
    0.04892899684105919, 
    -0.3414627435368275, 
    -0.17910745717649942, 
    -0.015294118562669582
  ], 
  "2": [
    -0.5588306753282982, 
    -0.2540029139514899, 
    -0.5883389368688196, 
    0.37840078282034356, 
    0.1855700263650989, 
    0.3129809877828708, 
    0.03830934014927474
  ], 
  "3": [
    -0.4481864376482694, 
    0.24976448480215743, 
    -0.3217171300481752, 
    -0.373097900329966, 
    -0.09688722192000618, 
    -0.6711214871403366, 
    -0.18507155364890623
  ], 
  "4": [
    -0.516751202799922, 
    0.34524025782141915, 
    0.46018919254393015, 
    -0.3141189364431434, 
    0.42238802811321746, 
    0.34017463754291727, 
    0.09592772955172192
  ], 
  "5": [
    -0.2025690644919126, 
    0.48702245224138097, 
    0.021871638806615787, 
    0.2202313675769928, 
    -0.7414119436640885, 
    0.2139641986926052, 
    0.27806893523892134
  ], 
  "6": [
    -0.07227632925597312, 
    0.27618268329576706, 
    0.24133404969973443, 
    0.5622382309670408, 
    0.07686942647886529, 
    -0.08742910216077371, 
    -0.7284178396632314
  ], 
  "7": [
    -0.024866532083924368, 
    0.1335210785492959, 
    0.16342507694681638, 
    0.5019286480571696, 
    0.3249116819867509, 
    -0.5004158863530485, 
    0.5890076342826072
  ]
}