{
  "1": [
    0.00010398886707547707, 
    0.12576309454205065, 
    0.14002443620995014, 
    0.2724635210372503, 
    0.19122440255239798, 
    0.18183542992638516, 
    0.11171068975224621
  ], 
  "3": [
    7.885187240481505e-05, 
    0.08731931067166097, 
    0.23111843202158752, 
    0.325389619184545, 
    0.3814583499838874, 
    0.24992245425140006, 
    0.26540307724582374
  ], 
  "2": [
    9.191860848749407e-05, 
    0.15146600063296653, 
    0.16866084665232106, 
    0.2508339771461873, 
    0.2940346672892676, 
    0.21560222850305483, 
    0.17600001631305856
  ], 
  "5": [
    4.557327419470986e-05, 
    0.055684302808796195, 
    0.21568429448835533, 
    0.37312307353684404, 
    0.31778173229986056, 
    0.3950001649564705, 
    0.27799891210829386
  ], 
  "4": [
    7.749260303766169e-05, 
    0.10176128330329054, 
    0.18503357512837662, 
    0.33883671480900585, 
    0.29660233653273527, 
    0.28265943379392244, 
    0.1991093072700034
  ], 
  "7": [
    3.333192263655263e-05, 
    0.028573214561998496, 
    0.12173638741883427, 
    0.2945614881952199, 
    0.4136264594659247, 
    0.3399191202794131, 
    0.3751356349319237
  ], 
  "6": [
    3.15690312283872e-05, 
    0.04878529636959368, 
    0.17247955862959521, 
    0.28671072710759204, 
    0.4050152723243219, 
    0.40740390422358647, 
    0.26074773690233427
  ]
}