{
  "11": [
    2.6726479586947766e-05, 
    0.09114994459321675, 
    0.15955309215139407, 
    0.12025275539107409, 
    0.17862194298982237, 
    0.2593674617335311, 
    0.4508977369537604, 
    0.4292778546995187, 
    0.4434221710682382, 
    0.3194935837197884, 
    0.315358285551797
  ], 
  "10": [
    7.168793483029072e-06, 
    0.08054703647666446, 
    0.15417826906317836, 
    0.12206063095978818, 
    0.13222981456899874, 
    0.1279565905700194, 
    0.1957200172731847, 
    0.26121458609074905, 
    0.2616115308714072, 
    0.5049489335157756, 
    0.5737220227537716
  ], 
  "1": [
    0.0001416206382401601, 
    0.47123446040647315, 
    0.3646634827401067, 
    0.38758333725818644, 
    0.34379337164090873, 
    0.2620016269008772, 
    0.15279668764026727, 
    0.10865956600392304, 
    0.08396164561827162, 
    0.0620859732597406, 
    0.06606177745744235
  ], 
  "3": [
    0.00010831724577399388, 
    0.30764753850277443, 
    0.3944425875712967, 
    0.2974760509208182, 
    0.3518425339111598, 
    0.24745730065879223, 
    0.16908632601792464, 
    0.11539460151947988, 
    0.07695676124172857, 
    0.059082828982160426, 
    0.055894931351598766
  ], 
  "2": [
    0.0001309672733975731, 
    0.27546319554988613, 
    0.33009660208622166, 
    0.36570425042854343, 
    0.25168023269475887, 
    0.27390147905857043, 
    0.1831416127123646, 
    0.11555811459141392, 
    0.08655314741411518, 
    0.05706245928429031, 
    0.05868386230415845
  ], 
  "5": [
    6.920513778808777e-05, 
    0.2702911718833332, 
    0.3259423662982208, 
    0.3232859434234649, 
    0.36438715879110434, 
    0.2744136907538987, 
    0.23887224658333925, 
    0.19266335885426678, 
    0.14676845935125502, 
    0.11988581340706457, 
    0.11840424570155367
  ], 
  "4": [
    0.00010199089274615947, 
    0.19809857736581524, 
    0.2586326690939374, 
    0.29109506946441416, 
    0.2687012193781472, 
    0.2464140997474764, 
    0.1759100885734317, 
    0.11920056862500328, 
    0.09136489930014832, 
    0.07189986190373049, 
    0.07182087274704595
  ], 
  "7": [
    3.333131660739668e-05, 
    0.15643839001486462, 
    0.27632936893720667, 
    0.23420860586904582, 
    0.2518599996332417, 
    0.278851234354006, 
    0.3785513924621287, 
    0.41638145497240536, 
    0.35128713124665206, 
    0.27981150102936714, 
    0.27596518210590004
  ], 
  "6": [
    4.0312322310384047e-05, 
    0.17275735865564032, 
    0.3276615932300054, 
    0.26488118448393483, 
    0.2800350227874681, 
    0.2994815295602515, 
    0.4076279474951427, 
    0.3613499221938992, 
    0.2772082205797908, 
    0.21693584245339478, 
    0.20358585538844862
  ], 
  "9": [
    0.0, 
    0.08163325158162951, 
    0.13913597760369587, 
    0.10000839453673431, 
    0.1098154961505794, 
    0.15222694814340523, 
    0.21114192998218928, 
    0.28151231327469867, 
    0.4072154664380592, 
    0.4533917696872673, 
    0.47698366262574876
  ], 
  "8": [
    1.9621117872867436e-05, 
    0.11442719310896302, 
    0.19707911530424216, 
    0.15093292729775767, 
    0.18501225902671756, 
    0.2700273213937172, 
    0.2820717192619336, 
    0.42769471722737656, 
    0.4600258890939248, 
    0.3408587410790315, 
    0.33370105440045345
  ]
}