{
  "1": 689.60890493924535, 
  "2": 0.13736728503008769, 
  "3": 0.021728428281093028, 
  "4": 0.0088257287233391105, 
  "5": 0.00093089094807885639, 
  "6": -0.0060211001886816768, 
  "7": -0.0075694166381107967, 
  "8": -0.036577462593744343, 
  "9": -0.23797887882139479, 
  "10": -0.31343805720962969, 
  "11": -1.0225706943501476
}