{
  "dV_10_1": 0.014487959838819689, 
  "dV_10_10": 0.0019026248816922829, 
  "dV_10_11": 0.0009886882057495473, 
  "dV_10_2": 0.013847539913342661, 
  "dV_10_3": 0.010976885297483752, 
  "dV_10_4": 0.01127444091320347, 
  "dV_10_5": 0.006166446040735048, 
  "dV_10_6": 0.0033938810970985654, 
  "dV_10_7": 0.0019489585009324554, 
  "dV_10_8": 0.0012039040375056013, 
  "dV_10_9": 0.0009147892406429338, 
  "dV_11_1": 0.0162010005135998, 
  "dV_11_10": 0.0009886882057495473, 
  "dV_11_11": 0.002593773475135295, 
  "dV_11_2": 0.015489150666386294, 
  "dV_11_3": 0.012288638106669456, 
  "dV_11_4": 0.012602100343729633, 
  "dV_11_5": 0.006898587576339292, 
  "dV_11_6": 0.003799002323730896, 
  "dV_11_7": 0.002183557218255558, 
  "dV_11_8": 0.001351748521763994, 
  "dV_11_9": 0.0010200771895977647, 
  "dV_1_1": 0.34046087683437914, 
  "dV_1_10": 0.014487959838819689, 
  "dV_1_11": 0.0162010005135998, 
  "dV_1_2": 0.23053804167178574, 
  "dV_1_3": 0.18276966988684415, 
  "dV_1_4": 0.1874112463456776, 
  "dV_1_5": 0.10227101298896583, 
  "dV_1_6": 0.05600697099168609, 
  "dV_1_7": 0.03188784320202883, 
  "dV_1_8": 0.01948623533095285, 
  "dV_1_9": 0.01478661956809863, 
  "dV_2_1": 0.23053804167178574, 
  "dV_2_10": 0.013847539913342661, 
  "dV_2_11": 0.015489150666386294, 
  "dV_2_2": 0.31117653014189134, 
  "dV_2_3": 0.17489378280258944, 
  "dV_2_4": 0.17903435500339335, 
  "dV_2_5": 0.09769661852740555, 
  "dV_2_6": 0.0535362641035258, 
  "dV_2_7": 0.03049757483779996, 
  "dV_2_8": 0.01865257008704448, 
  "dV_2_9": 0.014139410084104135, 
  "dV_3_1": 0.18276966988684415, 
  "dV_3_10": 0.010976885297483752, 
  "dV_3_11": 0.012288638106669456, 
  "dV_3_2": 0.17489378280258944, 
  "dV_3_3": 0.19513437075843018, 
  "dV_3_4": 0.14208278247761572, 
  "dV_3_5": 0.07739369416415998, 
  "dV_3_6": 0.0424198215799522, 
  "dV_3_7": 0.02418523233133795, 
  "dV_3_8": 0.014787676389822245, 
  "dV_3_9": 0.011216351325708867, 
  "dV_4_1": 0.1874112463456776, 
  "dV_4_10": 0.01127444091320347, 
  "dV_4_11": 0.012602100343729633, 
  "dV_4_2": 0.17903435500339335, 
  "dV_4_3": 0.14208278247761572, 
  "dV_4_4": 0.20258174453679018, 
  "dV_4_5": 0.07946456257506204, 
  "dV_4_6": 0.04351850410452841, 
  "dV_4_7": 0.02479436598097934, 
  "dV_4_8": 0.015164625464033209, 
  "dV_4_9": 0.011505807474337609, 
  "dV_5_1": 0.10227101298896583, 
  "dV_5_10": 0.006166446040735048, 
  "dV_5_11": 0.006898587576339292, 
  "dV_5_2": 0.09769661852740555, 
  "dV_5_3": 0.07739369416415998, 
  "dV_5_4": 0.07946456257506204, 
  "dV_5_5": 0.060926298652958955, 
  "dV_5_6": 0.023856766369952362, 
  "dV_5_7": 0.013571524063634934, 
  "dV_5_8": 0.008296658586814063, 
  "dV_5_9": 0.0062918786642757315, 
  "dV_6_1": 0.05600697099168609, 
  "dV_6_10": 0.0033938810970985654, 
  "dV_6_11": 0.003799002323730896, 
  "dV_6_2": 0.0535362641035258, 
  "dV_6_3": 0.0424198215799522, 
  "dV_6_4": 0.04351850410452841, 
  "dV_6_5": 0.023856766369952362, 
  "dV_6_6": 0.018438710100563655, 
  "dV_6_7": 0.007464291808336557, 
  "dV_6_8": 0.004558989952051797, 
  "dV_6_9": 0.0034621225130652532, 
  "dV_7_1": 0.03188784320202883, 
  "dV_7_10": 0.0019489585009324554, 
  "dV_7_11": 0.002183557218255558, 
  "dV_7_2": 0.03049757483779996, 
  "dV_7_3": 0.02418523233133795, 
  "dV_7_4": 0.02479436598097934, 
  "dV_7_5": 0.013571524063634934, 
  "dV_7_6": 0.007464291808336557, 
  "dV_7_7": 0.006024018253805216, 
  "dV_7_8": 0.0026135321973614623, 
  "dV_7_9": 0.001984023954918572, 
  "dV_8_1": 0.01948623533095285, 
  "dV_8_10": 0.0012039040375056013, 
  "dV_8_11": 0.001351748521763994, 
  "dV_8_2": 0.01865257008704448, 
  "dV_8_3": 0.014787676389822245, 
  "dV_8_4": 0.015164625464033209, 
  "dV_8_5": 0.008296658586814063, 
  "dV_8_6": 0.004558989952051797, 
  "dV_8_7": 0.0026135321973614623, 
  "dV_8_8": 0.002402764294767587, 
  "dV_8_9": 0.0012256518644022712, 
  "dV_9_1": 0.01478661956809863, 
  "dV_9_10": 0.0009147892406429338, 
  "dV_9_11": 0.0010200771895977647, 
  "dV_9_2": 0.014139410084104135, 
  "dV_9_3": 0.011216351325708867, 
  "dV_9_4": 0.011505807474337609, 
  "dV_9_5": 0.0062918786642757315, 
  "dV_9_6": 0.0034621225130652532, 
  "dV_9_7": 0.001984023954918572, 
  "dV_9_8": 0.0012256518644022712, 
  "dV_9_9": 0.0016875570705327052
}