{
  "1": 87.86613463126362, 
  "3": 0.013726152876227467, 
  "2": 0.026540719408461363, 
  "4": -0.01069944042632107
}