{
  "1": [
    -0.17024312666666666, 
    0.7630063199999995, 
    -0.3941515127175358, 
    0.2802044647108385, 
    -0.08815405299003977, 
    0.051458798842847264, 
    -0.009513212874082405
  ], 
  "3": [
    -0.4400580733333333, 
    0.06328947333333336, 
    -0.18410842704149913, 
    -0.2737913892246259, 
    0.4826897405613945, 
    -0.0007774069999595951, 
    0.162231022021457
  ], 
  "2": [
    -0.4011688466666667, 
    0.4428096466666659, 
    0.63484765729585, 
    -0.1298004504999451, 
    -0.09330955867879207, 
    0.031410597726439435, 
    0.0050068624129494
  ], 
  "5": [
    -0.3705213333333332, 
    -0.3064382999999997, 
    0.1513611512717538, 
    0.5756277149031247, 
    0.18032475493090863, 
    0.13670904534897962, 
    -0.12702752117447763
  ], 
  "4": [
    -0.6739864000000002, 
    -0.28309943999999976, 
    -0.2263265997322624, 
    -0.13220410577592231, 
    -0.2693791937325304, 
    -0.17483101902782894, 
    -0.13906054206662963
  ], 
  "7": [
    -0.05895265333333327, 
    -0.06991604666666665, 
    0.06006332663989296, 
    0.25416501849613593, 
    -0.06778772095586792, 
    -0.3093016705374231, 
    0.532695482778091
  ], 
  "6": [
    -0.14631625333333328, 
    -0.18399837333333324, 
    -0.09312739625167353, 
    -0.09793037761418164, 
    -0.28188081177906504, 
    0.4402390131605768, 
    0.25692387351778684
  ]
}