{
  "1": 31.202923778197935, 
  "3": 0.04548642515568485, 
  "2": 0.08861666017294784, 
  "4": 0.030695860951425378
}