{
  "1": [
    5.268356063861754e-09, 
    0.0, 
    0.0, 
    1.862645149230957e-09, 
    0.0, 
    0.0, 
    0.0
  ], 
  "3": [
    0.0, 
    0.0, 
    5.268356063861754e-09, 
    0.0, 
    0.0, 
    9.313225746154785e-10, 
    0.0
  ], 
  "2": [
    0.0, 
    0.0, 
    0.0, 
    0.0, 
    2.634178031930877e-09, 
    0.0, 
    1.3170890159654386e-09
  ], 
  "5": [
    2.634178031930877e-09, 
    0.0, 
    0.0, 
    1.0536712127723509e-08, 
    1.862645149230957e-09, 
    2.634178031930877e-09, 
    5.268356063861754e-09
  ], 
  "4": [
    0.0, 
    0.0, 
    3.725290298461914e-09, 
    3.725290298461914e-09, 
    5.268356063861754e-09, 
    1.6463612699567982e-10, 
    0.0
  ], 
  "7": [
    3.2927225399135965e-10, 
    2.3283064365386963e-10, 
    0.0, 
    0.0, 
    6.585445079827193e-10, 
    0.0, 
    5.268356063861754e-09
  ], 
  "6": [
    0.0, 
    1.862645149230957e-09, 
    9.313225746154785e-10, 
    0.0, 
    0.0, 
    5.268356063861754e-09, 
    0.0
  ]
}