{
  "1": 0.002390852547930428, 
  "3": 0.0025959356945131446, 
  "2": 0.002260385466548431, 
  "4": 0.0012216422157955815
}