{
  "1": [
    -0.4158475866666666, 
    -0.6257386470529342, 
    0.4528698982398241, 
    0.028543000664555687, 
    -0.14363928132258424, 
    -0.03569425382011128, 
    0.005405592841163397
  ], 
  "3": [
    -0.44818668666666656, 
    0.2400104373061145, 
    -0.279014459570957, 
    -0.28665117469997176, 
    -0.11247008698820554, 
    -0.2931743526397656, 
    -0.042933071702119754
  ], 
  "2": [
    -0.5588314466666666, 
    -0.2502920544381068, 
    -0.5197679799229938, 
    0.22987839021148518, 
    0.08183170287379919, 
    0.08600312013907956, 
    -0.010677590717779675
  ], 
  "5": [
    -0.20256944666666665, 
    0.47139012975749706, 
    0.03343866886688703, 
    0.18240761893592944, 
    -0.313677000500977, 
    0.25597396834111097, 
    0.16128829863875957
  ], 
  "4": [
    -0.5167498133333333, 
    0.33718983621868553, 
    0.38892037266226664, 
    -0.14583621828700938, 
    0.24165319943525956, 
    0.12709908500320266, 
    0.030336332612899482
  ], 
  "7": [
    -0.02486623333333326, 
    0.13128731111778252, 
    0.14634760726072613, 
    0.22328535631914298, 
    0.1041237828482947, 
    -0.37446109433616975, 
    0.49889389527168027
  ], 
  "6": [
    -0.07227779333333326, 
    0.27006662997431563, 
    0.21867196782178183, 
    0.2905749149759597, 
    0.006690208134080801, 
    -0.13891785158751913, 
    -0.5229002199218896
  ]
}