{"mode1_error": [6e-06, 7e-06, 1e-05, 1.1e-05, 2.3e-05, 3.9e-05, 7e-05], "mode2": [0.00034, -5e-05, -0.00038, -2e-05, 0.00019, 0.00041, 0.00162], "mode2_error": [0.000176, 0.000242, 0.000379, 0.000457, 0.001106, 0.001433, 0.005695], "mode1": [0.00592, 0.01294, 0.02164, 0.03296, 0.04675, 0.05603, 0.05893]}