{"mode1_error": [1.2e-05, 1.3e-05, 1.9e-05, 2e-05, 4.2e-05, 6.9e-05, 0.000117], "mode2": [0.00018, 0.00034, -0.00034, -0.00026, -0.00105, -0.00361, -0.00558], "mode2_error": [0.000266, 0.000285, 0.000413, 0.000394, 0.000987, 0.003976, 0.005533], "mode1": [0.00272, 0.00589, 0.00981, 0.01489, 0.02111, 0.02489, 0.02557]}