{"mode1_error": [6e-06, 7e-06, 1e-05, 1.1e-05, 2.3e-05, 3.9e-05, 7.1e-05], "mode2": [-0.00031, -8e-05, 1e-05, 0.00034, 0.00121, 0.00069, 0.00319], "mode2_error": [4e-05, 6.7e-05, 0.000128, 0.000119, 0.00026, 0.000491, 0.00099], "mode1": [0.00658, 0.01452, 0.02426, 0.03694, 0.05243, 0.06268, 0.06578]}