{"mode1_error": [7e-06, 8e-06, 1.1e-05, 1.2e-05, 2.6e-05, 4.4e-05, 8.8e-05], "mode2": [0.00069, -0.00059, 0.00057, -0.00034, 0.00014, -0.00116, -0.00164], "mode2_error": [0.00018, 0.000237, 0.000409, 0.000481, 0.001229, 0.001858, 0.003716], "mode1": [0.00838, 0.01846, 0.03076, 0.04666, 0.06611, 0.07866, 0.08201]}