{"mode1_error": [6.1e-05, 6.4e-05, 9.1e-05, 0.000101, 0.000216, 0.000382, 0.000684], "mode2": [0.00128, -0.00133, -0.00177, 0.00263, -0.00141, -0.0003, -0.00217], "mode2_error": [0.001127, 0.001184, 0.001736, 0.002653, 0.003427, 0.011278, 0.010829], "mode1": [0.01287, 0.02813, 0.04578, 0.06985, 0.10166, 0.13378, 0.16272]}