{
  "1": [
    2.1577476340670084e-05, 
    0.02906471691357948, 
    0.13094897516009923, 
    0.19234509853207812, 
    0.09264078103098572, 
    0.1610986468946597, 
    0.1487939582954161
  ], 
  "3": [
    1.4332209006822492e-05, 
    0.021160128056403063, 
    0.23806877446463443, 
    0.2960319058983875, 
    0.15929795531019678, 
    0.16202562057117462, 
    0.15625791634784789
  ], 
  "2": [
    1.6128309523623676e-05, 
    0.028647469387135707, 
    0.1215382530243923, 
    0.17577110092877427, 
    0.15814475898007527, 
    0.21619551363423908, 
    0.25470551406600206
  ], 
  "5": [
    6.666292231681976e-07, 
    0.019083954900220156, 
    0.11070280396605647, 
    0.15586499461051032, 
    0.19896986109279038, 
    0.24806536570399323, 
    0.1712863478337081
  ], 
  "4": [
    1.467659800998711e-05, 
    0.016985536610585415, 
    0.16049816827530583, 
    0.15511880855366925, 
    0.1645563371964232, 
    0.1448653151259738, 
    0.21036299116871504
  ], 
  "7": [
    0.0, 
    0.01145637685814815, 
    0.15866596094827035, 
    0.2360148595862975, 
    0.24151418079047887, 
    0.19655446918177397, 
    0.09484381917958323
  ], 
  "6": [
    0.0, 
    0.013510326502512094, 
    0.10547962238320643, 
    0.1357975706154194, 
    0.16613740778406477, 
    0.31768162954225093, 
    0.21598043303139278
  ]
}