{
  "P_1": 304.3312647294188, 
  "P_2": 255.307944483345, 
  "P_3": 151.2320856506952, 
  "P_4": 137.0092921626488, 
  "P_5": 44.64277485745724, 
  "P_6": 14.834647841830645, 
  "P_7": 5.266864046302851
}