{
  "1": 0.00986254857454687, 
  "3": 0.0024191010398807735, 
  "2": 0.00964962993685991, 
  "4": 0.00550122413233482
}