{
  "1": [
    0.00012932398529291958, 
    0.07216936072235262, 
    0.3946233057101624, 
    0.25170078747908375, 
    0.29682750678840625, 
    0.29347013418136814, 
    0.1863576542943579
  ], 
  "3": [
    9.173827851706303e-05, 
    0.07548179939784899, 
    0.22491694084835379, 
    0.24998006402066075, 
    0.4051687784356913, 
    0.3255645014321031, 
    0.2683853767811069
  ], 
  "2": [
    0.00011331137380549924, 
    0.04998840787539359, 
    0.29108791653540494, 
    0.24079698287282522, 
    0.1675614938260472, 
    0.2074647690588864, 
    0.1559453858549205
  ], 
  "5": [
    5.389937912956786e-05, 
    0.050575352331639685, 
    0.3008153590620298, 
    0.4388587708213013, 
    0.4547899557589078, 
    0.30928162481680277, 
    0.3282842501058951
  ], 
  "4": [
    8.656072994164722e-05, 
    0.06148441045068044, 
    0.34157778861669424, 
    0.29714776585505026, 
    0.36222691258676637, 
    0.34556938537365645, 
    0.23132358642756026
  ], 
  "7": [
    2.8894424676775342e-05, 
    0.011366652353459223, 
    0.21455181271861154, 
    0.44604347694267765, 
    0.3272346473239748, 
    0.35284188671092803, 
    0.4262192575441436
  ], 
  "6": [
    3.442607214501665e-05, 
    0.025014550829516893, 
    0.44301100145304806, 
    0.44755592417686685, 
    0.42697637467475064, 
    0.3150113139427531, 
    0.3559322065941129
  ]
}