{
  "1": [
    -0.28657401333333327, 
    -0.6282938866666656, 
    -0.12384789417989424, 
    -0.13967722374013383, 
    -0.15489481778286532, 
    0.14702857893946217, 
    0.07252359894459112
  ], 
  "3": [
    -0.47271818666666676, 
    -0.37136869333333333, 
    -0.04468960141093444, 
    0.2518784684274444, 
    0.019844575462697734, 
    -0.2871183415953117, 
    0.007216460861917084
  ], 
  "2": [
    -0.5087348533333332, 
    0.6516041999999996, 
    -0.2389882892416232, 
    -0.012093328779598926, 
    -0.11078074794886475, 
    -0.04138049421661401, 
    0.08637027616534751
  ], 
  "5": [
    -0.25186227333333333, 
    0.13021696000000008, 
    0.32228003527336857, 
    0.11639719186399536, 
    -0.09467257012020701, 
    0.28357357668619565, 
    0.009998371152154874
  ], 
  "4": [
    -0.6018215333333333, 
    -0.0026795066666665695, 
    0.19018379541446165, 
    -0.17663161050394666, 
    0.16922305285250905, 
    0.01352676130389095, 
    -0.16093228144239263
  ], 
  "7": [
    -0.03891663333333326, 
    -0.012395993333333272, 
    0.043382067019400415, 
    -0.058228096539161785, 
    0.042700686891815005, 
    0.018969002553702534, 
    0.5996248126649082
  ], 
  "6": [
    -0.09199603333333331, 
    -0.07161858666666662, 
    -0.20767590123456803, 
    0.06915237553127007, 
    0.12704220186987214, 
    0.3732491888237948, 
    0.031123584872471702
  ]
}