{
  "1": 89.34699721453208, 
  "3": 0.04619396639316285, 
  "2": 0.06002616934880102, 
  "4": 0.03319800706214024
}