{
  "1": 4.435442705791359e-05, 
  "3": 4.823927300047471e-07, 
  "2": 1.5896997074299953e-06, 
  "4": 3.432527035412026e-07
}