{
  "1": [
    5.268356063861754e-09, 
    0.0, 
    0.0, 
    4.656612873077393e-10, 
    1.862645149230957e-09, 
    1.3170890159654386e-09, 
    8.231806349783991e-11
  ], 
  "3": [
    5.268356063861754e-09, 
    0.0, 
    6.585445079827193e-10, 
    7.450580596923828e-09, 
    7.450580596923828e-09, 
    0.0, 
    0.0
  ], 
  "2": [
    0.0, 
    0.0, 
    0.0, 
    0.0, 
    0.0, 
    0.0, 
    0.0
  ], 
  "5": [
    2.634178031930877e-09, 
    0.0, 
    3.725290298461914e-09, 
    0.0, 
    0.0, 
    0.0, 
    1.3170890159654386e-09
  ], 
  "4": [
    7.450580596923828e-09, 
    0.0, 
    3.725290298461914e-09, 
    0.0, 
    0.0, 
    0.0, 
    9.313225746154785e-10
  ], 
  "7": [
    0.0, 
    0.0, 
    1.862645149230957e-09, 
    5.268356063861754e-09, 
    0.0, 
    0.0, 
    1.0536712127723509e-08
  ], 
  "6": [
    0.0, 
    0.0, 
    0.0, 
    0.0, 
    0.0, 
    2.634178031930877e-09, 
    5.268356063861754e-09
  ]
}