{
  "1": [
    -0.39803333333333335, 
    0.7992333333333335, 
    0.40203333333333346, 
    0.04136666666666678, 
    0.1561666666666668, 
    -0.12263333333333326, 
    -0.007099999999999992
  ], 
  "3": [
    -0.4439666666666666, 
    -0.4231666666666667, 
    0.05796666666666673, 
    0.5190333333333335, 
    0.4923666666666669, 
    -0.3272999999999999, 
    0.03936666666666678
  ], 
  "2": [
    -0.5517, 
    0.1404333333333334, 
    -0.7873, 
    -0.2342333333333333, 
    -0.030566666666666627, 
    0.007966666666666681, 
    -0.015699999999999933
  ], 
  "5": [
    -0.22556666666666655, 
    -0.23416666666666666, 
    0.2495666666666667, 
    -0.4049666666666667, 
    -0.4466333333333333, 
    -0.6749, 
    -0.11443333333333328
  ], 
  "4": [
    -0.5286333333333333, 
    -0.25429999999999997, 
    0.32256666666666667, 
    0.07983333333333342, 
    -0.4203, 
    0.6043666666666667, 
    0.05903333333333328
  ], 
  "7": [
    -0.038166666666666564, 
    -0.09016666666666662, 
    0.10630000000000007, 
    -0.4117, 
    0.25203333333333333, 
    0.017233333333333437, 
    0.8636333333333334
  ], 
  "6": [
    -0.0913666666666666, 
    -0.1865, 
    0.1938333333333333, 
    -0.5781000000000001, 
    0.5409666666666668, 
    0.23816666666666664, 
    -0.4855666666666666
  ]
}