{
  "1": 0.06338415881895129, 
  "3": 0.025877146069940474, 
  "2": 0.057618357558524236, 
  "4": 0.013933569508209289
}