{
  "1": 1100.1159835657625, 
  "3": 0.054000694870388125, 
  "2": 0.2065049089437579, 
  "4": 0.01980035246730336
}