{
  "1": [
    0.000394985469394346, 
    0.11942708936239081, 
    0.18322566554904623, 
    0.2063538364870287, 
    0.21736279486056256, 
    0.12739157499538925, 
    0.10675901647929362
  ], 
  "3": [
    0.00027390557445622213, 
    0.09847788539213018, 
    0.24584377296874982, 
    0.2544600161257003, 
    0.34016977180151, 
    0.2529692957536056, 
    0.2367406614188243
  ], 
  "2": [
    0.00034301818296097043, 
    0.10778590849332381, 
    0.13709249858549719, 
    0.12190533892162027, 
    0.11443916989463183, 
    0.07984039197349313, 
    0.06776924081479914
  ], 
  "5": [
    0.00015800558695969029, 
    0.06393493610540109, 
    0.15029752805652516, 
    0.29936378707747646, 
    0.3818409291481223, 
    0.32587863129989697, 
    0.42822407358296233
  ], 
  "4": [
    0.00025979307988388507, 
    0.09331713446643708, 
    0.19337019329380356, 
    0.2738293375423773, 
    0.24037986401791725, 
    0.2515024274128862, 
    0.21956998199506103
  ], 
  "7": [
    4.7131156950417764e-05, 
    0.025775550131233973, 
    0.11628705901662519, 
    0.23314476515259147, 
    0.3678363953440347, 
    0.39761151406522216, 
    0.46576404242394676
  ], 
  "6": [
    8.297083798317782e-05, 
    0.04013624797265277, 
    0.14236272028214242, 
    0.2600856875149634, 
    0.4075444754610417, 
    0.4814902240779718, 
    0.2772983795795584
  ]
}