{
  "V_11": 17.41281261058208, 
  "V_12": 31.18472433632575, 
  "V_13": 28.541151242981083, 
  "V_14": 36.30806231254418, 
  "V_15": 15.1990524802922, 
  "V_16": 5.505164265672005, 
  "V_17": 1.90479112038693, 
  "V_21": 31.18472433632575, 
  "V_22": 54.31039467159794, 
  "V_23": 50.69327206368015, 
  "V_24": 64.84019703109756, 
  "V_25": 27.047492718041383, 
  "V_26": 9.817910653645946, 
  "V_27": 3.393856337052905, 
  "V_31": 28.541151242981083, 
  "V_32": 50.69327206368015, 
  "V_33": 47.19952891437238, 
  "V_34": 60.06860200715347, 
  "V_35": 25.129012817109363, 
  "V_36": 9.067114778528762, 
  "V_37": 3.1141833578234728, 
  "V_41": 36.30806231254418, 
  "V_42": 64.84019703109756, 
  "V_43": 60.06860200715347, 
  "V_44": 76.49344382078051, 
  "V_45": 31.93224903659136, 
  "V_46": 11.499161761520293, 
  "V_47": 3.924584684713083, 
  "V_51": 15.1990524802922, 
  "V_52": 27.047492718041383, 
  "V_53": 25.129012817109363, 
  "V_54": 31.93224903659136, 
  "V_55": 13.332954141402512, 
  "V_56": 4.7775996194229755, 
  "V_57": 1.6323768460759336, 
  "V_61": 5.505164265672005, 
  "V_62": 9.817910653645946, 
  "V_63": 9.067114778528762, 
  "V_64": 11.499161761520293, 
  "V_65": 4.7775996194229755, 
  "V_66": 1.7214485556510988, 
  "V_67": 0.5634469669135005, 
  "V_71": 1.90479112038693, 
  "V_72": 3.393856337052905, 
  "V_73": 3.1141833578234728, 
  "V_74": 3.924584684713083, 
  "V_75": 1.6323768460759336, 
  "V_76": 0.5634469669135005, 
  "V_77": 0.19319483926636155
}