{
  "1": 211.0199093395732, 
  "3": 0.07872405059471008, 
  "2": 0.31658043389570745, 
  "4": 0.02080915686732465
}