{
  "1": [
    0.2872161600000001, 
    0.4888882533333325, 
    -0.6672283239797672, 
    -0.2214568886052612, 
    -0.0543667054083376, 
    0.028107642381259533, 
    0.008307389989922934
  ], 
  "3": [
    0.47255661333333354, 
    -0.016556499999999707, 
    0.39321095406360385, 
    -0.3954494859249803, 
    -0.24021592282659268, 
    -0.127276686009026, 
    -0.0668806143395665
  ], 
  "2": [
    0.5089739600000002, 
    -0.7484517133333335, 
    -0.32407233423404697, 
    0.06377055236474521, 
    0.042490020145668814, 
    -0.0011902643455834353, 
    0.00938188706005309
  ], 
  "5": [
    0.2515178266666667, 
    0.0992202066666668, 
    0.12717199473428978, 
    0.3423941430901234, 
    -0.2940727723539435, 
    0.4091222222222222, 
    0.11236411376105684
  ], 
  "4": [
    0.6022146666666668, 
    0.35087555333333365, 
    0.24558381486870345, 
    0.14491517407643817, 
    0.3315910816674415, 
    -0.04619027294218745, 
    0.04852293882730538
  ], 
  "7": [
    0.031168973333333457, 
    0.07154723333333356, 
    -0.08373438647543792, 
    0.3073091115365532, 
    -0.2081948008678117, 
    -0.393815039759296, 
    0.37476511402232
  ], 
  "6": [
    0.09081300666666664, 
    0.10866295333333342, 
    -0.0713885540081755, 
    0.38605900163085916, 
    -0.12930295986362997, 
    -0.1114888673973789, 
    -0.4924299966409124
  ]
}