{
  "P_1": 647.9624480118754, 
  "P_2": 519.7011363333111, 
  "P_3": 291.8971229067983, 
  "P_4": 246.7437342884782, 
  "P_5": 73.29226519447595, 
  "P_6": 22.450366598863607, 
  "P_7": 7.357759738122651
}