{
  "1": [
    0.32501456574019233, 
    0.7178269998412243, 
    0.5406382739295673, 
    0.12956042659933806, 
    -0.15883857533897747, 
    -0.21133580418200348, 
    0.011034846286971937
  ], 
  "2": [
    0.5030952616475659, 
    0.3943932162078896, 
    -0.6149424416420395, 
    0.02615987047828504, 
    0.2450937349039386, 
    0.3772526914451433, 
    0.10059856494563535
  ], 
  "3": [
    0.4668110367335448, 
    -0.2054516746594777, 
    -0.20841577931572422, 
    -0.4479856753458213, 
    -0.6304305103138976, 
    -0.3127504090324016, 
    0.022210724797736944
  ], 
  "4": [
    0.5946177166536748, 
    -0.46584964355530467, 
    0.46871895625204285, 
    -0.07990082807749443, 
    0.4071879969814014, 
    0.17995046602195439, 
    0.07174986589718793
  ], 
  "5": [
    0.24661873583851046, 
    -0.16937609794156816, 
    -0.22807650987724934, 
    0.5982301896206357, 
    0.14164641040821618, 
    -0.5417857108532852, 
    -0.4324317522821464
  ], 
  "6": [
    0.08880068844954239, 
    -0.13641352441799098, 
    0.11173996178351947, 
    0.4275924597983022, 
    -0.5473322299808038, 
    0.6161581924098304, 
    -0.3145809423683726
  ], 
  "7": [
    0.03273459414911115, 
    -0.15051643129275266, 
    -0.04378058696306538, 
    0.48449951284137693, 
    -0.17837712666556294, 
    -0.09818310210081546, 
    0.8355587421975882
  ]
}