{
  "1": 0.0004574603106551512, 
  "3": 0.0001740921438897878, 
  "2": 0.0006321495615145865, 
  "4": 0.0001379600143135094
}