{
  "1": [
    0.0006583790505647423, 
    0.20293708638264787, 
    0.31421793236376794, 
    0.19221052495869753, 
    0.16664560847770649, 
    0.14119258847005686, 
    0.13428543851684158
  ], 
  "3": [
    0.0004094229931225881, 
    0.13480531512383107, 
    0.2528269101425256, 
    0.3591806781922214, 
    0.320714088808315, 
    0.31987758865171917, 
    0.30139433319145087
  ], 
  "2": [
    0.0005052948052959647, 
    0.28138226480382944, 
    0.19834881867471033, 
    0.2732585057384174, 
    0.22742353883715777, 
    0.18472262221661478, 
    0.19328983416169704
  ], 
  "5": [
    0.00023134168186169464, 
    0.09614429452746899, 
    0.22276126334625077, 
    0.30230002386537724, 
    0.43875667366677606, 
    0.35681767879392484, 
    0.3853937042426464
  ], 
  "4": [
    0.0003882746737316675, 
    0.20792265649559752, 
    0.20114782924657953, 
    0.25392540759592586, 
    0.1957930601282763, 
    0.22344767147974343, 
    0.19890824777018618
  ], 
  "7": [
    7.107776648730407e-05, 
    0.05939086874309339, 
    0.12302141704602201, 
    0.3322503731282609, 
    0.44841623390642005, 
    0.5013301359499333, 
    0.33768412671327885
  ], 
  "6": [
    0.00011894033984805745, 
    0.07087276476434606, 
    0.11211624359479908, 
    0.26533813633126174, 
    0.41069661707611066, 
    0.3822521743647337, 
    0.49249632685492906
  ]
}