{
  "dV_11": 0.205136249120484, 
  "dV_12": 0.11798292522999207, 
  "dV_13": 0.09020630474427623, 
  "dV_14": 0.0862735469113095, 
  "dV_15": 0.04549692997636059, 
  "dV_16": 0.024345987728801637, 
  "dV_17": 0.014856653078536852, 
  "dV_21": 0.11798292522999207, 
  "dV_22": 0.13568654300962707, 
  "dV_23": 0.07346043482209036, 
  "dV_24": 0.07031079288221909, 
  "dV_25": 0.03702028475706441, 
  "dV_26": 0.019822093226400037, 
  "dV_27": 0.01209163739154604, 
  "dV_31": 0.09020630474427623, 
  "dV_32": 0.07346043482209036, 
  "dV_33": 0.07932743820060399, 
  "dV_34": 0.053877877825264923, 
  "dV_35": 0.02833678975015679, 
  "dV_36": 0.015159464574239986, 
  "dV_37": 0.009245052720477626, 
  "dV_41": 0.0862735469113095, 
  "dV_42": 0.07031079288221909, 
  "dV_43": 0.053877877825264923, 
  "dV_44": 0.07250286084659384, 
  "dV_45": 0.027213519273490673, 
  "dV_46": 0.014530244540831065, 
  "dV_47": 0.00885976850780004, 
  "dV_51": 0.04549692997636059, 
  "dV_52": 0.03702028475706441, 
  "dV_53": 0.02833678975015679, 
  "dV_54": 0.027213519273490673, 
  "dV_55": 0.02024206590585719, 
  "dV_56": 0.007697409557842618, 
  "dV_57": 0.004693839295680963, 
  "dV_61": 0.024345987728801637, 
  "dV_62": 0.019822093226400037, 
  "dV_63": 0.015159464574239986, 
  "dV_64": 0.014530244540831065, 
  "dV_65": 0.007697409557842618, 
  "dV_66": 0.005886387196942324, 
  "dV_67": 0.002537485639825022, 
  "dV_71": 0.014856653078536852, 
  "dV_72": 0.01209163739154604, 
  "dV_73": 0.009245052720477626, 
  "dV_74": 0.00885976850780004, 
  "dV_75": 0.004693839295680963, 
  "dV_76": 0.002537485639825022, 
  "dV_77": 0.0025715446342398605
}