{
  "1": [
    0.32501505999999997, 
    0.6690145399999993, 
    0.4124401244114526, 
    0.05791276543812564, 
    -0.07565954895803612, 
    -0.07400298869143752, 
    0.01215422601024263
  ], 
  "3": [
    0.46680511333333335, 
    -0.1908643266666667, 
    -0.16087458844554475, 
    -0.3461975998698249, 
    -0.22471656675230833, 
    -0.07190539400466642, 
    0.003683043624536956
  ], 
  "2": [
    0.5030937600000001, 
    0.32051470000000043, 
    -0.5302063271127586, 
    0.037415710682613255, 
    0.095504120277857, 
    0.12571182911506046, 
    0.042589798512205373
  ], 
  "5": [
    0.24661978000000018, 
    -0.1586230466666664, 
    -0.16739356291026644, 
    0.3934385648035157, 
    -0.039918603102103364, 
    -0.2714378118829659, 
    -0.20466679002654198
  ], 
  "4": [
    0.5946216666666667, 
    -0.39641399333333255, 
    0.4041346289995533, 
    -0.00873623789764886, 
    0.20568221524407665, 
    0.04929178782983328, 
    0.03548835183731473
  ], 
  "7": [
    0.03273446666666663, 
    -0.13343594666666678, 
    -0.020520538199814132, 
    0.27481285493450425, 
    -0.13274002283756745, 
    -0.09696514090827595, 
    0.4899914881686664
  ], 
  "6": [
    0.08880246666666666, 
    -0.11658809333333331, 
    0.10650589751520743, 
    0.260224709136767, 
    -0.30033026929298884, 
    0.3961857835218097, 
    -0.15452112818212382
  ]
}