{
  "1": [
    -0.2875324066666666, 
    0.2763076120485874, 
    0.15481251107771743, 
    -0.22495164009002616, 
    0.20123583199650005, 
    0.05938032628231719, 
    0.00788903104946385
  ], 
  "3": [
    -0.4726328733333335, 
    0.219069918757826, 
    -0.3421431934651084, 
    0.08004163673801648, 
    0.05941274123766472, 
    0.08969286603069274, 
    0.06482615090278626
  ], 
  "2": [
    -0.5083218200000001, 
    0.2207375104900952, 
    0.11319988055330756, 
    -0.04147303069482313, 
    -0.34110781682951685, 
    -0.017300977003548466, 
    0.0430547371357963
  ], 
  "5": [
    -0.25140475999999995, 
    0.149390006352834, 
    -0.02173637344430259, 
    -0.2898291098022307, 
    -0.004713971124398982, 
    -0.34221633715839544, 
    0.0413169317230663
  ], 
  "4": [
    -0.60256344, 
    0.21089438494155743, 
    0.10455132354641103, 
    0.24362942584877695, 
    0.16430810850226057, 
    0.002523982672012108, 
    -0.09456533540595445
  ], 
  "7": [
    -0.03125365333333333, 
    0.12003058368448713, 
    0.05550167225368957, 
    -0.04036727002825314, 
    0.038690822031014614, 
    0.2126192036499376, 
    0.4209079955358921
  ], 
  "6": [
    -0.09104049999999997, 
    0.09504540195649482, 
    0.004375906446267624, 
    -0.2718245031844078, 
    -0.12714455787273307, 
    0.2987839670030881, 
    -0.23441909601817648
  ]
}