{
  "1": 0.09921155433462876, 
  "3": 0.10693448134370385, 
  "2": 0.07140313324527527, 
  "4": 0.05552335149728303
}