{
  "1": 0.0012628683133008346, 
  "3": 0.0007922347536912965, 
  "2": 0.00196390086756228, 
  "4": 0.0002504663572835542
}