{
  "1": 0.14065676183413003, 
  "3": 0.09965345199612259, 
  "2": 0.1071809729899055, 
  "4": 0.07696697114688977
}