{
  "1": [
    -0.4183406, 
    -0.406502144983146, 
    -0.3357737922403015, 
    0.12897244681461079, 
    0.054599605117674956, 
    -0.026541700161700283, 
    0.022332602120898753
  ], 
  "3": [
    -0.44838546666666673, 
    -0.12782197285192942, 
    0.31488208594075956, 
    0.017810327427031616, 
    0.28745640499131286, 
    0.02164626934626935, 
    -0.04311702844454723
  ], 
  "2": [
    -0.5609277, 
    -0.2922964272301925, 
    0.07709684605757139, 
    -0.245434399908251, 
    -0.10088166692992169, 
    0.0458569692769694, 
    -0.011604031239232721
  ], 
  "5": [
    -0.19976429333333334, 
    0.3371701947302685, 
    -0.22979415102210998, 
    -0.006188640403693259, 
    0.04777454325277776, 
    0.39072715638715544, 
    -0.009653654148003007
  ], 
  "4": [
    -0.5136451733333334, 
    0.3359566040367891, 
    0.03909118898623226, 
    0.18658247032513364, 
    -0.23166753540778084, 
    -0.15258519288519326, 
    0.06166260480073512
  ], 
  "7": [
    -0.024033333333333236, 
    0.16470443221704825, 
    -0.1178075511055485, 
    -0.16698584207810135, 
    0.20875959037540157, 
    -0.1389922060522061, 
    0.4884320546686566
  ], 
  "6": [
    -0.07063333333333333, 
    0.23703375210316843, 
    -0.21676701710471394, 
    -0.21037383450886038, 
    0.13152940030537555, 
    -0.29255952413952396, 
    -0.3537550438344647
  ]
}