{
  "1": 0.0005718165593189606, 
  "3": 0.0001579232496639024, 
  "2": 0.00013406123225115932, 
  "4": 0.00028781992401353954
}