{
  "1": [
    0.00015909971149966735, 
    0.28005968078176713, 
    0.30571002861213614, 
    0.24483770245297184, 
    0.2763729940767316, 
    0.256567137384642, 
    0.259104776096837
  ], 
  "3": [
    0.0001253812646126921, 
    0.2212538072334906, 
    0.24748635211585948, 
    0.29408839911883733, 
    0.35950381244904184, 
    0.3353625067291751, 
    0.3468642117851055
  ], 
  "2": [
    0.00014570902978534742, 
    0.331793476510732, 
    0.3230313731251868, 
    0.24435179457487913, 
    0.26814077141631654, 
    0.24932273135131464, 
    0.27378825739743695
  ], 
  "5": [
    6.677068001907923e-05, 
    0.2745828935881891, 
    0.41682997950742073, 
    0.4023220145693087, 
    0.3674350315957722, 
    0.3359740428151784, 
    0.3604882314262094
  ], 
  "4": [
    0.00012457213368003364, 
    0.361899600353118, 
    0.43020626921294436, 
    0.25075660784546117, 
    0.2372994996873221, 
    0.27781510374558066, 
    0.25235707200017826
  ], 
  "7": [
    3.342439228765442e-05, 
    0.27990655406731524, 
    0.4077145917395896, 
    0.525797342309694, 
    0.486308549350918, 
    0.42122698926013946, 
    0.35881916781814055
  ], 
  "6": [
    3.6560388991401565e-05, 
    0.17055607285632338, 
    0.3025071891235994, 
    0.42381858660569105, 
    0.5073762850338496, 
    0.4222872514384271, 
    0.49635792351395236
  ]
}