{
  "dV_11": 0.16146306619085618, 
  "dV_12": 0.11487692391099509, 
  "dV_13": 0.08783228736978124, 
  "dV_14": 0.08736006806220425, 
  "dV_15": 0.041252259424216155, 
  "dV_16": 0.02075212786787203, 
  "dV_17": 0.016240403770085267, 
  "dV_21": 0.11487692391099509, 
  "dV_22": 0.15885462538268513, 
  "dV_23": 0.08803691977735527, 
  "dV_24": 0.08706482443116809, 
  "dV_25": 0.04132379899985922, 
  "dV_26": 0.020876605415221995, 
  "dV_27": 0.016277078093457485, 
  "dV_31": 0.08783228736978124, 
  "dV_32": 0.08803691977735527, 
  "dV_33": 0.09296957631502172, 
  "dV_34": 0.06698735127296886, 
  "dV_35": 0.03171123844042136, 
  "dV_36": 0.016007193739350632, 
  "dV_37": 0.012500013496532712, 
  "dV_41": 0.08736006806220425, 
  "dV_42": 0.08706482443116809, 
  "dV_43": 0.06698735127296886, 
  "dV_44": 0.09040741249809214, 
  "dV_45": 0.03184552644023514, 
  "dV_46": 0.016065599657208895, 
  "dV_47": 0.012491294210043373, 
  "dV_51": 0.041252259424216155, 
  "dV_52": 0.04132379899985922, 
  "dV_53": 0.03171123844042136, 
  "dV_54": 0.03184552644023514, 
  "dV_55": 0.021079172978439014, 
  "dV_56": 0.0076510169022481304, 
  "dV_57": 0.005943575394582224, 
  "dV_61": 0.02075212786787203, 
  "dV_62": 0.020876605415221995, 
  "dV_63": 0.016007193739350632, 
  "dV_64": 0.016065599657208895, 
  "dV_65": 0.0076510169022481304, 
  "dV_66": 0.005929693834567238, 
  "dV_67": 0.0030138915427003763, 
  "dV_71": 0.016240403770085267, 
  "dV_72": 0.016277078093457485, 
  "dV_73": 0.012500013496532712, 
  "dV_74": 0.012491294210043373, 
  "dV_75": 0.005943575394582224, 
  "dV_76": 0.0030138915427003763, 
  "dV_77": 0.004957479549786615
}