{
  "1": 359.89787474416596, 
  "3": 0.21889919842323607, 
  "2": 0.2695868229501293, 
  "4": 0.15401920227316418
}