{
  "P_1": 214.59677789129034, 
  "P_2": 175.87241515853916, 
  "P_3": 100.17186594524318, 
  "P_4": 84.11667222554621, 
  "P_5": 23.83885353588269, 
  "P_6": 6.6843278014743275, 
  "P_7": 2.3103258377110376
}