{
  "1": 0.019786966862536264, 
  "3": 0.0061238188573941865, 
  "2": 0.00920645133797932, 
  "4": 0.004109663426513478
}