{
  "1": [
    9.514029767600041e-05, 
    0.21579270242164528, 
    0.16607902447775094, 
    0.1631700418139663, 
    0.10884431515060908, 
    0.066931607289942, 
    0.07172156377620517
  ], 
  "3": [
    6.858189648096225e-05, 
    0.05418750461751186, 
    0.19697328046709933, 
    0.19660827146221074, 
    0.16539492528648048, 
    0.17598806218778873, 
    0.17295140474250603
  ], 
  "2": [
    8.287592634022303e-05, 
    0.10555504430193709, 
    0.1509568675094226, 
    0.19176643901138102, 
    0.14722343610745964, 
    0.2513859127012402, 
    0.23176925226589276
  ], 
  "5": [
    4.2318243152949446e-05, 
    0.07914128975137213, 
    0.17279425040177637, 
    0.15397626834554298, 
    0.26293320091038, 
    0.28833595284069474, 
    0.32880910990148476
  ], 
  "4": [
    6.409402913831166e-05, 
    0.056073106400353345, 
    0.15235292643761644, 
    0.154755664374693, 
    0.13601362228697347, 
    0.19239711067875712, 
    0.17183743222057737
  ], 
  "7": [
    6.364959624729776e-06, 
    0.03905488902910968, 
    0.09001943286485213, 
    0.07026262280762714, 
    0.42086352342264577, 
    0.3339533280834614, 
    0.4103397488762779
  ], 
  "6": [
    2.0983929288479113e-05, 
    0.05517497416136483, 
    0.11666221835527014, 
    0.09431797133837394, 
    0.20189024147300702, 
    0.4922486279548815, 
    0.3171363004444865
  ]
}