{
  "1": 0.03573035170024066, 
  "3": 0.017342672634832648, 
  "2": 0.03283969004511399, 
  "4": 0.004157354516719736
}