{
  "1": 6305.5444407337172, 
  "2": 2.4521309663015538, 
  "3": 0.92776595634524062, 
  "4": 0.48812673083876978, 
  "5": 0.060282369937222975, 
  "6": -0.015007570408462361, 
  "7": -0.47591127722470006
}