{
  "1": 0.0036465521764169704, 
  "3": 0.003047001035259424, 
  "2": 0.0036370389304653875, 
  "4": 0.002062801651982823
}