{
  "1": 6305.5453542039195, 
  "3": 0.9819512573536149, 
  "2": 2.481157724867834, 
  "4": 0.4621719219733648
}