{
  "1": [
    -0.2875, 
    0.44396666666666684, 
    0.3103, 
    -0.5259, 
    0.5495000000000001, 
    0.2070333333333334, 
    0.050699999999999974
  ], 
  "3": [
    -0.4726333333333334, 
    0.24696666666666678, 
    -0.7868999999999999, 
    0.19989999999999997, 
    0.11550000000000016, 
    0.1633, 
    0.12823333333333342
  ], 
  "2": [
    -0.5083, 
    0.23523333333333343, 
    0.26636666666666664, 
    -0.12396666666666667, 
    -0.7055666666666667, 
    -0.12396666666666667, 
    0.2946333333333333
  ], 
  "5": [
    -0.2514333333333333, 
    -0.45996666666666663, 
    -0.2271666666666666, 
    -0.48549999999999993, 
    0.14583333333333348, 
    -0.6453666666666666, 
    0.012233333333333322
  ], 
  "4": [
    -0.6025666666666667, 
    -0.3265, 
    0.3547, 
    0.4644333333333335, 
    0.21443333333333348, 
    0.03449999999999998, 
    -0.37629999999999997
  ], 
  "7": [
    -0.03123333333333333, 
    -0.44430000000000003, 
    0.12296666666666667, 
    0.10370000000000014, 
    0.1963666666666668, 
    0.26736666666666675, 
    0.8159000000000001
  ], 
  "6": [
    -0.0910333333333333, 
    -0.41356666666666664, 
    -0.1447666666666666, 
    -0.4538333333333333, 
    -0.28483333333333327, 
    0.6526333333333334, 
    -0.2944333333333333
  ]
}