{
  "1": 284.8329444539914, 
  "3": 0.13678600112248052, 
  "2": 0.29953574689477064, 
  "4": 0.07948688137445914
}