{
  "1": [
    -0.28009199999999995, 
    -0.7943878333333335, 
    -0.30485720781700104, 
    -0.17609839366601876, 
    0.020238675670605964, 
    -0.059572879728132355, 
    0.026776229419993563
  ], 
  "3": [
    -0.46616329333333334, 
    -0.27341143333333273, 
    0.23077693429136734, 
    0.30602033801530154, 
    -0.002998863252672729, 
    0.21283333333333368, 
    -0.10417467269270772
  ], 
  "2": [
    -0.49274123333333325, 
    0.11190529333333347, 
    0.5747517407754501, 
    -0.2809919949754488, 
    -0.005316469705495632, 
    -0.039040351654846504, 
    0.05526693568635888
  ], 
  "5": [
    -0.2691381666666667, 
    0.2241408800000002, 
    -0.15253527369919104, 
    -0.03546042784819722, 
    0.051459624835866795, 
    0.006289465130023542, 
    -0.32677430682592623
  ], 
  "4": [
    -0.6142317533333334, 
    0.39812502666666705, 
    -0.4681887014474645, 
    0.04269427505614545, 
    -0.0025951791408742888, 
    -0.052850155141844, 
    0.15839227016750979
  ], 
  "7": [
    -0.03610428666666657, 
    -0.0064150266666666, 
    -0.06519564372244793, 
    -0.07228758326672018, 
    -0.35125690114425207, 
    -0.05927958776595699, 
    -0.10352759065963661
  ], 
  "6": [
    -0.10211056666666665, 
    -0.09625249333333329, 
    0.25051423166371656, 
    0.3042210688591981, 
    -0.012015385481148074, 
    -0.29760119680851116, 
    0.08067830625201819
  ]
}