{
  "1": [
    5.353242418130564e-05, 
    0.1394051695098942, 
    0.34551511545700964, 
    0.358250484813183, 
    0.3237617424003922, 
    0.2814901858585924, 
    0.20704843065063477
  ], 
  "3": [
    4.3178583337149735e-05, 
    0.11099720926659391, 
    0.35785172616438465, 
    0.38078801911840454, 
    0.4176054658599362, 
    0.24710286478692092, 
    0.24443650941105352
  ], 
  "2": [
    4.9474920578571856e-05, 
    0.12170389794396973, 
    0.28052432831209295, 
    0.3572702666445304, 
    0.2921276671586141, 
    0.205356685619657, 
    0.16154124127212385
  ], 
  "5": [
    2.6624967455970107e-05, 
    0.08292330328222494, 
    0.3299221676253753, 
    0.3118574691976304, 
    0.3625659799733176, 
    0.3091034367076666, 
    0.32603627107719163
  ], 
  "4": [
    4.290582752403354e-05, 
    0.09509017691014687, 
    0.330386563668368, 
    0.25638113039657123, 
    0.3251419158849521, 
    0.21771722412082647, 
    0.1843382849726421
  ], 
  "7": [
    0.0, 
    0.03713086775383052, 
    0.16007071062460324, 
    0.2157918046268596, 
    0.3310015078373154, 
    0.4647814658951129, 
    0.2912137957834495
  ], 
  "6": [
    9.536640481557877e-06, 
    0.061617044323908174, 
    0.2613964804216776, 
    0.3604008089849378, 
    0.2715107220487006, 
    0.4794977392650152, 
    0.353478157282257
  ]
}