{
  "1": 3719.3677890305453, 
  "3": 0.11644175801242272, 
  "2": 0.4817554046418327, 
  "4": 0.04667276159966678
}