{
  "1": [
    -0.2763274936614576, 
    0.40627145578449264, 
    -0.7142340179311292, 
    -0.10159642234770717, 
    -0.23308877995310073, 
    0.4197251433285656, 
    -0.0873783713253364
  ], 
  "2": [
    -0.4814814298872274, 
    -0.7730611367656095, 
    -0.29973113079508923, 
    0.146082999069878, 
    -0.19372231751089136, 
    -0.14460979657285025, 
    0.030541587136591754
  ], 
  "3": [
    -0.45986058895655174, 
    -0.07447510759667607, 
    0.5505505635012664, 
    -0.44599684380099835, 
    -0.1376643617663839, 
    0.5067440433747183, 
    -0.07226055234151349
  ], 
  "4": [
    -0.6205436368744347, 
    0.4236461469819485, 
    0.07648831092868055, 
    -0.10143893801020254, 
    0.13374559542708875, 
    -0.6329758810960772, 
    0.02762004133016649
  ], 
  "5": [
    -0.28373497564966516, 
    0.03902135757182718, 
    0.03229989043051775, 
    0.5041966598514761, 
    0.6475101388110991, 
    0.37803303944131694, 
    0.3170739405039549
  ], 
  "6": [
    -0.1126137279655102, 
    0.09727767391320213, 
    0.18828976369790498, 
    0.5542809971900462, 
    -0.13934860320804013, 
    0.04580828770374151, 
    -0.7833634603643158
  ], 
  "7": [
    -0.045663927191002186, 
    0.20325297376548704, 
    0.23362002086022476, 
    0.4446270188286235, 
    -0.6577343768439442, 
    0.02152768255690926, 
    0.52082010597832
  ]
}