{
  "1": [
    0.00032428941517495313, 
    0.23972547762207547, 
    0.30261247298247956, 
    0.29075856724316806, 
    0.318810391840963, 
    0.27636916654183813, 
    0.23510758208877322
  ], 
  "3": [
    0.0002358212835237763, 
    0.20139689205856148, 
    0.32852289428736736, 
    0.2943827388224506, 
    0.3316614312350193, 
    0.2692105491252258, 
    0.2859692188181307
  ], 
  "2": [
    0.0002899072650742218, 
    0.2181182113193568, 
    0.34676637332023635, 
    0.19985138178892692, 
    0.20496436101267881, 
    0.1888183542532448, 
    0.1729409916516529
  ], 
  "5": [
    0.00014552275353982362, 
    0.15310407875220328, 
    0.3282740383777593, 
    0.3269442227972901, 
    0.39596699335389085, 
    0.3923654070110452, 
    0.3656661607073157
  ], 
  "4": [
    0.00022002340063453276, 
    0.22626996527855403, 
    0.262728973289074, 
    0.23458908947123538, 
    0.35378430062175675, 
    0.22908030747004646, 
    0.2530890630142474
  ], 
  "7": [
    5.186318926169701e-05, 
    0.22863961075372755, 
    0.35131955951045635, 
    0.35005551433549004, 
    0.3179035823113425, 
    0.46273973019367887, 
    0.378225684640404
  ], 
  "6": [
    8.091448402737869e-05, 
    0.11503358804741268, 
    0.28358057605248393, 
    0.3344465344509962, 
    0.3530542824279448, 
    0.40062138494491256, 
    0.35182951176038496
  ]
}