{
  "dV_11": 0.059611256862615286, 
  "dV_12": 0.03972622021091897, 
  "dV_13": 0.03113597017849674, 
  "dV_14": 0.030853455909098538, 
  "dV_15": 0.017121149156936407, 
  "dV_16": 0.009577190328539152, 
  "dV_17": 0.0060683374974958865, 
  "dV_21": 0.03972622021091897, 
  "dV_22": 0.05294786417715885, 
  "dV_23": 0.02938925326705548, 
  "dV_24": 0.029121756621199223, 
  "dV_25": 0.016145348111583857, 
  "dV_26": 0.009029826804984271, 
  "dV_27": 0.005721298856467607, 
  "dV_31": 0.03113597017849674, 
  "dV_32": 0.02938925326705548, 
  "dV_33": 0.0325216613235548, 
  "dV_34": 0.022891412561271092, 
  "dV_35": 0.012676583532709104, 
  "dV_36": 0.00708323895367043, 
  "dV_37": 0.004486772811212724, 
  "dV_41": 0.030853455909098538, 
  "dV_42": 0.029121756621199223, 
  "dV_43": 0.022891412561271092, 
  "dV_44": 0.03190403569887155, 
  "dV_45": 0.012614445013714464, 
  "dV_46": 0.007036106191266153, 
  "dV_47": 0.004454662492384211, 
  "dV_51": 0.017121149156936407, 
  "dV_52": 0.016145348111583857, 
  "dV_53": 0.012676583532709104, 
  "dV_54": 0.012614445013714464, 
  "dV_55": 0.009871112107002545, 
  "dV_56": 0.003926268809575952, 
  "dV_57": 0.0024862455227121, 
  "dV_61": 0.009577190328539152, 
  "dV_62": 0.009029826804984271, 
  "dV_63": 0.00708323895367043, 
  "dV_64": 0.007036106191266153, 
  "dV_65": 0.003926268809575952, 
  "dV_66": 0.00314831157138818, 
  "dV_67": 0.0014066866067653418, 
  "dV_71": 0.0060683374974958865, 
  "dV_72": 0.005721298856467607, 
  "dV_73": 0.004486772811212724, 
  "dV_74": 0.004454662492384211, 
  "dV_75": 0.0024862455227121, 
  "dV_76": 0.0014066866067653418, 
  "dV_77": 0.001480760896388446
}