{
  "1": 0.06806337145978614, 
  "3": 0.027920065311624248, 
  "2": 0.07906192561432718, 
  "4": 0.0042980579235484175
}