{
  "1": 363.00644656285925, 
  "3": 0.13994352401503699, 
  "2": 0.34151865969039696, 
  "4": 0.11717340208426917
}