{
  "1": 0.0013303720395575278, 
  "3": 0.0015342245038101282, 
  "2": 0.0009282498723896141, 
  "4": 0.0008122383841845412
}