{
  "1": [
    4.8693097490838715e-05, 
    0.14967150454347541, 
    0.24815248211634325, 
    0.32404206298772387, 
    0.24082231948555696, 
    0.21766712163712018, 
    0.1886519666411158
  ], 
  "3": [
    3.983236858777656e-05, 
    0.09980787818051294, 
    0.4031260951355515, 
    0.3532956269167216, 
    0.41175978001318486, 
    0.29089135324082416, 
    0.24108550918755228
  ], 
  "2": [
    4.530186195198554e-05, 
    0.19422887018772722, 
    0.25282819908979237, 
    0.330808735308713, 
    0.23050818735474457, 
    0.18524152523253368, 
    0.18318737172818533
  ], 
  "5": [
    3.3301051037735634e-05, 
    0.07975939905491874, 
    0.3082588642332775, 
    0.36821312160282804, 
    0.3130748183895508, 
    0.27951810571443053, 
    0.3166060891687689
  ], 
  "4": [
    3.977187756120344e-05, 
    0.09472096951299899, 
    0.2528090965704615, 
    0.32105211461506716, 
    0.3123420590232882, 
    0.2764327381372805, 
    0.2500676429987451
  ], 
  "7": [
    0.0, 
    0.036418951354957214, 
    0.14988891820394626, 
    0.2540820459092045, 
    0.41522791747352356, 
    0.46252043768473233, 
    0.4226070052431051
  ], 
  "6": [
    2.822062210006097e-05, 
    0.05519988232693998, 
    0.19925302143471943, 
    0.2726298007751582, 
    0.3824773551825984, 
    0.4194154575807837, 
    0.38814396015031594
  ]
}