{
  "1": 2941.9542285633734, 
  "3": 0.4109526592598746, 
  "2": 0.8827373877554124, 
  "4": 0.1821846910466457
}