{
  "1": [
    -0.4200474, 
    0.5345710912658138, 
    0.35475089367552787, 
    -0.1435917351290679, 
    0.16791840410148542, 
    -0.053830802322181584, 
    -0.008963917833799823
  ], 
  "3": [
    -0.44833101333333336, 
    0.12224388065760107, 
    0.11215144362969753, 
    0.43267662850729505, 
    -0.08263250076683759, 
    0.044461851062940816, 
    -0.01669862558356661
  ], 
  "2": [
    -0.5622714933333335, 
    0.10512727149719228, 
    -0.5431860372746707, 
    -0.08111588327721692, 
    0.09550806274922236, 
    0.10170308232051121, 
    -0.006212642390289462
  ], 
  "5": [
    -0.19806813333333328, 
    -0.5308237534672893, 
    0.06810944851817897, 
    0.13711661952861975, 
    0.23302350028482519, 
    -0.2976013239777814, 
    0.055021254901960574
  ], 
  "4": [
    -0.5116192866666667, 
    -0.39984565320343574, 
    0.15851946990528554, 
    -0.21979903479236784, 
    -0.28206554051093274, 
    -0.0465177170780606, 
    0.044289385620915216
  ], 
  "7": [
    -0.02369999999999994, 
    -0.18854661389621838, 
    0.1032709288114878, 
    -0.02788053423120073, 
    0.11401272950352785, 
    0.30407944284341937, 
    0.444980985994398
  ], 
  "6": [
    -0.0697510733333333, 
    -0.34819943846830365, 
    0.13028248548732088, 
    -0.030109562289562145, 
    0.1184972832040665, 
    0.30148908240404304, 
    -0.42108186367880535
  ]
}