{"mode1_error": [0.0, 0.0, 0.0, 0.0, 0.0, 0.0, 0.0], "mode2": [-0.0008, 0.00046, -0.00025, 0.00051, -0.00051, -0.00097, -0.00449], "mode2_error": [0.0, 0.0, 0.0, 0.0, 0.0, 0.0, 0.0], "mode1": [0.00836, 0.01844, 0.03072, 0.04667, 0.06611, 0.07864, 0.08187]}