{"mode1_error": [0.0, 0.0, 0.0, 0.0, 0.0, 0.0, 0.0], "mode2": [-0.00037, 0.00041, -0.00042, 0.00015, -0.00016, -0.00083, 0.00099], "mode2_error": [0.0, 0.0, 0.0, 0.0, 0.0, 0.0, 0.0], "mode1": [0.01064, 0.02335, 0.03849, 0.05792, 0.08128, 0.09598, 0.09831]}