{
  "1": 121.8239789348299, 
  "2": 4.1905881670764806, 
  "3": 1.3912076033667777, 
  "4": 0.91092291113052537, 
  "5": 0.11248161083849055, 
  "6": -0.040184767478659351, 
  "7": -1.1111586568628171
}