{
  "1": [
    0.41544958102819446, 
    0.7613851278853733, 
    0.38145976860628095, 
    0.2851804761240837, 
    0.07923734800176925, 
    -0.120110171244623, 
    -0.012241857546602732
  ], 
  "2": [
    0.5168133596768273, 
    0.2320618690735702, 
    -0.6846721909468516, 
    -0.291098022023095, 
    -0.17780211557336825, 
    0.259051703901054, 
    0.16375529030692473
  ], 
  "3": [
    0.42481209776752027, 
    -0.45435310700221326, 
    0.005289769453322352, 
    0.6537023623823321, 
    0.18977330189913527, 
    0.2535148309122267, 
    0.2923345684255081
  ], 
  "4": [
    0.5438176984282377, 
    -0.37288647159792, 
    0.2589521798930892, 
    -0.1832476022389162, 
    -0.45591639130364237, 
    -0.35982724218529794, 
    -0.35671651896115414
  ], 
  "5": [
    0.2561233298178744, 
    -0.13272120302437468, 
    0.4058817511940029, 
    -0.604556085118936, 
    0.5343364697236549, 
    0.22815969596425092, 
    0.2213268091417872
  ], 
  "6": [
    0.12219164415159518, 
    -0.02816029655354745, 
    -0.29787611450906964, 
    0.08343761179519535, 
    0.5811375487701362, 
    -0.04489420792545541, 
    -0.7408426584941119
  ], 
  "7": [
    0.059771492972448416, 
    -0.05050732005880755, 
    -0.255260743553132, 
    -0.024034978362976543, 
    0.30821725282492574, 
    -0.8189310172356782, 
    0.40310639530340325
  ]
}