{
  "1": [
    0.005536823577892174, 
    0.14775753173343367, 
    0.24360951854665205, 
    0.22880909408519992, 
    0.17423457231755868, 
    0.1334562923572697, 
    0.11451501557436373
  ], 
  "3": [
    0.0036911460137782717, 
    0.16205346814239743, 
    0.338109406885406, 
    0.2933534532438606, 
    0.27327405116145964, 
    0.25059988590071064, 
    0.23621720196345447
  ], 
  "2": [
    0.004315409979732468, 
    0.20625569842849, 
    0.24210372754506576, 
    0.3226377226644, 
    0.26573808318667524, 
    0.20213526499617251, 
    0.17395727198423294
  ], 
  "5": [
    0.002236217227537601, 
    0.12356669506745212, 
    0.3545323365463187, 
    0.35910398680554756, 
    0.38971929397396304, 
    0.2660806568428991, 
    0.2893023500135819
  ], 
  "4": [
    0.0035861127174040774, 
    0.14118223541686917, 
    0.2385533247037818, 
    0.29839178879865597, 
    0.2586606925497787, 
    0.26562650376082303, 
    0.2804757462702903
  ], 
  "7": [
    0.000727663976053109, 
    0.040320777544189654, 
    0.15359557817185918, 
    0.27376635735758414, 
    0.3346950525565791, 
    0.35246418636269294, 
    0.49857279824396117
  ], 
  "6": [
    0.0012742042814805122, 
    0.06399957221195669, 
    0.22109311940078374, 
    0.35189264112921537, 
    0.33261525711358986, 
    0.45743062602259693, 
    0.30368005606380727
  ]
}