{
  "dV_11": 2.20778282074704, 
  "dV_12": 1.2947987947827608, 
  "dV_13": 1.0064277946358806, 
  "dV_14": 0.9926037816315515, 
  "dV_15": 0.5624017905853507, 
  "dV_16": 0.323046722125759, 
  "dV_17": 0.18971507167215895, 
  "dV_21": 1.2947987947827608, 
  "dV_22": 1.5159255000603777, 
  "dV_23": 0.8358579422395305, 
  "dV_24": 0.8248371482470891, 
  "dV_25": 0.4662572637250794, 
  "dV_26": 0.2678656698359979, 
  "dV_27": 0.15729037693289155, 
  "dV_31": 1.0064277946358806, 
  "dV_32": 0.8358579422395305, 
  "dV_33": 0.9158877204289115, 
  "dV_34": 0.6422007959318858, 
  "dV_35": 0.3630733744715953, 
  "dV_36": 0.2082828627824671, 
  "dV_37": 0.12229948833261527, 
  "dV_41": 0.9926037816315515, 
  "dV_42": 0.8248371482470891, 
  "dV_43": 0.6422007959318858, 
  "dV_44": 0.8904552649053414, 
  "dV_45": 0.3588727203169918, 
  "dV_46": 0.2058336884969168, 
  "dV_47": 0.1207250921461017, 
  "dV_51": 0.5624017905853507, 
  "dV_52": 0.4662572637250794, 
  "dV_53": 0.3630733744715953, 
  "dV_54": 0.3588727203169918, 
  "dV_55": 0.2866094595323291, 
  "dV_56": 0.11671740828349424, 
  "dV_57": 0.06852759196925547, 
  "dV_61": 0.323046722125759, 
  "dV_62": 0.2678656698359979, 
  "dV_63": 0.2082828627824671, 
  "dV_64": 0.2058336884969168, 
  "dV_65": 0.11671740828349424, 
  "dV_66": 0.09465850546326288, 
  "dV_67": 0.03941231319793065, 
  "dV_71": 0.18971507167215895, 
  "dV_72": 0.15729037693289155, 
  "dV_73": 0.12229948833261527, 
  "dV_74": 0.1207250921461017, 
  "dV_75": 0.06852759196925547, 
  "dV_76": 0.03941231319793065, 
  "dV_77": 0.0327093612345691
}