{
  "V_11": 23.41472643829832, 
  "V_12": 27.0557042360446, 
  "V_13": 20.318316564831616, 
  "V_14": 26.123114370251248, 
  "V_15": 12.16307700298204, 
  "V_16": 6.296029724828505, 
  "V_17": 2.9961555796200465, 
  "V_21": 27.0557042360446, 
  "V_22": 32.39665001055526, 
  "V_23": 26.018449018901983, 
  "V_24": 34.213201827314705, 
  "V_25": 16.46879004588093, 
  "V_26": 7.3148676268342365, 
  "V_27": 3.4532128956850126, 
  "V_31": 20.318316564831616, 
  "V_32": 26.018449018901983, 
  "V_33": 23.48116459347188, 
  "V_34": 28.60073709150723, 
  "V_35": 13.051759178802556, 
  "V_36": 6.562831376589235, 
  "V_37": 3.1943138880596256, 
  "V_41": 26.123114370251248, 
  "V_42": 34.213201827314705, 
  "V_43": 28.60073709150723, 
  "V_44": 36.78162015919879, 
  "V_45": 16.984933004396346, 
  "V_46": 7.953491465483751, 
  "V_47": 4.02928195488787, 
  "V_51": 12.16307700298204, 
  "V_52": 16.46879004588093, 
  "V_53": 13.051759178802556, 
  "V_54": 16.984933004396346, 
  "V_55": 8.654754598039776, 
  "V_56": 4.180746291272619, 
  "V_57": 2.153835741629519, 
  "V_61": 6.296029724828505, 
  "V_62": 7.3148676268342365, 
  "V_63": 6.562831376589235, 
  "V_64": 7.953491465483751, 
  "V_65": 4.180746291272619, 
  "V_66": 2.0191534485623834, 
  "V_67": 0.9877305473497439, 
  "V_71": 2.9961555796200465, 
  "V_72": 3.4532128956850126, 
  "V_73": 3.1943138880596256, 
  "V_74": 4.02928195488787, 
  "V_75": 2.153835741629519, 
  "V_76": 0.9877305473497439, 
  "V_77": 0.5297665547742072
}