{
  "1": 121.83100170532464, 
  "3": 1.4631155925058545, 
  "2": 4.237855059252906, 
  "4": 0.88314706875787
}