{
  "1": [
    5.991798259121507e-05, 
    0.056163906584879054, 
    0.11464063574733031, 
    0.19509136485629924, 
    0.19621687092995727, 
    0.08144030596025044, 
    0.08265190115341892
  ], 
  "3": [
    4.703358564749593e-05, 
    0.04882491015499502, 
    0.21571558452181233, 
    0.27002533972217585, 
    0.33528151871521755, 
    0.11251046789570326, 
    0.1271503018778477
  ], 
  "2": [
    5.386102939406499e-05, 
    0.07002716801467788, 
    0.07971676480406295, 
    0.2323740557427431, 
    0.16551606110532327, 
    0.08476231037107362, 
    0.11979286913134088
  ], 
  "5": [
    3.3543222158063356e-05, 
    0.031291090947807694, 
    0.14056088218897858, 
    0.25852258188150157, 
    0.2674088606877619, 
    0.24148531900320133, 
    0.27914481171250427
  ], 
  "4": [
    4.5934910419639265e-05, 
    0.02632361046468457, 
    0.11665515417615509, 
    0.3065741629653694, 
    0.27934156211552125, 
    0.1267769342375921, 
    0.22968358393671312
  ], 
  "7": [
    9.951026745984017e-06, 
    0.01658354082831468, 
    0.07249987502011852, 
    0.10186735423834445, 
    0.26735404709434235, 
    0.43237510816862995, 
    0.3627258712824176
  ], 
  "6": [
    2.6190202581567625e-05, 
    0.026472027592554282, 
    0.10195958346561791, 
    0.14915573257274023, 
    0.17275987434212908, 
    0.2736060210054075, 
    0.39293048395800856
  ]
}