{
  "1": 0.08241463170186969, 
  "3": 0.1018400685851326, 
  "2": 0.06750865300584928, 
  "4": 0.07073813626423137
}