{
  "V_11": 261.15479911208365, 
  "V_12": 349.867413516482, 
  "V_13": 281.9086611427177, 
  "V_14": 325.789454237998, 
  "V_15": 128.49620909247048, 
  "V_16": 45.96145456522938, 
  "V_17": 15.933904727281364, 
  "V_21": 349.867413516482, 
  "V_22": 470.5343853660591, 
  "V_23": 378.62382308190837, 
  "V_24": 438.19306184926705, 
  "V_25": 172.83954057798442, 
  "V_26": 61.97497170908407, 
  "V_27": 21.55616126812134, 
  "V_31": 281.9086611427177, 
  "V_32": 378.62382308190837, 
  "V_33": 305.3588277569762, 
  "V_34": 353.0196647367421, 
  "V_35": 139.31831687687767, 
  "V_36": 50.08528047031424, 
  "V_37": 17.406021111842794, 
  "V_41": 325.789454237998, 
  "V_42": 438.19306184926705, 
  "V_43": 353.0196647367421, 
  "V_44": 408.48535405123744, 
  "V_45": 161.54909878410672, 
  "V_46": 58.17572151845129, 
  "V_47": 20.28774671837145, 
  "V_51": 128.49620909247048, 
  "V_52": 172.83954057798442, 
  "V_53": 139.31831687687767, 
  "V_54": 161.54909878410672, 
  "V_55": 63.99126705224156, 
  "V_56": 23.156227901069894, 
  "V_57": 8.14194148782246, 
  "V_61": 45.96145456522938, 
  "V_62": 61.97497170908407, 
  "V_63": 50.08528047031424, 
  "V_64": 58.17572151845129, 
  "V_65": 23.156227901069894, 
  "V_66": 8.483597191414754, 
  "V_67": 3.0408874081245094, 
  "V_71": 15.933904727281364, 
  "V_72": 21.55616126812134, 
  "V_73": 17.406021111842794, 
  "V_74": 20.28774671837145, 
  "V_75": 8.14194148782246, 
  "V_76": 3.0408874081245094, 
  "V_77": 1.1212072923191996
}