{"mode1_error": [6e-06, 8e-06, 1.1e-05, 1.3e-05, 2.6e-05, 4.5e-05, 8.9e-05], "mode2": [-0.00039, -3e-05, 0.00011, 0.00051, 0.00086, 0.00329, 0.00371], "mode2_error": [3.4e-05, 0.000144, 0.000142, 0.000114, 0.000384, 0.000778, 0.001142], "mode1": [0.00736, 0.01845, 0.03072, 0.04665, 0.06613, 0.07882, 0.08225]}