{"mode1_error": [9e-06, 1.1e-05, 1.5e-05, 1.7e-05, 3.6e-05, 6e-05, 0.000106], "mode2": [0.00031, -0.00062, -0.0001, 0.00051, 0.00058, 0.00256, 0.00077], "mode2_error": [0.000245, 0.000297, 0.000518, 0.000681, 0.001317, 0.004341, 0.00787], "mode1": [0.00815, 0.02042, 0.03389, 0.05135, 0.07254, 0.08652, 0.08948]}