{"mode1_error": [1.2e-05, 1.5e-05, 2.2e-05, 2.5e-05, 5e-05, 8.4e-05, 0.000146], "mode2": [0.00063, -0.00055, 0.0004, -0.00042, -0.00115, -5e-05, -0.00572], "mode2_error": [0.000318, 0.000618, 0.000999, 0.000823, 0.00171, 0.002818, 0.010242], "mode1": [0.00884, 0.02199, 0.03633, 0.05473, 0.07728, 0.09139, 0.09479]}