{"mode1_error": [1.9e-05, 2.3e-05, 3.4e-05, 3.7e-05, 7.6e-05, 0.000129, 0.000216], "mode2": [0.00083, 0.00063, -0.00068, -0.00165, -0.00225, -0.00539, -0.01733], "mode2_error": [0.000232, 0.00056, 0.00047, 0.000875, 0.001317, 0.003329, 0.007672], "mode1": [0.00938, 0.02332, 0.0384, 0.05787, 0.08117, 0.09579, 0.09871]}