{"mode1_error": [3.2e-05, 3.9e-05, 5.6e-05, 6.3e-05, 0.000129, 0.000215, 0.000355], "mode2": [-0.00107, 4e-05, 0.0003, 0.00127, 0.00213, 0.00361, 0.01136], "mode2_error": [0.000164, 0.000395, 0.000668, 0.000689, 0.001603, 0.00271, 0.006584], "mode1": [0.0099, 0.02475, 0.0404, 0.0605, 0.08546, 0.09997, 0.10099]}