{
  "1": 852.95052834481908, 
  "2": 0.75687461155420133, 
  "3": 0.32059866921842634, 
  "4": 0.0059265528889578109, 
  "5": -0.12987987873021864, 
  "6": -0.23057492339132746, 
  "7": -0.54014627123346326
}