{
  "1": [
    0.00022529533045641395, 
    0.28089528309658013, 
    0.42510107395013097, 
    0.3150819063514822, 
    0.14419014518047577, 
    0.14933218374153467, 
    0.12187207754670544
  ], 
  "3": [
    0.00015152262768028605, 
    0.43507546499500904, 
    0.32544313826989507, 
    0.40270995838037554, 
    0.20135686324602703, 
    0.2009680184030859, 
    0.16026601972445423
  ], 
  "2": [
    0.00018139746284461967, 
    0.2696409975945029, 
    0.45761460914032137, 
    0.3116022413431651, 
    0.24670792728022906, 
    0.24592627337882877, 
    0.22876918082837835
  ], 
  "5": [
    9.493461580740843e-05, 
    0.17563300362786533, 
    0.36323863460414013, 
    0.34274101988133837, 
    0.331679200968071, 
    0.2840360963724388, 
    0.373973233842204
  ], 
  "4": [
    0.00014288871679321572, 
    0.26571912253906793, 
    0.2818117850704445, 
    0.27853479249341945, 
    0.23848887605018237, 
    0.2449693888518595, 
    0.28274828679850256
  ], 
  "7": [
    3.462455840066475e-05, 
    0.04628229829990009, 
    0.10560823725810599, 
    0.27170603809855, 
    0.4902512177181815, 
    0.4575738516352591, 
    0.4124607283486904
  ], 
  "6": [
    5.3527343323030694e-05, 
    0.10032077279282368, 
    0.20566039835800465, 
    0.33915657956864115, 
    0.42023097348994193, 
    0.40969593162495593, 
    0.4318911339963666
  ]
}