{
  "1": 0.0015670927111948556, 
  "3": 0.0015034161845014398, 
  "2": 0.002520577524245539, 
  "4": 0.0002314952433641257
}