{
  "1": 8.079672880009387e-05, 
  "3": 4.1178783344913545e-08, 
  "2": 7.686938168117393e-08, 
  "4": 2.7799627849085815e-08
}