{
  "1": 0.18472733205801556, 
  "3": 0.13902936846069577, 
  "2": 0.24303374235169953, 
  "4": 0.07557316707735608
}