{
  "V_11": 145.64695710393016, 
  "V_12": 251.62601006960963, 
  "V_13": 243.5954141251168, 
  "V_14": 337.25320591778785, 
  "V_15": 159.19828172985117, 
  "V_16": 65.49833351385165, 
  "V_17": 24.974498466678927, 
  "V_21": 251.62601006960963, 
  "V_22": 435.3219956622515, 
  "V_23": 420.56791860980496, 
  "V_24": 582.430358430483, 
  "V_25": 275.26806993603014, 
  "V_26": 113.0680973251271, 
  "V_27": 43.180592049712736, 
  "V_31": 243.5954141251168, 
  "V_32": 420.56791860980496, 
  "V_33": 407.1335930630055, 
  "V_34": 563.6614557285094, 
  "V_35": 266.02859124972764, 
  "V_36": 109.33010099845248, 
  "V_37": 41.69918628502766, 
  "V_41": 337.25320591778785, 
  "V_42": 582.430358430483, 
  "V_43": 563.6614557285094, 
  "V_44": 779.8206269650623, 
  "V_45": 368.466146499175, 
  "V_46": 151.0462737118786, 
  "V_47": 57.679810159576334, 
  "V_51": 159.19828172985117, 
  "V_52": 275.26806993603014, 
  "V_53": 266.02859124972764, 
  "V_54": 368.466146499175, 
  "V_55": 173.78396248541588, 
  "V_56": 71.21651150014102, 
  "V_57": 27.075284785948813, 
  "V_61": 65.49833351385165, 
  "V_62": 113.0680973251271, 
  "V_63": 109.33010099845248, 
  "V_64": 151.0462737118786, 
  "V_65": 71.21651150014102, 
  "V_66": 29.051348022703795, 
  "V_67": 10.996727689627111, 
  "V_71": 24.974498466678927, 
  "V_72": 43.180592049712736, 
  "V_73": 41.69918628502766, 
  "V_74": 57.679810159576334, 
  "V_75": 27.075284785948813, 
  "V_76": 10.996727689627111, 
  "V_77": 4.104179787644382
}