{
  "1": 1975.355307300606, 
  "3": 0.17398607946787184, 
  "2": 0.6025651680232671, 
  "4": 0.024566767349974174
}