{
  "1": [
    -0.2716122333333333, 
    0.7142001939489043, 
    -0.21301788796612983, 
    0.1350940845070421, 
    0.10504239831907551, 
    -0.2159157130010884, 
    -0.03074714672860983
  ], 
  "3": [
    -0.45396586000000005, 
    0.6420135196892717, 
    -0.1349452369320956, 
    0.17568764319248803, 
    0.012938431137125202, 
    0.1975211084291736, 
    0.04635643825009687
  ], 
  "2": [
    -0.4692874733333333, 
    0.7564690718058318, 
    -0.1525255821527436, 
    0.003934845070422238, 
    0.05929074490970012, 
    0.026638832883714096, 
    0.061847603561749946
  ], 
  "5": [
    -0.2967694266666666, 
    0.648397446761872, 
    0.2521068311349937, 
    0.31109378403755844, 
    -0.1857384711591383, 
    -0.012943684036160405, 
    -0.21578426635694795
  ], 
  "4": [
    -0.6283682066666666, 
    0.6332545232317311, 
    0.10129863214460233, 
    -0.3517905352112675, 
    -0.06549917954875113, 
    -0.07411389559373344, 
    0.03862819976771193
  ], 
  "7": [
    -0.046465579999999986, 
    0.523512914224961, 
    0.24095621234326642, 
    0.15337951173708902, 
    0.038935669618290286, 
    -0.16955185290359137, 
    0.5502555090979482
  ], 
  "6": [
    -0.1217904866666666, 
    0.6710162773473237, 
    0.33699837974271324, 
    0.027189370892018394, 
    0.264746935814698, 
    0.12126386009749662, 
    -0.22597469608981946
  ]
}