{
  "1": 0.058494257711551235, 
  "3": 0.019476668929090307, 
  "2": 0.04908481505119738, 
  "4": 0.0086285890447771
}