{
  "1": [
    0.4199497533333335, 
    -0.2967982599999991, 
    0.274058142524303, 
    -0.5986045086611615, 
    -0.04658358321352787, 
    -0.019183167196889284, 
    -0.003473928695049998
  ], 
  "3": [
    0.44843093333333345, 
    0.08499980666666694, 
    -0.6453788463083491, 
    -0.09837612109438149, 
    0.26601248031765595, 
    0.16024773418168936, 
    -0.1228818137763934
  ], 
  "2": [
    0.5620385, 
    -0.5478323133333326, 
    0.014080131758656906, 
    0.40565529383195675, 
    -0.226124789484493, 
    -0.09692208554259438, 
    0.030714960193838636
  ], 
  "5": [
    0.1978333333333333, 
    0.4729018933333331, 
    -0.2153054149594277, 
    -0.10133323619880161, 
    -0.4808887725063328, 
    -0.33295102156238954, 
    0.14519958463136068
  ], 
  "4": [
    0.5120930266666667, 
    0.5578842999999987, 
    0.39338809351651033, 
    0.16636539582321533, 
    0.31656746080646236, 
    0.06655978084128678, 
    0.06841541709934244
  ], 
  "7": [
    0.023100000000000124, 
    0.0420811666666667, 
    -0.01953175865670434, 
    -0.00828177108628771, 
    -0.3299790853700272, 
    0.46844222693531296, 
    0.34253203876774024
  ], 
  "6": [
    0.06909999999999994, 
    0.20587275333333296, 
    0.11574893548646266, 
    0.036800598996276405, 
    -0.46303221742999956, 
    0.16848459526334358, 
    -0.46845660782278
  ]
}