{
  "1": [
    -0.4755524304013915, 
    0.5716350143986029, 
    0.39751765427152913, 
    -0.25073601079643903, 
    -0.40578576444051717, 
    0.21183717834477203, 
    0.1290634996175814
  ], 
  "2": [
    -0.5382168163451616, 
    0.20611179289374143, 
    -0.5851932305966151, 
    0.5089748339612885, 
    0.008256761441259723, 
    -0.1672619858730305, 
    0.19567662779122982
  ], 
  "3": [
    -0.43331557222486633, 
    0.003372915822491342, 
    -0.14966979872192268, 
    -0.6052352769002896, 
    0.5978623849624477, 
    -0.14129520308635415, 
    -0.21473631151704786
  ], 
  "4": [
    -0.501581762844277, 
    -0.5287301889453054, 
    0.5364892175112073, 
    0.3561829942937964, 
    0.03807670105158985, 
    -0.08041335691491266, 
    -0.2150743439295063
  ], 
  "5": [
    -0.1978580727619175, 
    -0.4749419070472134, 
    -0.4270162677927503, 
    -0.29418389639953835, 
    -0.5068367788238717, 
    0.4242929107469994, 
    -0.17171871078661757
  ], 
  "6": [
    -0.07118860718743641, 
    -0.27412362732186063, 
    0.08263637888114647, 
    -0.07545000411990797, 
    0.279945066055018, 
    0.36311266049651675, 
    0.8348933468970119
  ], 
  "7": [
    -0.024703437852357936, 
    -0.2246570091375163, 
    0.011627733092548557, 
    -0.30440620465554546, 
    -0.37566968519546823, 
    -0.7673607477869692, 
    0.3551765718272376
  ]
}