{
  "1": 1624.2173192098405, 
  "2": 1.9352720354327313, 
  "3": 0.41642754163234014, 
  "4": 0.16445672810848561, 
  "5": 0.015808276157262713, 
  "6": -0.15446237393010018, 
  "7": -0.81853423771609068
}