{
  "1": [
    0.0002453176718002715, 
    0.1426798497945768, 
    0.2369369724128616, 
    0.29703974080609896, 
    0.22127601025052362, 
    0.19644133606097045, 
    0.18049942593705626
  ], 
  "3": [
    0.00016652247415161308, 
    0.13818863632396114, 
    0.3131388746829305, 
    0.4078605838119025, 
    0.36397364719686975, 
    0.29942916117289464, 
    0.28702061609480894
  ], 
  "2": [
    0.00019814385729248146, 
    0.19018105358816526, 
    0.2133275879118488, 
    0.3205591359257269, 
    0.272441831888889, 
    0.1976996397940464, 
    0.18242868635778448
  ], 
  "5": [
    9.19330374834196e-05, 
    0.10978509426751602, 
    0.3162164944707584, 
    0.38660933872932873, 
    0.3273149077023756, 
    0.30801613957874263, 
    0.29404557751103844
  ], 
  "4": [
    0.00016553943794048393, 
    0.1478546223209748, 
    0.25680563688320535, 
    0.24004698972553556, 
    0.28069828382841905, 
    0.21541197749093052, 
    0.18293198489595314
  ], 
  "7": [
    2.7913261682456183e-05, 
    0.05911964825185875, 
    0.11439976307783307, 
    0.2681318216537025, 
    0.37743811761135837, 
    0.36074716537321977, 
    0.6163908036097049
  ], 
  "6": [
    4.914781288139817e-05, 
    0.07504231781232505, 
    0.1247329234936572, 
    0.2746119167751986, 
    0.432949594213615, 
    0.5683278184630112, 
    0.36422882255655187
  ]
}