{
  "V_11": 367.82416414116824, 
  "V_12": 416.08832793149384, 
  "V_13": 334.84122991161496, 
  "V_14": 386.6228814482287, 
  "V_15": 152.43592774035082, 
  "V_16": 54.70033387867135, 
  "V_17": 18.841839643285127, 
  "V_21": 416.08832793149384, 
  "V_22": 470.4154677462037, 
  "V_23": 378.5903465461514, 
  "V_24": 438.58809827659326, 
  "V_25": 172.5014415512279, 
  "V_26": 62.17153121635185, 
  "V_27": 21.460654386549077, 
  "V_31": 334.84122991161496, 
  "V_32": 378.5903465461514, 
  "V_33": 305.0538333197925, 
  "V_34": 352.98933252091734, 
  "V_35": 139.32289861770613, 
  "V_36": 50.07364939687235, 
  "V_37": 17.486789025529163, 
  "V_41": 386.6228814482287, 
  "V_42": 438.58809827659326, 
  "V_43": 352.98933252091734, 
  "V_44": 408.993261415033, 
  "V_45": 161.8289530849204, 
  "V_46": 58.197152097646686, 
  "V_47": 20.295584547663303, 
  "V_51": 152.43592774035082, 
  "V_52": 172.5014415512279, 
  "V_53": 139.32289861770613, 
  "V_54": 161.8289530849204, 
  "V_55": 63.875903164668586, 
  "V_56": 23.168351026155147, 
  "V_57": 8.14206831921099, 
  "V_61": 54.70033387867135, 
  "V_62": 62.17153121635185, 
  "V_63": 50.07364939687235, 
  "V_64": 58.197152097646686, 
  "V_65": 23.168351026155147, 
  "V_66": 8.478055356839622, 
  "V_67": 3.044919792385272, 
  "V_71": 18.841839643285127, 
  "V_72": 21.460654386549077, 
  "V_73": 17.486789025529163, 
  "V_74": 20.295584547663303, 
  "V_75": 8.14206831921099, 
  "V_76": 3.044919792385272, 
  "V_77": 1.1356020358191015
}