{
  "1": 1624.2167201216362, 
  "3": 0.48695808023766074, 
  "2": 1.9738025284746261, 
  "4": 0.17734867649499905
}