{
  "1": 0.026658502384046906, 
  "3": 0.0028575648198367887, 
  "2": 0.017180829650972545, 
  "4": 0.011758696053307205
}