{
  "1": [
    3.285501145888271e-05, 
    0.07516286776972843, 
    0.1084558809990843, 
    0.2681687075511857, 
    0.3324642137403641, 
    0.2804090847052419, 
    0.3001446360592715
  ], 
  "3": [
    3.1530666067645853e-05, 
    0.054460654441145194, 
    0.2896446854709409, 
    0.361719406232116, 
    0.3398225095855248, 
    0.37713987685118233, 
    0.3480121954789573
  ], 
  "2": [
    9.17145590250071e-06, 
    0.06331533939234435, 
    0.19464618108826584, 
    0.27745838324928573, 
    0.30437630774571756, 
    0.2597255825976801, 
    0.2720420880921196
  ], 
  "5": [
    3.8806860606001735e-06, 
    0.04494061218822946, 
    0.1318741408007517, 
    0.31300007955419756, 
    0.3415643067290112, 
    0.24244574403078478, 
    0.34910595365718894
  ], 
  "4": [
    1.5417899602712806e-05, 
    0.05063921673784132, 
    0.09013792726755743, 
    0.32541702137023965, 
    0.2824844464297669, 
    0.21809853256664272, 
    0.27994002165038223
  ], 
  "7": [
    3.2927225399135965e-10, 
    0.0370573275972384, 
    0.3420147197032415, 
    0.35656344442308746, 
    0.2350225344874251, 
    0.15937044077277407, 
    0.16852666523226545
  ], 
  "6": [
    2.674633432449661e-05, 
    0.0294276514030632, 
    0.10233170888338336, 
    0.38163369780034045, 
    0.38136330810147184, 
    0.3775901323001673, 
    0.4198012849142667
  ]
}