{
  "1": [
    0.4225277066666667, 
    0.40269238666666735, 
    0.16947116260244902, 
    -0.007443428285857032, 
    0.21604893249413823, 
    -0.4434696832758587, 
    0.03610725753243908
  ], 
  "3": [
    0.44818918666666685, 
    0.08213262000000006, 
    -0.052444085803905534, 
    0.36049629416061146, 
    -0.18293675182031333, 
    0.015590403139493003, 
    0.09594343523202123
  ], 
  "2": [
    0.5646327600000001, 
    0.33993388000000035, 
    0.037127744611959966, 
    -0.2577716564794523, 
    -0.11456483195524313, 
    0.3187333293693267, 
    0.052574012169195765
  ], 
  "5": [
    0.19496689333333342, 
    -0.5940589400000009, 
    0.03681648959492736, 
    -0.1832259754738019, 
    -0.17516616479493155, 
    -0.2773327030562478, 
    0.23117789018400423
  ], 
  "4": [
    0.5085037800000002, 
    -0.5200399800000001, 
    -0.2087106445411312, 
    0.028952581401607, 
    0.13092102102102063, 
    0.07366251635152835, 
    -0.30083034968110745
  ], 
  "7": [
    0.024233333333333332, 
    -0.15860967333333295, 
    0.7807086478464711, 
    0.03746223426748181, 
    -0.08343278209716526, 
    0.06102260673088366, 
    -0.16563084084744492
  ], 
  "6": [
    0.0677134400000001, 
    -0.21814107999999996, 
    0.161938112583898, 
    0.10649997693460998, 
    0.3689904603233369, 
    0.22977441233598891, 
    0.35393515871270437
  ]
}