{
  "1": 467.4223380840016, 
  "3": 0.3160936704389293, 
  "2": 1.2007325965192224, 
  "4": -0.0018882838965516941
}