{
  "1": [
    0.0001498847495995951, 
    0.22716521652906346, 
    0.1750748462005973, 
    0.14651025438718107, 
    0.1431586300962457, 
    0.1680410966446629, 
    0.12651070007314907
  ], 
  "3": [
    0.0001050587130432474, 
    0.09553550877986954, 
    0.1968815638660464, 
    0.1697500957008622, 
    0.21011792849322836, 
    0.2384971475176252, 
    0.19693139145605806
  ], 
  "2": [
    0.00012874091163233726, 
    0.1487067355369169, 
    0.2213845168207276, 
    0.10100115464748097, 
    0.21048819990066933, 
    0.1449005723792362, 
    0.17390406744280718
  ], 
  "5": [
    6.161762772788655e-05, 
    0.08753993405743545, 
    0.06172330315495883, 
    0.2434794029907096, 
    0.5500264223374043, 
    0.3894871039186124, 
    0.44943169914053777
  ], 
  "4": [
    9.88534074106929e-05, 
    0.13806352161176955, 
    0.08277950067902945, 
    0.15475799010220415, 
    0.4457985693768005, 
    0.19874110462925718, 
    0.29970922393225385
  ], 
  "7": [
    2.2761991709337718e-05, 
    0.0791027912905861, 
    0.06199837736714753, 
    0.18722344463093918, 
    0.41882710566996256, 
    0.39291641743472777, 
    0.5116663715364078
  ], 
  "6": [
    3.663401940839078e-05, 
    0.10448408767328295, 
    0.08690301536206581, 
    0.24599238528113662, 
    0.2774055604882242, 
    0.38407446657833316, 
    0.44374077856631516
  ]
}