{
  "1": 0.011241745470080791, 
  "3": 0.0014418042864026424, 
  "2": 0.003536996496679974, 
  "4": 0.0055305569316615845
}