{
  "1": 87.8663668810423, 
  "3": 0.013904407221191883, 
  "2": 0.026920210390556636, 
  "4": -0.010753836595265456
}