{
  "1": [
    -0.28843086, 
    0.46938397813288446, 
    0.5850585435940557, 
    -0.4286983430899323, 
    -0.007506940733127785, 
    -0.03681252897893353, 
    0.01349151222132692
  ], 
  "3": [
    -0.4732499866666666, 
    0.42731347070367176, 
    -0.008136585365853587, 
    0.6064722296395184, 
    -0.07803434052757793, 
    0.0256294291570071, 
    0.026026853344077686
  ], 
  "2": [
    -0.5092733333333332, 
    -0.6625265629380424, 
    0.31650437342304477, 
    0.011041145458902613, 
    -0.08682683795820514, 
    0.07608224641333218, 
    0.0952717230727908
  ], 
  "5": [
    -0.24962151333333327, 
    0.07736319736473235, 
    -0.2544541982057758, 
    -0.07536783745849192, 
    0.20514091127098327, 
    0.11252550146154623, 
    0.2826232809562185
  ], 
  "4": [
    -0.6016416066666668, 
    -0.056192353518362735, 
    -0.365751864311748, 
    -0.18432067714217254, 
    0.09359134635149113, 
    -0.15142990625944946, 
    -0.23388442788074154
  ], 
  "7": [
    -0.03297494666666658, 
    0.04478472806279791, 
    -0.29141119988786, 
    -0.17920996542398393, 
    -0.17678374100719416, 
    -0.4336479622349885, 
    0.14091454472199855
  ], 
  "6": [
    -0.09006625333333329, 
    0.1422980095318197, 
    -0.3654331370899924, 
    -0.37045621512443805, 
    -0.20405101062007652, 
    0.41151649699291026, 
    0.008765551974213671
  ]
}