{
  "V_11": 2.6597759637656253, 
  "V_12": 4.582413581146814, 
  "V_13": 4.235269464377753, 
  "V_14": 5.398896103068016, 
  "V_15": 2.23681510844628, 
  "V_16": 0.8451842801948939, 
  "V_17": 0.46974021621640477, 
  "V_21": 4.582413581146814, 
  "V_22": 8.181763647239965, 
  "V_23": 7.476882763578176, 
  "V_24": 9.556485079354392, 
  "V_25": 3.9592891993204016, 
  "V_26": 1.5172435629668302, 
  "V_27": 0.7974835024148726, 
  "V_31": 4.235269464377753, 
  "V_32": 7.476882763578176, 
  "V_33": 6.999681339761839, 
  "V_34": 8.904893417400787, 
  "V_35": 3.6845563285540295, 
  "V_36": 1.398241952669385, 
  "V_37": 0.7434170028252863, 
  "V_41": 5.398896103068016, 
  "V_42": 9.556485079354392, 
  "V_43": 8.904893417400787, 
  "V_44": 11.265292099817495, 
  "V_45": 4.724516963859278, 
  "V_46": 1.7640214499957365, 
  "V_47": 0.9556147881608965, 
  "V_51": 2.23681510844628, 
  "V_52": 3.9592891993204016, 
  "V_53": 3.6845563285540295, 
  "V_54": 4.724516963859278, 
  "V_55": 1.957404621127273, 
  "V_56": 0.7394484380162495, 
  "V_57": 0.4014420592939899, 
  "V_61": 0.8451842801948939, 
  "V_62": 1.5172435629668302, 
  "V_63": 1.398241952669385, 
  "V_64": 1.7640214499957365, 
  "V_65": 0.7394484380162495, 
  "V_66": 0.3159408890392809, 
  "V_67": 0.15349261711458168, 
  "V_71": 0.46974021621640477, 
  "V_72": 0.7974835024148726, 
  "V_73": 0.7434170028252863, 
  "V_74": 0.9556147881608965, 
  "V_75": 0.4014420592939899, 
  "V_76": 0.15349261711458168, 
  "V_77": 0.12666824404458904
}