{
  "1": 31.280860756914997, 
  "3": 0.07833422534572577, 
  "2": 0.12363943034385716, 
  "4": 0.04438369500278682
}