{
  "1": 0.0008616608086203778, 
  "3": 0.00048737313434626186, 
  "2": 0.0006936133406666074, 
  "4": 0.0003323625984681134
}