{
  "1": [
    5.070481253112091e-05, 
    0.06625893573942895, 
    0.22509714709314954, 
    0.2562937365954648, 
    0.17704694570835414, 
    0.1396148523079612, 
    0.13074687126826076
  ], 
  "3": [
    4.2070243838975794e-05, 
    0.0814191372769392, 
    0.32310839186533985, 
    0.2873364479112887, 
    0.35884952223065975, 
    0.3210402875653983, 
    0.23699479941830692
  ], 
  "2": [
    4.754313616310658e-05, 
    0.062341529536224335, 
    0.24886361623712933, 
    0.26551551030444637, 
    0.17876338097564431, 
    0.1456438484042331, 
    0.14050716358940898
  ], 
  "5": [
    3.1286176621056666e-05, 
    0.04969393393285373, 
    0.203702009572272, 
    0.23133602860164157, 
    0.2908636321224533, 
    0.4239763455382562, 
    0.388754758668141
  ], 
  "4": [
    4.1699263556105036e-05, 
    0.04924413304808967, 
    0.18252864162378163, 
    0.23728904227874204, 
    0.31157977268745074, 
    0.2725273443711171, 
    0.28284409507161257
  ], 
  "7": [
    1.1891657200459651e-05, 
    0.023894644582168736, 
    0.16608727334122012, 
    0.2065083863046009, 
    0.43197574493090507, 
    0.38716287260156607, 
    0.48152147213317575
  ], 
  "6": [
    1.28266649676511e-05, 
    0.034472556427165804, 
    0.21501248260921652, 
    0.2423212340385442, 
    0.4071983973144216, 
    0.39665800564172626, 
    0.48161712499927284
  ]
}