{
  "1": 1798.9083133441493, 
  "3": 0.21019302665435366, 
  "2": 0.8226004030535206, 
  "4": 0.0940488622167806
}