{"mode1_error": [0.0, 0.0, 0.0, 0.0, 0.0, 0.0, 0.0], "mode2": [-0.00023, -0.00045, 0.0009, 0.00048, 0.00053, 0.00023, 0.00013], "mode2_error": [0.0, 0.0, 0.0, 0.0, 0.0, 0.0, 0.0], "mode1": [0.01938, 0.0313, 0.04342, 0.05848, 0.07887, 0.09809, 0.11655]}