{"mode1_error": [0.0, 0.0, 0.0, 0.0, 0.0, 0.0, 0.0], "mode2": [0.00067, 0.00069, 0.0003, -0.00222, -0.00889, -0.01162, -0.02767], "mode2_error": [0.0, 0.0, 0.0, 0.0, 0.0, 0.0, 0.0], "mode1": [0.05231, 0.08515, 0.11846, 0.15977, 0.21589, 0.2685, 0.31892]}