{"mode1_error": [2e-06, 2e-06, 3e-06, 3e-06, 7e-06, 2.3e-05, 3e-06], "mode2": [-0.00029, -0.00047, 0.00049, 0.00062, 0.00029, 0.00094, -0.00305], "mode2_error": [0.000105, 0.00013, 0.000136, 0.00015, 0.000379, 0.000711, 0.001338], "mode1": [0.00809, 0.01716, 0.02782, 0.04228, 0.06261, 0.08217, 0.1012]}