{"mode1_error": [3e-06, 3e-06, 5e-06, 5e-06, 1.1e-05, 1.9e-05, 3.5e-05], "mode2": [-0.00035, 6e-05, -0.00025, 0.00041, 0.00079, -0.00117, -0.00027], "mode2_error": [5.2e-05, 6.5e-05, 0.000114, 0.000138, 0.000287, 0.000813, 0.000837], "mode1": [0.00382, 0.00802, 0.01297, 0.01969, 0.02919, 0.0383, 0.04707]}