{"mode1_error": [2e-06, 2e-06, 3e-06, 3e-06, 8e-06, 1.7e-05, 8.1e-05], "mode2": [-9e-05, -0.00034, 0.00047, 0.00025, -7e-05, 0.00085, -0.00368], "mode2_error": [0.000304, 0.00026, 0.000337, 0.000213, 0.000753, 0.000924, 0.003674], "mode1": [0.00898, 0.01908, 0.03101, 0.04706, 0.06968, 0.09133, 0.11225]}