{"mode1_error": [2e-06, 2e-06, 4e-06, 4e-06, 8e-06, 1.8e-05, 3.3e-05], "mode2": [0.00027, -0.00048, 0.00025, 0.00045, -0.00132, -0.00133, -0.00027], "mode2_error": [0.000201, 0.000169, 0.000361, 0.000363, 0.00115, 0.001251, 0.002363], "mode1": [0.01098, 0.0235, 0.03829, 0.05814, 0.08614, 0.11273, 0.13859]}