{"mode1_error": [4.333448247500519e-06, 3.4024434342341394e-06, 5.280783413847681e-06, 7.432888948900932e-06, 4.9944410518475606e-05, 0.0005300265650587308, 0.007012220040400271], "mode1": [0.0637411871772479, 0.10401284897668847, 0.14465094727878489, 0.1948906835885939, 0.26283196696126176, 0.3257980979208829, 0.3854524892928874]}