{"mode1_error": [2.5957998745985355e-05, 1.4961424931092847e-05, 1.644597677743541e-05, 1.4157822940914097e-05, 5.72457985435511e-05, 0.0003661362559499012, 0.0030221925747420503], "mode1": [0.012000682607934242, 0.02512612210413648, 0.04054752060817206, 0.06053933739119443, 0.08499625671987257, 0.10078767264545, 0.09953513656197127]}