{
  "1": [
    -0.2842218933333333, 
    0.08527867786778687, 
    0.5765785164070734, 
    -0.4003696115517589, 
    0.044045205588822134, 
    0.13776495743750208, 
    -0.04687861939296251
  ], 
  "3": [
    -0.46899589999999997, 
    -0.10099556288962215, 
    -0.5092234789100422, 
    -0.17621589993898748, 
    0.2269468183632737, 
    0.34894809394031256, 
    -0.04096755304861644
  ], 
  "2": [
    -0.4992154666666667, 
    0.70812958962563, 
    -0.06435857002273583, 
    0.09818157819808819, 
    -0.272264758483034, 
    -0.02238077117189853, 
    0.03598434730056408
  ], 
  "5": [
    -0.2609325066666667, 
    -0.3411263026302626, 
    -0.19902691981404205, 
    -0.24862292861501004, 
    -0.2733875768463069, 
    -0.4831149187443218, 
    -0.05622962664517878
  ], 
  "4": [
    -0.6094967266666665, 
    -0.3303074607460745, 
    0.2438855305575347, 
    0.3327384787472028, 
    0.21117405189620767, 
    -0.18498244675481887, 
    0.07701799623959187
  ], 
  "7": [
    -0.033398486666666644, 
    -0.23439132913291283, 
    0.026813699141470738, 
    -0.03110295302013401, 
    -0.2231603512974052, 
    0.2313008276975876, 
    0.6758506782164918
  ], 
  "6": [
    -0.09673166000000001, 
    -0.3330823782378236, 
    0.09785284536292357, 
    0.10891336587350023, 
    -0.3407013892215559, 
    0.40776626291174556, 
    -0.416297058823529
  ]
}