{
  "1": 1067.1357440185309, 
  "3": 0.08782501117828898, 
  "2": 0.36819412062995494, 
  "4": 0.0022772566915744883
}