{
  "1": [
    -0.2833875838366192, 
    -0.47762036468052227, 
    0.8034476234194733, 
    -0.04045604395548693, 
    -0.08441331661438409, 
    -0.1930783709713099, 
    0.0007900254476940811
  ], 
  "2": [
    -0.4993940052492106, 
    -0.654585984191431, 
    -0.5657341050937681, 
    0.023625235165163225, 
    -0.01975834898538212, 
    0.0016243164350565307, 
    -0.033414916726183075
  ], 
  "3": [
    -0.46866082010826277, 
    0.39052762920359574, 
    -0.07825474892324097, 
    -0.572717722550333, 
    -0.045588343293384355, 
    -0.4627488359917741, 
    0.27839006594334215
  ], 
  "4": [
    -0.6095857832224119, 
    0.42693735269459765, 
    0.08782336079406033, 
    0.5249791093016493, 
    0.048668687789798507, 
    0.07115379522710932, 
    -0.3941854362055795
  ], 
  "5": [
    -0.2615737385804055, 
    0.05920864412181782, 
    0.1371205985520937, 
    -0.39155341753951867, 
    0.08498609780369942, 
    0.8535179655643182, 
    0.14227376445066886
  ], 
  "6": [
    -0.09740988967318176, 
    0.0525689830061081, 
    0.007187758764956183, 
    0.47440270283684416, 
    -0.2956029133503907, 
    0.07602354067226487, 
    0.8182160875752249
  ], 
  "7": [
    -0.03390879112990934, 
    -0.048368199597336, 
    0.04154958365378544, 
    0.12579546334701175, 
    0.9452160293853341, 
    -0.09615747602147484, 
    0.2761887800935807
  ]
}