{
  "1": 0.05653977719592682, 
  "3": 0.022901248439925883, 
  "2": 0.07262903586784708, 
  "4": 0.01563797649250524
}