{
  "1": 1078.972318548974, 
  "3": 0.1050029791376091, 
  "2": 0.5173278612858413, 
  "4": 0.07624867104352849
}