{
  "1": [
    4.2000581560712996e-05, 
    0.05915894883199907, 
    0.3340915834839159, 
    0.31890188656609836, 
    0.2668903910161649, 
    0.2308909724812909, 
    0.19926244676716776
  ], 
  "3": [
    3.513934175723243e-05, 
    0.05366864508303446, 
    0.3329394066902218, 
    0.43701504715738076, 
    0.28716684488180777, 
    0.3204108362613659, 
    0.28959840705776474
  ], 
  "2": [
    3.901215708776083e-05, 
    0.05813979620273739, 
    0.44590877210798857, 
    0.293156728697259, 
    0.2848350014128235, 
    0.2532113552779757, 
    0.2192337851077946
  ], 
  "5": [
    1.3869023886668136e-05, 
    0.01983445970122427, 
    0.28383712932131905, 
    0.344591042774355, 
    0.3495534397268367, 
    0.2550917720707937, 
    0.36996192460213456
  ], 
  "4": [
    3.392277164657257e-05, 
    0.02026551131570414, 
    0.29032992803732527, 
    0.2980041634755187, 
    0.27975920026572587, 
    0.2577129035679099, 
    0.24625108893103617
  ], 
  "7": [
    0.0, 
    0.015988779732625448, 
    0.1602046246917645, 
    0.31240093466712254, 
    0.42107843317822874, 
    0.4997923612194138, 
    0.3320384412097308
  ], 
  "6": [
    0.0, 
    0.022116257932035373, 
    0.24089119306800338, 
    0.36063913848174856, 
    0.42135164318000773, 
    0.34188511121204235, 
    0.3874861525445564
  ]
}