{
  "1": [
    -0.41834113333333334, 
    -0.4035376688199496, 
    -0.33490047126146466, 
    0.13550851653107143, 
    0.05739796090861061, 
    -0.025616952908586968, 
    0.015604331621981342
  ], 
  "3": [
    -0.4483850666666667, 
    -0.12774277519135435, 
    0.3124080366910715, 
    0.01351578674052283, 
    0.27940578975171676, 
    0.020033702677747105, 
    -0.03832158585282397
  ], 
  "2": [
    -0.5609274599999999, 
    -0.2915627865225605, 
    0.07763065724143722, 
    -0.25159795164733784, 
    -0.09944421553090257, 
    0.04624839335180064, 
    -0.0075471268301955125
  ], 
  "5": [
    -0.1997641533333333, 
    0.33177649665878534, 
    -0.22853587477909554, 
    -0.019655905602677368, 
    0.04499998943475983, 
    0.3885914958448752, 
    -0.01751626164670089
  ], 
  "4": [
    -0.5136453666666667, 
    0.3275178340255447, 
    0.03930045443069952, 
    0.19547485430731065, 
    -0.2285861912308501, 
    -0.15146939058171682, 
    0.060912253280091075
  ], 
  "7": [
    -0.024033333333333236, 
    0.16477454657931623, 
    -0.12051670453589125, 
    -0.156640072702095, 
    0.21227564712097174, 
    -0.13110474607571612, 
    0.49203808708880037
  ], 
  "6": [
    -0.07063333333333333, 
    0.23889135294787722, 
    -0.21463919044012417, 
    -0.20296355086261855, 
    0.138881405176968, 
    -0.29565710987996324, 
    -0.35009966533561315
  ]
}