{
  "1": 3751.8973635784228, 
  "3": 0.2867939740578715, 
  "2": 1.295772537220373, 
  "4": 0.15835046536283562
}