{
  "1": 901.31729601360701, 
  "2": 0.50853521187158923, 
  "3": 0.17921792704543138, 
  "4": 0.097353562685132039, 
  "5": 0.048727280768532041, 
  "6": 0.041665137255410441, 
  "7": -0.038320494650276031
}