{
  "1": 0.024866159856965626, 
  "3": 0.01174456119918121, 
  "2": 0.024493375510910874, 
  "4": 0.003227136902140141
}