{
  "1": [
    6.626799428908379e-05, 
    0.10417500559198817, 
    0.13873533430938084, 
    0.1597641561488338, 
    0.12795638344727497, 
    0.1252346344173852, 
    0.08507130168203324
  ], 
  "3": [
    4.965470811204535e-05, 
    0.13730405415177632, 
    0.2297702094011393, 
    0.2873795883020575, 
    0.3064508863064155, 
    0.29882759055006713, 
    0.19113417788985984
  ], 
  "2": [
    5.950677882073601e-05, 
    0.12015485920003517, 
    0.18336545160237797, 
    0.25229438454256853, 
    0.20958554777938376, 
    0.20249084427598588, 
    0.1568182910243262
  ], 
  "5": [
    3.40111251640333e-05, 
    0.07395587698296292, 
    0.17585837192353776, 
    0.3755758292929101, 
    0.35794546153801216, 
    0.364118941652351, 
    0.30333413215326194
  ], 
  "4": [
    4.748718592564167e-05, 
    0.10362021999561931, 
    0.13942020980759914, 
    0.26920512642599825, 
    0.2528858717540858, 
    0.24460152428951387, 
    0.218383497488744
  ], 
  "7": [
    0.0, 
    0.016635554238700397, 
    0.029808460791541484, 
    0.10369402000404256, 
    0.2910434640173323, 
    0.5088212966152372, 
    0.4057203643393192
  ], 
  "6": [
    6.653841026866793e-06, 
    0.0351124936353284, 
    0.06502157781198964, 
    0.33096738963661354, 
    0.4565044340512172, 
    0.3952802092984308, 
    0.3755335731059276
  ]
}