{
  "1": [
    -0.28555985999999994, 
    0.8846261602108573, 
    0.040944999164578236, 
    0.18944566331036947, 
    -0.047981211589113205, 
    0.02508557702688118, 
    0.01561375407901142
  ], 
  "3": [
    -0.4720745666666666, 
    0.11517478063590568, 
    -0.2298272046783614, 
    -0.5621700370959193, 
    0.12024208369915128, 
    0.019276033682392377, 
    -0.02306040408248249
  ], 
  "2": [
    -0.5064280999999999, 
    -0.23849567610849765, 
    -0.5939195488721811, 
    0.30857104045221734, 
    0.015911764705882323, 
    -0.13719854978588655, 
    3.769353606916167e-05
  ], 
  "5": [
    -0.2542088266666666, 
    -0.04058200046708694, 
    0.47571717627401794, 
    0.059878244126479636, 
    0.28751443517705594, 
    -0.28543516859188917, 
    -0.11708083038255852
  ], 
  "4": [
    -0.6040330533333332, 
    -0.28848434591131983, 
    0.4424868003341686, 
    0.09254486133192028, 
    -0.14285662130523857, 
    0.2519976789377092, 
    -0.0004942789696588453
  ], 
  "7": [
    -0.03236666666666665, 
    -0.02146142528275444, 
    0.05060701420217214, 
    0.031791149973502957, 
    0.15856722270997944, 
    0.00219983806542199, 
    0.6679830243699235
  ], 
  "6": [
    -0.09276625333333333, 
    -0.010132095552663986, 
    0.08339267167919817, 
    -0.1846991520932688, 
    -0.46409108135791527, 
    -0.28574865954154566, 
    0.1600483440949801
  ]
}