{
  "1": [
    -0.4156590933333333, 
    -0.5252571133333339, 
    -0.5979952084171029, 
    0.10684270159437209, 
    -0.24460788113695126, 
    0.08191066354908433, 
    0.0862806082066237
  ], 
  "3": [
    -0.44850118666666666, 
    -0.1350658266666667, 
    -0.11936131885806155, 
    -0.46108371690175654, 
    0.4453815963250069, 
    -0.11904355758670852, 
    -0.14269920849822965
  ], 
  "2": [
    -0.5586740933333334, 
    -0.18701777333333322, 
    0.7080339900817579, 
    -0.0583284653727861, 
    -0.22123786247487834, 
    0.06743890955468179, 
    0.05979843088245512
  ], 
  "5": [
    -0.20265076666666668, 
    0.47642190000000034, 
    -0.17505901353705952, 
    -0.24470048785661289, 
    -0.4150384223370659, 
    -0.28714587097459837, 
    -0.21119915295424452
  ], 
  "4": [
    -0.5167695066666665, 
    0.4924619599999999, 
    -0.08934032301300068, 
    0.5223216636617524, 
    0.21815788113695045, 
    0.00875319729337158, 
    0.05218776643754786
  ], 
  "7": [
    -0.02483339333333326, 
    0.23284139999999984, 
    -0.08204305723093412, 
    -0.2890691094849237, 
    -0.019674038185471615, 
    -0.047245456477840134, 
    0.5423461570506136
  ], 
  "6": [
    -0.07223334666666659, 
    0.3676564000000004, 
    -0.13539598579278933, 
    -0.25154351822391935, 
    -0.0362528926213036, 
    0.50540409891239, 
    -0.04038982156495084
  ]
}