{
  "1": 1517.287806499937, 
  "2": 1.4183603234466089, 
  "3": 0.97496053053576326, 
  "4": 0.32538242847150162, 
  "5": 0.038657689574272076, 
  "6": 0.0080943469533229003, 
  "7": -0.35014770770207815
}