{
  "1": 0.17356218205158866, 
  "3": 0.22627773074568316, 
  "2": 0.1619848603334684, 
  "4": 0.13681694147456458
}