{
  "1": [
    0.00012286321926403268, 
    0.21522336555974425, 
    0.2283212494378309, 
    0.2841609455431826, 
    0.20823069973078243, 
    0.12382482305179415, 
    0.09839438989278285
  ], 
  "3": [
    9.092546190033715e-05, 
    0.13345591220122419, 
    0.2131628582709074, 
    0.44623176437876094, 
    0.354925757708368, 
    0.21389563786753887, 
    0.13105425276425825
  ], 
  "2": [
    0.00010747470491057595, 
    0.1984284493575173, 
    0.1800405193917747, 
    0.24129033145565038, 
    0.2017484880421332, 
    0.06577659511276542, 
    0.05724088625307275
  ], 
  "5": [
    5.123996864874123e-05, 
    0.14317734092011025, 
    0.2536602750150307, 
    0.26552121898479675, 
    0.304809104940833, 
    0.5017031320189942, 
    0.2581594467920035
  ], 
  "4": [
    8.91974783900769e-05, 
    0.08235094898446862, 
    0.22900160150711146, 
    0.3434939808331121, 
    0.4635063714356796, 
    0.10787882402034446, 
    0.10274038870244664
  ], 
  "7": [
    7.186651213223362e-06, 
    0.05018316516811934, 
    0.13415402939684645, 
    0.17544009210388745, 
    0.21330424207942747, 
    0.5092451485937016, 
    0.6011760250332215
  ], 
  "6": [
    3.284820304196015e-05, 
    0.09338554723727067, 
    0.2092533103318929, 
    0.23676585739384165, 
    0.2473453800379727, 
    0.4282177045752768, 
    0.5552717608335789
  ]
}