{
  "V_11": 261.33599000067835, 
  "V_12": 349.8454506571871, 
  "V_13": 281.8470132800667, 
  "V_14": 325.91493119778124, 
  "V_15": 128.47161760102713, 
  "V_16": 45.98736778181407, 
  "V_17": 15.943327316037735, 
  "V_21": 349.8454506571871, 
  "V_22": 471.110493643407, 
  "V_23": 378.5225954045132, 
  "V_24": 438.2728596874824, 
  "V_25": 172.86833307364907, 
  "V_26": 62.05678613390559, 
  "V_27": 21.589382603275162, 
  "V_31": 281.8470132800667, 
  "V_32": 378.5225954045132, 
  "V_33": 305.3255583765879, 
  "V_34": 353.07541316907367, 
  "V_35": 139.41549083022775, 
  "V_36": 50.058354889601596, 
  "V_37": 17.411714087443094, 
  "V_41": 325.91493119778124, 
  "V_42": 438.2728596874824, 
  "V_43": 353.07541316907367, 
  "V_44": 408.2485917544712, 
  "V_45": 161.6240109419622, 
  "V_46": 58.17831966976912, 
  "V_47": 20.321898342931895, 
  "V_51": 128.47161760102713, 
  "V_52": 172.86833307364907, 
  "V_53": 139.41549083022775, 
  "V_54": 161.6240109419622, 
  "V_55": 64.0689411159512, 
  "V_56": 23.169850038982155, 
  "V_57": 8.146529578584332, 
  "V_61": 45.98736778181407, 
  "V_62": 62.05678613390559, 
  "V_63": 50.058354889601596, 
  "V_64": 58.17831966976912, 
  "V_65": 23.169850038982155, 
  "V_66": 8.49126435274969, 
  "V_67": 3.0359685832830716, 
  "V_71": 15.943327316037735, 
  "V_72": 21.589382603275162, 
  "V_73": 17.411714087443094, 
  "V_74": 20.321898342931895, 
  "V_75": 8.146529578584332, 
  "V_76": 3.0359685832830716, 
  "V_77": 1.122274867369597
}