{
  "1": [
    -0.41433412666666664, 
    0.42859878223811837, 
    0.3396683529887212, 
    -0.04089207818930012, 
    0.29730080749016713, 
    0.005400702323068589, 
    0.005707067770073881
  ], 
  "3": [
    -0.44838598, 
    -0.048357305626599636, 
    0.30812739263014843, 
    -0.23321091906721514, 
    -0.4156969927952382, 
    0.022661642355483423, 
    0.1001901513457094
  ], 
  "2": [
    -0.55686612, 
    0.09131229132108745, 
    -0.661991068738746, 
    -0.13150453360768208, 
    0.03810840903553651, 
    -0.0006384039515318971, 
    0.00143362409602629
  ], 
  "5": [
    -0.20490049333333332, 
    -0.3692083237310768, 
    0.16565554575847768, 
    -0.2338539094650199, 
    0.17822783404684867, 
    -0.13834128270433005, 
    -0.2879472377544187
  ], 
  "4": [
    -0.5187654066666666, 
    -0.25710818147293396, 
    0.09567969800506991, 
    0.48860575445816157, 
    -0.029545943406076407, 
    -0.004792428802963431, 
    -0.015494132557965824
  ], 
  "7": [
    -0.025633926666666616, 
    -0.21468049480828533, 
    0.03226065983320478, 
    -0.06834890946502079, 
    0.17756343670599684, 
    -0.28734926294667107, 
    0.330847699992544
  ], 
  "6": [
    -0.0736112, 
    -0.3295064919239344, 
    0.07252973658106467, 
    -0.12302120713305845, 
    0.22074598517281027, 
    0.3553457127421469, 
    0.14226376649519162
  ]
}