{
  "1": 0.053246340791043095, 
  "3": 0.039250665076431324, 
  "2": 0.09539052329593667, 
  "4": 0.027832027352603123
}