{
  "1": [
    -0.2854471733333333, 
    0.21523579257871303, 
    -0.22977350666666713, 
    -0.04986968255684067, 
    -0.1294820648137283, 
    -0.0654456362767796, 
    -0.0011286064318528778
  ], 
  "3": [
    -0.4712924666666667, 
    0.1018632315864775, 
    -0.07393573999999987, 
    0.1666908694555543, 
    0.30701921347875344, 
    0.26057148789181656, 
    0.008265880551301643
  ], 
  "2": [
    -0.5040726066666668, 
    0.400567463015995, 
    -0.5659424466666673, 
    -0.30549296652614133, 
    -0.03440991751690664, 
    -0.006356502406937705, 
    0.017243460949464103
  ], 
  "5": [
    -0.25583277333333326, 
    0.41025988699691185, 
    0.47943127333333296, 
    -0.21294163874175734, 
    0.24585901645752722, 
    -0.26500964612501327, 
    -0.15879833588565698
  ], 
  "4": [
    -0.6058902199999999, 
    0.26714664043684605, 
    0.35673000666666693, 
    0.2990006089431778, 
    -0.22950591845510301, 
    -0.1073555175835072, 
    0.05299475582780343
  ], 
  "7": [
    -0.031840966666666595, 
    0.23177398040651884, 
    0.26071330000000015, 
    -0.18825911793319655, 
    0.003393749267034145, 
    0.08273521111233609, 
    0.7029217798196354
  ], 
  "6": [
    -0.09351516666666658, 
    0.3538802351038113, 
    0.41283920000000035, 
    -0.33168929124779256, 
    -0.1533574254329377, 
    0.31316871715724093, 
    -0.27952096988259406
  ]
}