{
  "1": 1286.0570949913651, 
  "2": 0.58597176354164937, 
  "3": 0.13742032423543157, 
  "4": 0.1158456752333053, 
  "5": 0.040364118718991364, 
  "6": 0.0001152290258581207, 
  "7": -0.043433736835042973
}