{
  "1": [
    -0.42172215527499113, 
    -0.46265797612787396, 
    0.6125494834880755, 
    -0.17773294668867096, 
    0.20565813225791893, 
    -0.3978992358914731, 
    -0.025943814829265777
  ], 
  "2": [
    -0.563969909181851, 
    -0.2878243228399355, 
    -0.6995519932306433, 
    -0.0687407152881391, 
    0.31881394602155716, 
    0.04894005368823681, 
    0.030973577697408397
  ], 
  "3": [
    -0.4481398560890575, 
    -0.02584067075474356, 
    0.1828455672638239, 
    0.35535571896417034, 
    -0.447526833870244, 
    0.3602325828476491, 
    0.5556482339328883
  ], 
  "4": [
    -0.5092805077224684, 
    0.4547050928028627, 
    0.04956058609686171, 
    0.09930760274342411, 
    -0.28658213444822517, 
    -0.06208990934210515, 
    -0.6599802381503521
  ], 
  "5": [
    -0.1963169843408586, 
    0.5317575679468025, 
    0.12986661942119532, 
    -0.6957868379773984, 
    0.20834087470778567, 
    0.18764415021063083, 
    0.31478980394133804
  ], 
  "6": [
    -0.06897960762536492, 
    0.3947485562954685, 
    0.13984391522517817, 
    0.5860194527137338, 
    0.6684615963617925, 
    -0.09616395737505731, 
    0.14265994161549572
  ], 
  "7": [
    -0.0243691304156864, 
    0.2389304519206839, 
    -0.25119658918431975, 
    0.0028113872658140616, 
    -0.28880094832766884, 
    -0.8131424013224702, 
    0.3668844528292681
  ]
}