{
  "1": 0.03862165368502213, 
  "3": 0.022353735708761955, 
  "2": 0.024015496493207843, 
  "4": 0.01666341405073458
}