{
  "1": [
    3.648256235664573e-05, 
    0.04489278051629251, 
    0.2710238964065376, 
    0.28969459234136224, 
    0.31743091981753313, 
    0.31558220112088375, 
    0.23428658089521828
  ], 
  "3": [
    3.341506654870541e-05, 
    0.04555077614926794, 
    0.3873393100075281, 
    0.3847705015133482, 
    0.3317564054662476, 
    0.3671776832198833, 
    0.37281222123731983
  ], 
  "2": [
    3.149139025886269e-05, 
    0.04069321081543553, 
    0.2803936890235807, 
    0.20357831104215043, 
    0.32596495426967814, 
    0.28024058407866287, 
    0.2890350814176891
  ], 
  "5": [
    1.9529232773572524e-05, 
    0.025549821120763577, 
    0.271760718115993, 
    0.32259053590238584, 
    0.29982337864694686, 
    0.384382948798268, 
    0.39731723419907533
  ], 
  "4": [
    3.0945833811059466e-05, 
    0.03515818884919886, 
    0.3512310490886203, 
    0.367378924958106, 
    0.26627113459421775, 
    0.27210049069759834, 
    0.26717563417945633
  ], 
  "7": [
    0.0, 
    0.015706784751785843, 
    0.31337797700461334, 
    0.5076096155127119, 
    0.46608046551808585, 
    0.3677840580919311, 
    0.3358621881796744
  ], 
  "6": [
    1.3330668432841854e-06, 
    0.019080411785802522, 
    0.18355140452169502, 
    0.33161051904286076, 
    0.35614352852696607, 
    0.43394589483924384, 
    0.5382356728395898
  ]
}