{
  "dV_11": 0.19015579263720012, 
  "dV_12": 0.13514100857923433, 
  "dV_13": 0.10350749766084025, 
  "dV_14": 0.10382282483866008, 
  "dV_15": 0.04980505527178925, 
  "dV_16": 0.024959957800146957, 
  "dV_17": 0.014005603999666476, 
  "dV_21": 0.13514100857923433, 
  "dV_22": 0.1868088627135, 
  "dV_23": 0.10309484228122301, 
  "dV_24": 0.1027247306690393, 
  "dV_25": 0.04967122610572646, 
  "dV_26": 0.025101333249127146, 
  "dV_27": 0.014145251716558995, 
  "dV_31": 0.10350749766084025, 
  "dV_32": 0.10309484228122301, 
  "dV_33": 0.10937461563264797, 
  "dV_34": 0.07899944283925428, 
  "dV_35": 0.03815975592530571, 
  "dV_36": 0.019293967193312573, 
  "dV_37": 0.010867851778274887, 
  "dV_41": 0.10382282483866008, 
  "dV_42": 0.1027247306690393, 
  "dV_43": 0.07899944283925428, 
  "dV_44": 0.10779632892894994, 
  "dV_45": 0.03855012998340614, 
  "dV_46": 0.01951257656660285, 
  "dV_47": 0.011013086155706607, 
  "dV_51": 0.04980505527178925, 
  "dV_52": 0.04967122610572646, 
  "dV_53": 0.03815975592530571, 
  "dV_54": 0.03855012998340614, 
  "dV_55": 0.02588501909938592, 
  "dV_56": 0.009383927091146427, 
  "dV_57": 0.005251600338794252, 
  "dV_61": 0.024959957800146957, 
  "dV_62": 0.025101333249127146, 
  "dV_63": 0.019293967193312573, 
  "dV_64": 0.01951257656660285, 
  "dV_65": 0.009383927091146427, 
  "dV_66": 0.006576148643087963, 
  "dV_67": 0.00262482080533599, 
  "dV_71": 0.014005603999666476, 
  "dV_72": 0.014145251716558995, 
  "dV_73": 0.010867851778274887, 
  "dV_74": 0.011013086155706607, 
  "dV_75": 0.005251600338794252, 
  "dV_76": 0.00262482080533599, 
  "dV_77": 0.0022828347089709
}