{
  "V_11": 228.85398544445292, 
  "V_12": 305.97095011467536, 
  "V_13": 243.03241377361914, 
  "V_14": 276.09099251220135, 
  "V_15": 106.318593122345, 
  "V_16": 37.31041752935525, 
  "V_17": 13.192495885106451, 
  "V_21": 305.97095011467536, 
  "V_22": 409.0777677500621, 
  "V_23": 325.0432779805438, 
  "V_24": 369.29784743649753, 
  "V_25": 142.30757013678544, 
  "V_26": 49.97706870369292, 
  "V_27": 17.620174772343244, 
  "V_31": 243.03241377361914, 
  "V_32": 325.0432779805438, 
  "V_33": 258.34248422400293, 
  "V_34": 293.4603044425436, 
  "V_35": 113.16303522896604, 
  "V_36": 39.74299578525306, 
  "V_37": 14.042419647167046, 
  "V_41": 276.09099251220135, 
  "V_42": 369.29784743649753, 
  "V_43": 293.4603044425436, 
  "V_44": 333.7449682903725, 
  "V_45": 128.68960690056178, 
  "V_46": 45.264051513719046, 
  "V_47": 16.001016015339328, 
  "V_51": 106.318593122345, 
  "V_52": 142.30757013678544, 
  "V_53": 113.16303522896604, 
  "V_54": 128.68960690056178, 
  "V_55": 49.7495658501258, 
  "V_56": 17.547484279548666, 
  "V_57": 6.224225057582523, 
  "V_61": 37.31041752935525, 
  "V_62": 49.97706870369292, 
  "V_63": 39.74299578525306, 
  "V_64": 45.264051513719046, 
  "V_65": 17.547484279548666, 
  "V_66": 6.231703642971273, 
  "V_67": 2.2270793342008823, 
  "V_71": 13.192495885106451, 
  "V_72": 17.620174772343244, 
  "V_73": 14.042419647167046, 
  "V_74": 16.001016015339328, 
  "V_75": 6.224225057582523, 
  "V_76": 2.2270793342008823, 
  "V_77": 0.8929031632970027
}