{
  "1": 1286.057187977799, 
  "3": 0.14380757502072722, 
  "2": 0.5868436927110222, 
  "4": 0.11195405134761816
}