{
  "1": [
    0.2907456929363492, 
    0.6653001681652708, 
    -0.12161088868988952, 
    0.5211345107482569, 
    -0.31262815591858106, 
    0.29101003831655803, 
    0.06363203174025935
  ], 
  "2": [
    0.5154198664232325, 
    -0.5318048503281717, 
    -0.6208062629141589, 
    0.2539996837010511, 
    -0.0020077951507509895, 
    -0.006968151233747378, 
    -0.03946036868844294
  ], 
  "3": [
    0.4699212188736108, 
    -0.33307756590913085, 
    0.7556318195658872, 
    0.1798582474182192, 
    -0.2212173133161224, 
    0.07088865242458812, 
    -0.10460710531414197
  ], 
  "4": [
    0.5953267929290968, 
    0.3740751369968621, 
    -0.03410687796758284, 
    -0.5299329874055776, 
    0.03184285911537606, 
    -0.4681706421067784, 
    -0.058854340782344354
  ], 
  "5": [
    0.25075596441657944, 
    0.10160479175783363, 
    0.1166101203746543, 
    0.03094895109864527, 
    0.8552902611273563, 
    0.3949066436662876, 
    0.15738318481460323
  ], 
  "6": [
    0.09547636780771085, 
    -0.06383278389549349, 
    -0.11191029072451968, 
    -0.5883311284289976, 
    -0.31379983060548045, 
    0.7271127723309633, 
    -0.031446647944890695
  ], 
  "7": [
    0.05074515255739638, 
    -0.09637560047812571, 
    0.03931687258194161, 
    -0.06027991232030329, 
    -0.149387994935354, 
    -0.08007128321402407, 
    0.9768464594802467
  ]
}