{
  "1": 31.271171794617938, 
  "2": 0.30891677903871229, 
  "3": 0.16973914333792736, 
  "4": 0.10230333186317804, 
  "5": 0.036134821374833877, 
  "6": -0.001478338942901995, 
  "7": -0.039016698616059761
}