{
  "1": [
    0.0024835775264050097, 
    0.25688968431176956, 
    0.43328381905920094, 
    0.30277879974659455, 
    0.2728580311673568, 
    0.23661529367644754, 
    0.14749279567930126
  ], 
  "3": [
    0.0017313577071995654, 
    0.32576940180820296, 
    0.31540912115756903, 
    0.3813653693937252, 
    0.2592575726531468, 
    0.21901809031677225, 
    0.17147014645458336
  ], 
  "2": [
    0.00215496104898012, 
    0.2996898613959672, 
    0.3058499343002938, 
    0.3109728901793867, 
    0.2355398047218476, 
    0.20502835964610372, 
    0.1713817221058725
  ], 
  "5": [
    0.0009601273544488348, 
    0.16187521979501485, 
    0.34344368062452235, 
    0.482266239304167, 
    0.36954136776092666, 
    0.3298767904425129, 
    0.28797843127387457
  ], 
  "4": [
    0.0016214698565409956, 
    0.24118047444859028, 
    0.37566967003002755, 
    0.23710574289774075, 
    0.2887508951267086, 
    0.2528167361673553, 
    0.18184698143204933
  ], 
  "7": [
    0.00039015268099394423, 
    0.06681203814363167, 
    0.12170249013717259, 
    0.18915365984756866, 
    0.32947347467095073, 
    0.4723658232695603, 
    0.31592263404779714
  ], 
  "6": [
    0.0005037630479607251, 
    0.11400915226006889, 
    0.25347380958916577, 
    0.3580035604790727, 
    0.3939383597842761, 
    0.31543455846501045, 
    0.43818340553633933
  ]
}