{
  "dV_11": 0.2461972216730084, 
  "dV_12": 0.16069924017933707, 
  "dV_13": 0.12272491020899712, 
  "dV_14": 0.1154837373299166, 
  "dV_15": 0.06034163679259689, 
  "dV_16": 0.032533038235824284, 
  "dV_17": 0.026583464092155184, 
  "dV_21": 0.16069924017933707, 
  "dV_22": 0.21011100639596897, 
  "dV_23": 0.1134837685219054, 
  "dV_24": 0.10678475184438653, 
  "dV_25": 0.05578297648196343, 
  "dV_26": 0.0301038145374374, 
  "dV_27": 0.02454925813691415, 
  "dV_31": 0.12272491020899712, 
  "dV_32": 0.1134837685219054, 
  "dV_33": 0.12249164205539079, 
  "dV_34": 0.08166473981212549, 
  "dV_35": 0.04262549630756341, 
  "dV_36": 0.023002425642399234, 
  "dV_37": 0.018776119928397523, 
  "dV_41": 0.1154837373299166, 
  "dV_42": 0.10678475184438653, 
  "dV_43": 0.08166473981212549, 
  "dV_44": 0.10844792647597262, 
  "dV_45": 0.0402773278533072, 
  "dV_46": 0.021679829440146292, 
  "dV_47": 0.01764872779722064, 
  "dV_51": 0.06034163679259689, 
  "dV_52": 0.05578297648196343, 
  "dV_53": 0.04262549630756341, 
  "dV_54": 0.0402773278533072, 
  "dV_55": 0.029818370581538686, 
  "dV_56": 0.011414882285034438, 
  "dV_57": 0.009277345284470415, 
  "dV_61": 0.032533038235824284, 
  "dV_62": 0.0301038145374374, 
  "dV_63": 0.023002425642399234, 
  "dV_64": 0.021679829440146292, 
  "dV_65": 0.011414882285034438, 
  "dV_66": 0.009662306421482131, 
  "dV_67": 0.005070240575349117, 
  "dV_71": 0.026583464092155184, 
  "dV_72": 0.02454925813691415, 
  "dV_73": 0.018776119928397523, 
  "dV_74": 0.01764872779722064, 
  "dV_75": 0.009277345284470415, 
  "dV_76": 0.005070240575349117, 
  "dV_77": 0.008784303237226248
}