{
  "V_11": 2.8066835871676092, 
  "V_12": 4.603122465421362, 
  "V_13": 4.1950710374795195, 
  "V_14": 5.462473112822301, 
  "V_15": 2.310612382101222, 
  "V_16": 0.8216792487954317, 
  "V_17": 0.43799849286046355, 
  "V_21": 4.603122465421362, 
  "V_22": 8.466866148442355, 
  "V_23": 7.55398883279452, 
  "V_24": 9.523799116488966, 
  "V_25": 4.013301343888537, 
  "V_26": 1.5458865810065165, 
  "V_27": 0.8266174810697398, 
  "V_31": 4.1950710374795195, 
  "V_32": 7.55398883279452, 
  "V_33": 7.0384633020165905, 
  "V_34": 8.696250769105943, 
  "V_35": 3.69667301188936, 
  "V_36": 1.3817471724594192, 
  "V_37": 0.7545759602356956, 
  "V_41": 5.462473112822301, 
  "V_42": 9.523799116488966, 
  "V_43": 8.696250769105943, 
  "V_44": 11.154856955472342, 
  "V_45": 4.676479369555044, 
  "V_46": 1.8035693470146814, 
  "V_47": 0.9346566475017174, 
  "V_51": 2.310612382101222, 
  "V_52": 4.013301343888537, 
  "V_53": 3.69667301188936, 
  "V_54": 4.676479369555044, 
  "V_55": 1.944004196978483, 
  "V_56": 0.7524585016744902, 
  "V_57": 0.4060643297596801, 
  "V_61": 0.8216792487954317, 
  "V_62": 1.5458865810065165, 
  "V_63": 1.3817471724594192, 
  "V_64": 1.8035693470146814, 
  "V_65": 0.7524585016744902, 
  "V_66": 0.31926706061026777, 
  "V_67": 0.15343643242830773, 
  "V_71": 0.43799849286046355, 
  "V_72": 0.8266174810697398, 
  "V_73": 0.7545759602356956, 
  "V_74": 0.9346566475017174, 
  "V_75": 0.4060643297596801, 
  "V_76": 0.15343643242830773, 
  "V_77": 0.11762958198598499
}