{
  "1": [
    0.29073339333333337, 
    0.5693508007889545, 
    -0.06938938279174389, 
    0.26908460015835284, 
    -0.02868205750224631, 
    0.030824478211510218, 
    0.036285068349106255
  ], 
  "3": [
    0.46993263333333307, 
    -0.24937284418146036, 
    0.4165241058655223, 
    0.15330699722882005, 
    -0.07652703504043053, 
    0.001819177364422357, 
    -0.07377186420309441
  ], 
  "2": [
    0.51542904, 
    -0.4136333885601572, 
    -0.3113225730635602, 
    0.08846160926365816, 
    -0.008595849056603976, 
    -0.04740081215614358, 
    -0.03340871263331821
  ], 
  "5": [
    0.25075588, 
    0.052697538461538504, 
    0.0390330165542609, 
    0.0007018507521775355, 
    0.5200128481581312, 
    0.1379147498035108, 
    0.09343344599669551
  ], 
  "4": [
    0.5953014733333335, 
    0.2657093570019726, 
    -0.03527325771510347, 
    -0.3105227533650041, 
    -0.10511208445642478, 
    -0.12599059470788665, 
    -0.02145971158179359
  ], 
  "7": [
    0.05074078666666671, 
    -0.06545215779092672, 
    0.020905323932148067, 
    -0.0012572050673000067, 
    -0.09753547169811332, 
    0.01861358833289754, 
    0.7013558735165984
  ], 
  "6": [
    0.0954746466666667, 
    -0.03364341617357006, 
    -0.05159899856938487, 
    -0.11521482581156026, 
    -0.14645589398023315, 
    0.5658649986900699, 
    -0.051915697761754157
  ]
}