{
  "1": [
    -0.42252041996485384, 
    0.4499676030065515, 
    0.16689001059690659, 
    0.5276899046001443, 
    -0.41741658970399576, 
    -0.37016855267604815, 
    0.03788631880466104
  ], 
  "2": [
    -0.564801471831503, 
    -0.22833912684691943, 
    -0.4635897946008208, 
    -0.17474112801508127, 
    -0.4542609027805052, 
    0.4207543201497329, 
    -0.004838943128207592
  ], 
  "3": [
    -0.4482785377967632, 
    0.5085009159574133, 
    -0.2731831354697069, 
    -0.2970233100995068, 
    0.6008527331069765, 
    -0.10233904750233494, 
    -0.07825606205233857
  ], 
  "4": [
    -0.507466084143802, 
    -0.6585663145775439, 
    0.31848886939318993, 
    0.07424453116040963, 
    0.31237029783516546, 
    -0.3190329092526319, 
    0.049638415137589806
  ], 
  "5": [
    -0.1952658244630978, 
    0.19453874615629255, 
    0.5986610671363072, 
    0.08892484578885632, 
    0.15112845379225173, 
    0.7053829049717636, 
    0.19317965825891203
  ], 
  "6": [
    -0.069963119761739, 
    0.051435458599349164, 
    0.3774337187780432, 
    -0.3558701142056315, 
    -0.21362667907714922, 
    -0.03803377316803261, 
    -0.8223605531040493
  ], 
  "7": [
    -0.03125280458125637, 
    0.11232407138347607, 
    0.2834021099023708, 
    -0.6802371933598674, 
    -0.3038668218710376, 
    -0.273265724757737, 
    0.525697601578031
  ]
}