{
  "dV_11": 0.30210633101082923, 
  "dV_12": 0.20608762335823508, 
  "dV_13": 0.1570429157417069, 
  "dV_14": 0.1528081544997534, 
  "dV_15": 0.07691980147780121, 
  "dV_16": 0.04086101803807376, 
  "dV_17": 0.029688496737485484, 
  "dV_21": 0.20608762335823508, 
  "dV_22": 0.27799440924056795, 
  "dV_23": 0.15163711029873542, 
  "dV_24": 0.1474123824291278, 
  "dV_25": 0.07422550179751516, 
  "dV_26": 0.039392448659757474, 
  "dV_27": 0.028665384537869265, 
  "dV_31": 0.1570429157417069, 
  "dV_32": 0.15163711029873542, 
  "dV_33": 0.1615327995414786, 
  "dV_34": 0.11287654396267377, 
  "dV_35": 0.05674120468215915, 
  "dV_36": 0.030094634165024715, 
  "dV_37": 0.021890799925958986, 
  "dV_41": 0.1528081544997534, 
  "dV_42": 0.1474123824291278, 
  "dV_43": 0.11287654396267377, 
  "dV_44": 0.15237674261815454, 
  "dV_45": 0.05563319457383756, 
  "dV_46": 0.02949625749237169, 
  "dV_47": 0.021377520574626205, 
  "dV_51": 0.07691980147780121, 
  "dV_52": 0.07422550179751516, 
  "dV_53": 0.05674120468215915, 
  "dV_54": 0.05563319457383756, 
  "dV_55": 0.039312326818645105, 
  "dV_56": 0.014925433641158916, 
  "dV_57": 0.010828266259590548, 
  "dV_61": 0.04086101803807376, 
  "dV_62": 0.039392448659757474, 
  "dV_63": 0.030094634165024715, 
  "dV_64": 0.02949625749237169, 
  "dV_65": 0.014925433641158916, 
  "dV_66": 0.011856678748507411, 
  "dV_67": 0.005826863284912805, 
  "dV_71": 0.029688496737485484, 
  "dV_72": 0.028665384537869265, 
  "dV_73": 0.021890799925958986, 
  "dV_74": 0.021377520574626205, 
  "dV_75": 0.010828266259590548, 
  "dV_76": 0.005826863284912805, 
  "dV_77": 0.0079959111799901
}