{
  "V_11": 64.78381875059468, 
  "V_12": 86.54133294745216, 
  "V_13": 68.61978492251706, 
  "V_14": 77.87356641359546, 
  "V_15": 29.957277814570396, 
  "V_16": 10.700228990731631, 
  "V_17": 4.727449829112078, 
  "V_21": 86.54133294745216, 
  "V_22": 115.7942101387734, 
  "V_23": 91.93253556666696, 
  "V_24": 103.88917537941407, 
  "V_25": 39.91606786351295, 
  "V_26": 14.28444710910495, 
  "V_27": 6.380922621004838, 
  "V_31": 68.61978492251706, 
  "V_32": 91.93253556666696, 
  "V_33": 72.8855405480283, 
  "V_34": 82.55397416048302, 
  "V_35": 31.665433660197092, 
  "V_36": 11.364349543193647, 
  "V_37": 5.080638784372376, 
  "V_41": 77.87356641359546, 
  "V_42": 103.88917537941407, 
  "V_43": 82.55397416048302, 
  "V_44": 93.36842069222457, 
  "V_45": 36.042762126821984, 
  "V_46": 12.921880340995854, 
  "V_47": 5.7965320315225615, 
  "V_51": 29.957277814570396, 
  "V_52": 39.91606786351295, 
  "V_53": 31.665433660197092, 
  "V_54": 36.042762126821984, 
  "V_55": 13.963301972012367, 
  "V_56": 5.012891103699419, 
  "V_57": 2.269868465317897, 
  "V_61": 10.700228990731631, 
  "V_62": 14.28444710910495, 
  "V_63": 11.364349543193647, 
  "V_64": 12.921880340995854, 
  "V_65": 5.012891103699419, 
  "V_66": 1.925462711009143, 
  "V_67": 0.8301888082692797, 
  "V_71": 4.727449829112078, 
  "V_72": 6.380922621004838, 
  "V_73": 5.080638784372376, 
  "V_74": 5.7965320315225615, 
  "V_75": 2.269868465317897, 
  "V_76": 0.8301888082692797, 
  "V_77": 0.5013200952687835
}