{"V_16": 2.2893737508166967, "V_17": 0.851149850873913, "V_14": 15.279096728838038, "V_15": 6.33976861375627, "V_12": 12.936005394547347, "V_13": 11.971697730313721, "V_11": 7.213025239432624, "V_75": 0.7009539124077795, "V_55": 5.472618088172267, "V_52": 11.185004799818989, "V_45": 13.191145993594615, "V_76": 0.24051721518567545, "V_51": 6.33976861375627, "V_56": 1.9530775906608828, "V_57": 0.7009539124077795, "V_54": 13.191145993594615, "V_44": 31.783099223651543, "V_31": 11.971697730313721, "V_32": 21.23158076278607, "V_33": 19.629422298410223, "V_34": 25.025070531963976, "V_35": 10.369027100817068, "V_36": 3.7494888611625723, "V_37": 1.3752642266088762, "V_27": 1.4937346756862198, "V_72": 1.4937346756862198, "V_43": 25.025070531963976, "V_42": 26.930988320977942, "V_73": 1.3752642266088762, "V_47": 1.7304720111589986, "V_67": 0.24051721518567545, "V_66": 0.6946438059480986, "V_65": 1.9530775906608828, "V_64": 4.737237592716333, "V_63": 3.7494888611625723, "V_62": 4.066340435882736, "V_61": 2.2893737508166967, "V_23": 21.23158076278607, "V_22": 22.695771155784985, "V_21": 12.936005394547347, "V_46": 4.737237592716333, "V_41": 15.279096728838038, "V_26": 4.066340435882736, "V_25": 11.185004799818989, "V_24": 26.930988320977942, "V_74": 1.7304720111589986, "V_53": 10.369027100817068, "V_77": 0.09149874033136608, "V_71": 0.851149850873913}