{
  "1": 0.0004868645157018218, 
  "3": 7.607258057840965e-08, 
  "2": 1.237292797824966e-07, 
  "4": 3.742711860204138e-08
}