{
  "1": 1099.792198961537, 
  "3": 0.12279308167583233, 
  "2": 0.2727518973986569, 
  "4": 0.07549523303427233
}