{
  "1": [
    -0.28436666666666666, 
    -0.3715666666666666, 
    0.7375666666666667, 
    -0.4665666666666667, 
    0.07669999999999999, 
    0.11630000000000007, 
    0.002033333333333335
  ], 
  "3": [
    -0.4698333333333333, 
    -0.0317666666666666, 
    -0.6030333333333333, 
    -0.5791, 
    -0.03236666666666665, 
    0.27336666666666676, 
    -0.058899999999999945
  ], 
  "2": [
    -0.5007666666666666, 
    -0.4134333333333333, 
    -0.12216666666666665, 
    0.2495666666666667, 
    -0.22796666666666665, 
    -0.6234999999999999, 
    0.2457666666666667
  ], 
  "5": [
    -0.25936666666666663, 
    0.38303333333333334, 
    0.21809999999999996, 
    0.13063333333333338, 
    -0.8075, 
    0.26316666666666677, 
    0.01016666666666666
  ], 
  "4": [
    -0.6083666666666667, 
    0.2642333333333333, 
    0.10590000000000012, 
    0.4679666666666666, 
    0.49996666666666667, 
    0.23563333333333336, 
    -0.15616666666666668
  ], 
  "7": [
    -0.03296666666666658, 
    0.3771, 
    0.056300000000000024, 
    -0.16083333333333327, 
    0.18476666666666675, 
    -0.015499999999999955, 
    0.8907
  ], 
  "6": [
    -0.09570000000000001, 
    0.5755000000000001, 
    0.12450000000000004, 
    -0.3503666666666666, 
    0.07076666666666664, 
    -0.6309, 
    -0.3440333333333333
  ]
}