{"mode1_error": [5.485275967284354e-06, 3.8615262254489986e-06, 4.8572901368495925e-06, 4.116820472703814e-06, 1.0633056823440899e-05, 3.114655999443074e-05, 0.00013063906943944307], "mode1": [0.002722594231836972, 0.004732133262691335, 0.00659075036795881, 0.009127544946544285, 0.012992882515183109, 0.018991887569735726, 0.0253592774113845]}