{
  "1": 0.08216139987335078, 
  "3": 0.10213096614748138, 
  "2": 0.06862952011196767, 
  "4": 0.07044108794926476
}