{
  "1": 1517.0588148743566, 
  "3": 0.5640895286597197, 
  "2": 1.3850310998372417, 
  "4": 0.27489759447277734
}