{
  "1": 174.54889622772242, 
  "2": 0.37291575180078163, 
  "3": 0.0391531404490729, 
  "4": -0.0088591383355203605, 
  "5": -0.033565490430652691, 
  "6": -0.096481053631850985, 
  "7": -0.27324180005504617
}