{
  "1": 0.0005829044094359053, 
  "3": 0.0003259427040992605, 
  "2": 0.0009812732649465492, 
  "4": 0.00015948886838706864
}