{
  "1": [
    0.000419263050735934, 
    0.21470540613801783, 
    0.2801489603064928, 
    0.27831892534795255, 
    0.24556172199516496, 
    0.208753137310822, 
    0.19162764222467307
  ], 
  "3": [
    0.00027369336918884517, 
    0.15072848340915077, 
    0.23399402997649865, 
    0.2841372035143475, 
    0.384373757494181, 
    0.25490564571254987, 
    0.2534254211847606
  ], 
  "2": [
    0.0003343750373346037, 
    0.25803626930959783, 
    0.2391025284016402, 
    0.21397708283018163, 
    0.24022510313896434, 
    0.16489657276179429, 
    0.16611102747774156
  ], 
  "5": [
    0.00017192188359752564, 
    0.22927781272014272, 
    0.21504303751577575, 
    0.3404203377187438, 
    0.2415551724648418, 
    0.33251334820479495, 
    0.23509959063522773
  ], 
  "4": [
    0.0002573147143817237, 
    0.1774043464138755, 
    0.14529413115707834, 
    0.3784835286115774, 
    0.2995380122825887, 
    0.256590466950723, 
    0.24963064447330388
  ], 
  "7": [
    5.407930144345925e-05, 
    0.0747488761744614, 
    0.12083911462495434, 
    0.27107637925337763, 
    0.3600671840100831, 
    0.4555086783192112, 
    0.4444314528699168
  ], 
  "6": [
    9.222482192882097e-05, 
    0.1014859057682386, 
    0.12819373124440822, 
    0.31814805473353464, 
    0.408749174288042, 
    0.4604478263727211, 
    0.42628596570433824
  ]
}