{
  "dV_11": 0.24644723627131304, 
  "dV_12": 0.14573395075964435, 
  "dV_13": 0.11473078541390258, 
  "dV_14": 0.11501782172297097, 
  "dV_15": 0.06345886916019719, 
  "dV_16": 0.03518700456813504, 
  "dV_17": 0.020500377795642948, 
  "dV_21": 0.14573395075964435, 
  "dV_22": 0.1722107035822559, 
  "dV_23": 0.09602575378695423, 
  "dV_24": 0.09634457438798325, 
  "dV_25": 0.05308573720567155, 
  "dV_26": 0.029425996041401614, 
  "dV_27": 0.017143277952425207, 
  "dV_31": 0.11473078541390258, 
  "dV_32": 0.09602575378695423, 
  "dV_33": 0.10661411197998316, 
  "dV_34": 0.07601521052134827, 
  "dV_35": 0.04181180683476517, 
  "dV_36": 0.023186833089693454, 
  "dV_37": 0.013498607682797068, 
  "dV_41": 0.11501782172297097, 
  "dV_42": 0.09634457438798325, 
  "dV_43": 0.07601521052134827, 
  "dV_44": 0.10679725178307858, 
  "dV_45": 0.04209167843871438, 
  "dV_46": 0.023284538168804048, 
  "dV_47": 0.013549964750077904, 
  "dV_51": 0.06345886916019719, 
  "dV_52": 0.05308573720567155, 
  "dV_53": 0.04181180683476517, 
  "dV_54": 0.04209167843871438, 
  "dV_55": 0.03265856393642666, 
  "dV_56": 0.01289304265468015, 
  "dV_57": 0.007505073420244533, 
  "dV_61": 0.03518700456813504, 
  "dV_62": 0.029425996041401614, 
  "dV_63": 0.023186833089693454, 
  "dV_64": 0.023284538168804048, 
  "dV_65": 0.01289304265468015, 
  "dV_66": 0.010123948944125407, 
  "dV_67": 0.004190113147047351, 
  "dV_71": 0.020500377795642948, 
  "dV_72": 0.017143277952425207, 
  "dV_73": 0.013498607682797068, 
  "dV_74": 0.013549964750077904, 
  "dV_75": 0.007505073420244533, 
  "dV_76": 0.004190113147047351, 
  "dV_77": 0.0036334293679421547
}