{
  "1": [
    -0.3123465933333333, 
    -0.5849078152634556, 
    -0.32939129307403725, 
    0.2114835812403479, 
    -0.18198051152257852, 
    0.09399018632456278, 
    0.05086858022526207
  ], 
  "3": [
    -0.4540350799999999, 
    0.03739786098041162, 
    -0.26427330603889426, 
    -0.49469184751686457, 
    -0.07716118733626436, 
    -0.03581552122878224, 
    0.06500288008106317
  ], 
  "2": [
    -0.4740066999999999, 
    0.6132100677411827, 
    -0.20424487205731764, 
    0.2402680321872713, 
    -0.06884199191865367, 
    0.07829081904263224, 
    -0.05023468958260246
  ], 
  "5": [
    -0.2824431866666666, 
    -0.061240094103514414, 
    0.5805429819174346, 
    -0.032982703405673434, 
    -0.27404633453221433, 
    0.013019579351573128, 
    -0.2615399158190096
  ], 
  "4": [
    -0.6142889333333333, 
    -0.18640534921747218, 
    0.18840900716479034, 
    0.09066660976997505, 
    0.3162861817858887, 
    -0.13339811057293657, 
    -0.0017587396235233075
  ], 
  "7": [
    -0.04251355999999997, 
    0.07455353889278218, 
    0.2025767383145686, 
    0.06433894172153133, 
    -0.21895654278229293, 
    -0.31427801631976243, 
    0.45294580848824995
  ], 
  "6": [
    -0.11259059999999993, 
    0.03277572329562531, 
    0.27853775503241207, 
    -0.039505291392342615, 
    0.15020403623284978, 
    0.36792532617707446, 
    0.30287352975564164
  ]
}