{
  "1": [
    -0.27355114772125655, 
    -0.36456494803060596, 
    0.11520483605806725, 
    -0.7692938739245623, 
    0.38843508965329676, 
    -0.005467816255934374, 
    0.15508087402515874, 
    -0.0885253227814733, 
    -0.014314707272000723, 
    -0.06033957782670898, 
    -0.0230791657493033
  ], 
  "2": [
    -0.4770842709283231, 
    -0.7367613727680353, 
    -0.10038051687805151, 
    0.39785126098468604, 
    -0.11294061202022766, 
    -0.06586832751954473, 
    -0.1919177883770047, 
    0.07091199580732468, 
    0.023972961557529336, 
    0.011122967954874314, 
    0.039469147867912585
  ], 
  "3": [
    -0.4581632685713293, 
    0.4076968080493638, 
    0.3083212520954704, 
    0.17434069597378038, 
    0.43096614489960844, 
    -0.3892326758174472, 
    -0.2687322240412334, 
    0.18411175045039127, 
    0.08548775395309456, 
    -0.21199305711047503, 
    0.05306418818095702
  ], 
  "4": [
    -0.6236316998156023, 
    0.3230420894382072, 
    0.15263425542742298, 
    -0.15830352672662065, 
    -0.4911862284514971, 
    0.30899189524581133, 
    0.07001612341185678, 
    -0.10877020710690065, 
    0.013054531822573861, 
    0.32279649212249767, 
    0.02299945575837392
  ], 
  "5": [
    -0.28840092422945635, 
    0.16497023310893952, 
    -0.5218566238488491, 
    0.2714613805135002, 
    0.35290754880605124, 
    0.13914705541193173, 
    0.5202571427509652, 
    -0.23264906562921625, 
    -0.22183519043174849, 
    -0.11273564668235288, 
    -0.11386488055541939
  ], 
  "6": [
    -0.11561144474070496, 
    0.08224309592192111, 
    -0.3919448703747396, 
    -0.2594562492844933, 
    -0.4647331137782452, 
    -0.3371435831106844, 
    0.09189057855722621, 
    0.2957333149627762, 
    0.12028035331547698, 
    -0.5472138724638024, 
    -0.1395586615748734
  ], 
  "7": [
    -0.043379871485707676, 
    0.09896998643738825, 
    -0.3915296008753929, 
    -0.15731614924494228, 
    0.1798990217132739, 
    0.4473936578927629, 
    -0.5615725219478728, 
    0.407318943853545, 
    -0.27515019776156296, 
    0.050422744445416216, 
    -0.13502622822645036
  ], 
  "8": [
    -0.01587953380627483, 
    0.07491081662294036, 
    -0.27280161994789975, 
    -0.09706717180256605, 
    -0.03905263945087771, 
    -0.10061630511943347, 
    -0.5109806698327544, 
    -0.7715376943814506, 
    0.1168301928958717, 
    -0.14718122711017068, 
    0.08343521071562542
  ], 
  "9": [
    -0.006553982165590467, 
    0.03318698960002326, 
    -0.27214815944261517, 
    -0.003224477262367971, 
    0.18616843572810945, 
    0.10759384799233893, 
    0.038964300306715424, 
    0.12797665090252316, 
    0.8870688324911279, 
    0.26466047624431227, 
    -0.06093445144228078
  ], 
  "10": [
    -0.003161369948080256, 
    0.040161277469798876, 
    -0.23485811872460127, 
    -0.08181432405022653, 
    0.01548336723166409, 
    -0.05395103443331852, 
    0.06263339891348023, 
    0.14405565353321745, 
    -0.04952559527107949, 
    0.0691439328334957, 
    0.9494556688941276
  ], 
  "11": [
    -0.0015064171659487178, 
    0.040026261804824145, 
    -0.27458725582559596, 
    -0.11208662229203696, 
    -0.0076861812638756195, 
    -0.6251830326234563, 
    -0.03131684086635304, 
    0.038906166446105825, 
    -0.22217734092566552, 
    0.6602375460299142, 
    -0.17818623160601477
  ]
}