{
  "11": [
    4.974888050097287e-06, 
    0.01296956129636855, 
    0.1246131649257832, 
    0.1907258079930332, 
    0.14136549433146184, 
    0.3046927715318751, 
    0.4913928705205932, 
    0.4659205150192892, 
    0.30730339337408175, 
    0.23312502496818263, 
    0.26874560738793357
  ], 
  "10": [
    1.7632167576428195e-06, 
    0.01158517998570956, 
    0.10585238379714258, 
    0.15831207703863012, 
    0.10115310119775206, 
    0.13463860142757497, 
    0.18405751668729808, 
    0.3124470421525276, 
    0.4800025652214804, 
    0.4873488432053558, 
    0.33643268187612274
  ], 
  "1": [
    0.00016403448816639475, 
    0.1454672617631548, 
    0.4515643686214209, 
    0.28596755742999347, 
    0.3919610040809523, 
    0.2489518272518375, 
    0.123029293692876, 
    0.0867960247895135, 
    0.06955353711915235, 
    0.0639267409012713, 
    0.061781252805406923
  ], 
  "3": [
    0.00012388417214090393, 
    0.07786523474518285, 
    0.23852782100737518, 
    0.3188665037644214, 
    0.2565836182459777, 
    0.2581956936956284, 
    0.20464589228662966, 
    0.12208872692243362, 
    0.09670199462386028, 
    0.08487614938663754, 
    0.08972074886678137
  ], 
  "2": [
    0.00014946244082102302, 
    0.08524504741568407, 
    0.2564411993508168, 
    0.16706127064080445, 
    0.20703529329839512, 
    0.145579783677201, 
    0.09570915157361856, 
    0.07096978419903639, 
    0.05572957569640562, 
    0.0507689893268814, 
    0.04784311116527772
  ], 
  "5": [
    7.998938106648285e-05, 
    0.06851604579657312, 
    0.2501660182179033, 
    0.3772532825795234, 
    0.2757801701280915, 
    0.3150724932041028, 
    0.233215138828085, 
    0.21880334827975942, 
    0.18207969941728672, 
    0.18028378081647, 
    0.17368345403664426
  ], 
  "4": [
    0.00011778321025871431, 
    0.0668122624107758, 
    0.2426242249323566, 
    0.2871977585794688, 
    0.21647789843741208, 
    0.24519896006291458, 
    0.17442922237912936, 
    0.12762178429864476, 
    0.106608800494455, 
    0.07840814599435, 
    0.09812392356768568
  ], 
  "7": [
    2.802945751276051e-05, 
    0.025685868431544866, 
    0.1884022012749562, 
    0.264995822879268, 
    0.22554853434416935, 
    0.303355006558898, 
    0.28310523082632527, 
    0.3195144204629651, 
    0.31196642249291834, 
    0.36949394910198874, 
    0.32116681197799907
  ], 
  "6": [
    4.5570028643560376e-05, 
    0.037483946765050534, 
    0.2092160897802534, 
    0.35359130316631204, 
    0.3219464884623967, 
    0.26692444265811477, 
    0.33634489477668894, 
    0.2691812664933463, 
    0.24017978347872684, 
    0.19629837657336416, 
    0.2212813171348671
  ], 
  "9": [
    8.156513417030662e-06, 
    0.012547529075410381, 
    0.12547838466318087, 
    0.18734151411432173, 
    0.14542327253618986, 
    0.1821567906567074, 
    0.21685112773559106, 
    0.2593117203952185, 
    0.27410019359641546, 
    0.5306049767007213, 
    0.5062575200320956
  ], 
  "8": [
    2.5388011168780725e-05, 
    0.016994095975980537, 
    0.12357653243857741, 
    0.18706115770079365, 
    0.12270872966952288, 
    0.18238392190677097, 
    0.3059419751757177, 
    0.3625002701848034, 
    0.5251891210941387, 
    0.33204683873002283, 
    0.34689272680150385
  ]
}