{
  "11": [
    -0.0015003733333332754, 
    0.03987425333333342, 
    -0.15735200481456477, 
    -0.08846975629905039, 
    0.004179427697142641, 
    -0.22589232984293192, 
    0.10329151968644262, 
    -0.2453862654320992, 
    -0.06384147232368596, 
    0.17176888795163825, 
    -0.08146608038262741
  ], 
  "10": [
    -0.0031666199999999807, 
    0.0400345933333334, 
    -0.13444875498382633, 
    -0.07032308137133424, 
    0.003928540710416548, 
    -0.053541500872600546, 
    -0.034697603776946306, 
    0.0630960511982572, 
    -0.03658233586213361, 
    -0.0039052954683907407, 
    0.4493516007097121
  ], 
  "1": [
    -0.2735509533333334, 
    -0.3641413066666675, 
    0.18303040698111828, 
    -0.3742911854605541, 
    0.09361458462556335, 
    0.04540357766143141, 
    0.03377695528238018, 
    0.0008516339869281533, 
    0.0008064062939028323, 
    -0.017857392567599155, 
    0.0010979402915992761
  ], 
  "3": [
    -0.45816336, 
    0.39820237333333414, 
    0.21941803956969866, 
    0.09156563403552236, 
    0.34864483728238876, 
    -0.22465288830715524, 
    -0.031098868697666295, 
    0.020922004357298338, 
    0.012825887421560454, 
    -0.03583192745676924, 
    0.008739821029082865
  ], 
  "2": [
    -0.47708636666666654, 
    -0.7148879266666665, 
    -0.10336100955390036, 
    0.18691370508054542, 
    0.007762465368234106, 
    -0.0777782024432808, 
    -0.05623464279351492, 
    -0.0052942265795205695, 
    -0.0025997190221971394, 
    0.005438394488963973, 
    0.0032883128905346476
  ], 
  "5": [
    -0.2884009, 
    0.16248425333333327, 
    -0.3415761378168952, 
    -0.025438066914497768, 
    0.23754374147128202, 
    0.28056056719022704, 
    0.21626872438980968, 
    -0.0270640795206969, 
    -0.045110330617214485, 
    -0.0317843338488217, 
    0.0020240839311887237
  ], 
  "4": [
    -0.6236299333333332, 
    0.31457756, 
    0.06315161363123427, 
    -0.000419487814952179, 
    -0.3760896952404565, 
    0.13542253054101266, 
    -0.047369615179048676, 
    -0.0338310094408131, 
    0.007759595391964129, 
    0.06527449739912838, 
    0.006791637738177852
  ], 
  "7": [
    -0.04337794666666666, 
    0.09780414000000003, 
    -0.2246501015572104, 
    -0.12688161090458439, 
    0.06911453913906485, 
    0.09067260034904054, 
    -0.32529748797434577, 
    0.17576652142338414, 
    -0.0620450688395613, 
    0.08271189371573139, 
    -0.13534485844326075
  ], 
  "6": [
    -0.11561239333333326, 
    0.08095552000000013, 
    -0.2438929511773105, 
    -0.11785610904584956, 
    -0.2284536947442415, 
    -0.34727267888307156, 
    0.14510305540709065, 
    0.15954173928830764, 
    0.04708841434859989, 
    -0.129758878110502, 
    -0.050577543778446005
  ], 
  "9": [
    -0.006565653333333272, 
    0.03342844666666669, 
    -0.15415944482058228, 
    -0.06493092936802945, 
    0.09154538725551009, 
    0.060757364746946055, 
    -0.06795512203812498, 
    0.07825543754538872, 
    0.29694327058162384, 
    0.09124155302497841, 
    -0.048160155828125106
  ], 
  "8": [
    -0.015888266666666578, 
    0.07428672666666675, 
    -0.15944749868351707, 
    -0.0775730937629081, 
    -0.013338564280692971, 
    -0.08971993891797576, 
    -0.20521190094423697, 
    -0.3024056735657212, 
    -0.0738949423995511, 
    -0.14262725057406583, 
    0.0025572475507216
  ]
}