{
  "1": [
    0.00018210253323455708, 
    0.016832731787922498, 
    0.12850012314749099, 
    0.1699337905573449, 
    0.16799601065688896, 
    0.1674754904742714, 
    0.12793279188142842
  ], 
  "3": [
    0.00012900869535745202, 
    0.04046928173241895, 
    0.1255728832057593, 
    0.3076090967972561, 
    0.2395094966978805, 
    0.3249222445068054, 
    0.22543662165867862
  ], 
  "2": [
    0.00015703556185034276, 
    0.07709845271132397, 
    0.11966379577208107, 
    0.08856008947227664, 
    0.11773598902464966, 
    0.13096588355439792, 
    0.12088851996880305
  ], 
  "5": [
    7.58810880783253e-05, 
    0.0643600103915281, 
    0.05718717946331987, 
    0.23864083207963918, 
    0.3107033702602445, 
    0.45650490670016003, 
    0.28532410745892295
  ], 
  "4": [
    0.00012040630705947806, 
    0.08558760216187067, 
    0.06903332992241684, 
    0.25474676475636787, 
    0.22667764085676775, 
    0.18645438600936526, 
    0.23447102930835828
  ], 
  "7": [
    3.0224463237360987e-05, 
    0.04236912922122111, 
    0.039109861306553716, 
    0.23859244323759607, 
    0.3061571528474969, 
    0.45489362463617494, 
    0.4829415531592496
  ], 
  "6": [
    4.184792574261331e-05, 
    0.09609391559894058, 
    0.05450887210957701, 
    0.1961369546363531, 
    0.30224069173564244, 
    0.35558324519952306, 
    0.5106379314336175
  ]
}