{
  "1": 87.86915018829191, 
  "3": 0.01271813674254476, 
  "2": 0.019392208552942485, 
  "4": -0.01326202450482701
}