{
  "P_1": 2035.2018493, 
  "P_2": 1696.8766768, 
  "P_3": 1007.5774037, 
  "P_4": 929.18053335, 
  "P_5": 313.731437275, 
  "P_6": 107.875550975, 
  "P_7": 38.580580675
}