{
  "1": [
    -0.4201, 
    -0.4598333333333333, 
    -0.21776666666666666, 
    0.6929666666666667, 
    -0.2641, 
    -0.11283333333333335, 
    0.045300000000000125
  ], 
  "3": [
    -0.4482333333333333, 
    0.09496666666666664, 
    -0.13069999999999993, 
    -0.4377, 
    -0.17176666666666662, 
    -0.5530999999999999, 
    0.4960333333333333
  ], 
  "2": [
    -0.5623666666666667, 
    -0.39749999999999996, 
    0.5290333333333335, 
    -0.28203333333333336, 
    0.2737666666666667, 
    0.25483333333333347, 
    -0.1626333333333333
  ], 
  "5": [
    -0.19809999999999994, 
    0.4721, 
    0.29343333333333343, 
    0.37170000000000014, 
    0.3949666666666667, 
    -0.5158333333333334, 
    -0.3025
  ], 
  "4": [
    -0.5115666666666667, 
    0.4935000000000001, 
    -0.4851, 
    -0.04536666666666666, 
    0.0020999999999999942, 
    0.4629000000000001, 
    -0.20763333333333334
  ], 
  "7": [
    -0.0237666666666666, 
    0.21316666666666675, 
    0.2133666666666667, 
    0.3192333333333335, 
    0.31276666666666664, 
    0.3445666666666667, 
    0.7681666666666667
  ], 
  "6": [
    -0.06976666666666664, 
    0.33109999999999995, 
    0.5373666666666668, 
    0.08130000000000015, 
    -0.7563, 
    0.1316333333333335, 
    -0.028233333333333333
  ]
}