{"mode1_error": [2e-06, 2e-06, 3e-06, 3e-06, 7e-06, 1.8e-05, 2.1e-05], "mode2": [-0.00046, -0.00012, -0.0, 0.00074, 0.0029, 0.0089, 0.01621], "mode2_error": [4.4e-05, 6.6e-05, 8e-05, 5.4e-05, 0.000214, 0.00059, 0.001115], "mode1": [0.01025, 0.0172, 0.02464, 0.03346, 0.04384, 0.05081, 0.05402]}