{"mode1_error": [1e-05, 1.1e-05, 1.6e-05, 1.7e-05, 3.6e-05, 6e-05, 0.000106], "mode2": [0.00063, -0.00072, 0.00042, -0.00015, 0.00166, 0.00281, 0.00048], "mode2_error": [0.000298, 0.000355, 0.000879, 0.000639, 0.001405, 0.002546, 0.003076], "mode1": [0.00835, 0.01848, 0.0307, 0.04669, 0.06613, 0.07886, 0.08203]}