{"mode1_error": [2.9e-05, 3.1e-05, 4.5e-05, 5e-05, 0.000102, 0.000173, 0.000289], "mode2": [-0.0005, 0.00124, 0.00052, -0.00193, -0.00053, -0.00221, -0.01118], "mode2_error": [0.0004, 0.000314, 0.000501, 0.000771, 0.001833, 0.002352, 0.00632], "mode1": [0.01076, 0.02331, 0.03852, 0.05779, 0.08134, 0.09611, 0.09828]}