{"mode1_error": [5e-05, 5.4e-05, 7.6e-05, 8.4e-05, 0.000173, 0.000293, 0.000486], "mode2": [0.00066, 0.00045, 0.0007, -0.00227, -0.00057, 0.00381, -0.00062], "mode2_error": [0.00078, 0.001531, 0.002169, 0.002091, 0.005115, 0.012378, 0.017066], "mode1": [0.01145, 0.02452, 0.04038, 0.0607, 0.08525, 0.10039, 0.10214]}