{
  "V_11": 417.8125669742288, 
  "V_12": 559.7910711342377, 
  "V_13": 448.13773827515274, 
  "V_14": 514.6900119720948, 
  "V_15": 200.2474867464576, 
  "V_16": 70.34606462968148, 
  "V_17": 23.59009287892021, 
  "V_21": 559.7910711342377, 
  "V_22": 749.7391640994117, 
  "V_23": 600.1027212385053, 
  "V_24": 689.5997180519673, 
  "V_25": 268.3307098653698, 
  "V_26": 94.29815177137523, 
  "V_27": 31.58884145091085, 
  "V_31": 448.13773827515274, 
  "V_32": 600.1027212385053, 
  "V_33": 480.9758656579523, 
  "V_34": 552.3501558653778, 
  "V_35": 214.89822197205464, 
  "V_36": 75.4958417187922, 
  "V_37": 25.299920432180446, 
  "V_41": 514.6900119720948, 
  "V_42": 689.5997180519673, 
  "V_43": 552.3501558653778, 
  "V_44": 634.4794292776147, 
  "V_45": 246.8851511661731, 
  "V_46": 86.75410119532064, 
  "V_47": 29.06034843363556, 
  "V_51": 200.2474867464576, 
  "V_52": 268.3307098653698, 
  "V_53": 214.89822197205464, 
  "V_54": 246.8851511661731, 
  "V_55": 96.05304797266295, 
  "V_56": 33.740478926145556, 
  "V_57": 11.322934599121316, 
  "V_61": 70.34606462968148, 
  "V_62": 94.29815177137523, 
  "V_63": 75.4958417187922, 
  "V_64": 86.75410119532064, 
  "V_65": 33.740478926145556, 
  "V_66": 11.883084777971833, 
  "V_67": 3.987314348603856, 
  "V_71": 23.59009287892021, 
  "V_72": 31.58884145091085, 
  "V_73": 25.299920432180446, 
  "V_74": 29.06034843363556, 
  "V_75": 11.322934599121316, 
  "V_76": 3.987314348603856, 
  "V_77": 1.3441728455006228
}