{
  "1": 0.06792213813288218, 
  "3": 0.027315657383567164, 
  "2": 0.07877642020392274, 
  "4": 0.004302404087395094
}