{"mode1_error": [1.8e-05, 2.1e-05, 3e-05, 3.2e-05, 5.8e-05, 9.6e-05, 0.000154], "mode2": [-0.00068, -0.00011, 0.00056, 0.00091, 0.00158, 0.00142, 0.00346], "mode2_error": [3.6e-05, 0.00013, 0.000224, 0.000164, 0.0004, 0.000718, 0.00117], "mode1": [0.00176, 0.00336, 0.00468, 0.00639, 0.00895, 0.0124, 0.01713]}