{"mode1_error": [3e-06, 5e-06, 7e-06, 7e-06, 1.4e-05, 2.5e-05, 2.6e-05], "mode2": [-0.00018, 0.00065, 1e-05, -0.00037, -0.00209, -0.00297, -0.00563], "mode2_error": [0.000251, 0.000263, 0.000549, 0.000436, 0.001398, 0.002991, 0.005772], "mode1": [0.01323, 0.02345, 0.03307, 0.04454, 0.05784, 0.06681, 0.07075]}