{"mode1_error": [4e-06, 6e-06, 8e-06, 9e-06, 1.8e-05, 4.3e-05, 0.000177], "mode2": [0.0008, 0.00027, -0.00046, -0.0015, -0.00311, -0.00905, -0.01312], "mode2_error": [0.000234, 0.000493, 0.000643, 0.000636, 0.001494, 0.003963, 0.005586], "mode1": [0.03244, 0.05715, 0.08009, 0.10743, 0.13958, 0.16132, 0.17026]}