{
  "1": 0.17301501256243307, 
  "3": 0.18836491617457418, 
  "2": 0.12635081700406747, 
  "4": 0.09092851924173052
}