{
  "1": [
    7.530384814233396e-05, 
    0.10566680248135846, 
    0.36243763209866037, 
    0.35840364766660915, 
    0.19327050242744562, 
    0.15625674973126918, 
    0.10323238099088602
  ], 
  "3": [
    5.8204850009758476e-05, 
    0.06524068065091713, 
    0.41944913665084377, 
    0.29697246437600594, 
    0.24113616063799456, 
    0.17438986639711013, 
    0.12133185723037719
  ], 
  "2": [
    6.777917002977329e-05, 
    0.10363022490404236, 
    0.3151753334261718, 
    0.38824968629807444, 
    0.17790536141844482, 
    0.20192050515935636, 
    0.1572679745361984
  ], 
  "5": [
    3.625997720327658e-05, 
    0.1555193853667217, 
    0.22988520299835893, 
    0.25132260290095654, 
    0.33932422927743017, 
    0.22523299159294607, 
    0.30759110506500137
  ], 
  "4": [
    5.780026789522607e-05, 
    0.15249310732109608, 
    0.16128060625082416, 
    0.19437529286189786, 
    0.23071755480814882, 
    0.2594416440566187, 
    0.23456394426018642
  ], 
  "7": [
    2.3070056590448488e-05, 
    0.07138915522267737, 
    0.14962546945431723, 
    0.19392744084673766, 
    0.3411400303715853, 
    0.3804608326191475, 
    0.3006050335693282
  ], 
  "6": [
    2.4384198893732534e-05, 
    0.15414074829582478, 
    0.2192028985675491, 
    0.2801726477911465, 
    0.281058415294136, 
    0.3125332282144499, 
    0.28116214584969296
  ]
}