{
  "1": 2440.111231633412, 
  "3": 0.7514819898729155, 
  "2": 1.473017224225639, 
  "4": 0.2160531406328146
}