{
  "1": 0.0004946968780503888, 
  "3": 0.0005838181248613319, 
  "2": 0.0003123482955809815, 
  "4": 0.0002424911439337654
}