{
  "1": [
    -0.4221346733333334, 
    0.3465148808331667, 
    0.3820555785694562, 
    0.019382075613796915, 
    -0.15965247172737207, 
    -0.16529305433829994, 
    0.011286823909304737
  ], 
  "3": [
    -0.4481174266666666, 
    0.060007543894786124, 
    -0.04122004280585483, 
    -0.34120842747401786, 
    0.046828401225462474, 
    0.13329620216184634, 
    0.029183584289775855
  ], 
  "2": [
    -0.5645685533333332, 
    0.3672767607984516, 
    -0.31866184755592314, 
    0.14108176683235432, 
    -0.07419113052687264, 
    -0.014045135845749453, 
    -0.04187446913060285
  ], 
  "5": [
    -0.19576752666666664, 
    -0.4764122838640767, 
    -0.05324879867439918, 
    -0.0077072074107548336, 
    -0.07625465789175044, 
    -0.32411830265848524, 
    0.36320196904285623
  ], 
  "4": [
    -0.5084677466666666, 
    -0.502782275185259, 
    0.09706868268434131, 
    0.141211492694683, 
    0.23934903362456939, 
    0.1741180397312297, 
    -0.06999016882524288
  ], 
  "7": [
    -0.025566626666666623, 
    -0.28801575539088053, 
    0.0010462510356255158, 
    0.013271117638198241, 
    -0.33757644767199996, 
    0.3884647677475897, 
    0.005979126741778437
  ], 
  "6": [
    -0.0688331133333333, 
    -0.3522964016289463, 
    -0.027060542667771352, 
    -0.08089182858864298, 
    -0.14315752865085635, 
    -0.24751835378323195, 
    -0.4339455652662252
  ]
}