{
  "1": 901.5158057454888, 
  "3": 0.22166607889010437, 
  "2": 0.4521396050728898, 
  "4": 0.14054370502328095
}