{
  "1": [
    7.745218341555865e-05, 
    0.026061175860701107, 
    0.07867441277153485, 
    0.12064209982275247, 
    0.0752077054743414, 
    0.059486831134884274, 
    0.03794096505535108
  ], 
  "3": [
    5.714654523907718e-05, 
    0.046116328416821915, 
    0.13626766347481398, 
    0.19859120290556787, 
    0.29034633272820304, 
    0.3236807505690578, 
    0.19676882392725925
  ], 
  "2": [
    6.848425838677388e-05, 
    0.06655881328982699, 
    0.104346441965208, 
    0.21184875309669668, 
    0.25306889248706615, 
    0.3463186455912358, 
    0.18176461875351982
  ], 
  "5": [
    3.562164094304208e-05, 
    0.0474278351937357, 
    0.19821107773043004, 
    0.14965797325180774, 
    0.352313487961778, 
    0.2454122069206079, 
    0.24877694793181082
  ], 
  "4": [
    5.3957935433753215e-05, 
    0.03156758926062039, 
    0.17389930713379056, 
    0.15392666600027635, 
    0.14060184204831097, 
    0.1180427514337196, 
    0.0690504121748074
  ], 
  "7": [
    0.0, 
    0.02110451689686191, 
    0.08606116120968856, 
    0.0748367067270393, 
    0.2846168607544592, 
    0.4155753419039191, 
    0.32883461267049147
  ], 
  "6": [
    1.8132230400782625e-05, 
    0.02977548600281587, 
    0.12328100297150234, 
    0.09921735151391047, 
    0.35048318539524925, 
    0.37709219433433083, 
    0.2656203316116127
  ]
}