{
  "1": 0.0005287720014442068, 
  "3": 0.00044020898626870054, 
  "2": 0.0008166488410061652, 
  "4": 7.067429323286714e-05
}