{
  "1": [
    0.0002898228654593602, 
    0.4248379784350998, 
    0.400134252788965, 
    0.2420857609020915, 
    0.22580107428732074, 
    0.07999283287629916, 
    0.0769125460562796
  ], 
  "3": [
    0.00020483489271701108, 
    0.2565461099846525, 
    0.2790464652945937, 
    0.25151041932085466, 
    0.308838723712991, 
    0.2044064454279868, 
    0.20097860180681562
  ], 
  "2": [
    0.00025466920466175056, 
    0.3827212188228476, 
    0.42460661500640867, 
    0.13167864981783267, 
    0.12963941309316782, 
    0.06760766447439948, 
    0.06474718668606617
  ], 
  "5": [
    0.0001178503993256886, 
    0.10560412276777678, 
    0.20754872404460403, 
    0.2633654409892818, 
    0.31129534047067536, 
    0.2738442980738845, 
    0.4195998299939412
  ], 
  "4": [
    0.00019151988098406453, 
    0.23194859243017915, 
    0.23900694065895214, 
    0.2716325238346594, 
    0.23063160356215168, 
    0.20032085617379974, 
    0.18452920220030025
  ], 
  "7": [
    3.779433466909321e-05, 
    0.06617831725358382, 
    0.1539443676799231, 
    0.1816324940221091, 
    0.2668906835259183, 
    0.4216734194356678, 
    0.47570876920726063
  ], 
  "6": [
    6.23038258206161e-05, 
    0.09966445351821059, 
    0.20315221635285538, 
    0.1930592730409836, 
    0.30507298889885504, 
    0.5088257984487631, 
    0.322720234902737
  ]
}