{
  "1": [
    -0.2876097999999999, 
    -0.37617376737673747, 
    -0.4867273657115737, 
    -0.25029654473638896, 
    -0.07076929507616005, 
    -0.020366806412794328, 
    0.003959600988310039
  ], 
  "3": [
    -0.4725706666666667, 
    -0.049146451311797935, 
    0.2877086838718417, 
    -0.2980369946762834, 
    -0.4456289125044286, 
    0.09654658980629627, 
    -0.06876344359626856
  ], 
  "2": [
    -0.5080736933333332, 
    0.5633378304497114, 
    -0.23331973176183712, 
    0.06756573930963437, 
    0.01130744597945444, 
    0.02447250106750527, 
    -0.021001124755688348
  ], 
  "5": [
    -0.25201084, 
    -0.10397526752675244, 
    0.03488242904558701, 
    0.4856663403743777, 
    -0.23868961388593635, 
    -0.4158416715189635, 
    0.09322534572408482
  ], 
  "4": [
    -0.6025354733333333, 
    -0.191518755208854, 
    0.19570639436428913, 
    0.017803266357547597, 
    0.48422894084307405, 
    0.034693113621365686, 
    0.08403216063723863
  ], 
  "7": [
    -0.03130095999999999, 
    -0.06340075007500727, 
    -0.04476579963422057, 
    0.32446860037781255, 
    -0.1645036627701034, 
    0.409879270991033, 
    0.3889537817605192
  ], 
  "6": [
    -0.09099537999999997, 
    -0.12318644197753063, 
    -0.0304009618641199, 
    0.3871466151468313, 
    -0.01402157987956075, 
    0.20725008734133002, 
    -0.4865338828041461
  ]
}