{
  "1": 210.77045135464724, 
  "3": 0.08356225555461659, 
  "2": 0.29502318792123633, 
  "4": 0.014262446440478036
}