{
  "1": 0.08328195595077661, 
  "3": 0.10221384964637041, 
  "2": 0.06729857343858237, 
  "4": 0.07046630680436558
}