{"mode1_error": [3e-06, 3e-06, 5e-06, 5e-06, 1.1e-05, 1.9e-05, 3.6e-05], "mode2": [-0.00035, 6e-05, -0.00025, 0.00042, 0.00079, -0.00119, -0.00028], "mode2_error": [5.5e-05, 6.7e-05, 0.000112, 0.000136, 0.000283, 0.000828, 0.000852], "mode1": [0.00382, 0.00802, 0.01297, 0.01969, 0.02919, 0.0383, 0.04707]}