{"mode1_error": [2e-06, 2e-06, 3e-06, 3e-06, 8e-06, 1.7e-05, 8.2e-05], "mode2": [-9e-05, -0.00035, 0.00047, 0.00025, -8e-05, 0.00083, -0.00373], "mode2_error": [0.000305, 0.000256, 0.000341, 0.00021, 0.000738, 0.000933, 0.003648], "mode1": [0.00898, 0.01908, 0.03101, 0.04706, 0.06968, 0.09133, 0.11225]}