{"mode1_error": [6e-06, 6e-06, 9e-06, 1.1e-05, 2.2e-05, 4.9e-05, 0.000118], "mode2": [-0.00072, 0.00091, -0.00091, -1e-05, 0.00134, -0.00261, -0.00133], "mode2_error": [0.000101, 0.000101, 0.000198, 0.00018, 0.000528, 0.000933, 0.001215], "mode1": [0.01262, 0.02734, 0.04461, 0.06763, 0.09986, 0.1301, 0.15922]}