{"mode1_error": [1e-05, 1e-05, 1.5e-05, 1.7e-05, 3.5e-05, 6.5e-05, 0.000123], "mode2": [0.00189, 0.0002, -1e-05, -0.00196, -0.00492, -0.00725, -0.00577], "mode2_error": [0.000533, 0.000433, 0.00121, 0.00167, 0.002862, 0.003306, 0.00558], "mode1": [0.01298, 0.02804, 0.0458, 0.06946, 0.10228, 0.13299, 0.16189]}