{
  "1": 0.0004171667343839612, 
  "3": 0.00042484964867392256, 
  "2": 0.0005930417918915211, 
  "4": 0.00011282538254314399
}