{
  "1": [
    0.0005429303863496169, 
    0.5116479293809683, 
    0.34822736790353814, 
    0.3999351802468227, 
    0.19507290636517094, 
    0.19550116138289916, 
    0.17380476236537623
  ], 
  "3": [
    0.00038553128886905145, 
    0.3141243042263897, 
    0.4415894086384393, 
    0.33767502722612786, 
    0.2292917719707, 
    0.1420964443272827, 
    0.1586205303550049
  ], 
  "2": [
    0.0004703575204340324, 
    0.32569229838831565, 
    0.45606782688685976, 
    0.3215870877110718, 
    0.17131209429982439, 
    0.15775381261056176, 
    0.20657003484412886
  ], 
  "5": [
    0.0002156413071018765, 
    0.15537823461883193, 
    0.23538832355984773, 
    0.30697598473494536, 
    0.44419711704314196, 
    0.36166730049277407, 
    0.47771552821021024
  ], 
  "4": [
    0.00035519232147440135, 
    0.31544874613163904, 
    0.43608605260813227, 
    0.28524847520768, 
    0.18453816049385646, 
    0.15621120226424604, 
    0.17044425078541117
  ], 
  "7": [
    6.8537872742957e-05, 
    0.07176030974174637, 
    0.09710529648089303, 
    0.244278549951085, 
    0.3744442560954737, 
    0.4895754475611412, 
    0.5641950561283902
  ], 
  "6": [
    0.00010837204867618892, 
    0.0812177562177947, 
    0.13575384239235885, 
    0.2685860788507713, 
    0.6117401661025627, 
    0.4106310482741793, 
    0.4294671303494803
  ]
}