{
  "dV_11": 0.1525355339633164, 
  "dV_12": 0.10044066106223723, 
  "dV_13": 0.07718343113749662, 
  "dV_14": 0.07373040244948921, 
  "dV_15": 0.03805630194072611, 
  "dV_16": 0.01959040781972419, 
  "dV_17": 0.012528620148628178, 
  "dV_21": 0.10044066106223723, 
  "dV_22": 0.13232127942976676, 
  "dV_23": 0.07202946074404423, 
  "dV_24": 0.06878256017667132, 
  "dV_25": 0.03546098359218618, 
  "dV_26": 0.018250152802990666, 
  "dV_27": 0.011681138149800683, 
  "dV_31": 0.07718343113749662, 
  "dV_32": 0.07202946074404423, 
  "dV_33": 0.0781392435191263, 
  "dV_34": 0.053015478357779644, 
  "dV_35": 0.027287199537544354, 
  "dV_36": 0.0140371890897397, 
  "dV_37": 0.008975457428410525, 
  "dV_41": 0.07373040244948921, 
  "dV_42": 0.06878256017667132, 
  "dV_43": 0.053015478357779644, 
  "dV_44": 0.07117579811956715, 
  "dV_45": 0.02616176031106279, 
  "dV_46": 0.01343587493180869, 
  "dV_47": 0.008578909086710383, 
  "dV_51": 0.03805630194072611, 
  "dV_52": 0.03546098359218618, 
  "dV_53": 0.027287199537544354, 
  "dV_54": 0.02616176031106279, 
  "dV_55": 0.01905635970239292, 
  "dV_56": 0.006970977150154768, 
  "dV_57": 0.0044473106354980555, 
  "dV_61": 0.01959040781972419, 
  "dV_62": 0.018250152802990666, 
  "dV_63": 0.0140371890897397, 
  "dV_64": 0.01343587493180869, 
  "dV_65": 0.006970977150154768, 
  "dV_66": 0.005193358282990398, 
  "dV_67": 0.0023150895090018526, 
  "dV_71": 0.012528620148628178, 
  "dV_72": 0.011681138149800683, 
  "dV_73": 0.008975457428410525, 
  "dV_74": 0.008578909086710383, 
  "dV_75": 0.0044473106354980555, 
  "dV_76": 0.0023150895090018526, 
  "dV_77": 0.0027597923811381944
}