{
  "1": [
    -0.28673519999999997, 
    -0.08028501612676979, 
    -0.35534307315424846, 
    0.17092630900180572, 
    -0.046332790707021815, 
    0.07394250021993483, 
    0.008430313884074642
  ], 
  "3": [
    -0.47264275333333333, 
    -0.12003184686579758, 
    0.2630141493495522, 
    0.4071289399019854, 
    -0.0015161180111739818, 
    -0.00542534529779177, 
    -0.040353279414596786
  ], 
  "2": [
    -0.5086777533333332, 
    0.5102738115271349, 
    -0.0030551191079569245, 
    -0.06255588513455412, 
    0.07984066481771775, 
    0.11114366147620292, 
    0.017199225880993298
  ], 
  "5": [
    -0.2518204, 
    0.07294605945870138, 
    -0.055167308667004866, 
    -0.14601446135328033, 
    -0.21302757747497822, 
    -0.3275452889944595, 
    -0.1545682380127097
  ], 
  "4": [
    -0.6018688200000001, 
    -0.3329263637638475, 
    -0.019919006588950322, 
    -0.2919632877654543, 
    0.07504076128461756, 
    0.030789636667546465, 
    0.022540546890044224
  ], 
  "7": [
    -0.03878493333333327, 
    -0.004185948674800105, 
    0.04707315424902867, 
    -0.07562845843005714, 
    -0.25883108243900466, 
    0.38318679510864795, 
    0.06654838821490387
  ], 
  "6": [
    -0.09205315333333329, 
    0.02568087925957091, 
    0.034505110660584704, 
    0.06350888143753763, 
    -0.08772118252341315, 
    -0.28333537432919764, 
    0.3333404698632776
  ]
}