{
  "1": [
    0.754558250910094, 
    0.4888058059984072, 
    0.046260064086757674, 
    -0.08079862442954039, 
    0.12626898304188494, 
    0.068828379664345, 
    0.23093611971275912, 
    -0.2812392018651099, 
    0.006079369849343513, 
    0.07363267512853137, 
    0.09576219918942534, 
    0.053712880881908995, 
    0.0031658258884219082
  ], 
  "2": [
    0.2627069826157814, 
    -0.6493522093985759, 
    -0.37388215660920043, 
    -0.48443016424155344, 
    0.32747563849291933, 
    0.007158630176570905, 
    -0.0005428577844842702, 
    -0.16679859909293074, 
    -0.016146373117630813, 
    0.0502801617358584, 
    0.056289862162445414, 
    0.047916532621216035, 
    0.009535722679830074
  ], 
  "3": [
    0.2643799722860507, 
    0.022877787336773935, 
    -0.6376761020150589, 
    0.39420657438945117, 
    -0.21662248017487654, 
    -0.48101345407185664, 
    -0.07150102929873545, 
    0.29026774458452664, 
    0.10635843062945279, 
    0.01504054841940506, 
    -0.0930968980916337, 
    0.15821081564352268, 
    -0.11571019872972889
  ], 
  "4": [
    0.24567287880917174, 
    -0.3112492532194054, 
    0.2590144746722579, 
    0.5928323176960751, 
    0.2883983380108634, 
    0.10116958697330894, 
    -0.4833590544686399, 
    -0.1376868138662485, 
    -0.16928963419025755, 
    -0.014987763655290694, 
    -0.0591472551088793, 
    0.1665626373162074, 
    -0.0194535097596131
  ], 
  "5": [
    0.07488013801353505, 
    0.11007227196250154, 
    0.21527295532768267, 
    -0.13045873449864478, 
    0.46407572477820846, 
    -0.518097887161722, 
    -0.05141042899218682, 
    0.6372158693737511, 
    -0.3665903093905314, 
    -0.18057520889511805, 
    0.12289320684734077, 
    -0.09874628702148389, 
    -0.006503977279045746
  ], 
  "6": [
    -0.1094364331152016, 
    0.39332766991535945, 
    -0.2996562801744033, 
    -0.3207796026827686, 
    0.09461940408867353, 
    0.2547575908566525, 
    -0.5632119278429782, 
    0.03219449548459909, 
    -0.339050676156878, 
    0.21412013704516863, 
    -0.26536179614854033, 
    0.1484594274780998, 
    -0.029749046168932074
  ], 
  "7": [
    0.3478816981019131, 
    -0.16078484310559304, 
    0.32978145552597715, 
    -0.2972758539706814, 
    -0.6208480150287579, 
    -0.20013130923391365, 
    -0.36648003260942713, 
    0.03835878010009396, 
    -0.024704871286504178, 
    -0.08213657046591197, 
    -0.13815490863352511, 
    -0.16037904627803118, 
    0.050193848995080934
  ], 
  "8": [
    0.2301154612423939, 
    -0.19048508812911585, 
    -0.05774410329901755, 
    0.11957899395747555, 
    -0.20353896002466249, 
    0.4503427121163466, 
    0.3160383806966433, 
    0.40482178758832493, 
    -0.40551925444798476, 
    0.42597242111066175, 
    -0.012211638595751875, 
    -0.23947284977848063, 
    0.22055409558737443
  ], 
  "9": [
    -0.0763420722494051, 
    -0.0849144882445351, 
    0.33165413020032625, 
    -0.10431317243215223, 
    -0.0957719515988198, 
    -0.25829761363247156, 
    0.17778254320911302, 
    0.11317120854691815, 
    0.08672052614930974, 
    0.5301980107202469, 
    -0.14479462287170283, 
    0.6093758560982925, 
    -0.07455379196224506
  ], 
  "10": [
    -0.17320537669414815, 
    -0.031296888002973096, 
    -0.058535118288495676, 
    0.08177324958024774, 
    -0.2211302465714142, 
    -0.286810886469353, 
    0.1950391499812755, 
    -0.3338850683409922, 
    -0.7063383543496848, 
    0.10588781148438961, 
    0.1186686251535796, 
    -0.1592488164976683, 
    -0.0324816073116077
  ], 
  "11": [
    -0.04130779811281363, 
    0.04407772886256226, 
    -0.1300246908473953, 
    0.1073779092334342, 
    0.15116161114891088, 
    -0.16498313915588983, 
    0.014802755889650904, 
    -0.2995084297182728, 
    0.1329839047184412, 
    0.5877839070440461, 
    -0.14937543541779802, 
    -0.45372667991030374, 
    0.3802339306908328
  ], 
  "12": [
    0.04771254197454976, 
    -0.05385555809693082, 
    0.07065506511651239, 
    0.012798564486739356, 
    0.11638848911402501, 
    0.016293421638304953, 
    0.2065466037416634, 
    -0.042492430675284396, 
    -0.029363651840048414, 
    -0.1337269941531411, 
    -0.7000174686824107, 
    -0.20759318085154388, 
    -0.6520925945136212
  ], 
  "13": [
    0.002397799695654609, 
    -0.00435580166856397, 
    -0.028406482401026913, 
    0.00984850639481953, 
    0.03241154291196049, 
    -0.03084114407400821, 
    0.20335618295702917, 
    -0.04048732561949027, 
    -0.1426533003745619, 
    -0.26315496363301244, 
    -0.5686430284340248, 
    0.42605574115243516, 
    0.5980175606151225
  ]
}