{
  "dV_101": 40.92152894449268, 
  "dV_1010": 15.731014381225481, 
  "dV_1011": 8.165738716366983, 
  "dV_1012": 5.565716540900101, 
  "dV_1013": 4.45925317359767, 
  "dV_1014": 3.1982930577742286, 
  "dV_102": 40.27309804561608, 
  "dV_103": 37.67721649273686, 
  "dV_104": 28.2639813469385, 
  "dV_105": 29.78258431889278, 
  "dV_106": 20.31893682506816, 
  "dV_107": 27.262838935285572, 
  "dV_108": 19.281113352919057, 
  "dV_109": 13.408460939646282, 
  "dV_11": 205.6981777915118, 
  "dV_110": 40.92152894449268, 
  "dV_111": 28.699611304006364, 
  "dV_1110": 8.165738716366983, 
  "dV_1111": 7.2492060255842174, 
  "dV_1112": 4.689523350090986, 
  "dV_1113": 3.1602416065004544, 
  "dV_1114": 2.5311848120607685, 
  "dV_112": 22.080762162363424, 
  "dV_113": 14.21350889090903, 
  "dV_114": 12.1476549384734, 
  "dV_115": 20.59742282338689, 
  "dV_116": 14.828677354400035, 
  "dV_117": 17.934527246036033, 
  "dV_118": 14.143585923548784, 
  "dV_119": 11.36783162787172, 
  "dV_12": 122.74275946785963, 
  "dV_121": 22.080762162363424, 
  "dV_1210": 5.565716540900101, 
  "dV_1211": 4.689523350090986, 
  "dV_1212": 4.532412673339719, 
  "dV_1213": 2.133855954741974, 
  "dV_1214": 1.8552515388774835, 
  "dV_122": 21.395978709616806, 
  "dV_123": 16.864223351114823, 
  "dV_124": 14.863566912283517, 
  "dV_125": 13.295554101377567, 
  "dV_126": 13.544946378178182, 
  "dV_127": 14.762018828163457, 
  "dV_128": 11.11548934723375, 
  "dV_129": 6.716767640600104, 
  "dV_13": 112.0570393640227, 
  "dV_131": 14.21350889090903, 
  "dV_1310": 4.45925317359767, 
  "dV_1311": 3.1602416065004544, 
  "dV_1312": 2.133855954741974, 
  "dV_1313": 2.3079260299789555, 
  "dV_1314": 1.4936337190087383, 
  "dV_132": 14.416600259328074, 
  "dV_133": 13.56909792764803, 
  "dV_134": 12.065657381380635, 
  "dV_135": 11.471022031393069, 
  "dV_136": 9.451199210216426, 
  "dV_137": 12.24211473126164, 
  "dV_138": 8.355492299296168, 
  "dV_139": 5.691210210692905, 
  "dV_14": 109.61086511364559, 
  "dV_141": 12.1476549384734, 
  "dV_1410": 3.1982930577742286, 
  "dV_1411": 2.5311848120607685, 
  "dV_1412": 1.8552515388774835, 
  "dV_1413": 1.4936337190087383, 
  "dV_1414": 1.4792343935686878, 
  "dV_142": 13.112190807285977, 
  "dV_143": 12.21215398233209, 
  "dV_144": 8.527276615864148, 
  "dV_145": 9.549799440744076, 
  "dV_146": 8.60655950863168, 
  "dV_147": 10.088200974744579, 
  "dV_148": 6.752011546092977, 
  "dV_149": 5.3921840563974435, 
  "dV_15": 96.13926023998724, 
  "dV_16": 87.65402755349135, 
  "dV_17": 87.97898643297441, 
  "dV_18": 68.85578228792248, 
  "dV_19": 49.4044017868824, 
  "dV_21": 122.74275946785963, 
  "dV_210": 40.27309804561608, 
  "dV_211": 22.649715884270893, 
  "dV_212": 21.395978709616806, 
  "dV_213": 14.416600259328074, 
  "dV_214": 13.112190807285977, 
  "dV_22": 150.807923542185, 
  "dV_23": 96.76002284317892, 
  "dV_24": 81.17940639267991, 
  "dV_25": 85.17035447199248, 
  "dV_26": 79.65885959360457, 
  "dV_27": 81.1559936230014, 
  "dV_28": 76.80880479963623, 
  "dV_29": 44.361857018436446, 
  "dV_31": 112.0570393640227, 
  "dV_310": 37.67721649273686, 
  "dV_311": 24.63007738311168, 
  "dV_312": 16.864223351114823, 
  "dV_313": 13.56909792764803, 
  "dV_314": 12.21215398233209, 
  "dV_32": 96.76002284317892, 
  "dV_33": 142.06625806513074, 
  "dV_34": 87.81550649045744, 
  "dV_35": 85.92841487031541, 
  "dV_36": 79.2700965803144, 
  "dV_37": 90.99990096915222, 
  "dV_38": 66.20035621404281, 
  "dV_39": 46.61248041520047, 
  "dV_41": 109.61086511364559, 
  "dV_410": 28.2639813469385, 
  "dV_411": 25.05113108345517, 
  "dV_412": 14.863566912283517, 
  "dV_413": 12.065657381380635, 
  "dV_414": 8.527276615864148, 
  "dV_42": 81.17940639267991, 
  "dV_43": 87.81550649045744, 
  "dV_44": 102.17551472687661, 
  "dV_45": 87.9815312854334, 
  "dV_46": 74.97357851266698, 
  "dV_47": 67.39475384766541, 
  "dV_48": 45.98539024130224, 
  "dV_49": 45.897608960078735, 
  "dV_51": 96.13926023998724, 
  "dV_510": 29.78258431889278, 
  "dV_511": 20.59742282338689, 
  "dV_512": 13.295554101377567, 
  "dV_513": 11.471022031393069, 
  "dV_514": 9.549799440744076, 
  "dV_52": 85.17035447199248, 
  "dV_53": 85.92841487031541, 
  "dV_54": 87.9815312854334, 
  "dV_55": 106.13728418516814, 
  "dV_56": 55.080630114935225, 
  "dV_57": 64.26514778757382, 
  "dV_58": 54.851306959773886, 
  "dV_59": 34.279833438514686, 
  "dV_61": 87.65402755349135, 
  "dV_610": 20.31893682506816, 
  "dV_611": 14.828677354400035, 
  "dV_612": 13.544946378178182, 
  "dV_613": 9.451199210216426, 
  "dV_614": 8.60655950863168, 
  "dV_62": 79.65885959360457, 
  "dV_63": 79.2700965803144, 
  "dV_64": 74.97357851266698, 
  "dV_65": 55.080630114935225, 
  "dV_66": 70.98445114082621, 
  "dV_67": 52.1228348451828, 
  "dV_68": 43.33742296006294, 
  "dV_69": 31.778927362910686, 
  "dV_71": 87.97898643297441, 
  "dV_710": 27.262838935285572, 
  "dV_711": 17.934527246036033, 
  "dV_712": 14.762018828163457, 
  "dV_713": 12.24211473126164, 
  "dV_714": 10.088200974744579, 
  "dV_72": 81.1559936230014, 
  "dV_73": 90.99990096915222, 
  "dV_74": 67.39475384766541, 
  "dV_75": 64.26514778757382, 
  "dV_76": 52.1228348451828, 
  "dV_77": 93.28883077873967, 
  "dV_78": 48.95874842936742, 
  "dV_79": 34.647243826521326, 
  "dV_81": 68.85578228792248, 
  "dV_810": 19.281113352919057, 
  "dV_811": 14.143585923548784, 
  "dV_812": 11.11548934723375, 
  "dV_813": 8.355492299296168, 
  "dV_814": 6.752011546092977, 
  "dV_82": 76.80880479963623, 
  "dV_83": 66.20035621404281, 
  "dV_84": 45.98539024130224, 
  "dV_85": 54.851306959773886, 
  "dV_86": 43.33742296006294, 
  "dV_87": 48.95874842936742, 
  "dV_88": 53.12608847298402, 
  "dV_89": 25.609827378726887, 
  "dV_91": 49.4044017868824, 
  "dV_910": 13.408460939646282, 
  "dV_911": 11.36783162787172, 
  "dV_912": 6.716767640600104, 
  "dV_913": 5.691210210692905, 
  "dV_914": 5.3921840563974435, 
  "dV_92": 44.361857018436446, 
  "dV_93": 46.61248041520047, 
  "dV_94": 45.897608960078735, 
  "dV_95": 34.279833438514686, 
  "dV_96": 31.778927362910686, 
  "dV_97": 34.647243826521326, 
  "dV_98": 25.609827378726887, 
  "dV_99": 29.910550326081314
}