{
  "1": 1100.1154553056685, 
  "3": 0.05464283398889726, 
  "2": 0.20620652956260557, 
  "4": 0.0202805324343717
}