{
  "1": [
    -0.41656656223465177, 
    -0.5474875127220273, 
    0.4328068917590077, 
    0.5652034073636097, 
    0.10332844410462258, 
    0.09304179203375423, 
    0.02488941474420534
  ], 
  "2": [
    -0.5585948499314373, 
    -0.35621430873843324, 
    -0.5822071102448219, 
    -0.33639594774530424, 
    0.2862800189418756, 
    -0.14025669415853337, 
    -0.08560150407190038
  ], 
  "3": [
    -0.4483772159840216, 
    0.6496607789710362, 
    -0.18621523707695067, 
    0.4828047682658047, 
    -0.03331100924562686, 
    -0.13408188485094782, 
    -0.3000576786072294
  ], 
  "4": [
    -0.516736659564087, 
    0.2870669561094808, 
    0.5713659461944077, 
    -0.5444591983657214, 
    -0.05952423926215177, 
    0.05221296750233262, 
    0.1463270145309224
  ], 
  "5": [
    -0.2018434006366412, 
    0.03368944642724432, 
    -0.3319772755279222, 
    0.13012005180714545, 
    -0.4786449686989916, 
    0.40252508070199, 
    0.6632169153562372
  ], 
  "6": [
    -0.0712155253134244, 
    -0.23365299503945586, 
    -0.013197332580607376, 
    -0.13895448079057504, 
    -0.7181284002489048, 
    0.17314142857520318, 
    -0.6125077599600024
  ], 
  "7": [
    -0.023932828516809862, 
    -0.11477597200089396, 
    0.046849068100013526, 
    0.04008785459200971, 
    -0.39737239422479675, 
    -0.8711846784551937, 
    0.2560942424885124
  ]
}