{
  "V_11": 519.1561608634544, 
  "V_12": 694.9999908455757, 
  "V_13": 553.6718342538036, 
  "V_14": 631.9009002059256, 
  "V_15": 244.64690408811762, 
  "V_16": 86.09375831463743, 
  "V_17": 29.247189943290724, 
  "V_21": 694.9999908455757, 
  "V_22": 930.5884697419201, 
  "V_23": 741.5131511245265, 
  "V_24": 846.1796284316486, 
  "V_25": 327.60081854892235, 
  "V_26": 115.4181334195717, 
  "V_27": 39.202966317481874, 
  "V_31": 553.6718342538036, 
  "V_32": 741.5131511245265, 
  "V_33": 590.9592364990816, 
  "V_34": 674.5940079868276, 
  "V_35": 261.1827156190652, 
  "V_36": 92.00346506617187, 
  "V_37": 31.287658420469555, 
  "V_41": 631.9009002059256, 
  "V_42": 846.1796284316486, 
  "V_43": 674.5940079868276, 
  "V_44": 770.1987884738998, 
  "V_45": 298.2900019406326, 
  "V_46": 105.1677047389051, 
  "V_47": 35.81091769879995, 
  "V_51": 244.64690408811762, 
  "V_52": 327.60081854892235, 
  "V_53": 261.1827156190652, 
  "V_54": 298.2900019406326, 
  "V_55": 115.71932454485207, 
  "V_56": 40.86242792504766, 
  "V_57": 13.945597639884866, 
  "V_61": 86.09375831463743, 
  "V_62": 115.4181334195717, 
  "V_63": 92.00346506617187, 
  "V_64": 105.1677047389051, 
  "V_65": 40.86242792504766, 
  "V_66": 14.493875091256944, 
  "V_67": 4.974139920763109, 
  "V_71": 29.247189943290724, 
  "V_72": 39.202966317481874, 
  "V_73": 31.287658420469555, 
  "V_74": 35.81091769879995, 
  "V_75": 13.945597639884866, 
  "V_76": 4.974139920763109, 
  "V_77": 1.746123527340045
}