{
  "1": 2941.68947383282, 
  "3": 0.24182428237476483, 
  "2": 0.8752534225585841, 
  "4": 0.12562394610471408
}