{
  "1": 0.0006186962012840372, 
  "3": 0.0003266889421963986, 
  "2": 0.0005750064464746012, 
  "4": 8.810513588698118e-05
}