{
  "1": 439.6676142042798, 
  "3": 0.03819824679648828, 
  "2": 0.16269240646547278, 
  "4": 0.007050033666865463
}