{
  "1": [
    -0.48477818000000006, 
    0.46717144666666827, 
    -0.19985245938125992, 
    0.08066914081249714, 
    0.20506521944090916, 
    -0.10438410432637235, 
    -0.06429376184229704
  ], 
  "3": [
    -0.43240460666666675, 
    0.03389260666666667, 
    -0.43528841160323467, 
    -0.19514933455513278, 
    -0.09319939188233625, 
    0.1466644462067144, 
    0.08343044745663901
  ], 
  "2": [
    -0.5454778666666666, 
    0.21296128666666694, 
    0.4689096743081828, 
    0.10000460356940273, 
    -0.03214788573044858, 
    0.1709944929068643, 
    0.05972474129135707
  ], 
  "5": [
    -0.18821167333333327, 
    -0.43418936666666724, 
    -0.2543621114325985, 
    0.4566643321551685, 
    -0.0790442983076419, 
    0.0282228654507005, 
    -0.08852361171840807
  ], 
  "4": [
    -0.4895022666666666, 
    -0.48822537333333393, 
    0.14948552563246525, 
    -0.1764133394423354, 
    -0.09517303068872945, 
    -0.26831079390254525, 
    -0.025251333624836243
  ], 
  "7": [
    -0.030107579999999915, 
    -0.3397016866666671, 
    -0.0007978855998219072, 
    -0.0075766592485929565, 
    0.20594717861688613, 
    -0.03925915939730404, 
    0.5094302215420494
  ], 
  "6": [
    -0.06728893999999992, 
    -0.39181408666666656, 
    0.06025740781957128, 
    -0.1284231836627837, 
    0.20346970725498528, 
    0.31394086703674395, 
    -0.35380047369188095
  ]
}