{
  "1": 389.52029930077754, 
  "3": 0.16089519741945973, 
  "2": 0.36686236958474444, 
  "4": 0.12989416802164538
}