{
  "1": [
    -0.28887448, 
    0.868984053333334, 
    0.2863253045462518, 
    0.11377114358909736, 
    -0.0610901611535196, 
    0.04280560188457018, 
    0.0135985668601208
  ], 
  "3": [
    -0.45273572000000006, 
    -0.11121445999999992, 
    -0.414755067579428, 
    0.4521295577674192, 
    0.0960331260013195, 
    0.018594812720848373, 
    -0.07842607682893202
  ], 
  "2": [
    -0.4915462666666666, 
    0.20056063999999982, 
    -0.43809783043707257, 
    -0.39630912183444605, 
    0.10559318631608715, 
    -0.06373335689045907, 
    0.004814327450748006
  ], 
  "5": [
    -0.29698691333333327, 
    -0.22134597333333345, 
    0.33254867123047255, 
    -0.13217554491621528, 
    0.12672145886344366, 
    0.371719571260307, 
    -0.021156875518180605
  ], 
  "4": [
    -0.6069842333333333, 
    -0.3726364000000004, 
    0.28226725996138297, 
    -0.006658346982486939, 
    -0.23719617378192462, 
    -0.11023641460541875, 
    0.10614948478029156
  ], 
  "7": [
    -0.041320993333333327, 
    -0.027468446666666608, 
    0.21001424258381618, 
    0.08979776153878444, 
    0.393654679106588, 
    -0.17139975029446403, 
    0.3173243041572901
  ], 
  "6": [
    -0.10781952000000002, 
    -0.057536873333333335, 
    0.3861798104265401, 
    -0.029408067699801584, 
    0.11437615681839604, 
    -0.23973470435806654, 
    -0.3900271822811782
  ]
}