{
  "1": 0.013289384666616968, 
  "3": 0.006499032087863755, 
  "2": 0.0193326346687614, 
  "4": 0.0036861980840833114
}