{
  "dV_11": 0.04943103493469992, 
  "dV_12": 0.03213558050746211, 
  "dV_13": 0.024500759014433052, 
  "dV_14": 0.02322981073575545, 
  "dV_15": 0.012314496381749895, 
  "dV_16": 0.006753302769701123, 
  "dV_17": 0.0049756309612910676, 
  "dV_21": 0.03213558050746211, 
  "dV_22": 0.04176974017991443, 
  "dV_23": 0.02255299948520468, 
  "dV_24": 0.021389089348110256, 
  "dV_25": 0.01132628901948528, 
  "dV_26": 0.006209271459735885, 
  "dV_27": 0.004574549875070358, 
  "dV_31": 0.024500759014433052, 
  "dV_32": 0.02255299948520468, 
  "dV_33": 0.024299790154237555, 
  "dV_34": 0.01633972915300649, 
  "dV_35": 0.008645920839596267, 
  "dV_36": 0.00473797520388944, 
  "dV_37": 0.003490173671305756, 
  "dV_41": 0.02322981073575545, 
  "dV_42": 0.021389089348110256, 
  "dV_43": 0.01633972915300649, 
  "dV_44": 0.02186847001871388, 
  "dV_45": 0.008233848141129443, 
  "dV_46": 0.00450441115353821, 
  "dV_47": 0.0033159492996173018, 
  "dV_51": 0.012314496381749895, 
  "dV_52": 0.01132628901948528, 
  "dV_53": 0.008645920839596267, 
  "dV_54": 0.008233848141129443, 
  "dV_55": 0.006179285983691189, 
  "dV_56": 0.0024055611732432284, 
  "dV_57": 0.0017721640554787164, 
  "dV_61": 0.006753302769701123, 
  "dV_62": 0.006209271459735885, 
  "dV_63": 0.00473797520388944, 
  "dV_64": 0.00450441115353821, 
  "dV_65": 0.0024055611732432284, 
  "dV_66": 0.0019874775890484867, 
  "dV_67": 0.0009863978865029337, 
  "dV_71": 0.0049756309612910676, 
  "dV_72": 0.004574549875070358, 
  "dV_73": 0.003490173671305756, 
  "dV_74": 0.0033159492996173018, 
  "dV_75": 0.0017721640554787164, 
  "dV_76": 0.0009863978865029337, 
  "dV_77": 0.001370303816273859
}