{
  "1": [
    0.28982224000000006, 
    -0.3206285886935092, 
    0.18240716215173236, 
    -0.019106416872336336, 
    -0.12288222935616236, 
    0.12670527735626394, 
    0.02227686858817778
  ], 
  "3": [
    0.47311909333333335, 
    -0.25514780865187275, 
    0.09787658408582187, 
    -0.33529116745194926, 
    0.28449014802924943, 
    -0.13647684201652302, 
    0.1800627015144112
  ], 
  "2": [
    0.5122589533333336, 
    -0.22328544037317832, 
    -0.40541143783283184, 
    0.05016283748410761, 
    0.11877504904583594, 
    0.034704223571067394, 
    0.13465172610324078
  ], 
  "5": [
    0.2471330333333335, 
    -0.16833017055017363, 
    0.18783686038434835, 
    0.2060914366913468, 
    0.31507063670411983, 
    0.4667486595852303, 
    0.0573469304673507
  ], 
  "4": [
    0.5991083866666665, 
    -0.12698087987938012, 
    0.07615196418924121, 
    0.10115005609154139, 
    -0.44146505796326024, 
    -0.0970875063227118, 
    -0.30300626119524443
  ], 
  "7": [
    0.03919830000000013, 
    -0.08380444078902546, 
    0.12141713359573982, 
    0.16541096402662503, 
    -0.30413100410201394, 
    -0.19429728544933447, 
    0.5419990962383985
  ], 
  "6": [
    0.09060405333333334, 
    -0.20257143483350357, 
    0.12912692752952085, 
    0.2268539600628221, 
    0.42716947030497565, 
    -0.43591654021244364, 
    -0.16022379905552872
  ]
}