{
  "V_11": 70.70537863629747, 
  "V_12": 93.0332459939816, 
  "V_13": 72.68719220672891, 
  "V_14": 81.08033612768591, 
  "V_15": 30.53952758014413, 
  "V_16": 10.922169045621663, 
  "V_17": 5.632963478099541, 
  "V_21": 93.0332459939816, 
  "V_22": 125.61132936573898, 
  "V_23": 98.22590300082256, 
  "V_24": 108.90311184717703, 
  "V_25": 40.85600145814246, 
  "V_26": 14.586184912267075, 
  "V_27": 7.513041874143356, 
  "V_31": 72.68719220672891, 
  "V_32": 98.22590300082256, 
  "V_33": 78.29120358976368, 
  "V_34": 87.09182833242402, 
  "V_35": 32.55989745930164, 
  "V_36": 11.594796663014117, 
  "V_37": 5.961467524664852, 
  "V_41": 81.08033612768591, 
  "V_42": 108.90311184717703, 
  "V_43": 87.09182833242402, 
  "V_44": 99.65326748309893, 
  "V_45": 37.54512368542496, 
  "V_46": 13.294022886625585, 
  "V_47": 6.807699072439471, 
  "V_51": 30.53952758014413, 
  "V_52": 40.85600145814246, 
  "V_53": 32.55989745930164, 
  "V_54": 37.54512368542496, 
  "V_55": 14.959081996457446, 
  "V_56": 5.339446445462615, 
  "V_57": 2.700904082578065, 
  "V_61": 10.922169045621663, 
  "V_62": 14.586184912267075, 
  "V_63": 11.594796663014117, 
  "V_64": 13.294022886625585, 
  "V_65": 5.339446445462615, 
  "V_66": 2.2919195070096396, 
  "V_67": 1.072815328158336, 
  "V_71": 5.632963478099541, 
  "V_72": 7.513041874143356, 
  "V_73": 5.961467524664852, 
  "V_74": 6.807699072439471, 
  "V_75": 2.700904082578065, 
  "V_76": 1.072815328158336, 
  "V_77": 0.9413346538594132
}