{
  "1": [
    0.42372531333333335, 
    -0.4328439266666667, 
    0.6774854733333336, 
    0.35406088666666685, 
    0.18794209333333328, 
    -0.11272205999999992, 
    0.025247880000000063
  ], 
  "3": [
    0.4491344533333334, 
    0.05574530000000007, 
    -0.5123321333333334, 
    0.06528565333333337, 
    0.549223140000001, 
    -0.44733066000000027, 
    0.16189199999999995
  ], 
  "2": [
    0.5685653533333334, 
    -0.4567459466666668, 
    -0.2907850466666666, 
    -0.3757952333333335, 
    -0.4106559866666666, 
    0.26169348000000014, 
    -0.07077549999999992
  ], 
  "5": [
    0.18969894666666665, 
    0.3554565733333336, 
    0.3705192733333334, 
    -0.5340961133333332, 
    -0.2250601333333333, 
    -0.3718404733333335, 
    0.47519790666666695
  ], 
  "4": [
    0.5036988266666667, 
    0.6767031000000002, 
    0.04021572666666671, 
    0.3540602266666667, 
    -0.17846863999999996, 
    0.31020674666666676, 
    -0.1821063733333334
  ], 
  "7": [
    0.03476666666666662, 
    0.05082376000000002, 
    0.11366674666666672, 
    -0.3052200066666667, 
    0.569075866666667, 
    0.6808194133333351, 
    0.319568893333334
  ], 
  "6": [
    0.06763333333333343, 
    0.11854654000000008, 
    0.20514224666666678, 
    -0.47459765333333287, 
    0.29519633999999995, 
    -0.14056632666666646, 
    -0.77902556
  ]
}