{
  "1": 384.84190243620594, 
  "3": 1.5740388207160445, 
  "2": 4.022530922849806, 
  "4": 0.8794899563882543
}