{"mode1_error": [2e-06, 2e-06, 3e-06, 3e-06, 7e-06, 1.8e-05, 2e-05], "mode2": [-0.00046, -0.00012, -0.0, 0.00074, 0.0029, 0.0089, 0.0162], "mode2_error": [4.3e-05, 6.6e-05, 8.1e-05, 5.5e-05, 0.000216, 0.000599, 0.001137], "mode1": [0.01025, 0.0172, 0.02464, 0.03346, 0.04384, 0.05081, 0.05402]}