{"mode1_error": [3e-06, 3e-06, 3e-06, 2e-06, 2e-06, 2e-06, 0.000123], "mode2": [-0.00135, -0.00062, 0.00079, 0.00231, 0.00847, 0.01719, 0.02847], "mode2_error": [7.4e-05, 0.000101, 0.000132, 0.00013, 0.000429, 0.000973, 0.001838], "mode1": [0.04278, 0.07118, 0.10064, 0.13552, 0.17663, 0.20316, 0.21051]}