{
  "1": [
    -0.41439503426781743, 
    -0.3731866180963924, 
    -0.6791736805865519, 
    0.4372612071641545, 
    -0.06948443170565857, 
    -0.175864340435653, 
    0.02789084920736641
  ], 
  "2": [
    -0.5573763669862789, 
    0.8004970285876627, 
    0.021617581934443013, 
    0.1956660550910992, 
    0.02646730814123775, 
    -0.007812586919885036, 
    -0.09498427695811072
  ], 
  "3": [
    -0.4483597954041528, 
    -0.4080617046341338, 
    0.713537661812061, 
    0.34416497856768385, 
    -0.01904222317140544, 
    0.03871766225341381, 
    0.054881218516349216
  ], 
  "4": [
    -0.5182872676929325, 
    -0.12988596399176483, 
    -0.05975254320034658, 
    -0.7600283461411602, 
    -0.138921447917602, 
    -0.05432692070297349, 
    0.33323251363538287
  ], 
  "5": [
    -0.20457872174903186, 
    -0.16455964261359152, 
    -0.13063031093670285, 
    -0.16475337923944341, 
    0.4341206206546288, 
    0.6768385400476665, 
    -0.4901924050337355
  ], 
  "6": [
    -0.07384766915461545, 
    -0.08966037527637047, 
    0.08943859592742101, 
    -0.19986743644019622, 
    0.35896465560275165, 
    -0.7079850841939594, 
    -0.555394257138078
  ], 
  "7": [
    -0.025577558129240775, 
    -0.03785073306162786, 
    0.02204291110093208, 
    -0.08563961737350277, 
    -0.8108595952110967, 
    0.07215910774344948, 
    -0.5721825377944756
  ]
}