{
  "1": 1516.7886552622076, 
  "2": 3.4832842889581963, 
  "3": 1.2689047504399642, 
  "4": 0.5128151062592271, 
  "5": 0.068683517684485745, 
  "6": -0.059493166136215435, 
  "7": -2.2233277212719074
}