{
  "1": [
    0.00038252392920697694, 
    0.4295285987425341, 
    0.3884730944507663, 
    0.23368451932222137, 
    0.12779700472362854, 
    0.11782372682275498, 
    0.12229464109329398
  ], 
  "3": [
    0.00028310481009298846, 
    0.47772896122277947, 
    0.3799017493984381, 
    0.1997486286462937, 
    0.13715983028282686, 
    0.12637125074376213, 
    0.10383974498445514
  ], 
  "2": [
    0.0003359599656386699, 
    0.3431462863573934, 
    0.45735890474175805, 
    0.18762791960835204, 
    0.11127076106438072, 
    0.07881580944231253, 
    0.07459420660457017
  ], 
  "5": [
    0.00015433645768822408, 
    0.1224470726391153, 
    0.18615269497886078, 
    0.24835888644359763, 
    0.4531767813089969, 
    0.2548485468710548, 
    0.4181800803475773
  ], 
  "4": [
    0.0002785689967183265, 
    0.16207332363253138, 
    0.24663707639952148, 
    0.22156820830806573, 
    0.33159960378256453, 
    0.19767641020815774, 
    0.2157913079746971
  ], 
  "7": [
    4.59501173980101e-05, 
    0.031234541273375622, 
    0.04601280537822311, 
    0.1846987053947202, 
    0.539448107136275, 
    0.4357074234836158, 
    0.5923748254475114
  ], 
  "6": [
    8.071826421920558e-05, 
    0.07962917628115758, 
    0.09577028030321694, 
    0.2115294282496313, 
    0.509285629817907, 
    0.28857992392170645, 
    0.5276547555771205
  ]
}