{
  "1": 0.0055343959073829024, 
  "3": 0.004709076645198292, 
  "2": 0.007279623236780045, 
  "4": 0.0013403572918967751
}