{
  "dV_11": 1.7343667482845286, 
  "dV_12": 1.164385348132753, 
  "dV_13": 0.8854223159970154, 
  "dV_14": 0.8597067047261955, 
  "dV_15": 0.4425736243600108, 
  "dV_16": 0.2347430334056627, 
  "dV_17": 0.13013427742569766, 
  "dV_21": 1.164385348132753, 
  "dV_22": 1.5467016287654056, 
  "dV_23": 0.8425638424017388, 
  "dV_24": 0.8180129737413353, 
  "dV_25": 0.41971843249024154, 
  "dV_26": 0.22239812403076903, 
  "dV_27": 0.12320321652743092, 
  "dV_31": 0.8854223159970154, 
  "dV_32": 0.8425638424017388, 
  "dV_33": 0.8945964815663308, 
  "dV_34": 0.6239610117903662, 
  "dV_35": 0.3197743730668384, 
  "dV_36": 0.16913765134706896, 
  "dV_37": 0.09361836973321819, 
  "dV_41": 0.8597067047261955, 
  "dV_42": 0.8180129737413353, 
  "dV_43": 0.6239610117903662, 
  "dV_44": 0.8387493953190557, 
  "dV_45": 0.31228882895307397, 
  "dV_46": 0.16452582134929022, 
  "dV_47": 0.09087675791065898, 
  "dV_51": 0.4425736243600108, 
  "dV_52": 0.41971843249024154, 
  "dV_53": 0.3197743730668384, 
  "dV_54": 0.31228882895307397, 
  "dV_55": 0.22479574142982736, 
  "dV_56": 0.08503207770353594, 
  "dV_57": 0.046998932225008956, 
  "dV_61": 0.2347430334056627, 
  "dV_62": 0.22239812403076903, 
  "dV_63": 0.16913765134706896, 
  "dV_64": 0.16452582134929022, 
  "dV_65": 0.08503207770353594, 
  "dV_66": 0.06355330097703293, 
  "dV_67": 0.025023254997254225, 
  "dV_71": 0.13013427742569766, 
  "dV_72": 0.12320321652743092, 
  "dV_73": 0.09361836973321819, 
  "dV_74": 0.09087675791065898, 
  "dV_75": 0.046998932225008956, 
  "dV_76": 0.025023254997254225, 
  "dV_77": 0.019621955736123513
}