{
  "V_11": 260.17225739576566, 
  "V_12": 349.4382149670344, 
  "V_13": 283.6155107538783, 
  "V_14": 325.4310644519015, 
  "V_15": 128.49974560557175, 
  "V_16": 46.559731677915885, 
  "V_17": 16.09933030415184, 
  "V_21": 349.4382149670344, 
  "V_22": 473.50252991023757, 
  "V_23": 377.96397092771184, 
  "V_24": 437.60755478576397, 
  "V_25": 172.48473495117815, 
  "V_26": 62.155395435550695, 
  "V_27": 21.525079310600525, 
  "V_31": 283.6155107538783, 
  "V_32": 377.96397092771184, 
  "V_33": 304.5146917119663, 
  "V_34": 352.4266688273212, 
  "V_35": 139.48493375207838, 
  "V_36": 50.10252985076903, 
  "V_37": 17.359055805074746, 
  "V_41": 325.4310644519015, 
  "V_42": 437.60755478576397, 
  "V_43": 352.4266688273212, 
  "V_44": 408.28213453285883, 
  "V_45": 160.9592117124572, 
  "V_46": 58.2099329854197, 
  "V_47": 20.105238332314283, 
  "V_51": 128.49974560557175, 
  "V_52": 172.48473495117815, 
  "V_53": 139.48493375207838, 
  "V_54": 160.9592117124572, 
  "V_55": 63.71563279459912, 
  "V_56": 23.13171389193666, 
  "V_57": 8.150917694897428, 
  "V_61": 46.559731677915885, 
  "V_62": 62.155395435550695, 
  "V_63": 50.10252985076903, 
  "V_64": 58.2099329854197, 
  "V_65": 23.13171389193666, 
  "V_66": 8.51762540335726, 
  "V_67": 3.07090672525199, 
  "V_71": 16.09933030415184, 
  "V_72": 21.525079310600525, 
  "V_73": 17.359055805074746, 
  "V_74": 20.105238332314283, 
  "V_75": 8.150917694897428, 
  "V_76": 3.07090672525199, 
  "V_77": 1.1346502893577282
}