{
  "1": [
    -0.4143953933333333, 
    -0.31128672290850573, 
    -0.3988432510835824, 
    0.340378217120181, 
    -0.04100241314144477, 
    -0.13758462029835036, 
    0.0004976049621743637
  ], 
  "3": [
    -0.44836433333333314, 
    -0.2050839509892528, 
    0.4653218832121773, 
    0.303145535714286, 
    0.0030650312545429516, 
    0.03809637019501741, 
    -0.00844850668674474
  ], 
  "2": [
    -0.5573718533333333, 
    0.5137541327709152, 
    -0.06273595099143368, 
    0.16232198129251724, 
    0.005456752434946999, 
    -0.0032879156803065092, 
    -0.03962139399806401
  ], 
  "5": [
    -0.20457767333333332, 
    -0.09579344849519658, 
    -0.0642243507047542, 
    -0.17074193594104242, 
    0.20403601540921615, 
    0.5482253146958259, 
    -0.12637278333512644
  ], 
  "4": [
    -0.5182877533333332, 
    -0.08127217368015822, 
    -0.0015911777755026205, 
    -0.6095776927437648, 
    -0.05731158598633546, 
    -0.0602487618832903, 
    0.11487333189917895
  ], 
  "7": [
    -0.025577339999999955, 
    -0.01990964815372763, 
    0.02029236886113109, 
    -0.09700091411564568, 
    -0.18684482482919262, 
    -0.06408739713673871, 
    -0.29509796350077
  ], 
  "6": [
    -0.07384752666666664, 
    -0.043270747547788764, 
    0.06884493703286598, 
    -0.19080305413832202, 
    0.0722755124291316, 
    -0.5080489046706499, 
    -0.006284590011114227
  ]
}