{
  "P_1": 1054.736144101802, 
  "P_2": 874.739404684298, 
  "P_3": 504.9672571656749, 
  "P_4": 430.72227480813433, 
  "P_5": 124.25366702858638, 
  "P_6": 35.11549348559534, 
  "P_7": 9.889650232660646
}