{
  "1": 1517.4386877353334, 
  "2": 2.3203882955453805, 
  "3": 0.92808397099897033, 
  "4": 0.51977324768839839, 
  "5": -0.028714683935306278, 
  "6": -0.064891884381036186, 
  "7": -1.1049783134458062
}