{
  "1": [
    -0.4146415878552126, 
    -0.24724885149215703, 
    -0.6044284079231674, 
    -0.6149262118230064, 
    0.08298119348553148, 
    0.11490962284385155, 
    0.05815765530647457
  ], 
  "2": [
    -0.55746940745609, 
    -0.5750143665191382, 
    0.018371237165445507, 
    0.5370757737639611, 
    -0.2480644005216584, 
    -0.06901567297011084, 
    -0.059155211151124085
  ], 
  "3": [
    -0.4482733352748986, 
    -0.0125530941459779, 
    0.7654881548012907, 
    -0.3863413147756809, 
    0.20142742749215822, 
    0.1260836723766561, 
    0.08480335535254893
  ], 
  "4": [
    -0.5181115546060034, 
    0.664794952285004, 
    -0.21495759578012244, 
    0.3447048021629733, 
    0.33296585663854983, 
    -0.02366417051564464, 
    0.11468942902080716
  ], 
  "5": [
    -0.20450749300096324, 
    0.3125218791105943, 
    0.04188672709459066, 
    -0.24494820299975284, 
    -0.5282103990147436, 
    -0.5238768515281351, 
    -0.4952771538541974
  ], 
  "6": [
    -0.07369197303105827, 
    0.23943583152993966, 
    -0.00607822134551023, 
    0.027075307219046073, 
    -0.5257990102804826, 
    0.8032983679041786, 
    -0.12131402048047275
  ], 
  "7": [
    -0.025648112093947795, 
    0.1054378140559367, 
    0.018933344511709443, 
    -0.06783554155617443, 
    -0.47399164512588754, 
    -0.2141034950944051, 
    0.8442490883736261
  ]
}