{
  "1": [
    0.0002444067457890191, 
    0.2985451412261984, 
    0.35858653735416685, 
    0.3853194760272378, 
    0.2413760744025042, 
    0.14301444274367495, 
    0.11461815266612356
  ], 
  "3": [
    0.0001814457369562965, 
    0.32261611191507145, 
    0.39844583233567704, 
    0.339802460726806, 
    0.24474182404130695, 
    0.17283720000659064, 
    0.13171894055419803
  ], 
  "2": [
    0.00021512827135975325, 
    0.24517080655563853, 
    0.3480383255431152, 
    0.23633038077378057, 
    0.20891383400573837, 
    0.14132854063263692, 
    0.10413643510779565
  ], 
  "5": [
    9.985053364683951e-05, 
    0.13358822827048697, 
    0.21535424005907128, 
    0.31575531961405084, 
    0.2662059470460689, 
    0.3106050730437688, 
    0.34813105277540646
  ], 
  "4": [
    0.00017886045668443357, 
    0.26631528904207846, 
    0.3212006174504641, 
    0.20964679492462374, 
    0.1975666711946784, 
    0.1218880350433624, 
    0.10478893076093442
  ], 
  "7": [
    3.3007947865978264e-05, 
    0.045950492094604826, 
    0.08366416902751342, 
    0.2106336321128194, 
    0.22060082844752327, 
    0.4948118921533687, 
    0.2778018008408187
  ], 
  "6": [
    5.382828831471546e-05, 
    0.10374886777646884, 
    0.1479716713304259, 
    0.26505341912416286, 
    0.23724145583743877, 
    0.22990865808488964, 
    0.47088310833103536
  ]
}