{
  "1": 0.0035002777742867528, 
  "3": 0.0037616091117982585, 
  "2": 0.003219692296651374, 
  "4": 0.001433774361979152
}