{
  "dV_11": 1.1040949783716314, 
  "dV_12": 0.7409638234891434, 
  "dV_13": 0.5636139751899791, 
  "dV_14": 0.5473032047897393, 
  "dV_15": 0.28189611693005745, 
  "dV_16": 0.14950765475897582, 
  "dV_17": 0.08284874700285341, 
  "dV_21": 0.7409638234891434, 
  "dV_22": 0.9844230333506826, 
  "dV_23": 0.5361511052451253, 
  "dV_24": 0.5208532293572636, 
  "dV_25": 0.26739714848838597, 
  "dV_26": 0.14152244065456057, 
  "dV_27": 0.07839334908996973, 
  "dV_31": 0.5636139751899791, 
  "dV_32": 0.5361511052451253, 
  "dV_33": 0.5696298478405729, 
  "dV_34": 0.39766854730669404, 
  "dV_35": 0.20362959830803581, 
  "dV_36": 0.10768444440925876, 
  "dV_37": 0.059606281018918794, 
  "dV_41": 0.5473032047897393, 
  "dV_42": 0.5208532293572636, 
  "dV_43": 0.39766854730669404, 
  "dV_44": 0.5343779271524124, 
  "dV_45": 0.1989041796322788, 
  "dV_46": 0.10476193990022752, 
  "dV_47": 0.05787566772220207, 
  "dV_51": 0.28189611693005745, 
  "dV_52": 0.26739714848838597, 
  "dV_53": 0.20362959830803581, 
  "dV_54": 0.1989041796322788, 
  "dV_55": 0.14311120710149733, 
  "dV_56": 0.05417737531468245, 
  "dV_57": 0.029930363939487968, 
  "dV_61": 0.14950765475897582, 
  "dV_62": 0.14152244065456057, 
  "dV_63": 0.10768444440925876, 
  "dV_64": 0.10476193990022752, 
  "dV_65": 0.05417737531468245, 
  "dV_66": 0.04046076551505552, 
  "dV_67": 0.01592769552420603, 
  "dV_71": 0.08284874700285341, 
  "dV_72": 0.07839334908996973, 
  "dV_73": 0.059606281018918794, 
  "dV_74": 0.05787566772220207, 
  "dV_75": 0.029930363939487968, 
  "dV_76": 0.01592769552420603, 
  "dV_77": 0.01249254794715276
}