{
  "V_11": 260.9813917147245, 
  "V_12": 350.7815195176841, 
  "V_13": 282.797077040736, 
  "V_14": 325.28491466069505, 
  "V_15": 128.64514237837844, 
  "V_16": 46.18114253152456, 
  "V_17": 16.108228175273148, 
  "V_21": 350.7815195176841, 
  "V_22": 472.6437938152778, 
  "V_23": 378.98928540087417, 
  "V_24": 437.530183858536, 
  "V_25": 172.5231221850934, 
  "V_26": 62.10326679450873, 
  "V_27": 21.583107989653737, 
  "V_31": 282.797077040736, 
  "V_32": 378.98928540087417, 
  "V_33": 304.4390165330392, 
  "V_34": 352.5072603024009, 
  "V_35": 139.10506559642894, 
  "V_36": 50.05442448851788, 
  "V_37": 17.401853689034898, 
  "V_41": 325.28491466069505, 
  "V_42": 437.530183858536, 
  "V_43": 352.5072603024009, 
  "V_44": 408.4825396341768, 
  "V_45": 161.10739404003846, 
  "V_46": 58.22401705270852, 
  "V_47": 20.22491101164355, 
  "V_51": 128.64514237837844, 
  "V_52": 172.5231221850934, 
  "V_53": 139.10506559642894, 
  "V_54": 161.10739404003846, 
  "V_55": 63.86486081684333, 
  "V_56": 23.206351248838466, 
  "V_57": 8.18518446849049, 
  "V_61": 46.18114253152456, 
  "V_62": 62.10326679450873, 
  "V_63": 50.05442448851788, 
  "V_64": 58.22401705270852, 
  "V_65": 23.206351248838466, 
  "V_66": 8.475529852651619, 
  "V_67": 3.068694065391299, 
  "V_71": 16.108228175273148, 
  "V_72": 21.583107989653737, 
  "V_73": 17.401853689034898, 
  "V_74": 20.22491101164355, 
  "V_75": 8.18518446849049, 
  "V_76": 3.068694065391299, 
  "V_77": 1.1212160010909953
}