{
  "1": 443.68970923933017, 
  "2": 0.32146860730599552, 
  "3": 0.13189396412149879, 
  "4": 0.043885005561537752, 
  "5": 0.025792198936944184, 
  "6": -0.080212547651683799, 
  "7": -0.45136270501425574
}