{
  "1": 0.0010628807385062204, 
  "3": 0.0009689038793142192, 
  "2": 0.000797517721540963, 
  "4": 0.00016853106050508968
}