{
  "1": 443.68828184129245, 
  "3": 0.15800587999563637, 
  "2": 0.34000229462139564, 
  "4": 0.04506318837867372
}