{
  "1": 31.732528880071044, 
  "2": 0.2833071632104936, 
  "3": 0.11728443130650203, 
  "4": 0.031363365010708903, 
  "5": 0.029549862616059706, 
  "6": 0.014632525880731191, 
  "7": -0.19740037634297106
}