{
  "dV_11": 0.11467679041992027, 
  "dV_12": 0.07526974746551696, 
  "dV_13": 0.057658350893862495, 
  "dV_14": 0.05504447318437778, 
  "dV_15": 0.028403890742914217, 
  "dV_16": 0.015148416233994568, 
  "dV_17": 0.01228235193846058, 
  "dV_21": 0.07526974746551696, 
  "dV_22": 0.09892491463372073, 
  "dV_23": 0.05374223196616048, 
  "dV_24": 0.05122138254162212, 
  "dV_25": 0.026381503765352178, 
  "dV_26": 0.014083203927423862, 
  "dV_27": 0.011419522655189281, 
  "dV_31": 0.057658350893862495, 
  "dV_32": 0.05374223196616048, 
  "dV_33": 0.058200311428823766, 
  "dV_34": 0.039400892204142494, 
  "dV_35": 0.020257049201576866, 
  "dV_36": 0.010810575076793696, 
  "dV_37": 0.008748648898881517, 
  "dV_41": 0.05504447318437778, 
  "dV_42": 0.05122138254162212, 
  "dV_43": 0.039400892204142494, 
  "dV_44": 0.052796227969057544, 
  "dV_45": 0.01942069056601436, 
  "dV_46": 0.010339083745090976, 
  "dV_47": 0.008358952036945172, 
  "dV_51": 0.028403890742914217, 
  "dV_52": 0.026381503765352178, 
  "dV_53": 0.020257049201576866, 
  "dV_54": 0.01942069056601436, 
  "dV_55": 0.014170890648100723, 
  "dV_56": 0.005374907673646113, 
  "dV_57": 0.004345719040171125, 
  "dV_61": 0.015148416233994568, 
  "dV_62": 0.014083203927423862, 
  "dV_63": 0.010810575076793696, 
  "dV_64": 0.010339083745090976, 
  "dV_65": 0.005374907673646113, 
  "dV_66": 0.004489945855465674, 
  "dV_67": 0.0023520468804600486, 
  "dV_71": 0.01228235193846058, 
  "dV_72": 0.011419522655189281, 
  "dV_73": 0.008748648898881517, 
  "dV_74": 0.008358952036945172, 
  "dV_75": 0.004345719040171125, 
  "dV_76": 0.0023520468804600486, 
  "dV_77": 0.004024128452278344
}