{
  "1": 31.732329451912427, 
  "3": 0.11854898907075903, 
  "2": 0.2855616672606286, 
  "4": 0.03426335699462852
}