{
  "1": [
    -0.31127924899411213, 
    0.6936697568176735, 
    0.2367727291248269, 
    -0.06546368985698887, 
    0.49690437708553875, 
    0.33775438881130815, 
    0.024262945970926986
  ], 
  "2": [
    -0.46920437826381856, 
    -0.7017099259294176, 
    0.16290291860906136, 
    -0.11249641089001813, 
    0.3557989382377408, 
    0.34872042518420104, 
    0.007668671590909233
  ], 
  "3": [
    -0.45086504209957884, 
    0.009733637204062253, 
    0.29627558633307044, 
    0.6850024384250174, 
    -0.01946273622161247, 
    -0.4858595238317376, 
    0.0563926539089352
  ], 
  "4": [
    -0.61767821925196, 
    0.1341526055358194, 
    -0.09008362517625436, 
    -0.5818188478240601, 
    -0.41813256996509063, 
    -0.2805247343849565, 
    0.017874339543538467
  ], 
  "5": [
    -0.28751997840905974, 
    0.09084246754690786, 
    -0.47480919921371956, 
    0.4176235283436187, 
    -0.41485416247171897, 
    0.5771388067179766, 
    -0.06351017777890894
  ], 
  "6": [
    -0.1164179003143526, 
    0.0028010990653166957, 
    -0.6062527061483421, 
    0.02444716602877844, 
    0.45379118957582026, 
    -0.31055169066363625, 
    -0.5620767050685225
  ], 
  "7": [
    -0.043885605157602106, 
    -0.008578053239918131, 
    -0.4780386092141184, 
    0.017620305406651608, 
    0.2706456937742327, 
    -0.14153049001682763, 
    0.8221247547894642
  ]
}