{
  "1": 1554.3020762303604, 
  "2": 2.2266160433237498, 
  "3": 0.46119378538410022, 
  "4": 0.29856251847463677, 
  "5": -0.020759689578166988, 
  "6": -0.24269190971780683, 
  "7": -0.59638839335339733
}