{
  "1": [
    0.0002587235309338143, 
    0.16382157447761053, 
    0.2944236266678812, 
    0.3194591129030348, 
    0.2501342427093407, 
    0.25631511514011196, 
    0.14995726168077608
  ], 
  "3": [
    0.00017166151584301526, 
    0.16909173791796617, 
    0.4159935096314575, 
    0.36636672694147826, 
    0.4087623710109263, 
    0.27584389018752087, 
    0.22585406639461467
  ], 
  "2": [
    0.00020957616213727133, 
    0.14245687813221564, 
    0.2731735524924731, 
    0.27532825762549984, 
    0.23078548093261703, 
    0.2095679940138687, 
    0.12588268481259487
  ], 
  "5": [
    0.00010968655772068323, 
    0.11134987852824338, 
    0.30441716465608576, 
    0.4259777835076712, 
    0.46244961232258747, 
    0.278949311298709, 
    0.3156516894855478
  ], 
  "4": [
    0.00016371068922797996, 
    0.16420414060314004, 
    0.335467029976153, 
    0.29525898963878966, 
    0.3344318894483098, 
    0.28134382421292037, 
    0.20047291274882528
  ], 
  "7": [
    3.658045562827044e-05, 
    0.04467448807730484, 
    0.24035739889594496, 
    0.3244548017710792, 
    0.33098746430996334, 
    0.4144407403360128, 
    0.294687533580237
  ], 
  "6": [
    6.08493129498257e-05, 
    0.06819792732713083, 
    0.3154735725263987, 
    0.4098038280181129, 
    0.33745864155966054, 
    0.37701234477761136, 
    0.31220621876098686
  ]
}