{
  "dV_11": 1.3025190258372477, 
  "dV_12": 0.782927110521564, 
  "dV_13": 0.6244999690325544, 
  "dV_14": 0.6508055024259778, 
  "dV_15": 0.35302868331389187, 
  "dV_16": 0.19182658754732718, 
  "dV_17": 0.10853449405031462, 
  "dV_21": 0.782927110521564, 
  "dV_22": 0.9383943440062598, 
  "dV_23": 0.5300487298562515, 
  "dV_24": 0.5510153254065416, 
  "dV_25": 0.2990582674027587, 
  "dV_26": 0.16259644044486207, 
  "dV_27": 0.09219970791566592, 
  "dV_31": 0.6244999690325544, 
  "dV_32": 0.5300487298562515, 
  "dV_33": 0.5937009986462535, 
  "dV_34": 0.43905147782373316, 
  "dV_35": 0.23806059592399786, 
  "dV_36": 0.12958029941953997, 
  "dV_37": 0.0735378634741341, 
  "dV_41": 0.6508055024259778, 
  "dV_42": 0.5510153254065416, 
  "dV_43": 0.43905147782373316, 
  "dV_44": 0.6316903042177253, 
  "dV_45": 0.24782132654934186, 
  "dV_46": 0.1348381508152877, 
  "dV_47": 0.07654723887030877, 
  "dV_51": 0.35302868331389187, 
  "dV_52": 0.2990582674027587, 
  "dV_53": 0.23806059592399786, 
  "dV_54": 0.24782132654934186, 
  "dV_55": 0.18867419160991628, 
  "dV_56": 0.0736020329624931, 
  "dV_57": 0.04164380635771742, 
  "dV_61": 0.19182658754732718, 
  "dV_62": 0.16259644044486207, 
  "dV_63": 0.12958029941953997, 
  "dV_64": 0.1348381508152877, 
  "dV_65": 0.0736020329624931, 
  "dV_66": 0.056349144615529506, 
  "dV_67": 0.022708893693706385, 
  "dV_71": 0.10853449405031462, 
  "dV_72": 0.09219970791566592, 
  "dV_73": 0.0735378634741341, 
  "dV_74": 0.07654723887030877, 
  "dV_75": 0.04164380635771742, 
  "dV_76": 0.022708893693706385, 
  "dV_77": 0.018182901029090315
}