{
  "V_11": 151.68970490971512, 
  "V_12": 225.93216619105655, 
  "V_13": 218.12784503278692, 
  "V_14": 299.04474375632236, 
  "V_15": 139.19441127056655, 
  "V_16": 56.50779795490742, 
  "V_17": 21.3378819175725, 
  "V_21": 225.93216619105655, 
  "V_22": 343.27854479850885, 
  "V_23": 328.76877569078795, 
  "V_24": 450.2723236760069, 
  "V_25": 209.47372784932915, 
  "V_26": 85.02969993172971, 
  "V_27": 32.104657308537014, 
  "V_31": 218.12784503278692, 
  "V_32": 328.76877569078795, 
  "V_33": 316.064439569557, 
  "V_34": 432.6611816729366, 
  "V_35": 201.77672430314948, 
  "V_36": 81.65969972871139, 
  "V_37": 30.8247993262733, 
  "V_41": 299.04474375632236, 
  "V_42": 450.2723236760069, 
  "V_43": 432.6611816729366, 
  "V_44": 593.2316952654721, 
  "V_45": 276.0166806992522, 
  "V_46": 111.65212035444172, 
  "V_47": 42.056049343184526, 
  "V_51": 139.19441127056655, 
  "V_52": 209.47372784932915, 
  "V_53": 201.77672430314948, 
  "V_54": 276.0166806992522, 
  "V_55": 128.4254581023169, 
  "V_56": 51.846485665191345, 
  "V_57": 19.465842998785934, 
  "V_61": 56.50779795490742, 
  "V_62": 85.02969993172971, 
  "V_63": 81.65969972871139, 
  "V_64": 111.65212035444172, 
  "V_65": 51.846485665191345, 
  "V_66": 20.878266880810642, 
  "V_67": 7.803937164291497, 
  "V_71": 21.3378819175725, 
  "V_72": 32.104657308537014, 
  "V_73": 30.8247993262733, 
  "V_74": 42.056049343184526, 
  "V_75": 19.465842998785934, 
  "V_76": 7.803937164291497, 
  "V_77": 2.8604990585127545
}