{
  "1": [
    -0.31127870000000013, 
    0.6510581255490244, 
    0.24101182451824546, 
    -0.061276676245211194, 
    0.1340161814914647, 
    0.03623784075573567, 
    0.013400061401489144
  ], 
  "3": [
    -0.45086178, 
    0.00936763294817228, 
    0.1687749159491591, 
    0.29428552681992387, 
    -0.08309994609164412, 
    -0.18502225820962734, 
    0.03837275308926228
  ], 
  "2": [
    -0.46920690000000004, 
    -0.6566626123386704, 
    0.18196028700287017, 
    -0.07149092911877353, 
    0.09739519317160823, 
    0.08766465137201991, 
    0.004777266098702925
  ], 
  "5": [
    -0.28751881999999995, 
    0.08547105209811479, 
    -0.2521689380893793, 
    0.1229331417624522, 
    0.022851428571429258, 
    0.4175656770130457, 
    -0.041508880190344634
  ], 
  "4": [
    -0.6176792333333334, 
    0.12515472667072122, 
    -0.2123670602706027, 
    -0.18825568965517203, 
    -0.15594632524708055, 
    -0.0749206567701303, 
    0.018836472484457772
  ], 
  "7": [
    -0.04388505999999993, 
    -0.011277349820933718, 
    -0.1603217712177113, 
    0.00222849616858249, 
    0.18712024258760107, 
    -0.16284972559604188, 
    0.6258945275922935
  ], 
  "6": [
    -0.11641749999999995, 
    -0.0014284478680991544, 
    -0.22150273882738888, 
    0.006516226053640221, 
    0.27155374663072746, 
    -0.30610792622582095, 
    -0.4370591680098224
  ]
}