{"mode1_error": [1.8762736286940853e-06, 1.6420982621449868e-06, 1.997076934782508e-06, 1.8992668422551498e-06, 6.590649744403612e-06, 2.6956812461323862e-05, 0.00013206701435169535], "mode1": [0.0319961982244286, 0.05644871384104426, 0.079193753497296, 0.10620885813644644, 0.13807241040983162, 0.15962719212625578, 0.16900172002606031]}