{"mode1_error": [4.3002742303220225e-06, 3.79495818547194e-06, 4.712893087929761e-06, 5.000868674591901e-06, 2.03728065792966e-05, 0.00010858161780607672, 0.0006919413836096831], "mode1": [0.04545821943713092, 0.07955795610671501, 0.1105079867257676, 0.1474944907685706, 0.19138751047140173, 0.22236888187290696, 0.23575077669815875]}