{"mode1_error": [0.0, 0.0, 0.0, 0.0, 0.0, 0.0, 0.0], "mode2": [0.00042, 9e-05, -0.00012, -0.00057, -0.00295, -0.00799, -0.01525], "mode2_error": [0.0, 0.0, 0.0, 0.0, 0.0, 0.0, 0.0], "mode1": [0.01025, 0.01721, 0.02463, 0.03346, 0.04385, 0.05085, 0.05402]}