{"mode1_error": [0.0, 0.0, 0.0, 0.0, 0.0, 0.0, 0.0], "mode2": [0.00035, 3e-05, 0.00064, -0.00096, -0.00287, -0.00759, -0.01506], "mode2_error": [0.0, 0.0, 0.0, 0.0, 0.0, 0.0, 0.0], "mode1": [0.01437, 0.02413, 0.03448, 0.04674, 0.06103, 0.07034, 0.07384]}