{"mode1_error": [0.0, 0.0, 0.0, 0.0, 0.0, 0.0, 0.0], "mode2": [0.00139, 0.00084, 0.00015, -0.00314, -0.00878, -0.02065, -0.04315], "mode2_error": [0.0, 0.0, 0.0, 0.0, 0.0, 0.0, 0.0], "mode1": [0.04998, 0.08287, 0.11671, 0.15673, 0.20422, 0.23519, 0.24416]}