{"mode1_error": [0.0, 0.0, 0.0, 0.0, 0.0, 0.0, 0.0], "mode2": [-0.00124, -0.00173, -0.00165, 0.0, 0.0, 0.0, 0.0], "mode2_error": [0.0, 0.0, 0.0, 0.0, 0.0, 0.0, 0.0], "mode1": [0.05696, 0.09417, 0.13215, 0.17708, 0.23072, 0.26681, 0.27771]}