{
  "1": [
    -0.27161194727637783, 
    -0.24936247790779317, 
    -0.27791958881042494, 
    0.2596020808786985, 
    0.2601729595183406, 
    -0.7867373546940601, 
    -0.1810169393498598
  ], 
  "2": [
    -0.46928662835472607, 
    0.7791837759855029, 
    -0.3089234883075851, 
    -0.007724287091303914, 
    0.23390151661708666, 
    0.06830377801264916, 
    0.13331913547022786
  ], 
  "3": [
    -0.4539659990746258, 
    -0.49465232569857204, 
    -0.20522716189134624, 
    0.36669243672290425, 
    0.22406577888925774, 
    0.5425298095522831, 
    0.16765544940559596
  ], 
  "4": [
    -0.6283689728905946, 
    -0.21597936363359072, 
    0.15855522366840885, 
    -0.6373157804594655, 
    -0.34080854175393127, 
    -0.10060603592208324, 
    0.030366903384702798
  ], 
  "5": [
    -0.29676961880544644, 
    0.19487887220254105, 
    0.3868449861181899, 
    0.574663032529874, 
    -0.5071764090585766, 
    0.011007301675623204, 
    -0.3697489738812892
  ], 
  "6": [
    -0.121790912302935, 
    0.02736870259866623, 
    0.6477927407509172, 
    -0.11257718789762065, 
    0.6737338602214402, 
    0.060914188944024575, 
    -0.30737764520270566
  ], 
  "7": [
    -0.04646593560095389, 
    0.02522237707301965, 
    0.4367889139417737, 
    0.22136197421548073, 
    0.009947459151364371, 
    -0.2609349743068426, 
    0.8302006123779272
  ]
}