{
  "1": [
    0.00010582206764902347, 
    0.334418932755951, 
    0.33279499365839366, 
    0.36541541602990885, 
    0.44627774733575043, 
    0.27344580132451163, 
    0.26256518893999564
  ], 
  "3": [
    7.960087964470351e-05, 
    0.2978877318189746, 
    0.3181282755480657, 
    0.3489513840254281, 
    0.4291055296841055, 
    0.2543780765383788, 
    0.2587482489517249
  ], 
  "2": [
    9.644931881035744e-05, 
    0.35083651792341325, 
    0.33938599461024255, 
    0.3033652456970136, 
    0.26489981001717566, 
    0.23569588822663412, 
    0.19510141025191466
  ], 
  "5": [
    5.293556610991855e-05, 
    0.28940387677319956, 
    0.3032955748656743, 
    0.32330220543160343, 
    0.3443980513369856, 
    0.43696112654333313, 
    0.32960601489564645
  ], 
  "4": [
    7.630695288826876e-05, 
    0.22840939987116027, 
    0.3188480662840119, 
    0.2452133506170707, 
    0.35096970345095396, 
    0.253953978962152, 
    0.22842653960002351
  ], 
  "7": [
    3.3298659309899806e-05, 
    0.24868636473881467, 
    0.2191602525224581, 
    0.281717351143724, 
    0.34827945591780407, 
    0.4385197345963755, 
    0.3211474186727594
  ], 
  "6": [
    3.406814344648321e-05, 
    0.3750684038430413, 
    0.32235791498169325, 
    0.33989431826192773, 
    0.22721022492284645, 
    0.4648886759235054, 
    0.38795675963645126
  ]
}