{
  "1": [
    -0.2716120333333333, 
    -0.1452793002707712, 
    -0.2111080398348305, 
    0.13169884675708102, 
    0.11955758529397097, 
    -0.2129194936830471, 
    -0.03705937620927146
  ], 
  "3": [
    -0.45396628666666666, 
    -0.24587112013681026, 
    -0.1383121366690949, 
    0.17767721191991862, 
    -0.005057979919076817, 
    0.20258651582840953, 
    0.04759940407089249
  ], 
  "2": [
    -0.4692858666666666, 
    0.48542096337466073, 
    -0.14787486843170533, 
    0.008162727188854637, 
    0.056996468355062585, 
    0.021663539414901404, 
    0.05977712251373731
  ], 
  "5": [
    -0.29676994, 
    0.0382161536269064, 
    0.25130691441988445, 
    0.31079308054248533, 
    -0.1795264149058394, 
    -0.018248935965796444, 
    -0.21283559322033893
  ], 
  "4": [
    -0.6283694000000001, 
    -0.13081307538834308, 
    0.10070969152295382, 
    -0.35350958575514363, 
    -0.06217553823867235, 
    -0.07476578277369474, 
    0.04129147898769459
  ], 
  "7": [
    -0.046465146666666644, 
    -0.02534404303833574, 
    0.2404058213909805, 
    0.14859818248915965, 
    0.03561145411858737, 
    -0.1749351635682368, 
    0.5517572401516899
  ], 
  "6": [
    -0.12179129333333329, 
    -0.03855975488100374, 
    0.33257230183790765, 
    0.022467930620906015, 
    0.27728554373345377, 
    0.13321777873853066, 
    -0.2300585171426354
  ]
}