{
  "1": [
    0.00041993282826196366, 
    0.33946692250803245, 
    0.45244254897870384, 
    0.39294180698255826, 
    0.3041177984595047, 
    0.1825320751396386, 
    0.17884868219926794
  ], 
  "3": [
    0.0002970955026903079, 
    0.299821102386232, 
    0.33927583876111295, 
    0.3585671237441436, 
    0.24663837135324734, 
    0.21481074125939303, 
    0.2359767346084898
  ], 
  "2": [
    0.000368476881328285, 
    0.39260795513697855, 
    0.2832055659149095, 
    0.28753254556901076, 
    0.24240109120943315, 
    0.21895875050296248, 
    0.23183680928554126
  ], 
  "5": [
    0.00016958718904879538, 
    0.27236430277386947, 
    0.33560785301601165, 
    0.30683843636595504, 
    0.3481173248837306, 
    0.36846900056365567, 
    0.28552321397514213
  ], 
  "4": [
    0.00027654541930337127, 
    0.453434426305057, 
    0.32634965711360564, 
    0.21840965581173413, 
    0.21541397414518293, 
    0.11970605534219936, 
    0.12952055009857297
  ], 
  "7": [
    5.4187292890840346e-05, 
    0.11214621778494777, 
    0.16116412749254885, 
    0.24526840982807496, 
    0.34840272001630307, 
    0.3075454006191384, 
    0.5197554741025068
  ], 
  "6": [
    8.899494890719511e-05, 
    0.24866026611667147, 
    0.28546150641781676, 
    0.27822828565804086, 
    0.3588690820347654, 
    0.4369767384253525, 
    0.2986043972253945
  ]
}