{
  "1": [
    -0.2884464133333333, 
    0.47938344328580607, 
    -0.04731707725238314, 
    -0.08577933462846081, 
    -0.1283503555501992, 
    0.16133457492884562, 
    -0.04784186528107208
  ], 
  "3": [
    -0.4727768666666667, 
    -0.11939265091863503, 
    -0.19139436077057898, 
    0.2725083535696941, 
    -0.3725375718131047, 
    -0.005443224848409926, 
    0.023127199819270527
  ], 
  "2": [
    -0.50952982, 
    -0.05318669220401497, 
    -0.27987061685152675, 
    -0.15604099077221978, 
    0.3482827246796022, 
    0.015584494493255734, 
    -0.10370828344440707
  ], 
  "5": [
    -0.24951842000000002, 
    0.1206922465772858, 
    0.10664190309398706, 
    0.33143541363121315, 
    0.25136992085492726, 
    -0.18104178113269812, 
    0.3174876200158129
  ], 
  "4": [
    -0.6018320133333331, 
    -0.14493645456480192, 
    0.3381892780696636, 
    -0.22546111380929248, 
    -0.06758415089791539, 
    -0.04214735387534518, 
    0.03395720094883098
  ], 
  "7": [
    -0.032928553333333256, 
    -0.04688430871816701, 
    0.0767087020821171, 
    0.11799233446656994, 
    0.11917959503434979, 
    0.6130383327145977, 
    0.10036813509544819
  ], 
  "6": [
    -0.0900785133333333, 
    0.04325551535787751, 
    0.1567052228059936, 
    0.2726889347579732, 
    0.10791745209111729, 
    -0.01714013529678761, 
    -0.5247530818178411
  ]
}