{
  "1": [
    -0.4244071985465068, 
    -0.2972786340552304, 
    -0.5626082086740705, 
    0.20431815906053347, 
    0.4341027577975465, 
    -0.3364590962226727, 
    0.2675445929344058
  ], 
  "2": [
    -0.5657416183618253, 
    0.5151085280964197, 
    -0.3734641687031816, 
    -0.32270299768661237, 
    -0.15341685057660748, 
    0.3183975658439417, 
    -0.21464662945988347
  ], 
  "3": [
    -0.4477124387792326, 
    -0.6567299734510381, 
    0.14575610304474615, 
    0.1768622925328165, 
    -0.4488997119213989, 
    0.24144744950170405, 
    -0.23648758911322248
  ], 
  "4": [
    -0.5059009268954618, 
    0.36243503179251524, 
    0.5998915812423077, 
    0.3004479245197305, 
    0.011017015952628145, 
    -0.3785870047295716, 
    0.13826330139140122
  ], 
  "5": [
    -0.1930451889592945, 
    -0.2868985419449094, 
    0.3349809952389928, 
    -0.8111478329672505, 
    0.2816997255251995, 
    -0.06126395970709955, 
    0.16474738064916872
  ], 
  "6": [
    -0.06966027302750777, 
    -0.007047389129529887, 
    0.2229773254954729, 
    0.2568534123464975, 
    0.6982499559384615, 
    0.5667393547305315, 
    -0.26581708067874904
  ], 
  "7": [
    -0.03624605889357577, 
    0.03570390249672488, 
    0.030832005299490144, 
    0.09291478317525938, 
    -0.1395636173903066, 
    0.5087696007558982, 
    0.8423201144015892
  ]
}