{
  "1": 0.0007606803473921734, 
  "3": 0.00040594579018325455, 
  "2": 0.0006948775066980611, 
  "4": 0.00017306622036762374
}