{
  "V_11": 65.07643088699763, 
  "V_12": 86.50468417118026, 
  "V_13": 68.34689176738486, 
  "V_14": 77.2621866543612, 
  "V_15": 29.46254599078031, 
  "V_16": 10.586227020705888, 
  "V_17": 5.530182000527248, 
  "V_21": 86.50468417118026, 
  "V_22": 115.38760174387528, 
  "V_23": 91.25374383377819, 
  "V_24": 102.96070532408858, 
  "V_25": 39.29387056150871, 
  "V_26": 14.203477781746258, 
  "V_27": 7.3867108862343995, 
  "V_31": 68.34689176738486, 
  "V_32": 91.25374383377819, 
  "V_33": 72.27028577688213, 
  "V_34": 81.58785500685896, 
  "V_35": 31.104519491679202, 
  "V_36": 11.251881904373485, 
  "V_37": 5.847110099791156, 
  "V_41": 77.2621866543612, 
  "V_42": 102.96070532408858, 
  "V_43": 81.58785500685896, 
  "V_44": 92.37118610610652, 
  "V_45": 35.24401264051648, 
  "V_46": 12.683269108082982, 
  "V_47": 6.586916633233445, 
  "V_51": 29.46254599078031, 
  "V_52": 39.29387056150871, 
  "V_53": 31.104519491679202, 
  "V_54": 35.24401264051648, 
  "V_55": 13.537947649332338, 
  "V_56": 4.865923276715887, 
  "V_57": 2.5345093382262647, 
  "V_61": 10.586227020705888, 
  "V_62": 14.203477781746258, 
  "V_63": 11.251881904373485, 
  "V_64": 12.683269108082982, 
  "V_65": 4.865923276715887, 
  "V_66": 1.952986605469577, 
  "V_67": 0.9275767267056262, 
  "V_71": 5.530182000527248, 
  "V_72": 7.3867108862343995, 
  "V_73": 5.847110099791156, 
  "V_74": 6.586916633233445, 
  "V_75": 2.5345093382262647, 
  "V_76": 0.9275767267056262, 
  "V_77": 0.7085987055548492
}