{
  "1": 360.19735836326504, 
  "3": 0.28258354662473995, 
  "2": 0.38547741930098905, 
  "4": 0.22317915232393906
}