{
  "1": 2362.1701247269593, 
  "3": 1.0234169914639892, 
  "2": 2.8230399585455643, 
  "4": 0.4622805183537799
}