{
  "1": 901.3171212913907, 
  "3": 0.17945151825077232, 
  "2": 0.5088663985545882, 
  "4": 0.09777124067507975
}