{
  "1": [
    9.755229048321514e-05, 
    0.07645690329201194, 
    0.28635841025890035, 
    0.301622293786425, 
    0.26758202964469086, 
    0.22400827595172598, 
    0.16762524625330566
  ], 
  "3": [
    7.668929314645996e-05, 
    0.07361994838108575, 
    0.310603578149372, 
    0.3327856121473567, 
    0.33498773449002733, 
    0.33130361488658144, 
    0.302405437913358
  ], 
  "2": [
    8.977593622875946e-05, 
    0.07524557304737838, 
    0.31141942663512456, 
    0.3243654741861805, 
    0.3242876390116263, 
    0.2412836740686389, 
    0.19169221067328282
  ], 
  "5": [
    4.817359282692442e-05, 
    0.06419086384351737, 
    0.36921446734484653, 
    0.34328304096482476, 
    0.3117849650669181, 
    0.2696755294101265, 
    0.2824257360021414
  ], 
  "4": [
    7.578196088462126e-05, 
    0.06698144695812527, 
    0.3340420471294839, 
    0.3134241537375649, 
    0.24224290593085424, 
    0.22773579046572495, 
    0.1939584263412726
  ], 
  "7": [
    2.2979329835874814e-05, 
    0.03274346654462376, 
    0.28100083453424235, 
    0.30830845901504605, 
    0.32840286236980953, 
    0.30740436919112, 
    0.41099510705962483
  ], 
  "6": [
    3.364660193043863e-05, 
    0.04743797002484328, 
    0.2980838999923957, 
    0.28018570092527123, 
    0.31369931228731596, 
    0.43388213459189695, 
    0.2373737064837363
  ]
}