{
  "1": 0.0021877571250053613, 
  "3": 0.0010781669559845502, 
  "2": 0.0020165437786991702, 
  "4": 0.0012178064001854973
}