{
  "1": [
    -0.39186277999999997, 
    -0.6013660933333344, 
    0.2929158835729097, 
    0.165893464365612, 
    -0.14906425096875306, 
    0.10175953565505803, 
    0.025444362745098103
  ], 
  "3": [
    -0.44415217999999984, 
    0.07946886000000007, 
    0.20464192233426284, 
    -0.11910284435921945, 
    0.3024365240333091, 
    -0.3061928524046448, 
    -0.11565710041592422
  ], 
  "2": [
    -0.53272382, 
    -0.3236148733333333, 
    -0.4215750697275267, 
    0.07304621284755515, 
    0.0397877236375634, 
    -0.03953927860696498, 
    -0.03040213161021983
  ], 
  "5": [
    -0.23714654000000002, 
    0.4045133133333342, 
    0.055458592576700196, 
    0.28029377596676264, 
    0.2928388737736009, 
    0.311465422885572, 
    0.13904907902554967
  ], 
  "4": [
    -0.5468995466666666, 
    0.4375305333333333, 
    0.010171579775442398, 
    -0.27023507510386696, 
    -0.25606236293181545, 
    0.11965827529021561, 
    0.10506385918003545
  ], 
  "7": [
    -0.035575853333333296, 
    0.1844791200000001, 
    -0.013721540441964955, 
    0.21538379674017288, 
    -0.1973988457416098, 
    -0.3866996683250413, 
    0.43531703060011845
  ], 
  "6": [
    -0.09366778, 
    0.3307021933333339, 
    0.007220446256168166, 
    0.24167131671460546, 
    -0.20811986973369528, 
    -0.0892341127694851, 
    -0.5159812982768855
  ]
}