{"mode1_error": [5.597757281969808e-06, 5.043429551719222e-06, 6.5474734433552675e-06, 7.30301278182625e-06, 3.636499655044302e-05, 0.00024815004661760744, 0.002025642098508241], "mode1": [0.044952590676282156, 0.08137864439083914, 0.11468581622293426, 0.15400161221408776, 0.2006616278386003, 0.23115274764707686, 0.24097315169491987]}