{"mode1_error": [1.0287903512048608e-05, 9.366277370776568e-06, 1.252184245727057e-05, 1.4436071980314415e-05, 8.367258023607323e-05, 0.0006967296494569591, 0.007152226498405353], "mode1": [0.0509890393184147, 0.0919461042402314, 0.1291394088098624, 0.17296657083204595, 0.225069637461207, 0.259505140389685, 0.2750427846047286]}