{
  "1": 1079.301980482745, 
  "2": 1.3625211973749196, 
  "3": 0.74121398200934452, 
  "4": 0.13436583183916764, 
  "5": 0.0038441982598456837, 
  "6": -0.017251622062422079, 
  "7": -0.88128944029635004
}