{
  "1": 0.0023996556064209648, 
  "3": 0.0027413397808001157, 
  "2": 0.0034458423409881884, 
  "4": 0.0007483269100838804
}