{
  "1": [
    -0.28290118666666664, 
    0.26491005385996413, 
    -0.33372121593291326, 
    0.2859794074739092, 
    0.04405495002553438, 
    0.057325535989342674, 
    0.014800799623706624
  ], 
  "3": [
    -0.4689517066666665, 
    0.16820167916358666, 
    -0.05017260529826556, 
    -0.5376122582575833, 
    -0.04528792587728904, 
    0.042652216810291126, 
    -0.06552467074317972
  ], 
  "2": [
    -0.49993781333333337, 
    -0.4384140141514406, 
    -0.11950007623403777, 
    -0.02088327161186516, 
    -0.048419734442255585, 
    0.04860589900503734, 
    -0.0032691674506114127
  ], 
  "5": [
    -0.2614074066666667, 
    0.012442141021579272, 
    0.10894294263388606, 
    0.07971296524894343, 
    0.6816709272634421, 
    0.1930073394113483, 
    -0.07412952336155598
  ], 
  "4": [
    -0.6092396800000001, 
    0.10202277959657809, 
    0.24862381932532873, 
    0.27798893128343266, 
    -0.2850669147151084, 
    -0.10424712959493768, 
    0.018093947946064757
  ], 
  "7": [
    -0.033906846666666594, 
    0.008567131340866762, 
    0.015584467314656066, 
    -0.06183752291175678, 
    0.004464383161888629, 
    0.1857039215686275, 
    0.6322934619002821
  ], 
  "6": [
    -0.09724527999999996, 
    -0.0034131552082232505, 
    -0.02844819134743647, 
    -0.06617074402423984, 
    0.2911107901072445, 
    -0.552788672411638, 
    0.15517497648165546
  ]
}