{
  "1": 1079.3025512569561, 
  "3": 0.7319845677071868, 
  "2": 1.3910093710529003, 
  "4": 0.14333849125462586
}