{"mode1_error": [5e-06, 5e-06, 9e-06, 1e-05, 2.9e-05, 4.1e-05, 0.000191], "mode2": [0.00057, 0.00099, -0.00074, -0.00211, -0.00455, -0.00724, -0.00265], "mode2_error": [0.000337, 0.000343, 0.00068, 0.000702, 0.001886, 0.003459, 0.006501], "mode1": [0.04447, 0.07229, 0.10058, 0.13567, 0.18355, 0.22871, 0.27176]}