{"mode1_error": [6e-06, 7e-06, 1.1e-05, 1.3e-05, 2.8e-05, 1.2e-05, 0.0], "mode2": [-0.00055, -0.00087, 0.00063, 0.00194, 0.00454, 0.00649, 0.01148], "mode2_error": [0.001051, 0.001077, 0.000694, 0.00133, 0.003942, 0.006493, 0.010776], "mode1": [0.0523, 0.08514, 0.11851, 0.15975, 0.21589, 0.26872, 0.31883]}