{"mode1_error": [8e-06, 9e-06, 1.4e-05, 1.6e-05, 3.3e-05, 0.000119, 8.7e-05], "mode2": [-0.00034, -0.00062, 0.00211, 7e-05, -0.00165, 0.00645, -0.00265], "mode2_error": [0.000706, 0.000833, 0.001799, 0.001421, 0.004209, 0.016373, 0.117587], "mode1": [0.05894, 0.09607, 0.13368, 0.18026, 0.24334, 0.30211, 0.35831]}