{
  "P_1": 1574.0194156839495, 
  "P_2": 1260.383275373252, 
  "P_3": 709.0037890510428, 
  "P_4": 603.8787551505941, 
  "P_5": 182.00104676163036, 
  "P_6": 56.398248641337396, 
  "P_7": 18.48255781732634
}