{
  "1": 0.0007586000573965344, 
  "3": 0.0004460573514020734, 
  "2": 0.0005086453986044152, 
  "4": 0.0002331929396142653
}