{
  "dV_11": 0.25089359770309105, 
  "dV_12": 0.15560335028681868, 
  "dV_13": 0.1190558537643089, 
  "dV_14": 0.11912938798681812, 
  "dV_15": 0.057353834085671795, 
  "dV_16": 0.028879955697117557, 
  "dV_17": 0.017043549144315637, 
  "dV_21": 0.15560335028681868, 
  "dV_22": 0.18745241432471876, 
  "dV_23": 0.10380531043434983, 
  "dV_24": 0.10349410374990992, 
  "dV_25": 0.05000007849582357, 
  "dV_26": 0.025274233733232534, 
  "dV_27": 0.014948926184920998, 
  "dV_31": 0.1190558537643089, 
  "dV_32": 0.10380531043434983, 
  "dV_33": 0.10963275989902614, 
  "dV_34": 0.07957525481209346, 
  "dV_35": 0.03841002795020608, 
  "dV_36": 0.019402033797788414, 
  "dV_37": 0.011475346749325984, 
  "dV_41": 0.11912938798681812, 
  "dV_42": 0.10349410374990992, 
  "dV_43": 0.07957525481209346, 
  "dV_44": 0.10787855667455916, 
  "dV_45": 0.038746174031910253, 
  "dV_46": 0.019579850727160893, 
  "dV_47": 0.011580920638377862, 
  "dV_51": 0.057353834085671795, 
  "dV_52": 0.05000007849582357, 
  "dV_53": 0.03841002795020608, 
  "dV_54": 0.038746174031910253, 
  "dV_55": 0.02595769005914407, 
  "dV_56": 0.009456964677361752, 
  "dV_57": 0.005559937204364768, 
  "dV_61": 0.028879955697117557, 
  "dV_62": 0.025274233733232534, 
  "dV_63": 0.019402033797788414, 
  "dV_64": 0.019579850727160893, 
  "dV_65": 0.009456964677361752, 
  "dV_66": 0.006693223092039328, 
  "dV_67": 0.0028018316746384287, 
  "dV_71": 0.017043549144315637, 
  "dV_72": 0.014948926184920998, 
  "dV_73": 0.011475346749325984, 
  "dV_74": 0.011580920638377862, 
  "dV_75": 0.005559937204364768, 
  "dV_76": 0.0028018316746384287, 
  "dV_77": 0.0027208529142164276
}