{
  "1": [
    -0.48375985333333327, 
    0.5305547933333332, 
    0.21740093237342153, 
    0.20644866561257236, 
    0.07449066200215315, 
    -0.015560874116723513, 
    -0.0004551491450042088
  ], 
  "3": [
    -0.4326508733333333, 
    -0.0345038, 
    -0.38533258192690606, 
    -0.0403185616405528, 
    -0.08188165590240402, 
    -0.21815764634039983, 
    -0.07911746798558421
  ], 
  "2": [
    -0.5449033333333332, 
    0.09678650000000005, 
    0.22485061961524871, 
    -0.2272857313976325, 
    -0.11704881593110744, 
    0.08204214429032532, 
    -0.09285501111877963
  ], 
  "5": [
    -0.18905417333333327, 
    -0.6538377000000006, 
    0.2885532829773004, 
    -0.06006518614345243, 
    0.033195891639755976, 
    -0.1853425019628366, 
    0.0751244689824399
  ], 
  "4": [
    -0.49101708, 
    -0.29299773999999995, 
    -0.24287848066407142, 
    0.07606558861578293, 
    0.10877561894510236, 
    0.1617333246096135, 
    0.1927999079825167
  ], 
  "7": [
    -0.02469476666666661, 
    -0.2481133999999994, 
    0.07475096974703971, 
    0.21519883570504572, 
    -0.3185205148905624, 
    0.04318851086103089, 
    -0.03614456713442229
  ], 
  "6": [
    -0.06649905333333334, 
    -0.31391864666666586, 
    0.028434615838546024, 
    0.15217677638828997, 
    0.17060399174739843, 
    0.1769668760359421, 
    -0.3448390844260406
  ]
}