{
  "1": 967.0467912887669, 
  "3": 0.15335490040945332, 
  "2": 0.5456030971473965, 
  "4": 0.09578597481912385
}