{
  "1": 832.24994551451243, 
  "2": 0.2139396244941755, 
  "3": 0.054936452673683231, 
  "4": -0.0073620092144498391, 
  "5": -0.13098961636623679, 
  "6": -0.25820789018809287, 
  "7": -0.55481978648157448
}