{
  "1": [
    0.000107897491332195, 
    0.12789132241154558, 
    0.29104218896591044, 
    0.3320787796165699, 
    0.2574644648560134, 
    0.24762305199978427, 
    0.17669905903283362
  ], 
  "3": [
    8.187251818736607e-05, 
    0.08484776394015556, 
    0.38211676987546506, 
    0.44135746996526387, 
    0.4199181457515595, 
    0.20995003370176077, 
    0.19378607749544777
  ], 
  "2": [
    9.979969206549124e-05, 
    0.11030764585473883, 
    0.3187693754086357, 
    0.42396254816217405, 
    0.31446705944904163, 
    0.26990978767449486, 
    0.2052146002166843
  ], 
  "5": [
    5.420905020580513e-05, 
    0.12958139113064598, 
    0.3746418857035638, 
    0.2637947833018004, 
    0.3366163469598772, 
    0.2888569287309058, 
    0.3769539990403685
  ], 
  "4": [
    7.743388521915609e-05, 
    0.10235498723727822, 
    0.34499435355747055, 
    0.30059414521534844, 
    0.2881233368944534, 
    0.17926132823505567, 
    0.16370735180012932
  ], 
  "7": [
    3.0396853633013226e-05, 
    0.10198982678923407, 
    0.2054726781661151, 
    0.1819079632589586, 
    0.32188433830686064, 
    0.5008257418308723, 
    0.37438860814320596
  ], 
  "6": [
    3.134711472796672e-05, 
    0.14960350797413327, 
    0.3915388434881738, 
    0.30366678741309533, 
    0.3669002647232358, 
    0.32903657872727193, 
    0.3765862073204828
  ]
}