{
  "1": 0.08035829947260494, 
  "3": 0.03201054725946607, 
  "2": 0.08172411241191083, 
  "4": 0.017541829348908654
}