{
  "V_11": 61.65060542669007, 
  "V_12": 108.29140168182468, 
  "V_13": 103.92279719738856, 
  "V_14": 141.90248522655307, 
  "V_15": 65.70575525651425, 
  "V_16": 26.417605220065873, 
  "V_17": 9.96044004232267, 
  "V_21": 108.29140168182468, 
  "V_22": 189.35117031519675, 
  "V_23": 181.7066210982206, 
  "V_24": 247.93831385087867, 
  "V_25": 114.71276433098535, 
  "V_26": 46.14669175983377, 
  "V_27": 17.350428639182308, 
  "V_31": 103.92279719738856, 
  "V_32": 181.7066210982206, 
  "V_33": 174.5745799493942, 
  "V_34": 237.74775976990304, 
  "V_35": 110.15338500331104, 
  "V_36": 44.359084243876644, 
  "V_37": 16.652589782499657, 
  "V_41": 141.90248522655307, 
  "V_42": 247.93831385087867, 
  "V_43": 237.74775976990304, 
  "V_44": 323.9788052052597, 
  "V_45": 149.99493018643582, 
  "V_46": 60.313507505370055, 
  "V_47": 22.626658492973725, 
  "V_51": 65.70575525651425, 
  "V_52": 114.71276433098535, 
  "V_53": 110.15338500331104, 
  "V_54": 149.99493018643582, 
  "V_55": 69.34239074761958, 
  "V_56": 27.784604308028708, 
  "V_57": 10.397256158502383, 
  "V_61": 26.417605220065873, 
  "V_62": 46.14669175983377, 
  "V_63": 44.359084243876644, 
  "V_64": 60.313507505370055, 
  "V_65": 27.784604308028708, 
  "V_66": 11.13967652825496, 
  "V_67": 4.1510995640074535, 
  "V_71": 9.96044004232267, 
  "V_72": 17.350428639182308, 
  "V_73": 16.652589782499657, 
  "V_74": 22.626658492973725, 
  "V_75": 10.397256158502383, 
  "V_76": 4.1510995640074535, 
  "V_77": 1.5302141170143975
}