{
  "1": [
    -0.2728842266666666, 
    0.4503029159856107, 
    0.0716669610007359, 
    -0.14848289413996443, 
    0.28901656905807727, 
    0.007837460765850604, 
    0.028765225496522665
  ], 
  "3": [
    -0.45785047333333334, 
    0.2154771985513895, 
    -0.39523529065489305, 
    0.10077885686007686, 
    -0.07149272002602827, 
    0.01100667765222855, 
    0.05618373126837303
  ], 
  "2": [
    -0.47709985333333327, 
    0.3129018301747468, 
    0.18714629139072836, 
    -0.082840352179471, 
    -0.3275306328290214, 
    0.032375251098556226, 
    0.022438079873808078
  ], 
  "5": [
    -0.28886763333333326, 
    0.10639417451412721, 
    -0.00937334069168511, 
    -0.25039435440636626, 
    0.01823051895233499, 
    -0.41275639516635165, 
    -0.06427638201763854
  ], 
  "4": [
    -0.6240536200000001, 
    0.2809313520807574, 
    0.12325763061074325, 
    0.22522178646542163, 
    0.16528509028794527, 
    0.07300450408035157, 
    -0.033545579694558056
  ], 
  "7": [
    -0.04361367999999997, 
    -0.02780559652180737, 
    0.02108246504782914, 
    -0.12554771330776504, 
    0.017386098910037614, 
    0.11719367545511566, 
    0.5982292894529274
  ], 
  "6": [
    -0.11616171999999997, 
    0.10338414934575228, 
    -0.025926210448859704, 
    -0.24836218813146926, 
    0.008256946477956455, 
    0.39550627746390427, 
    -0.26572663655266404
  ]
}