{
  "1": [
    -0.2842833962498944, 
    -0.7165305933807323, 
    0.2850292404545092, 
    0.180261398038804, 
    0.5175191904868525, 
    0.1335704461918557, 
    -0.07977369999625877
  ], 
  "2": [
    -0.500855350762618, 
    -0.3154266122656358, 
    0.1816033253492993, 
    -0.4573824247407256, 
    -0.59644565396237, 
    -0.2268762780898527, 
    -0.01585105538762571
  ], 
  "3": [
    -0.4698618186804528, 
    0.12746146980183518, 
    -0.6348730624930299, 
    -0.4112549390460802, 
    0.39966539704802684, 
    0.12134068466830684, 
    0.12780071728998207
  ], 
  "4": [
    -0.6083086165659354, 
    0.28053482947488495, 
    0.012490831442185091, 
    0.6438666712193659, 
    -0.2334067548326052, 
    0.2722294878938475, 
    0.08917913436143936
  ], 
  "5": [
    -0.25937368814935885, 
    0.34615659015818373, 
    0.2324231457298873, 
    0.07822900895902339, 
    0.3414689308655698, 
    -0.7614495020953785, 
    -0.23739046628787533
  ], 
  "6": [
    -0.0956986560130103, 
    0.3626169176723537, 
    0.4455731798774551, 
    -0.3584577819129766, 
    0.11913933044438302, 
    0.5087920764869592, 
    -0.5091755503364344
  ], 
  "7": [
    -0.032930589428647336, 
    0.20206021453862158, 
    0.4795860305112348, 
    -0.2000011786510421, 
    0.17725720223160957, 
    0.056381851444171044, 
    0.8083841815262902
  ]
}