{
  "1": 270.1666667916619, 
  "3": 0.3025335750025366, 
  "2": 0.8172257499225315, 
  "4": 0.11640060135509336
}