{
  "1": 0.00031998913269481706, 
  "3": 0.00010390310342402157, 
  "2": 0.0004324191297918689, 
  "4": 6.919195305611765e-05
}