{
  "1": [
    0.0004241519173811272, 
    0.3391247249832063, 
    0.44655099457101066, 
    0.3905638071231455, 
    0.302743370363206, 
    0.1841533846029398, 
    0.18037299766750176
  ], 
  "3": [
    0.00029940368574222684, 
    0.29638282516943887, 
    0.339201248398085, 
    0.3562613328180963, 
    0.24250871158401743, 
    0.21062017068864605, 
    0.23762368608204842
  ], 
  "2": [
    0.00037126097668626116, 
    0.39042876098040946, 
    0.28526276763356173, 
    0.2891970991635831, 
    0.23799477574092326, 
    0.2204338672113089, 
    0.23617008789447164
  ], 
  "5": [
    0.00016810055402241512, 
    0.27276518842239394, 
    0.33277607962133665, 
    0.30176439828209534, 
    0.35095795239533384, 
    0.3709138341217184, 
    0.29023370140294913
  ], 
  "4": [
    0.0002763163980511985, 
    0.44776466198317394, 
    0.3261712258786554, 
    0.21608563100502895, 
    0.20997205954859965, 
    0.12053131822259745, 
    0.13287339901196485
  ], 
  "7": [
    5.308565447701177e-05, 
    0.11094008355716407, 
    0.15570513861153318, 
    0.24157196320991262, 
    0.35260043704061833, 
    0.3050076206402172, 
    0.5152147485130179
  ], 
  "6": [
    8.822234535677509e-05, 
    0.24595823431364905, 
    0.2796890939367253, 
    0.27862267523727996, 
    0.3545367157963423, 
    0.4353699113405953, 
    0.2927860429273339
  ]
}