{
  "1": [
    -0.2884531333333331, 
    0.48727163075399066, 
    -0.04208188693957084, 
    -0.08675402580434456, 
    -0.12292037284160387, 
    0.15906627743271212, 
    -0.04606774485410549
  ], 
  "3": [
    -0.4727778066666667, 
    -0.1193788522096034, 
    -0.19703787134502954, 
    0.27269131144863695, 
    -0.37490410853653694, 
    -0.003308339544513297, 
    0.01918222121691925
  ], 
  "2": [
    -0.5095268733333334, 
    -0.05555554258217371, 
    -0.286278440545807, 
    -0.1589202841744238, 
    0.34864493105261046, 
    0.01486356935817785, 
    -0.0973604161954311
  ], 
  "5": [
    -0.24951551999999996, 
    0.1256774050879242, 
    0.100635859649123, 
    0.3411474603952306, 
    0.25378778357394155, 
    -0.18407689440993888, 
    0.31267134132549185
  ], 
  "4": [
    -0.6018317266666667, 
    -0.14909810352757846, 
    0.34788312670565325, 
    -0.22670045729217794, 
    -0.07151641797080373, 
    -0.04183243064182186, 
    0.03281986730000766
  ], 
  "7": [
    -0.032928286666666584, 
    -0.04675245727629728, 
    0.07983190643274855, 
    0.11975979095214768, 
    0.12015431679404731, 
    0.6141358757763989, 
    0.11045543240594105
  ], 
  "6": [
    -0.0900781333333333, 
    0.04514186392102771, 
    0.15648917738791437, 
    0.2718483504817901, 
    0.12014723199482395, 
    -0.011113722567287994, 
    -0.5283494156676452
  ]
}