{
  "1": [
    0.00022060186276759569, 
    0.09102315293532957, 
    0.21038360958098068, 
    0.1924262875039841, 
    0.15101316507203413, 
    0.15821503892772304, 
    0.1341379482834615
  ], 
  "3": [
    0.00015943343899890686, 
    0.1200616218247205, 
    0.23960212913410867, 
    0.3984009042550729, 
    0.29140734318283845, 
    0.2897990658905104, 
    0.2514086927192842
  ], 
  "2": [
    0.0001972526750835754, 
    0.1260817726048713, 
    0.1857338392976066, 
    0.328334474081821, 
    0.2549616199678039, 
    0.26779667538989577, 
    0.18622826725397604
  ], 
  "5": [
    9.421627974588174e-05, 
    0.07679339075828381, 
    0.13595293196810831, 
    0.3462332517966756, 
    0.5228573335969898, 
    0.36660308787860635, 
    0.3751844449005037
  ], 
  "4": [
    0.00014776708041164277, 
    0.12396350880061778, 
    0.10816500727780261, 
    0.22097264066286326, 
    0.25272137236609965, 
    0.19684819851456634, 
    0.16423471151989677
  ], 
  "7": [
    2.7187304226950725e-05, 
    0.02013033478049815, 
    0.05046210399416554, 
    0.17070327068604696, 
    0.41579309182511803, 
    0.540567031488867, 
    0.6476269875181914
  ], 
  "6": [
    5.069866359199305e-05, 
    0.06722972319040797, 
    0.20366423193094585, 
    0.4452444386996691, 
    0.4380687815883153, 
    0.4516975392902637, 
    0.3665788342021987
  ]
}