{
  "1": [
    3.091953694595986e-05, 
    0.022245574844764804, 
    0.2158932874054661, 
    0.23560545746352016, 
    0.299423339506513, 
    0.3918308875118059, 
    0.1808119451178344
  ], 
  "3": [
    2.3247246013103585e-05, 
    0.018194163647822153, 
    0.12743899568940475, 
    0.3002690142832498, 
    0.3808653174198471, 
    0.33147352868331814, 
    0.38694350440765113
  ], 
  "2": [
    3.2977294876312935e-05, 
    0.01733993621558333, 
    0.21256872993475076, 
    0.24118472098435612, 
    0.2407385334941742, 
    0.1736274095009895, 
    0.21354895064673649
  ], 
  "5": [
    2.581292868162564e-06, 
    0.009574862893326392, 
    0.18773187659362606, 
    0.3051729486536719, 
    0.2619442637186505, 
    0.34979119880363113, 
    0.3153190327562938
  ], 
  "4": [
    2.4076535924284396e-05, 
    0.014753493310649545, 
    0.21207042185816685, 
    0.30789879971175943, 
    0.19221824445898195, 
    0.23714605968298658, 
    0.2590056889349157
  ], 
  "7": [
    3.2927225399135965e-10, 
    0.009736303071318233, 
    0.24668300524827708, 
    0.4478277128039408, 
    0.3802044989950763, 
    0.3228716913728868, 
    0.3193291111809102
  ], 
  "6": [
    0.0, 
    0.010990882220722184, 
    0.17215325869339695, 
    0.3715632141843355, 
    0.4330399862007679, 
    0.24552579630956034, 
    0.36335957006575953
  ]
}