{
  "1": 16.667116486503978, 
  "2": 0.42210652559212397, 
  "3": 0.31422509030727996, 
  "4": 0.019231424435437343, 
  "5": -0.010163168771111607, 
  "6": -0.46916201401813756, 
  "7": -0.75796594967204745
}