{
  "1": [
    0.016683468595391587, 
    0.44429480978396557, 
    0.3608412987229458, 
    0.35314720264330524, 
    0.298276552722075, 
    0.21711997930288887, 
    0.12817427107480997
  ], 
  "3": [
    0.012127471767666905, 
    0.3525287244776731, 
    0.4203444621724248, 
    0.350983886296385, 
    0.2515369216643703, 
    0.1929033198438265, 
    0.13202498446835026
  ], 
  "2": [
    0.015146407327181814, 
    0.35659041000289854, 
    0.3626710600719048, 
    0.31255955911966227, 
    0.3206869582199478, 
    0.2464189967938538, 
    0.17832553098995704
  ], 
  "5": [
    0.006888304430178132, 
    0.1931153994083772, 
    0.33006119183142, 
    0.5124962725035042, 
    0.33944926198913533, 
    0.25924977078360373, 
    0.19894649445785834
  ], 
  "4": [
    0.011641664646181844, 
    0.33552951200691866, 
    0.419974213106819, 
    0.30468911024305345, 
    0.2726579685102991, 
    0.18307343448467409, 
    0.12786719566506774
  ], 
  "7": [
    0.0017877516478652061, 
    0.06284745403716889, 
    0.10225421574970534, 
    0.16138242898629485, 
    0.2699560627915527, 
    0.32263012640366157, 
    0.6010558338815306
  ], 
  "6": [
    0.0035073969643546307, 
    0.11876512496879417, 
    0.20319362552821618, 
    0.26715512769895255, 
    0.33529413905699224, 
    0.5450073921457222, 
    0.299375252773512
  ]
}