{
  "1": 16.668857163402144, 
  "3": 0.2613243853430342, 
  "2": 0.5523815723611528, 
  "4": 0.041608047092953016
}