{
  "1": [
    0.4266064000000001, 
    0.21313900199114094, 
    -0.3170051233580531, 
    0.20730117403963522, 
    0.0016347854272010017, 
    -0.002084411318848233, 
    0.029575182566361404
  ], 
  "3": [
    0.4358939933333335, 
    0.394011008167744, 
    0.27626601231156955, 
    0.0305398516013903, 
    0.1460945805782445, 
    0.0865420414350683, 
    -0.06757215331710499
  ], 
  "2": [
    0.5461437133333346, 
    -0.12910164980291805, 
    -0.13063184043429843, 
    -0.3106741429510668, 
    0.1171811443882623, 
    -0.09923742630958388, 
    0.05486976160117463
  ], 
  "5": [
    0.20348570666666677, 
    0.09716833272380024, 
    0.07062909698996667, 
    -0.11573471400394551, 
    -0.5563936081939608, 
    -0.09398376284318742, 
    0.12046990069935483
  ], 
  "4": [
    0.5307766799999989, 
    -0.39266544353691785, 
    0.14630916097135407, 
    0.18988840048840086, 
    -0.003127330481006451, 
    0.003676419066868886, 
    -0.026086592480970682
  ], 
  "7": [
    0.022965966666666712, 
    -0.03091909057661838, 
    -0.010543623673113173, 
    -0.035770921386305846, 
    -0.0033145814425864623, 
    0.46651510021896525, 
    0.4357366369151109
  ], 
  "6": [
    0.07224196666666667, 
    -0.03627587061644114, 
    -0.06422607241529754, 
    -0.10170241382549022, 
    -0.1593142616361984, 
    0.3305315984503955, 
    -0.46260846566979696
  ]
}