{
  "1": [
    0.000548925108520909, 
    0.20768288946307323, 
    0.2487737004479706, 
    0.16822538551776972, 
    0.18405099160568406, 
    0.14782185642058268, 
    0.13536421022903342
  ], 
  "3": [
    0.0003936330068136539, 
    0.15507850138094556, 
    0.17827153305413926, 
    0.30029593853859327, 
    0.28274606602564223, 
    0.2635135249174595, 
    0.24285847098337313
  ], 
  "2": [
    0.0004806810534040389, 
    0.23579844708404044, 
    0.2113023989330541, 
    0.0987706650191364, 
    0.07541250679878936, 
    0.06756320766327557, 
    0.059513940648108686
  ], 
  "5": [
    0.00022180434647935137, 
    0.08720495870247306, 
    0.12634611664968554, 
    0.3180025606653263, 
    0.47403436914573427, 
    0.33647206506659344, 
    0.39860002048267895
  ], 
  "4": [
    0.0003675142914119264, 
    0.13181991684808084, 
    0.16142689278628675, 
    0.3161443798704586, 
    0.29439355637449555, 
    0.262614419848654, 
    0.25717691246140295
  ], 
  "7": [
    6.433299447462025e-05, 
    0.026760428108796055, 
    0.042160593768388765, 
    0.3541011160740237, 
    0.41590772202280174, 
    0.45617461062105075, 
    0.409842758907741
  ], 
  "6": [
    0.00011548737303923508, 
    0.0383845176792004, 
    0.06495711981098153, 
    0.34871375978422453, 
    0.4704735924256625, 
    0.4520185573980781, 
    0.3735408453709854
  ]
}