{
  "dV_101": 39.095604068932985, 
  "dV_1010": 15.527561073510892, 
  "dV_1011": 7.4133186255382535, 
  "dV_1012": 5.142454687629005, 
  "dV_1013": 3.9032636836278662, 
  "dV_1014": 3.1819693968931935, 
  "dV_102": 33.772198650018815, 
  "dV_103": 35.94588950319713, 
  "dV_104": 33.155087579200654, 
  "dV_105": 25.922301179624178, 
  "dV_106": 21.74561406938715, 
  "dV_107": 24.338997527210154, 
  "dV_108": 21.919792656305205, 
  "dV_109": 14.519769077215845, 
  "dV_11": 194.58514962640848, 
  "dV_110": 39.095604068932985, 
  "dV_111": 28.186957670074374, 
  "dV_1110": 7.4133186255382535, 
  "dV_1111": 9.04637527194777, 
  "dV_1112": 4.735475167109046, 
  "dV_1113": 3.0413311263571448, 
  "dV_1114": 2.9884136162729953, 
  "dV_112": 23.611846308700567, 
  "dV_113": 13.436066216192337, 
  "dV_114": 12.672466937428092, 
  "dV_115": 19.7272089568941, 
  "dV_116": 17.14358493528723, 
  "dV_117": 17.179976224124612, 
  "dV_118": 13.87898070700524, 
  "dV_119": 10.127690654726624, 
  "dV_12": 108.13777757255231, 
  "dV_121": 23.611846308700567, 
  "dV_1210": 5.142454687629005, 
  "dV_1211": 4.735475167109046, 
  "dV_1212": 4.6214214571058445, 
  "dV_1213": 2.2269390981432933, 
  "dV_1214": 2.0259159455432725, 
  "dV_122": 16.78781385460191, 
  "dV_123": 18.553164137123023, 
  "dV_124": 14.744299309046324, 
  "dV_125": 14.937424723965032, 
  "dV_126": 11.58202310631042, 
  "dV_127": 15.405215562961246, 
  "dV_128": 10.084162996065713, 
  "dV_129": 7.678530693109353, 
  "dV_13": 124.96960231450898, 
  "dV_131": 13.436066216192337, 
  "dV_1310": 3.9032636836278662, 
  "dV_1311": 3.0413311263571448, 
  "dV_1312": 2.2269390981432933, 
  "dV_1313": 2.7019883453788758, 
  "dV_1314": 1.4653031652494901, 
  "dV_132": 13.665182057110982, 
  "dV_133": 12.507575350136687, 
  "dV_134": 11.473033961015313, 
  "dV_135": 9.06926797649401, 
  "dV_136": 9.316217647187358, 
  "dV_137": 10.717619884354573, 
  "dV_138": 7.868200855481323, 
  "dV_139": 5.805584589252665, 
  "dV_14": 107.17129484520152, 
  "dV_141": 12.672466937428092, 
  "dV_1410": 3.1819693968931935, 
  "dV_1411": 2.9884136162729953, 
  "dV_1412": 2.0259159455432725, 
  "dV_1413": 1.4653031652494901, 
  "dV_1414": 1.4856297540176369, 
  "dV_142": 10.782098396750701, 
  "dV_143": 12.079434370546684, 
  "dV_144": 11.26848454147137, 
  "dV_145": 8.662146385406666, 
  "dV_146": 7.217781513397855, 
  "dV_147": 8.423894978700702, 
  "dV_148": 7.149055088604, 
  "dV_149": 4.974143204337283, 
  "dV_15": 93.65768699392419, 
  "dV_16": 77.57778866573436, 
  "dV_17": 92.4236196454663, 
  "dV_18": 58.79495999673513, 
  "dV_19": 50.31629248858713, 
  "dV_21": 108.13777757255231, 
  "dV_210": 33.772198650018815, 
  "dV_211": 28.252784684778348, 
  "dV_212": 16.78781385460191, 
  "dV_213": 13.665182057110982, 
  "dV_214": 10.782098396750701, 
  "dV_22": 151.57174626034225, 
  "dV_23": 120.08186449531264, 
  "dV_24": 92.96666674201141, 
  "dV_25": 86.90265895777527, 
  "dV_26": 74.92228444802075, 
  "dV_27": 87.74867203753608, 
  "dV_28": 62.593423243515154, 
  "dV_29": 45.84237878899492, 
  "dV_31": 124.96960231450898, 
  "dV_310": 35.94588950319713, 
  "dV_311": 24.523864347187384, 
  "dV_312": 18.553164137123023, 
  "dV_313": 12.507575350136687, 
  "dV_314": 12.079434370546684, 
  "dV_32": 120.08186449531264, 
  "dV_33": 155.41969790831948, 
  "dV_34": 101.00471299621643, 
  "dV_35": 92.97489259314722, 
  "dV_36": 66.49889550184761, 
  "dV_37": 84.6086773492369, 
  "dV_38": 72.36290240857204, 
  "dV_39": 46.15057797918308, 
  "dV_41": 107.17129484520152, 
  "dV_410": 33.155087579200654, 
  "dV_411": 23.205733001129495, 
  "dV_412": 14.744299309046324, 
  "dV_413": 11.473033961015313, 
  "dV_414": 11.26848454147137, 
  "dV_42": 92.96666674201141, 
  "dV_43": 101.00471299621643, 
  "dV_44": 130.09165132754038, 
  "dV_45": 81.66763467400929, 
  "dV_46": 63.81251911415799, 
  "dV_47": 77.0561626680214, 
  "dV_48": 57.88825887234415, 
  "dV_49": 44.981163446478796, 
  "dV_51": 93.65768699392419, 
  "dV_510": 25.922301179624178, 
  "dV_511": 19.7272089568941, 
  "dV_512": 14.937424723965032, 
  "dV_513": 9.06926797649401, 
  "dV_514": 8.662146385406666, 
  "dV_52": 86.90265895777527, 
  "dV_53": 92.97489259314722, 
  "dV_54": 81.66763467400929, 
  "dV_55": 93.6736833031572, 
  "dV_56": 62.5621046826523, 
  "dV_57": 64.72425124834776, 
  "dV_58": 47.59083085094684, 
  "dV_59": 31.148169885074065, 
  "dV_61": 77.57778866573436, 
  "dV_610": 21.74561406938715, 
  "dV_611": 17.14358493528723, 
  "dV_612": 11.58202310631042, 
  "dV_613": 9.316217647187358, 
  "dV_614": 7.217781513397855, 
  "dV_62": 74.92228444802075, 
  "dV_63": 66.49889550184761, 
  "dV_64": 63.81251911415799, 
  "dV_65": 62.5621046826523, 
  "dV_66": 79.1431002655386, 
  "dV_67": 49.993925454547075, 
  "dV_68": 45.95352429409141, 
  "dV_69": 33.406530131851156, 
  "dV_71": 92.4236196454663, 
  "dV_710": 24.338997527210154, 
  "dV_711": 17.179976224124612, 
  "dV_712": 15.405215562961246, 
  "dV_713": 10.717619884354573, 
  "dV_714": 8.423894978700702, 
  "dV_72": 87.74867203753608, 
  "dV_73": 84.6086773492369, 
  "dV_74": 77.0561626680214, 
  "dV_75": 64.72425124834776, 
  "dV_76": 49.993925454547075, 
  "dV_77": 71.19803622904479, 
  "dV_78": 45.72910878075093, 
  "dV_79": 33.887962765167636, 
  "dV_81": 58.79495999673513, 
  "dV_810": 21.919792656305205, 
  "dV_811": 13.87898070700524, 
  "dV_812": 10.084162996065713, 
  "dV_813": 7.868200855481323, 
  "dV_814": 7.149055088604, 
  "dV_82": 62.593423243515154, 
  "dV_83": 72.36290240857204, 
  "dV_84": 57.88825887234415, 
  "dV_85": 47.59083085094684, 
  "dV_86": 45.95352429409141, 
  "dV_87": 45.72910878075093, 
  "dV_88": 47.098657608544556, 
  "dV_89": 25.46856214675958, 
  "dV_91": 50.31629248858713, 
  "dV_910": 14.519769077215845, 
  "dV_911": 10.127690654726624, 
  "dV_912": 7.678530693109353, 
  "dV_913": 5.805584589252665, 
  "dV_914": 4.974143204337283, 
  "dV_92": 45.84237878899492, 
  "dV_93": 46.15057797918308, 
  "dV_94": 44.981163446478796, 
  "dV_95": 31.148169885074065, 
  "dV_96": 33.406530131851156, 
  "dV_97": 33.887962765167636, 
  "dV_98": 25.46856214675958, 
  "dV_99": 29.799089063733884
}