{
  "1": 0.002497235514413426, 
  "3": 0.0025036452228511257, 
  "2": 0.0019941557119608354, 
  "4": 0.0016450384245035674
}