{
  "1": [
    0.0001730669256433302, 
    0.1892957270877165, 
    0.433167639594415, 
    0.24424521011251418, 
    0.3005480095878502, 
    0.23021137894833457, 
    0.1904016181752929
  ], 
  "3": [
    0.00012926661089692076, 
    0.11351668584278715, 
    0.3539219299917059, 
    0.48430378633027565, 
    0.38546784949808655, 
    0.24572398488926625, 
    0.26273410198297414
  ], 
  "2": [
    0.00015159852806706275, 
    0.18076402170801642, 
    0.4187758020220222, 
    0.29760250919671716, 
    0.2426680141383968, 
    0.20835334727774002, 
    0.20525760271883356
  ], 
  "5": [
    7.236513702222041e-05, 
    0.0912536376484116, 
    0.34924020964719116, 
    0.3393081335298065, 
    0.3145947188109841, 
    0.3445517631276768, 
    0.2461045359941665
  ], 
  "4": [
    0.00012520908580559195, 
    0.077528840527857, 
    0.2894155340120776, 
    0.3955916977586247, 
    0.3703822012198655, 
    0.1915233016754228, 
    0.2038875351647198
  ], 
  "7": [
    3.099155368837823e-05, 
    0.04065294181193888, 
    0.21993897177939759, 
    0.33170247033048533, 
    0.4158435871617383, 
    0.3656190294689304, 
    0.4184067515206946
  ], 
  "6": [
    3.99912524119202e-05, 
    0.05777457450861929, 
    0.22914746084544996, 
    0.29580027579775664, 
    0.3674908524326774, 
    0.38544194986909985, 
    0.3882481860792804
  ]
}