{
  "1": 807.2578055036056, 
  "3": 0.2885570755317245, 
  "2": 0.5822990821251226, 
  "4": 0.07554648557448723
}