{
  "1": 389.49875364480914, 
  "2": 233.12824145642958, 
  "3": 161.0167605027747, 
  "4": 100.6164005982447, 
  "5": 56.933962054160816, 
  "6": 19.608825591549866, 
  "7": 10.402830071210621, 
  "8": -4.1557557383502353, 
  "9": -24.926995043761821, 
  "10": -91.026583070360687, 
  "11": -155.19204872284939, 
  "12": -329.93746556924145, 
  "13": -455.62451658007961
}