{"mode1_error": [2e-06, 2e-06, 3e-06, 3e-06, 1e-05, 1.7e-05, 5.4e-05], "mode2": [-0.00021, -0.0004, 0.0008, 0.00043, 0.00047, 0.00022, 0.00013], "mode2_error": [0.000165, 0.000193, 0.000295, 0.000275, 0.000483, 0.000913, 0.001255], "mode1": [0.01938, 0.0313, 0.04342, 0.05848, 0.07888, 0.09808, 0.11655]}