{"mode1_error": [2e-06, 2e-06, 2e-06, 4e-06, 1e-06, 1e-06, 2e-06], "mode2": [-0.00028, -0.00062, 0.00017, 0.00131, 0.00387, 0.00601, 0.00439], "mode2_error": [7.9e-05, 7.9e-05, 0.000137, 0.000125, 0.000582, 0.001078, 0.001492], "mode1": [0.03451, 0.05599, 0.07787, 0.10508, 0.14219, 0.17731, 0.21141]}