{"mode1_error": [3e-06, 4e-06, 1e-06, 9e-06, 1e-06, 2e-06, 2e-06], "mode2": [0.00068, 0.00075, -0.00028, -0.00224, -0.00462, -0.00739, -0.00936], "mode2_error": [0.000104, 0.000112, 0.000179, 0.000134, 0.000585, 0.001005, 0.001769], "mode1": [0.04446, 0.07228, 0.10056, 0.13567, 0.18355, 0.22868, 0.27165]}