{
  "1": 0.017542346685363735, 
  "3": 0.009918561355109415, 
  "2": 0.013878666586276121, 
  "4": 0.00428406226007581
}