{
  "1": [
    2.0776870119657335e-05, 
    0.02980493918164858, 
    0.12985304309889034, 
    0.18899800922534132, 
    0.09055381141867071, 
    0.16042745895315602, 
    0.14941880835581167
  ], 
  "3": [
    1.3978992880154696e-05, 
    0.02124875506971229, 
    0.2359857636297369, 
    0.289697166469935, 
    0.1569207352799339, 
    0.16002256540531798, 
    0.15200748839066372
  ], 
  "2": [
    1.6906528101536114e-05, 
    0.029368781819987085, 
    0.1214218647846338, 
    0.17441501273212498, 
    0.15189198517892005, 
    0.21429065503453262, 
    0.25727182026173095
  ], 
  "5": [
    9.42715606389714e-07, 
    0.019127590554292705, 
    0.10938451161106917, 
    0.1529522056850382, 
    0.19527550508403263, 
    0.25011891246631734, 
    0.17690106523315335
  ], 
  "4": [
    1.5273679320401276e-05, 
    0.016902718582091924, 
    0.15913857316067506, 
    0.15662244393084243, 
    0.15979021633781085, 
    0.14473188026684622, 
    0.21024499788459272
  ], 
  "7": [
    0.0, 
    0.01163455452227607, 
    0.15767132498246272, 
    0.22999929872435282, 
    0.23857157513811464, 
    0.1961148633619889, 
    0.09705675857510151
  ], 
  "6": [
    0.0, 
    0.013628343225916068, 
    0.10497915402907955, 
    0.13275732921392458, 
    0.16911011923291672, 
    0.31671113765374426, 
    0.21216416964441773
  ]
}