{
  "1": 901.3173606477656, 
  "3": 0.17949269749027597, 
  "2": 0.5088729599482817, 
  "4": 0.09783326947019141
}