{
  "1": [
    -0.4222292933333334, 
    0.5844550266666668, 
    0.47651005333333296, 
    0.06872249447680262, 
    -0.23974394537177485, 
    0.29354410031203065, 
    0.023190472916189277
  ], 
  "3": [
    -0.4480357666666666, 
    -0.023135639999999916, 
    -0.17411303333333306, 
    -0.7306452366606417, 
    0.04657254088686572, 
    0.0469069879425246, 
    -0.1257452440980973
  ], 
  "2": [
    -0.56443202, 
    0.22722554666666683, 
    -0.1534059066666666, 
    0.25879297047599925, 
    0.27607901197099965, 
    -0.5315874301783583, 
    0.02467439070975666
  ], 
  "5": [
    -0.1959000133333333, 
    -0.4690581533333331, 
    0.3272061866666669, 
    -0.08832238736024658, 
    -0.3762021008261684, 
    -0.26990605570322546, 
    0.49450822828329083
  ], 
  "4": [
    -0.5085633933333333, 
    -0.4828399733333337, 
    -0.2714252266666662, 
    0.3297878087969474, 
    -0.01357177878941147, 
    0.4288905081089408, 
    -0.036942440216975875
  ], 
  "7": [
    -0.025566666666666623, 
    -0.23403047333333274, 
    0.5009258466666688, 
    -0.07884757983530835, 
    0.6953998954645078, 
    0.12364317192495866, 
    0.09827131942852786
  ], 
  "6": [
    -0.0688333333333333, 
    -0.30846516666666635, 
    0.3563167399999999, 
    0.056291604739907714, 
    -0.1837542235710675, 
    -0.19345301051658495, 
    -0.6970867522347003
  ]
}