{
  "1": [
    0.2901196466666668, 
    0.16579082957770003, 
    -0.2609037393162399, 
    -0.6419456143862818, 
    -0.37100210683812657, 
    0.1149105458768874, 
    0.04453915075443978
  ], 
  "3": [
    0.47357409333333333, 
    0.3233002537139046, 
    -0.4999074786324786, 
    0.13759006105494953, 
    0.4026945569978566, 
    -0.06916731707317082, 
    0.12348455512529485
  ], 
  "2": [
    0.51193894, 
    -0.7343424837255886, 
    0.11532928018162422, 
    -0.1333496513528842, 
    0.15163420680173087, 
    0.012637781649245197, 
    0.08338059821070902
  ], 
  "5": [
    0.24695506000000014, 
    0.2923801402103145, 
    0.44357401842948646, 
    -0.11161011243452401, 
    0.20459993125480241, 
    0.3449250406504066, 
    -0.13937019183691693
  ], 
  "4": [
    0.5989625466666668, 
    0.12805392421966275, 
    0.15749547943376083, 
    0.41957995195676134, 
    -0.37968600024262955, 
    -0.09465486643437841, 
    -0.1506984955712822
  ], 
  "7": [
    0.039164693333333465, 
    0.18838107494575174, 
    0.36580611645299105, 
    0.08523554198778911, 
    -0.07212036475393307, 
    0.03697953542392548, 
    0.5128936351092721
  ], 
  "6": [
    0.09054837333333336, 
    0.20373296277749972, 
    0.3885472556089745, 
    -0.41684583124812236, 
    0.20988410772776886, 
    -0.40846732868757274, 
    -0.10487318734143355
  ]
}