{
  "1": 30.403084386588937, 
  "3": 0.009870330124876812, 
  "2": 0.03967142483407361, 
  "4": 0.00716681005343819
}