{
  "T_1": 341.39366182572616, 
  "T_2": 280.2292479253112, 
  "T_3": 159.93778008298756, 
  "T_4": 134.52135892116183, 
  "T_5": 38.1795020746888, 
  "T_6": 10.646198056882609, 
  "T_7": 3.211357032076729
}