{"mode1_error": [4e-06, 4e-06, 6e-06, 7e-06, 1.4e-05, 3.1e-05, 9.9e-05], "mode2": [-0.00062, -0.00031, 0.00053, 0.00088, 0.0041, 0.0076, 0.01127], "mode2_error": [0.000126, 0.000188, 0.000199, 0.000266, 0.000481, 0.001332, 0.002401], "mode1": [0.01438, 0.02414, 0.03445, 0.04673, 0.06098, 0.07038, 0.07394]}