{"mode1_error": [5e-06, 6e-06, 9e-06, 1.1e-05, 2.8e-05, 3.9e-05, 0.000115], "mode2": [-0.00121, -0.00083, 0.00042, 0.00291, 0.00837, 0.01713, 0.03573], "mode2_error": [0.000146, 0.000169, 0.000393, 0.000284, 0.000949, 0.002181, 0.004561], "mode1": [0.04279, 0.07118, 0.10063, 0.13552, 0.17653, 0.20332, 0.21104]}