{"mode1_error": [7e-06, 8e-06, 1.2e-05, 1.5e-05, 2.7e-05, 1.4e-05, 1.6e-05], "mode2": [0.00091, 0.00121, 0.00036, -0.00348, -0.01109, -0.02691, -0.06161], "mode2_error": [0.000406, 0.000395, 0.000448, 0.000468, 0.0013, 0.003145, 0.007943], "mode1": [0.04997, 0.08291, 0.11674, 0.15674, 0.2041, 0.2352, 0.24424]}