{
  "1": 439.9150611168962, 
  "2": 1.0152837008314377, 
  "3": 0.50683873505014232, 
  "4": 0.021894981576351304, 
  "5": -0.022290917774871615, 
  "6": -0.12335145873368859, 
  "7": -0.72298189449466532
}