{
  "1": [
    0.0004122195227574614, 
    0.5236511758582595, 
    0.4008407143797501, 
    0.26788363809667437, 
    0.14377054889599156, 
    0.18056459711365844, 
    0.16402373442558907
  ], 
  "3": [
    0.0002961276372697239, 
    0.20477528822939228, 
    0.3490883814532723, 
    0.2421884834991315, 
    0.17566195503097815, 
    0.12298186193187068, 
    0.12269507121433293
  ], 
  "2": [
    0.00036192155590963345, 
    0.403311602138069, 
    0.49014084028088517, 
    0.2591318871058378, 
    0.10767710584097352, 
    0.07177694719937792, 
    0.06358781643442706
  ], 
  "5": [
    0.0001693886260072711, 
    0.23365564390842647, 
    0.22645908885617386, 
    0.21929393286814164, 
    0.2269353677306489, 
    0.38372051694271697, 
    0.35270637853345693
  ], 
  "4": [
    0.0002782472863044852, 
    0.30982353703516347, 
    0.30576670584242754, 
    0.22748285342498664, 
    0.14042771370036952, 
    0.16518152330988167, 
    0.14479640686448364
  ], 
  "7": [
    4.894124867410026e-05, 
    0.07560570678449792, 
    0.08834624408823374, 
    0.11300618384743934, 
    0.3586003444183935, 
    0.5772009306517522, 
    0.3669702329847831
  ], 
  "6": [
    8.678621394474954e-05, 
    0.19996606533124106, 
    0.20981027778029374, 
    0.19646731934003167, 
    0.3161867601190797, 
    0.3065824827484565, 
    0.5665917075673261
  ]
}