{
  "1": 0.0015823798717421488, 
  "3": 0.001565786449977058, 
  "2": 0.002380326412342051, 
  "4": 0.0004191155034633169
}