{
  "dV_11": 0.5669378455117681, 
  "dV_12": 0.37394205583013185, 
  "dV_13": 0.2880102587334073, 
  "dV_14": 0.28107462698445773, 
  "dV_15": 0.1462565533663649, 
  "dV_16": 0.0772754962687349, 
  "dV_17": 0.042776990304401935, 
  "dV_21": 0.37394205583013185, 
  "dV_22": 0.49211645357613626, 
  "dV_23": 0.26860084994677264, 
  "dV_24": 0.2619274227711799, 
  "dV_25": 0.1362388816581299, 
  "dV_26": 0.07193146182520188, 
  "dV_27": 0.03986134602633019, 
  "dV_31": 0.2880102587334073, 
  "dV_32": 0.26860084994677264, 
  "dV_33": 0.2916857193262324, 
  "dV_34": 0.2021033358403003, 
  "dV_35": 0.1049341333241553, 
  "dV_36": 0.05549666648353861, 
  "dV_37": 0.030718290642952534, 
  "dV_41": 0.28107462698445773, 
  "dV_42": 0.2619274227711799, 
  "dV_43": 0.2021033358403003, 
  "dV_44": 0.27545044648529443, 
  "dV_45": 0.1027260908184166, 
  "dV_46": 0.054133564715205404, 
  "dV_47": 0.02999990629191114, 
  "dV_51": 0.1462565533663649, 
  "dV_52": 0.1362388816581299, 
  "dV_53": 0.1049341333241553, 
  "dV_54": 0.1027260908184166, 
  "dV_55": 0.07521728907132781, 
  "dV_56": 0.02829202771424632, 
  "dV_57": 0.015659321735061155, 
  "dV_61": 0.0772754962687349, 
  "dV_62": 0.07193146182520188, 
  "dV_63": 0.05549666648353861, 
  "dV_64": 0.054133564715205404, 
  "dV_65": 0.02829202771424632, 
  "dV_66": 0.02111294266714174, 
  "dV_67": 0.008306541677994453, 
  "dV_71": 0.042776990304401935, 
  "dV_72": 0.03986134602633019, 
  "dV_73": 0.030718290642952534, 
  "dV_74": 0.02999990629191114, 
  "dV_75": 0.015659321735061155, 
  "dV_76": 0.008306541677994453, 
  "dV_77": 0.0066025506522599765
}