{
  "1": [
    -0.28764438666666664, 
    0.2967670060063116, 
    0.36759415033741066, 
    0.1278331472735081, 
    -0.31465342319212686, 
    0.08399985088461716, 
    0.010090881964117166
  ], 
  "3": [
    -0.47123831999999993, 
    0.12750348162475833, 
    -0.023952729962830127, 
    -0.6553784456848456, 
    0.17800760947083125, 
    -0.024602244791036832, 
    0.0006045363550520571
  ], 
  "2": [
    -0.50620436, 
    -0.44504512199260193, 
    0.18057911659629738, 
    0.03104458995276951, 
    0.04193405363001006, 
    0.019437637528714972, 
    0.02563449669499537
  ], 
  "5": [
    -0.25374632666666663, 
    -0.02146043299738705, 
    -0.19630310346072016, 
    -0.010193330470874604, 
    -0.5305800099843134, 
    -0.2481646757747939, 
    -0.2660605892351265
  ], 
  "4": [
    -0.6042351599999999, 
    0.145751722148699, 
    -0.1948765003067371, 
    0.4429496135680554, 
    0.2540947439737551, 
    -0.0026958005884013423, 
    0.049656033994334284
  ], 
  "7": [
    -0.03129624666666666, 
    -0.008349964369337198, 
    -0.07078133232290419, 
    -0.03755739229998573, 
    -0.3002669448010271, 
    -0.14099977028170707, 
    0.5254414466477806
  ], 
  "6": [
    -0.09211358666666664, 
    -0.027238939224268868, 
    -0.17548349391938212, 
    -0.08173772005152441, 
    -0.2615329339609176, 
    0.5058917301414586, 
    0.05325221907459848
  ]
}