{
  "P_1": 1054.6979624436256, 
  "P_2": 874.718263396368, 
  "P_3": 504.95003816928636, 
  "P_4": 430.71399394449094, 
  "P_5": 124.24947435547236, 
  "P_6": 35.11509297958037, 
  "P_7": 9.889685285553073
}