{
  "1": 0.0007824344196997613, 
  "3": 2.9755719822221785e-07, 
  "2": 5.519215907912349e-07, 
  "5": 1.7497962553106188e-08, 
  "4": 5.7711949142924205e-08, 
  "7": 4.5166744489156234e-08, 
  "6": 6.7980966161267985e-09
}