{
  "1": 1517.0573013165217, 
  "3": 0.5645121308537986, 
  "2": 1.3803950938638136, 
  "5": 0.032823855987296285, 
  "4": 0.2757461680265364, 
  "7": -0.16798228811472746, 
  "6": -0.013358454727959974
}