{
  "1": 1798.7162423429588, 
  "2": 0.76369390737025344, 
  "3": 0.26042561472309794, 
  "4": 0.14939971884154149, 
  "5": 0.083016900911559971, 
  "6": 0.032702788598191569, 
  "7": -0.052675330288208977
}