{
  "1": [
    -0.4211920333333333, 
    -0.6448051533333337, 
    -0.4947000870147263, 
    -0.13574168593158473, 
    0.1893164997615645, 
    0.008060324498986056, 
    -0.006384996632996518
  ], 
  "3": [
    -0.44816906666666656, 
    0.17078372000000003, 
    0.4132455087014723, 
    -0.48521077830267756, 
    0.11131673819742485, 
    0.04710266061668551, 
    0.17900725925925937
  ], 
  "2": [
    -0.5634886933333333, 
    -0.23774558666666662, 
    0.2536470615796526, 
    0.24020650316614758, 
    -0.4599908372504941, 
    0.006278398817503454, 
    -0.032368471380471185
  ], 
  "5": [
    -0.1969665266666666, 
    0.4586287666666669, 
    -0.37284655287817936, 
    -0.3184257479813721, 
    -0.21819809251311473, 
    -0.08169048502973451, 
    -0.24298486195286217
  ], 
  "4": [
    -0.5099665933333333, 
    0.42211728666666687, 
    -0.028138681392235482, 
    0.381078081549235, 
    0.36330224810954453, 
    -0.06081800900622193, 
    -0.05629410774410775
  ], 
  "7": [
    -0.023902999999999917, 
    0.15669798666666682, 
    -0.3035309705488611, 
    0.0794296143666031, 
    -0.12452355065058907, 
    -0.2589012306211543, 
    0.38069259259259186
  ], 
  "6": [
    -0.06923333333333326, 
    0.2841084866666668, 
    -0.35707564257028124, 
    0.08319414011458438, 
    -0.14082742012398639, 
    0.3648215427451796, 
    0.11781202693602737
  ]
}