{
  "1": [
    0.2902761431808801, 
    0.5540141098270781, 
    0.4882330413347724, 
    -0.4993027844773746, 
    0.1083361008307236, 
    0.30205716376668706, 
    0.13475204135264307
  ], 
  "2": [
    0.5109532205835067, 
    0.20254818877279662, 
    -0.7842439861011542, 
    -0.22907864325479096, 
    0.16973075633629126, 
    -0.038602949380207814, 
    0.009309442603465693
  ], 
  "3": [
    0.4733832899313469, 
    0.03930222501512485, 
    0.15780704212648972, 
    0.7371400439160055, 
    0.2830625402850398, 
    0.20595017247382644, 
    0.28904188931501934
  ], 
  "4": [
    0.5995247374721824, 
    -0.19292037376432847, 
    0.20942230228807776, 
    -0.014919757054818258, 
    -0.6763492826607479, 
    -0.26095962591108757, 
    -0.18363888528293032
  ], 
  "5": [
    0.24796371567704492, 
    -0.44673243742325347, 
    0.2677322760056123, 
    -0.23421308601177074, 
    0.6443490817981082, 
    -0.34541096336339344, 
    -0.27912955945501255
  ], 
  "6": [
    0.09007083240176395, 
    -0.41112272693473023, 
    -0.07499079275600481, 
    -0.08914712007664968, 
    -0.0406800809992231, 
    0.8199986561012069, 
    -0.3677524378357813
  ], 
  "7": [
    0.03932121445413058, 
    -0.4946593722800492, 
    -0.02291099647551556, 
    -0.3030159772116015, 
    -0.07100279950684556, 
    0.07105879677638446, 
    0.8070511763000199
  ]
}