{
  "1": 30.376642451231625, 
  "2": 0.051974292517709728, 
  "3": 0.014569909968084332, 
  "4": 0.010643242431442891, 
  "5": -0.00098316845115781508, 
  "6": -0.018663769216672777, 
  "7": -0.056565011877513185
}