{
  "1": [
    0.0005170129501786431, 
    0.34211185971610436, 
    0.41843731920223115, 
    0.262802482515672, 
    0.27364368643855097, 
    0.2182331801186794, 
    0.20749199092640244
  ], 
  "3": [
    0.0003580635050113618, 
    0.1973392922645237, 
    0.35466663667750425, 
    0.3030342485359341, 
    0.321672219624414, 
    0.2696300223090317, 
    0.25368574349233475
  ], 
  "2": [
    0.0004442007539789803, 
    0.4520573213894308, 
    0.34035106820393285, 
    0.3224594745760423, 
    0.25027364313091255, 
    0.2023087689277641, 
    0.16944084943883517
  ], 
  "5": [
    0.0002013069139305939, 
    0.25183222458138926, 
    0.32520157855492604, 
    0.31602901584616677, 
    0.32228531211217043, 
    0.34367813136584296, 
    0.35894989489642215
  ], 
  "4": [
    0.00033530293571061494, 
    0.17796301083249774, 
    0.21920084191139744, 
    0.32767256454309235, 
    0.26050617282975486, 
    0.28191849600119284, 
    0.2880729811215485
  ], 
  "7": [
    7.666807998725282e-05, 
    0.2375640401904134, 
    0.35050031335542553, 
    0.2813661180420819, 
    0.39322908560369574, 
    0.4463741704749961, 
    0.2543895846613105
  ], 
  "6": [
    0.0001080151067556774, 
    0.1934828929958524, 
    0.2801669506100819, 
    0.2361893879286948, 
    0.35495540226454786, 
    0.2981715560896793, 
    0.46637998473979825
  ]
}