{
  "dV_11": 0.04968021000949501, 
  "dV_12": 0.032306364070202896, 
  "dV_13": 0.02463412712576239, 
  "dV_14": 0.023363124098673384, 
  "dV_15": 0.01237868283901787, 
  "dV_16": 0.006788585144478941, 
  "dV_17": 0.005003239281855365, 
  "dV_21": 0.032306364070202896, 
  "dV_22": 0.042008157990424067, 
  "dV_23": 0.0226707616824292, 
  "dV_24": 0.021506781474274175, 
  "dV_25": 0.011388157492129593, 
  "dV_26": 0.006243425374248541, 
  "dV_27": 0.004596626799761132, 
  "dV_31": 0.02463412712576239, 
  "dV_32": 0.0226707616824292, 
  "dV_33": 0.024438556282008684, 
  "dV_34": 0.0164344534562124, 
  "dV_35": 0.00869420968834301, 
  "dV_36": 0.004764475453992832, 
  "dV_37": 0.0035098321275887196, 
  "dV_41": 0.023363124098673384, 
  "dV_42": 0.021506781474274175, 
  "dV_43": 0.0164344534562124, 
  "dV_44": 0.02199345549255004, 
  "dV_45": 0.008280478710587614, 
  "dV_46": 0.004529934600548963, 
  "dV_47": 0.003337631624433539, 
  "dV_51": 0.01237868283901787, 
  "dV_52": 0.011388157492129593, 
  "dV_53": 0.00869420968834301, 
  "dV_54": 0.008280478710587614, 
  "dV_55": 0.006211425771181305, 
  "dV_56": 0.0024185047108561063, 
  "dV_57": 0.001781041575937177, 
  "dV_61": 0.006788585144478941, 
  "dV_62": 0.006243425374248541, 
  "dV_63": 0.004764475453992832, 
  "dV_64": 0.004529934600548963, 
  "dV_65": 0.0024185047108561063, 
  "dV_66": 0.001999677487574586, 
  "dV_67": 0.0009914286945177419, 
  "dV_71": 0.005003239281855365, 
  "dV_72": 0.004596626799761132, 
  "dV_73": 0.0035098321275887196, 
  "dV_74": 0.003337631624433539, 
  "dV_75": 0.001781041575937177, 
  "dV_76": 0.0009914286945177419, 
  "dV_77": 0.0013766250577426232
}