{
  "1": 30.37676443757929, 
  "3": 0.017208190755721626, 
  "2": 0.053754169124112856, 
  "4": 0.01029685359431784
}