{
  "1": [
    -0.4239666666666666, 
    0.10816666666666674, 
    -0.18709999999999993, 
    0.41670000000000007, 
    -0.7317, 
    -0.22996666666666665, 
    0.1079000000000001
  ], 
  "3": [
    -0.4478333333333333, 
    0.057633333333333425, 
    -0.0023666666666666246, 
    -0.06676666666666664, 
    -0.07676666666666665, 
    0.8217666666666668, 
    -0.33243333333333336
  ], 
  "2": [
    -0.5657666666666666, 
    0.15290000000000004, 
    -0.22663333333333335, 
    0.32476666666666665, 
    0.6690333333333334, 
    -0.16843333333333332, 
    0.15416666666666679
  ], 
  "5": [
    -0.19329999999999992, 
    -0.20243333333333335, 
    0.25196666666666667, 
    -0.2304999999999999, 
    -0.06003333333333327, 
    0.23470000000000013, 
    0.8639000000000002
  ], 
  "4": [
    -0.5060333333333333, 
    -0.11176666666666668, 
    0.2593000000000001, 
    -0.6331666666666667, 
    -0.05396666666666659, 
    -0.4329666666666666, 
    -0.2701
  ], 
  "7": [
    -0.03623333333333333, 
    -0.8330333333333332, 
    -0.5479666666666667, 
    -0.03389999999999992, 
    0.006499999999999953, 
    0.012499999999999959, 
    -0.05549999999999999
  ], 
  "6": [
    -0.06976666666666664, 
    -0.4627666666666667, 
    0.6947000000000001, 
    0.5111666666666668, 
    0.06796666666666673, 
    -0.0277666666666666, 
    -0.17803333333333327
  ]
}