{
  "11": [
    2.9103830456733704e-11, 
    0.015053378965953967, 
    0.08587057805366705, 
    0.17358622994875725, 
    0.18576560453044075, 
    0.28337056848377257, 
    0.24879702251721778, 
    0.29253584383800213, 
    0.43958211427859806, 
    0.40907692244373334, 
    0.2964003934150889
  ], 
  "10": [
    0.0, 
    0.014344441389005749, 
    0.06767437524982135, 
    0.14446718222719865, 
    0.14202993706956643, 
    0.21073338918430454, 
    0.1853292525221362, 
    0.28359835010227025, 
    0.4843065258350334, 
    0.30772044481761507, 
    0.45200480788205893
  ], 
  "1": [
    4.521204890042801e-05, 
    0.07727034204726971, 
    0.1653654249327546, 
    0.2890515768825028, 
    0.2131729882329359, 
    0.1743406768086068, 
    0.11880444149428648, 
    0.1028212804387034, 
    0.07238813095101722, 
    0.07341995070397296, 
    0.07294293270532076
  ], 
  "3": [
    3.8300324637711145e-05, 
    0.0594183407623499, 
    0.23390852064173365, 
    0.337207330470233, 
    0.40967902782043464, 
    0.2692956505483369, 
    0.2149320178939667, 
    0.1623403472403583, 
    0.11728077746596542, 
    0.1179521363458939, 
    0.11528512847487084
  ], 
  "2": [
    4.37687006302919e-05, 
    0.07850533779467926, 
    0.2078454028185316, 
    0.3851527468274035, 
    0.24853524947332944, 
    0.24879503466289501, 
    0.15860886926928613, 
    0.15317780867297492, 
    0.1044633710939507, 
    0.1094384501554124, 
    0.10539198732019629
  ], 
  "5": [
    2.051409975804207e-05, 
    0.048736822872297116, 
    0.1484630100477886, 
    0.25656363571691854, 
    0.3247600057983568, 
    0.33018603091153903, 
    0.3635921556744118, 
    0.21461239601529916, 
    0.11977969793037604, 
    0.116259772046046, 
    0.1170111574831002
  ], 
  "4": [
    3.9127016089398456e-05, 
    0.04424687390864384, 
    0.2066719672902289, 
    0.2587322860829223, 
    0.3001137171211061, 
    0.1795405057838303, 
    0.1317836119182798, 
    0.11301469511166269, 
    0.08721230497870851, 
    0.08398901057657453, 
    0.08468158143158226
  ], 
  "7": [
    0.0, 
    0.022467751643584912, 
    0.09433162325722347, 
    0.18565988772304579, 
    0.18119457841499392, 
    0.2841165750268507, 
    0.492473184151487, 
    0.3377358348803305, 
    0.1997477421854247, 
    0.169537366918096, 
    0.18881359521436653
  ], 
  "6": [
    1.490339329046694e-06, 
    0.03569953619575301, 
    0.1360183701931453, 
    0.20526850190541474, 
    0.24395854944165032, 
    0.373266702701288, 
    0.4126400475192437, 
    0.2792475560438108, 
    0.1832867117339234, 
    0.19178942268217733, 
    0.18562744214588106
  ], 
  "9": [
    8.231806349783991e-11, 
    0.013176517431652917, 
    0.07610584620367374, 
    0.1589730615137123, 
    0.17069749128849707, 
    0.19201312427680275, 
    0.14933982928920525, 
    0.23382180979502476, 
    0.3156259416756941, 
    0.43304526374116553, 
    0.4561177611675473
  ], 
  "8": [
    0.0, 
    0.015679118021317037, 
    0.08011261184294126, 
    0.18649737219375012, 
    0.19911533374887494, 
    0.2625839264231647, 
    0.20499953550068536, 
    0.3445476317558387, 
    0.3690054482471924, 
    0.36382372854982836, 
    0.4218040773309545
  ]
}