{
  "V_10_1": 3.8945540891856116, 
  "V_10_10": 0.1261259399489633, 
  "V_10_11": 0.06968167104312491, 
  "V_10_2": 5.296095678006564, 
  "V_10_3": 4.410207842064914, 
  "V_10_4": 5.356038236953326, 
  "V_10_5": 2.3203245529180854, 
  "V_10_6": 0.9324820658681187, 
  "V_10_7": 0.3759465520699636, 
  "V_10_8": 0.16822213952597953, 
  "V_10_9": 0.09918337165341123, 
  "V_11_1": 2.5651056441934488, 
  "V_11_10": 0.06968167104312491, 
  "V_11_11": 0.11947983014200289, 
  "V_11_2": 3.472934296650866, 
  "V_11_3": 2.884691051925097, 
  "V_11_4": 3.528979095795248, 
  "V_11_5": 1.5404130193420544, 
  "V_11_6": 0.6323965362466709, 
  "V_11_7": 0.2718777118864735, 
  "V_11_8": 0.12860902535268992, 
  "V_11_9": 0.08389580179661711, 
  "V_1_1": 395.1433334457379, 
  "V_1_10": 3.8945540891856116, 
  "V_1_11": 2.5651056441934488, 
  "V_1_2": 534.4173695883273, 
  "V_1_3": 440.0815772168889, 
  "V_1_4": 532.4161814531145, 
  "V_1_5": 225.8355790997215, 
  "V_1_6": 87.18898839792435, 
  "V_1_7": 32.341436592596835, 
  "V_1_8": 12.843892183648856, 
  "V_1_9": 6.516515101992562, 
  "V_2_1": 534.4173695883273, 
  "V_2_10": 5.296095678006564, 
  "V_2_11": 3.472934296650866, 
  "V_2_2": 723.5342285590006, 
  "V_2_3": 595.8526448465065, 
  "V_2_4": 721.190595323355, 
  "V_2_5": 305.789292181282, 
  "V_2_6": 118.06405202983805, 
  "V_2_7": 43.83867921818447, 
  "V_2_8": 17.430169979302736, 
  "V_2_9": 8.845900569767782, 
  "V_3_1": 440.0815772168889, 
  "V_3_10": 4.410207842064914, 
  "V_3_11": 2.884691051925097, 
  "V_3_2": 595.8526448465065, 
  "V_3_3": 490.8832715499471, 
  "V_3_4": 594.4035845451255, 
  "V_3_5": 252.04960198440088, 
  "V_3_6": 97.35484187459012, 
  "V_3_7": 36.18631349643909, 
  "V_3_8": 14.387942889599525, 
  "V_3_9": 7.294402193207652, 
  "V_4_1": 532.4161814531145, 
  "V_4_10": 5.356038236953326, 
  "V_4_11": 3.528979095795248, 
  "V_4_2": 721.190595323355, 
  "V_4_3": 594.4035845451255, 
  "V_4_4": 719.7348000317356, 
  "V_4_5": 305.3403412694394, 
  "V_4_6": 117.96116002930904, 
  "V_4_7": 43.848556666290435, 
  "V_4_8": 17.456240241316472, 
  "V_4_9": 8.879074279170583, 
  "V_5_1": 225.8355790997215, 
  "V_5_10": 2.3203245529180854, 
  "V_5_11": 1.5404130193420544, 
  "V_5_2": 305.789292181282, 
  "V_5_3": 252.04960198440088, 
  "V_5_4": 305.3403412694394, 
  "V_5_5": 129.6642178190619, 
  "V_5_6": 50.18537679549576, 
  "V_5_7": 18.68231282169955, 
  "V_5_8": 7.454573493395887, 
  "V_5_9": 3.8086350630089525, 
  "V_6_1": 87.18898839792435, 
  "V_6_10": 0.9324820658681187, 
  "V_6_11": 0.6323965362466709, 
  "V_6_2": 118.06405202983805, 
  "V_6_3": 97.35484187459012, 
  "V_6_4": 117.96116002930904, 
  "V_6_5": 50.18537679549576, 
  "V_6_6": 19.488145007923006, 
  "V_6_7": 7.282054632754907, 
  "V_6_8": 2.91929197272306, 
  "V_6_9": 1.5076295513566873, 
  "V_7_1": 32.341436592596835, 
  "V_7_10": 0.3759465520699636, 
  "V_7_11": 0.2718777118864735, 
  "V_7_2": 43.83867921818447, 
  "V_7_3": 36.18631349643909, 
  "V_7_4": 43.848556666290435, 
  "V_7_5": 18.68231282169955, 
  "V_7_6": 7.282054632754907, 
  "V_7_7": 2.7666433200879816, 
  "V_7_8": 1.1184969148062531, 
  "V_7_9": 0.5882213749105268, 
  "V_8_1": 12.843892183648856, 
  "V_8_10": 0.16822213952597953, 
  "V_8_11": 0.12860902535268992, 
  "V_8_2": 17.430169979302736, 
  "V_8_3": 14.387942889599525, 
  "V_8_4": 17.456240241316472, 
  "V_8_5": 7.454573493395887, 
  "V_8_6": 2.91929197272306, 
  "V_8_7": 1.1184969148062531, 
  "V_8_8": 0.5353494555956606, 
  "V_8_9": 0.25194257714757884, 
  "V_9_1": 6.516515101992562, 
  "V_9_10": 0.09918337165341123, 
  "V_9_11": 0.08389580179661711, 
  "V_9_2": 8.845900569767782, 
  "V_9_3": 7.294402193207652, 
  "V_9_4": 8.879074279170583, 
  "V_9_5": 3.8086350630089525, 
  "V_9_6": 1.5076295513566873, 
  "V_9_7": 0.5882213749105268, 
  "V_9_8": 0.25194257714757884, 
  "V_9_9": 0.20157457814405877
}