{
  "11": [
    -0.002633333333333262, 
    -0.09635130666666662, 
    0.21526932854946212, 
    0.03734403155818558, 
    0.17566776706063494, 
    0.10804346645647252, 
    -0.0657864725242677, 
    0.141940291262136, 
    -0.15069375227024942, 
    0.0702126414166263, 
    0.3361022006329572
  ], 
  "10": [
    -0.00396666666666667, 
    -0.11042313999999992, 
    0.17066399111566738, 
    -0.010538603550295818, 
    0.13548742018747476, 
    0.06944105797863016, 
    -0.058607594883972824, 
    0.20929821197410972, 
    -0.02427937603422473, 
    0.3453628873585833, 
    -0.17126102156472958
  ], 
  "1": [
    -0.3988735533333333, 
    0.5865893800000017, 
    0.44644009226037884, 
    -0.1483490256410269, 
    -0.19866247792419475, 
    0.006657225433526086, 
    -0.06297993167520709, 
    0.03090406957928806, 
    0.01367368527263197, 
    -0.018481570749302918, 
    0.005871480091263755
  ], 
  "3": [
    -0.44488797333333324, 
    -0.07672097999999992, 
    -0.14695297796002077, 
    0.42193652859960495, 
    -0.08539806638590787, 
    0.14980505342441766, 
    -0.07335076032162656, 
    -0.0789530906148866, 
    -0.006311542963231939, 
    0.0304084767994753, 
    -0.019980407742695036
  ], 
  "2": [
    -0.54002742, 
    0.32948376666666696, 
    -0.18245296770886685, 
    0.034320646942799814, 
    0.33728953040800597, 
    -0.05551942546855862, 
    0.1102678790151232, 
    -0.027397621359223183, 
    -0.010305884489647506, 
    0.02371680603377619, 
    -0.00723677780231093
  ], 
  "5": [
    -0.22843705333333322, 
    -0.36493817333333295, 
    0.3221797471382206, 
    0.13771132149901397, 
    -0.15410379477426067, 
    -0.36365302154492984, 
    -0.0033790067908173447, 
    0.13854587378640787, 
    0.019796726803083455, 
    -0.013051188719462078, 
    0.016658872451608298
  ], 
  "4": [
    -0.5385755466666666, 
    -0.48678474000000016, 
    -0.24757263283786007, 
    -0.3311689546351086, 
    -0.07331374813204745, 
    0.04321421439831845, 
    -0.04143841603132901, 
    0.05338577669902921, 
    -0.005244020664325767, 
    -0.03724593375963265, 
    0.01662525207919341
  ], 
  "7": [
    -0.032766666666666604, 
    -0.18426638000000017, 
    0.23965639842815706, 
    -0.03015699408284012, 
    0.12411518815378361, 
    -0.054924951830442936, 
    -0.20145433070866253, 
    -0.4744120469255658, 
    -0.04226343382976141, 
    0.07106272339727843, 
    0.011574070802973534
  ], 
  "6": [
    -0.0882333666666666, 
    -0.26407017333333355, 
    0.3719355236630789, 
    0.0033118974358976633, 
    0.013628152877779597, 
    0.22800842529339604, 
    0.3351083322917972, 
    -0.11671897249190911, 
    -0.004842091455785499, 
    0.052877512707001445, 
    -0.012193088982115479
  ], 
  "9": [
    -0.006633333333333266, 
    -0.09414186666666675, 
    0.17924169827438924, 
    0.03762801577909285, 
    0.1457022189014174, 
    0.062119127693116304, 
    -0.05324014914802333, 
    0.08414436893203886, 
    -0.2087033498809388, 
    -0.3770286522380713, 
    -0.23933978803267936
  ], 
  "8": [
    -0.013033333333333338, 
    -0.12113189333333317, 
    0.18913724585682534, 
    0.016588662721893608, 
    0.19472446225603426, 
    0.09117790331056246, 
    -0.06984249052201795, 
    0.09816364077669953, 
    0.3763763369253747, 
    -0.15199886866699464, 
    -0.016905740781629947
  ]
}