{
  "dV_11": 0.35016570567997674, 
  "dV_12": 0.23200752604354144, 
  "dV_13": 0.17782832374521174, 
  "dV_14": 0.1685996129692124, 
  "dV_15": 0.08971959546862504, 
  "dV_16": 0.047458511260251204, 
  "dV_17": 0.025148363965692665, 
  "dV_21": 0.23200752604354144, 
  "dV_22": 0.3070412691534518, 
  "dV_23": 0.166786091512458, 
  "dV_24": 0.1580889267965649, 
  "dV_25": 0.084040190256788, 
  "dV_26": 0.04445478812368006, 
  "dV_27": 0.02355052578809472, 
  "dV_31": 0.17782832374521174, 
  "dV_32": 0.166786091512458, 
  "dV_33": 0.18040431261666282, 
  "dV_34": 0.12133165154828934, 
  "dV_35": 0.06444495610784656, 
  "dV_36": 0.03408382167466774, 
  "dV_37": 0.018049859486916564, 
  "dV_41": 0.1685996129692124, 
  "dV_42": 0.1580889267965649, 
  "dV_43": 0.12133165154828934, 
  "dV_44": 0.16218974061545322, 
  "dV_45": 0.06121818534353191, 
  "dV_46": 0.03233700284612637, 
  "dV_47": 0.01711722940195583, 
  "dV_51": 0.08971959546862504, 
  "dV_52": 0.084040190256788, 
  "dV_53": 0.06444495610784656, 
  "dV_54": 0.06121818534353191, 
  "dV_55": 0.045982762213636064, 
  "dV_56": 0.017237584711603932, 
  "dV_57": 0.009121920319207593, 
  "dV_61": 0.047458511260251204, 
  "dV_62": 0.04445478812368006, 
  "dV_63": 0.03408382167466774, 
  "dV_64": 0.03233700284612637, 
  "dV_65": 0.017237584711603932, 
  "dV_66": 0.012894682281533816, 
  "dV_67": 0.004837955295695855, 
  "dV_71": 0.025148363965692665, 
  "dV_72": 0.02355052578809472, 
  "dV_73": 0.018049859486916564, 
  "dV_74": 0.01711722940195583, 
  "dV_75": 0.009121920319207593, 
  "dV_76": 0.004837955295695855, 
  "dV_77": 0.003633323831660069
}