{
  "1": [
    -0.41837230666666647, 
    -0.7131542342342344, 
    0.20928980842911862, 
    -0.10238435172438079, 
    0.17915080007095965, 
    -0.02596244175209699, 
    0.00035681249079405413
  ], 
  "3": [
    -0.4368231999999999, 
    0.040210116783450094, 
    0.3999960013932428, 
    -0.023697493734336758, 
    -0.3633748128437122, 
    -0.05704863311587427, 
    -0.06870092797171906
  ], 
  "2": [
    -0.5659647600000003, 
    -0.08577822489155788, 
    -0.5984400626959245, 
    0.1742631120053655, 
    -0.096728050381409, 
    0.018132424666045487, 
    0.07333246428045373
  ], 
  "5": [
    -0.20033805999999993, 
    0.18610694694694668, 
    -0.28635721351445415, 
    -0.46230865544142, 
    -0.0008067731062632696, 
    0.13757221186703958, 
    -0.22825144351156207
  ], 
  "4": [
    -0.518002113333333, 
    0.5470637237237227, 
    0.2596431278300248, 
    0.11914010731052993, 
    0.2704431328720955, 
    0.006621419695557761, 
    -0.007783944616290789
  ], 
  "7": [
    -0.025217666666666628, 
    -0.019354347681014263, 
    0.10612181121560424, 
    -0.004662123618906287, 
    -0.033647333688131546, 
    0.5038229186082637, 
    0.2877270805715128
  ], 
  "6": [
    -0.06846585999999999, 
    0.13608850850850857, 
    -0.04950711250435376, 
    -0.2080705884429381, 
    -0.007077193542664349, 
    -0.26509277726001973, 
    0.45130710708499067
  ]
}