{
  "1": 16.93362974733076, 
  "3": 0.11425298605718653, 
  "2": 0.4280602360546939, 
  "4": 0.014832142247896123
}