{
  "1": [
    0.00017791280959016047, 
    0.12883936793971423, 
    0.36689638773671673, 
    0.20832152749649763, 
    0.25919393370412047, 
    0.18583601271296774, 
    0.14036185380265268
  ], 
  "3": [
    0.00012893236794675773, 
    0.1275489027328993, 
    0.40234596711448145, 
    0.30926217808677814, 
    0.31244125361634373, 
    0.21056671531824178, 
    0.1705342435728351
  ], 
  "2": [
    0.00015549654853196746, 
    0.12665821483089693, 
    0.22687065979250548, 
    0.25712776599030857, 
    0.22404404709575176, 
    0.18879727994158374, 
    0.1526635949307774
  ], 
  "5": [
    7.44300747974346e-05, 
    0.08337896655609622, 
    0.22256202848464007, 
    0.39751403430949966, 
    0.4035147398455003, 
    0.2558221440088618, 
    0.40807525325737815
  ], 
  "4": [
    0.00012127258565009479, 
    0.1367596765193464, 
    0.20591981049410366, 
    0.3024090291162975, 
    0.32040548268283475, 
    0.24428218672232216, 
    0.23817586581884986
  ], 
  "7": [
    3.093560623803993e-05, 
    0.03418531405991141, 
    0.18210733705883522, 
    0.3210630355924046, 
    0.2820036598749048, 
    0.5163753965687113, 
    0.37699953330263164
  ], 
  "6": [
    4.133721276143011e-05, 
    0.05183299993203908, 
    0.22708461193618146, 
    0.37510048376147337, 
    0.3024447871372361, 
    0.4303972069082696, 
    0.33159209240180276
  ]
}