{
  "1": [
    -0.28570112, 
    0.6800438947860319, 
    0.08623801568914394, 
    0.31117205329526515, 
    -0.11395675248094315, 
    0.00433079289313196, 
    0.024947459574817452
  ], 
  "3": [
    -0.47136666000000005, 
    0.3254476934374792, 
    0.24756187863268694, 
    -0.3856745324768026, 
    -0.0490347715614362, 
    -0.022401267568284325, 
    0.046761470902076704
  ], 
  "2": [
    -0.5042715133333332, 
    -0.582151939381801, 
    0.2894688493273179, 
    0.13895928146561976, 
    -0.2182751953593183, 
    0.013636112437019166, 
    -0.0350281950258557
  ], 
  "5": [
    -0.2555591133333333, 
    -0.031719393818011775, 
    -0.3462529488273791, 
    -0.05276395431834397, 
    -0.10243196222254274, 
    -0.4307750888358517, 
    0.0073448493802836315
  ], 
  "4": [
    -0.6056702666666666, 
    -0.08363398758261564, 
    -0.2735674470593015, 
    0.08564644777539865, 
    0.3725232225897691, 
    0.1349242906390878, 
    0.018562250677173323
  ], 
  "7": [
    -0.03192070666666658, 
    -0.04545380198945181, 
    -0.22704485225379073, 
    -0.09021281465619672, 
    -0.2430594707320584, 
    0.17782037125430913, 
    0.5072892637281455
  ], 
  "6": [
    -0.09344685333333325, 
    0.0650737499165499, 
    -0.27671509572003294, 
    -0.1358429074470611, 
    -0.2777447672467511, 
    0.2690342985945374, 
    -0.4368049741442988
  ]
}