{
  "P_1": 341.2335269177825, 
  "P_2": 280.16914248529594, 
  "P_3": 159.85767768739834, 
  "P_4": 134.47025763984482, 
  "P_5": 38.15402007258165, 
  "P_6": 10.656494859977453, 
  "P_7": 3.211193227669084
}