{
  "1": [
    7.220749798848183e-05, 
    0.13979746482729527, 
    0.12602430329746306, 
    0.2503144007318374, 
    0.20222635477807616, 
    0.05878411283367618, 
    0.050884668321167954
  ], 
  "3": [
    5.518904736056811e-05, 
    0.08460206101340027, 
    0.10696552290030677, 
    0.430569050878557, 
    0.372203284667412, 
    0.17683626394195429, 
    0.10015966723057573
  ], 
  "2": [
    6.432486147280842e-05, 
    0.14505556328463637, 
    0.058814654656735584, 
    0.14043165600081942, 
    0.1573561423763837, 
    0.03150555957947866, 
    0.02824814567040241
  ], 
  "5": [
    3.240562271094154e-05, 
    0.06776697766212934, 
    0.14452793781340667, 
    0.24385281219201957, 
    0.25326049868778966, 
    0.5160150629282362, 
    0.28102133319394024
  ], 
  "4": [
    5.324132711048427e-05, 
    0.043023382844836276, 
    0.08677985630944123, 
    0.3463491271018273, 
    0.4426487887027205, 
    0.05928520468106946, 
    0.05895073336497106
  ], 
  "7": [
    3.2927225399135965e-10, 
    0.023709280174469723, 
    0.08252751573483189, 
    0.1602698366241032, 
    0.15557875401464188, 
    0.5297481800263748, 
    0.6161949945963383
  ], 
  "6": [
    2.8072591626060816e-05, 
    0.04122429390610388, 
    0.12753465115740467, 
    0.21398717711503273, 
    0.1940405829822836, 
    0.4560123195342253, 
    0.5643671406980146
  ]
}