{
  "1": 0.10059911967001231, 
  "3": 0.13155975257408556, 
  "2": 0.09052380528999336, 
  "4": 0.0773845897057691
}