{
  "1": [
    5.924748186349297e-05, 
    0.14445047840640385, 
    0.2976753764774359, 
    0.28371867049019783, 
    0.30699950574479756, 
    0.20262315219527918, 
    0.18459667014832257
  ], 
  "3": [
    4.553269864521081e-05, 
    0.14098925021426906, 
    0.3497828921190242, 
    0.5009886951486805, 
    0.38479751021308384, 
    0.27138496463752065, 
    0.2788853674171391
  ], 
  "2": [
    5.2391305611943494e-05, 
    0.18945906292381495, 
    0.26460054503353947, 
    0.33341053633305207, 
    0.28168263511731584, 
    0.20068016562804858, 
    0.17995352915547297
  ], 
  "5": [
    3.293929162226438e-05, 
    0.1314998568755435, 
    0.2549568872639576, 
    0.2038278565213558, 
    0.3692010429015769, 
    0.3873953011790009, 
    0.3378582606535625
  ], 
  "4": [
    4.684134988134485e-05, 
    0.135593831666759, 
    0.31896988291165, 
    0.35340157503468944, 
    0.2987291600997448, 
    0.2631334707858263, 
    0.22278230980485655
  ], 
  "7": [
    1.3234767354897801e-05, 
    0.07337549897431846, 
    0.15656772925392132, 
    0.23367034417648078, 
    0.3517547658442434, 
    0.4953396475196613, 
    0.28479581514551655
  ], 
  "6": [
    1.5456174593568412e-05, 
    0.0998326998824583, 
    0.22775422891234617, 
    0.368363357516055, 
    0.3744789921592359, 
    0.4239366002493406, 
    0.41297332910508067
  ]
}