{
  "dV_11": 0.520711880345685, 
  "dV_12": 0.3359090600076742, 
  "dV_13": 0.26548084165365443, 
  "dV_14": 0.2831429016282861, 
  "dV_15": 0.14166368299155307, 
  "dV_16": 0.07275592907139478, 
  "dV_17": 0.03997611819261199, 
  "dV_21": 0.3359090600076742, 
  "dV_22": 0.4164760389925636, 
  "dV_23": 0.2391064927176287, 
  "dV_24": 0.25314667087701753, 
  "dV_25": 0.12737684037783178, 
  "dV_26": 0.06599594137557137, 
  "dV_27": 0.03648599734159315, 
  "dV_31": 0.26548084165365443, 
  "dV_32": 0.2391064927176287, 
  "dV_33": 0.25912721151078894, 
  "dV_34": 0.200745367730999, 
  "dV_35": 0.10097822514414476, 
  "dV_36": 0.052344593294543246, 
  "dV_37": 0.028961167141663694, 
  "dV_41": 0.2831429016282861, 
  "dV_42": 0.25314667087701753, 
  "dV_43": 0.200745367730999, 
  "dV_44": 0.2853668805915663, 
  "dV_45": 0.10816137417973908, 
  "dV_46": 0.05631141863683338, 
  "dV_47": 0.031260616087375, 
  "dV_51": 0.14166368299155307, 
  "dV_52": 0.12737684037783178, 
  "dV_53": 0.10097822514414476, 
  "dV_54": 0.10816137417973908, 
  "dV_55": 0.0750282195408839, 
  "dV_56": 0.028311709593792003, 
  "dV_57": 0.015548239835704615, 
  "dV_61": 0.07275592907139478, 
  "dV_62": 0.06599594137557137, 
  "dV_63": 0.052344593294543246, 
  "dV_64": 0.05631141863683338, 
  "dV_65": 0.028311709593792003, 
  "dV_66": 0.020190727177356024, 
  "dV_67": 0.00793161217612818, 
  "dV_71": 0.03997611819261199, 
  "dV_72": 0.03648599734159315, 
  "dV_73": 0.028961167141663694, 
  "dV_74": 0.031260616087375, 
  "dV_75": 0.015548239835704615, 
  "dV_76": 0.00793161217612818, 
  "dV_77": 0.0061021647770435426
}