{
  "V_11": 648.7959783586475, 
  "V_12": 737.9740923844241, 
  "V_13": 608.4309548933388, 
  "V_14": 736.9915362128881, 
  "V_15": 312.59055678091204, 
  "V_16": 120.79337513450949, 
  "V_17": 44.7669688474268, 
  "V_21": 737.9740923844241, 
  "V_22": 839.2244247128782, 
  "V_23": 692.2097376068265, 
  "V_24": 838.7207224034013, 
  "V_25": 355.8239063103532, 
  "V_26": 137.4763037161701, 
  "V_27": 50.994040658990556, 
  "V_31": 608.4309548933388, 
  "V_32": 692.2097376068265, 
  "V_33": 570.8776449467123, 
  "V_34": 691.4981455454263, 
  "V_35": 293.48452789403837, 
  "V_36": 113.44707504555885, 
  "V_37": 42.11069671319105, 
  "V_41": 736.9915362128881, 
  "V_42": 838.7207224034013, 
  "V_43": 691.4981455454263, 
  "V_44": 837.8936397976273, 
  "V_45": 355.7355265734835, 
  "V_46": 137.49512200125167, 
  "V_47": 51.085635314800605, 
  "V_51": 312.59055678091204, 
  "V_52": 355.8239063103532, 
  "V_53": 293.48452789403837, 
  "V_54": 355.7355265734835, 
  "V_55": 151.15749111329944, 
  "V_56": 58.53141537654113, 
  "V_57": 21.768976944169662, 
  "V_61": 120.79337513450949, 
  "V_62": 137.4763037161701, 
  "V_63": 113.44707504555885, 
  "V_64": 137.49512200125167, 
  "V_65": 58.53141537654113, 
  "V_66": 22.712038805779382, 
  "V_67": 8.490890434249561, 
  "V_71": 44.7669688474268, 
  "V_72": 50.994040658990556, 
  "V_73": 42.11069671319105, 
  "V_74": 51.085635314800605, 
  "V_75": 21.768976944169662, 
  "V_76": 8.490890434249561, 
  "V_77": 3.2107485642537132
}