{
  "1": 79.42157281769762, 
  "3": 0.40630935968849724, 
  "2": 1.3896578108614221, 
  "5": -0.07038074516211551, 
  "4": 0.04265000552059142, 
  "7": -0.42863418053617613, 
  "6": -0.10800541726354104
}