{
  "1": 0.029267960603647735, 
  "3": 0.018477033566790337, 
  "2": 0.026108694009419082, 
  "4": 0.0019465011596790387
}