{
  "1": [
    -0.28631635333333333, 
    0.8839272866666655, 
    0.24517429333333327, 
    -0.20427038675514453, 
    -0.04702632430246684, 
    0.040650932460536644, 
    0.002165724070118399
  ], 
  "3": [
    -0.4720175066666666, 
    0.05396000000000015, 
    -0.12289365333333321, 
    0.5037830082445186, 
    0.4536643348160126, 
    0.10214646960553683, 
    0.07473180415691852
  ], 
  "2": [
    -0.5065973666666665, 
    -0.0015257133333333027, 
    -0.43227574666666785, 
    0.2464246866411962, 
    -0.47536523116322876, 
    -0.015259680883706344, 
    -0.04300447902892218
  ], 
  "5": [
    -0.25357883999999997, 
    -0.16376253333333354, 
    0.6152872733333338, 
    0.25865734298545573, 
    -0.04775890281709086, 
    -0.3909376734512981, 
    0.03425980741192792
  ], 
  "4": [
    -0.60397822, 
    -0.3576960466666665, 
    0.009758693333333408, 
    -0.6337886520544256, 
    0.11967492249629352, 
    0.008068886161399287, 
    0.010204960499101516
  ], 
  "7": [
    -0.03129999999999999, 
    -0.1402271666666663, 
    0.2827535600000005, 
    0.056073014277096406, 
    -0.16536446286561554, 
    0.30340536292659726, 
    0.6200745295493841
  ], 
  "6": [
    -0.09223818666666661, 
    -0.17154594000000006, 
    0.390571933333334, 
    0.12250412896306732, 
    -0.16093859010648276, 
    0.3537893457434107, 
    -0.5243625368731526
  ]
}