{
  "1": 439.6307597188331, 
  "3": 0.03448053969029616, 
  "2": 0.14889232524648843, 
  "4": 0.001328272975832067
}