{
  "V_11": 29.146951843882018, 
  "V_12": 29.170450766427226, 
  "V_13": 36.72357981660579, 
  "V_14": 14.747567553952853, 
  "V_15": 5.552119868582703, 
  "V_16": 1.9175635298294076, 
  "V_17": 50.05131406195374, 
  "V_21": 29.170450766427226, 
  "V_22": 65.66015787785322, 
  "V_23": 27.541150472511823, 
  "V_24": 10.114593159076218, 
  "V_25": 3.5957605676810123, 
  "V_26": 60.95058576649564, 
  "V_27": 25.835196853430887, 
  "V_31": 36.72357981660579, 
  "V_32": 27.541150472511823, 
  "V_33": 9.14347995083622, 
  "V_34": 3.507853856123661, 
  "V_35": 32.1704942852031, 
  "V_36": 11.78574921394589, 
  "V_37": 4.436283912875639, 
  "V_41": 14.747567553952853, 
  "V_42": 10.114593159076218, 
  "V_43": 3.507853856123661, 
  "V_44": 5.011460413659428, 
  "V_45": 1.8204357960272006, 
  "V_46": 0.6781876171649504, 
  "V_47": 17.60820182016518, 
  "V_51": 5.552119868582703, 
  "V_52": 3.5957605676810123, 
  "V_53": 32.1704942852031, 
  "V_54": 1.8204357960272006, 
  "V_55": 53.59693889429212, 
  "V_56": 47.267964020086545, 
  "V_57": 76.22897432646994, 
  "V_61": 1.9175635298294076, 
  "V_62": 60.95058576649564, 
  "V_63": 11.78574921394589, 
  "V_64": 0.6781876171649504, 
  "V_65": 47.267964020086545, 
  "V_66": 13.329407709237797, 
  "V_67": 1.800675946518841, 
  "V_71": 50.05131406195374, 
  "V_72": 25.835196853430887, 
  "V_73": 4.436283912875639, 
  "V_74": 17.60820182016518, 
  "V_75": 76.22897432646994, 
  "V_76": 1.800675946518841, 
  "V_77": 0.2749605234128953
}