{"mode1_error": [2.1e-05, 2.4e-05, 3.7e-05, 4.3e-05, 7.9e-05, 0.000142, 0.000224], "mode2": [0.00277, 0.00285, -0.00177, -0.00794, -0.02043, -0.03699, -0.06373], "mode2_error": [0.000407, 0.00052, 0.000795, 0.000832, 0.002379, 0.00546, 0.009693], "mode1": [0.05752, 0.09458, 0.13244, 0.17698, 0.23056, 0.266, 0.2761]}