{
  "1": 1067.6415782813601, 
  "2": 0.15334775187345104, 
  "3": 0.031324993110208164, 
  "4": -0.010020571633683039, 
  "5": -0.11974385900575407, 
  "6": -0.36023497124402148, 
  "7": -1.082542795972016
}