{
  "1": [
    0.0001557119848451335, 
    0.1819316794059691, 
    0.4310934179852897, 
    0.44832763796646896, 
    0.2981196319450167, 
    0.2793574595315501, 
    0.19901961775718013
  ], 
  "3": [
    0.0001113460091918573, 
    0.10776516390943747, 
    0.32235590943949555, 
    0.3323207507336369, 
    0.482198232398691, 
    0.29644467254952056, 
    0.24076552997480904
  ], 
  "2": [
    0.00013622597493102962, 
    0.1002620915601342, 
    0.2668728366227281, 
    0.24528049354530984, 
    0.23254565229252258, 
    0.16263695361245026, 
    0.14452830842114117
  ], 
  "5": [
    6.580143843908952e-05, 
    0.08402552746207463, 
    0.2746380952055396, 
    0.42073989792975397, 
    0.37953081371186925, 
    0.2678123930511524, 
    0.3629690638625234
  ], 
  "4": [
    0.00010540802423025958, 
    0.0668725682759348, 
    0.23947624502825107, 
    0.26966559034468157, 
    0.3043613663875155, 
    0.184462101098076, 
    0.16750348676851673
  ], 
  "7": [
    2.4351097623050056e-05, 
    0.040432187204447335, 
    0.18114260599301982, 
    0.28772338072734094, 
    0.31807052613665826, 
    0.41570849040752006, 
    0.36863261626445754
  ], 
  "6": [
    3.78953594629706e-05, 
    0.06333738874870773, 
    0.2640060344638436, 
    0.40335603263179914, 
    0.3396500718786458, 
    0.42043832855591873, 
    0.3065647937450396
  ]
}