{
  "1": [
    -0.28422, 
    0.28997357866238815, 
    -0.1979159121774558, 
    0.15502233091112377, 
    0.27994254157359105, 
    0.023849259925301347, 
    -0.017650168426630492
  ], 
  "3": [
    -0.4690204466666667, 
    -0.051697673719041576, 
    0.2230370755998188, 
    0.2515026271660142, 
    -0.20061777612310716, 
    -0.09114807488357062, 
    0.02885755648915642
  ], 
  "2": [
    -0.4994123933333334, 
    0.6731406698084816, 
    -0.009288788290327326, 
    -0.1430207564747523, 
    -0.10477734921816817, 
    0.09958215059713188, 
    0.005866647742326181
  ], 
  "5": [
    -0.26096519333333335, 
    -0.1621252214311975, 
    -0.3710062019013131, 
    -0.05805803987329914, 
    0.03359227103499611, 
    -0.4228656015124265, 
    0.03658665077022063
  ], 
  "4": [
    -0.6093085266666666, 
    -0.5322431732343987, 
    0.15074194205522864, 
    -0.13424211850195658, 
    0.1219766443286174, 
    0.10390211186425072, 
    -0.0005057227205631393
  ], 
  "7": [
    -0.03335619333333332, 
    -0.15614058959189828, 
    -0.22232710125245278, 
    0.03337846096515745, 
    -0.07402964010920828, 
    0.29039535666528327, 
    0.5671570455319629
  ], 
  "6": [
    -0.09671588666666667, 
    -0.23288110230956868, 
    -0.32393961822845885, 
    0.054167346748649564, 
    -0.14227146686522646, 
    0.24405686816987174, 
    -0.40948051549903625
  ]
}