{
  "1": 1067.642056361003, 
  "3": 0.0602391520487793, 
  "2": 0.21063493659070742, 
  "4": -0.013909612777066949
}