{
  "1": [
    -0.2859992982467861, 
    -0.5120853743969276, 
    0.7175969681600732, 
    -0.007909179567970664, 
    0.1116957396654043, 
    0.3139837507602892, 
    0.1729256282226821
  ], 
  "2": [
    -0.5056241053803598, 
    -0.627819562257223, 
    -0.47568093896195085, 
    0.08996408920124827, 
    -0.05651350576861144, 
    -0.32094246987141684, 
    -0.09809751763701889
  ], 
  "3": [
    -0.47225775429502875, 
    0.3834348535125698, 
    0.01013886511053767, 
    0.7654891521096897, 
    -0.0698862175689632, 
    0.1928815234953424, 
    0.042267274867770224
  ], 
  "4": [
    -0.6042706579007161, 
    0.42432725480217326, 
    0.2500068571629249, 
    -0.50327202918284, 
    -0.06782272825388623, 
    -0.327171338615836, 
    -0.16545749172074314
  ], 
  "5": [
    -0.2543485151554974, 
    0.06024186142469759, 
    -0.4182137842523793, 
    -0.3732126039747883, 
    0.06780501736990756, 
    0.7827953589881218, 
    0.011010877892291547
  ], 
  "6": [
    -0.09294795434266398, 
    0.11123304735418497, 
    -0.12942148084389843, 
    -0.021882446433332252, 
    0.7824025204626301, 
    -0.19396601814142952, 
    0.558554031024942
  ], 
  "7": [
    -0.032338237286786566, 
    0.023095190584667875, 
    -0.06725564168909466, 
    -0.11323003554612494, 
    -0.5984104403548057, 
    -0.0614359676963673, 
    0.786897105751322
  ]
}