{
  "1": 443.49064077364437, 
  "2": 0.16020762380803208, 
  "3": 0.052446416587857828, 
  "4": 0.044490825019599209, 
  "5": 0.029725008444298207, 
  "6": -0.091977605800545523, 
  "7": -0.48381719158113662
}