{
  "1": [
    0.0001900268870137973, 
    0.20562677020773218, 
    0.2706994875482502, 
    0.4045382006765615, 
    0.2955386722315558, 
    0.15850153380753448, 
    0.14038848982951752
  ], 
  "3": [
    0.00013955903265297983, 
    0.09524773813690852, 
    0.45893512007855874, 
    0.2812627893336746, 
    0.27649333318094227, 
    0.15412286574274547, 
    0.15732452145167403
  ], 
  "2": [
    0.00016823492076240587, 
    0.16029854780185693, 
    0.23922152550079165, 
    0.29931752257196936, 
    0.23862187121511919, 
    0.11129057567765138, 
    0.11268526682590363
  ], 
  "5": [
    8.032542589396135e-05, 
    0.08240852390502018, 
    0.3387078101755355, 
    0.4023572607061548, 
    0.5796030221236397, 
    0.24357614197244792, 
    0.3224569989021187
  ], 
  "4": [
    0.0001299102944549484, 
    0.09303437207900954, 
    0.3459245616280923, 
    0.26526219029525033, 
    0.28898754946472127, 
    0.16215215461278715, 
    0.1532675492439876
  ], 
  "7": [
    3.266393934441009e-05, 
    0.01953606486604205, 
    0.08583305936752601, 
    0.1475086334647806, 
    0.3396537097434571, 
    0.599531097380819, 
    0.45883224346114887
  ], 
  "6": [
    4.282366897556513e-05, 
    0.04078779425774353, 
    0.13570330537321507, 
    0.21600559601194064, 
    0.3198515467909128, 
    0.5570069845436167, 
    0.5412203534451818
  ]
}