{
  "1": 0.0007411969631968216, 
  "3": 0.0003929708148571376, 
  "2": 0.000617301510329705, 
  "4": 0.00011086770232521321
}