{
  "1": [
    6.72010815645122e-05, 
    0.0568025818318226, 
    0.2057347706745407, 
    0.2929779496637646, 
    0.2257158780264085, 
    0.20481953117981636, 
    0.15137988360073712
  ], 
  "3": [
    5.010126371991511e-05, 
    0.06037599311275285, 
    0.2995182834299948, 
    0.44612416000689653, 
    0.23581621091496888, 
    0.20522169181624353, 
    0.1631005027681405
  ], 
  "2": [
    6.078252649275093e-05, 
    0.06737698971402349, 
    0.34559853997339274, 
    0.3190265927478381, 
    0.322462505907875, 
    0.23133939982628426, 
    0.1916571988586553
  ], 
  "5": [
    3.152422313569532e-05, 
    0.03822039467090572, 
    0.13868909681258793, 
    0.229343271059244, 
    0.3566522623716296, 
    0.3338214143294956, 
    0.4615277170867034
  ], 
  "4": [
    4.763751672047981e-05, 
    0.03633137291904277, 
    0.3537407897017992, 
    0.2939265789733559, 
    0.29436179208697605, 
    0.1850825826237759, 
    0.22651667034784384
  ], 
  "7": [
    3.173652574975634e-05, 
    0.024746006181515574, 
    0.2642254309531073, 
    0.2948312482687343, 
    0.2846078676298872, 
    0.4794740040601159, 
    0.3036127213776014
  ], 
  "6": [
    8.61130777984718e-06, 
    0.0367116514970176, 
    0.2975602958321279, 
    0.3005554806217839, 
    0.3014799729374285, 
    0.34788293713102136, 
    0.3536270837302532
  ]
}