{
  "dV_11": 0.3874209730974875, 
  "dV_12": 0.2559887607181872, 
  "dV_13": 0.1978087232488436, 
  "dV_14": 0.1947603045434901, 
  "dV_15": 0.10178869977916298, 
  "dV_16": 0.05381228343335782, 
  "dV_17": 0.02972358661211807, 
  "dV_21": 0.2559887607181872, 
  "dV_22": 0.3374721645320355, 
  "dV_23": 0.18476004681186814, 
  "dV_24": 0.18164027798268684, 
  "dV_25": 0.09492572544071692, 
  "dV_26": 0.05021767114462185, 
  "dV_27": 0.027752755323814986, 
  "dV_31": 0.1978087232488436, 
  "dV_32": 0.18476004681186814, 
  "dV_33": 0.2010855789317958, 
  "dV_34": 0.14049881133454456, 
  "dV_35": 0.07333047627036, 
  "dV_36": 0.038809905783878065, 
  "dV_37": 0.021446210347192955, 
  "dV_41": 0.1947603045434901, 
  "dV_42": 0.18164027798268684, 
  "dV_43": 0.14049881133454456, 
  "dV_44": 0.19285836558514252, 
  "dV_45": 0.07227547943459496, 
  "dV_46": 0.03820465177611077, 
  "dV_47": 0.021112318395598434, 
  "dV_51": 0.10178869977916298, 
  "dV_52": 0.09492572544071692, 
  "dV_53": 0.07333047627036, 
  "dV_54": 0.07227547943459496, 
  "dV_55": 0.05315479154996418, 
  "dV_56": 0.020040775834044632, 
  "dV_57": 0.011059004688272742, 
  "dV_61": 0.05381228343335782, 
  "dV_62": 0.05021767114462185, 
  "dV_63": 0.038809905783878065, 
  "dV_64": 0.03820465177611077, 
  "dV_65": 0.020040775834044632, 
  "dV_66": 0.014962804512643655, 
  "dV_67": 0.005864369051595419, 
  "dV_71": 0.02972358661211807, 
  "dV_72": 0.027752755323814986, 
  "dV_73": 0.021446210347192955, 
  "dV_74": 0.021112318395598434, 
  "dV_75": 0.011059004688272742, 
  "dV_76": 0.005864369051595419, 
  "dV_77": 0.0045854960313790405
}