{
  "1": [
    -0.2842828466666667, 
    -0.7083621066666671, 
    0.19802620158253031, 
    0.12745646492928445, 
    0.31410545371219056, 
    0.03845754831677362, 
    -0.04824573083577832
  ], 
  "3": [
    -0.4698625466666667, 
    0.12661593333333304, 
    -0.4738832417677344, 
    -0.12175939406992557, 
    0.3016882447296065, 
    0.01159823502284842, 
    0.09684624238320926
  ], 
  "2": [
    -0.5008553266666665, 
    -0.3146463533333336, 
    0.08207495594485312, 
    -0.3191096273960797, 
    -0.33510559883898616, 
    -0.0803171047666962, 
    -0.02568114797261717
  ], 
  "5": [
    -0.25937336666666666, 
    0.3441566399999994, 
    0.16630471303686775, 
    0.040562581664154336, 
    0.11991264130766875, 
    -0.4633385444178929, 
    -0.1721338298352516
  ], 
  "4": [
    -0.6083083533333333, 
    0.2777605533333337, 
    0.08013559655851561, 
    0.31973405843922753, 
    -0.18973274518790093, 
    0.18791589737139977, 
    0.06484309034830382
  ], 
  "7": [
    -0.03292313999999992, 
    0.20179238, 
    0.27768507307971296, 
    -0.13030205327015576, 
    0.15172082187595493, 
    -0.043290215067286204, 
    0.5291925524712257
  ], 
  "6": [
    -0.09569974, 
    0.36155418000000017, 
    0.25317088213952554, 
    -0.2082158374614112, 
    0.16837112740604981, 
    0.32537882446652466, 
    -0.3255059956367996
  ]
}