{
  "1": 1100.1160538503743, 
  "3": 0.054755594291796376, 
  "2": 0.20678153131253818, 
  "5": -0.06492188062574913, 
  "4": 0.019808396472301284, 
  "7": -0.9177595019059236, 
  "6": -0.2259171107569514
}