{
  "1": [
    3.518098282252824e-05, 
    0.04961294216937869, 
    0.27335414505199274, 
    0.3515580903156188, 
    0.27927781791078654, 
    0.25017257201885035, 
    0.2018076576173643
  ], 
  "3": [
    3.297203704585341e-05, 
    0.038508496396097214, 
    0.4187847013845999, 
    0.46924362432578254, 
    0.28869342284082106, 
    0.3298496829376683, 
    0.2536764253081279
  ], 
  "2": [
    3.335717710569533e-05, 
    0.04727908637389385, 
    0.27554975409665394, 
    0.30380431440658073, 
    0.3079836051362667, 
    0.2553296340376, 
    0.21475209881482668
  ], 
  "5": [
    8.910116440854793e-06, 
    0.005513446166121331, 
    0.2773132488102009, 
    0.32214328063441805, 
    0.3233599788622279, 
    0.2531866993528061, 
    0.3204535991039409
  ], 
  "4": [
    3.3927760656809e-05, 
    0.007663882532170132, 
    0.2557723503707885, 
    0.2605031360215946, 
    0.33629890305103377, 
    0.2218955658819207, 
    0.22411362162251722
  ], 
  "7": [
    0.0, 
    0.012412391514211848, 
    0.16037290768577392, 
    0.28376621234599636, 
    0.4386989388544186, 
    0.4509876678598306, 
    0.33242648917169487
  ], 
  "6": [
    3.1235020794190398e-06, 
    0.01099884739226087, 
    0.1952589824268691, 
    0.28996272550701424, 
    0.4500930000510175, 
    0.373949611266133, 
    0.3793936199766926
  ]
}