{
  "1": 0.1791565981470753, 
  "3": 0.1653506162152043, 
  "2": 0.12904434609029453, 
  "4": 0.08057914223368465
}