{
  "dV_11": 0.4800694525711777, 
  "dV_12": 0.35073685284609574, 
  "dV_13": 0.2772070496531225, 
  "dV_14": 0.29519894108759337, 
  "dV_15": 0.1490701776200692, 
  "dV_16": 0.07718122409225603, 
  "dV_17": 0.042586249115372024, 
  "dV_21": 0.35073685284609574, 
  "dV_22": 0.4952668730134157, 
  "dV_23": 0.2827158897413934, 
  "dV_24": 0.29872646876469183, 
  "dV_25": 0.15173230602067792, 
  "dV_26": 0.07928654077317214, 
  "dV_27": 0.04404397008399219, 
  "dV_31": 0.2772070496531225, 
  "dV_32": 0.2827158897413934, 
  "dV_33": 0.3076553862721796, 
  "dV_34": 0.23634590879079, 
  "dV_35": 0.12009927651164212, 
  "dV_36": 0.06281726468795588, 
  "dV_37": 0.03492661571252141, 
  "dV_41": 0.29519894108759337, 
  "dV_42": 0.29872646876469183, 
  "dV_43": 0.23634590879079, 
  "dV_44": 0.3370966302883082, 
  "dV_45": 0.12814750340612532, 
  "dV_46": 0.06730588859279577, 
  "dV_47": 0.03754401527879626, 
  "dV_51": 0.1490701776200692, 
  "dV_52": 0.15173230602067792, 
  "dV_53": 0.12009927651164212, 
  "dV_54": 0.12814750340612532, 
  "dV_55": 0.09012156981039078, 
  "dV_56": 0.03419080298503525, 
  "dV_57": 0.0188881884674317, 
  "dV_61": 0.07718122409225603, 
  "dV_62": 0.07928654077317214, 
  "dV_63": 0.06281726468795588, 
  "dV_64": 0.06730588859279577, 
  "dV_65": 0.03419080298503525, 
  "dV_66": 0.02465690890832066, 
  "dV_67": 0.009729157226725705, 
  "dV_71": 0.042586249115372024, 
  "dV_72": 0.04404397008399219, 
  "dV_73": 0.03492661571252141, 
  "dV_74": 0.03754401527879626, 
  "dV_75": 0.0188881884674317, 
  "dV_76": 0.009729157226725705, 
  "dV_77": 0.0074987065389914625
}