{
  "1": 5917.664865301647, 
  "3": 0.4926129929368014, 
  "2": 1.868962577740843, 
  "4": 0.23886735057009922
}