{
  "1": [
    8.27498672784046e-05, 
    0.3321157794304287, 
    0.35847065690675295, 
    0.33836425014580807, 
    0.29138155586037084, 
    0.21761878643946445, 
    0.18655356774385606
  ], 
  "3": [
    6.200973344293549e-05, 
    0.2891615276196615, 
    0.35538736369958085, 
    0.36459560368965005, 
    0.37079468865624404, 
    0.28887802765511955, 
    0.26746818223937996
  ], 
  "2": [
    7.271441074097116e-05, 
    0.3684613989964554, 
    0.37135714241777884, 
    0.26577241278354236, 
    0.3362335557601558, 
    0.22974188710669086, 
    0.21990730710449316
  ], 
  "5": [
    3.988841718584312e-05, 
    0.40339832408299514, 
    0.2842326568691461, 
    0.38610438888453696, 
    0.3167230396533452, 
    0.30208653313975503, 
    0.3329388010331375
  ], 
  "4": [
    6.33054389630565e-05, 
    0.2986131406079609, 
    0.31935906451220786, 
    0.39167052782271006, 
    0.3263939930751354, 
    0.24819192857177225, 
    0.22710828491139629
  ], 
  "7": [
    0.0, 
    0.222321143040687, 
    0.19009730578565134, 
    0.28540604426511096, 
    0.3472778776877957, 
    0.5127373881306595, 
    0.292997976410083
  ], 
  "6": [
    1.701442010396959e-05, 
    0.3055400623090772, 
    0.2644927170759503, 
    0.36861623529576665, 
    0.3560501797725971, 
    0.32564412086675754, 
    0.43027437884362935
  ]
}