{
  "1": 3072.8602711700432, 
  "3": 0.35822278352436915, 
  "2": 0.6215785997954205, 
  "4": 0.12216547541936491
}