{
  "1": [
    -0.45912896000000003, 
    0.43431015212786434, 
    -0.09352397464033094, 
    0.1042814463783104, 
    0.10080056647784058, 
    0.00028920772946841307, 
    0.02267450221022587
  ], 
  "3": [
    -0.43107313999999997, 
    -0.09610498363181229, 
    -0.03361470373079796, 
    0.25416179562295294, 
    -0.272596801066311, 
    0.09644857971014512, 
    -0.006831040957634029
  ], 
  "2": [
    -0.5226682133333334, 
    -0.016588757943384474, 
    -0.2013193416239931, 
    -0.27221753690619754, 
    -0.04129336887704141, 
    0.07136941062801933, 
    0.011392234870711561
  ], 
  "5": [
    -0.22160557999999997, 
    -0.009445711534758656, 
    0.3666553474762255, 
    -0.0897044919294621, 
    -0.17934972786848793, 
    -0.3061557971014505, 
    -0.1928979032194964
  ], 
  "4": [
    -0.52224706, 
    -0.2762332486038893, 
    0.09631822970007328, 
    0.019345137572520064, 
    0.22412053759857853, 
    -0.0935199323671499, 
    0.05055589328326108
  ], 
  "7": [
    -0.0317666666666666, 
    -0.00345487001733094, 
    0.204492040965618, 
    -0.044532753173645606, 
    -0.04758116183494382, 
    0.061580570048309545, 
    0.5817625826389692
  ], 
  "6": [
    -0.08563605333333332, 
    -0.033112108607741254, 
    0.287199478176055, 
    -0.04634852662416007, 
    0.1987461846051318, 
    0.4170677971014491, 
    -0.18161805343660747
  ]
}