{
  "1": [
    2.0645984999661093e-05, 
    0.029197258717274757, 
    0.13002327490804688, 
    0.18996378082924198, 
    0.09115516105399914, 
    0.1574082810263488, 
    0.14628867990965777
  ], 
  "3": [
    1.40453631612766e-05, 
    0.021385461304685018, 
    0.2358843245667887, 
    0.28947707513822823, 
    0.15424044825452268, 
    0.16025278095039527, 
    0.15208367219087748
  ], 
  "2": [
    1.683450236146816e-05, 
    0.028591286319384002, 
    0.12070029511286313, 
    0.17497585744935637, 
    0.1532738867802263, 
    0.20905615862857632, 
    0.25235387994093467
  ], 
  "5": [
    9.42715606389714e-07, 
    0.019215420959557233, 
    0.10829589514133504, 
    0.15138099086035536, 
    0.18686138345504877, 
    0.24807393396609861, 
    0.17577202408832424
  ], 
  "4": [
    1.4954840934367339e-05, 
    0.017133125014001948, 
    0.1559056571812433, 
    0.15512338610286236, 
    0.15960871619705058, 
    0.1415631946019902, 
    0.20683583428193475
  ], 
  "7": [
    0.0, 
    0.0113717477881684, 
    0.15640385590270564, 
    0.23051890151383864, 
    0.23133155371172437, 
    0.18859997678432588, 
    0.09425576860967527
  ], 
  "6": [
    0.0, 
    0.013417754186571486, 
    0.10482382801197199, 
    0.13287053827587655, 
    0.1601911120379656, 
    0.316601476864571, 
    0.20589858125424007
  ]
}