{
  "1": [
    -0.42222956666666667, 
    0.5846761333333342, 
    0.47661730666666646, 
    0.0671749732262383, 
    -0.23897449075947658, 
    0.2972472633364171, 
    0.02549947271893626
  ], 
  "3": [
    -0.4480358399999999, 
    -0.022953606666666602, 
    -0.17271608666666666, 
    -0.7305392503346724, 
    0.04987785646836648, 
    0.044136802343509154, 
    -0.12724264099037189
  ], 
  "2": [
    -0.5644321133333333, 
    0.22692275333333345, 
    -0.15350526000000028, 
    0.2608112851405627, 
    0.27173628760285967, 
    -0.5345526133209982, 
    0.020719432981812686
  ], 
  "5": [
    -0.1959000133333333, 
    -0.46897032, 
    0.32816551999999993, 
    -0.08947546184738893, 
    -0.38100198974773974, 
    -0.27113458217699715, 
    0.4944984105150546
  ], 
  "4": [
    -0.5085636266666667, 
    -0.4828807666666667, 
    -0.2730871333333335, 
    0.32913782463186025, 
    -0.010269432078780507, 
    0.4319514030218938, 
    -0.03245123032248156
  ], 
  "7": [
    -0.025566666666666623, 
    -0.23402589333333307, 
    0.5012577666666663, 
    -0.07755133868808552, 
    0.7007998448671257, 
    0.1231063829787235, 
    0.09993809414641594
  ], 
  "6": [
    -0.0688333333333333, 
    -0.3084771933333337, 
    0.3568071199999999, 
    0.05614576974564939, 
    -0.18712167813300926, 
    -0.1927379586802345, 
    -0.7028462555402734
  ]
}