{
  "1": [
    0.00022647946166664537, 
    0.2873338777632162, 
    0.42817646113685215, 
    0.3173037429581951, 
    0.1514838066099879, 
    0.1546478002939177, 
    0.12465816996289898
  ], 
  "3": [
    0.0001519384928567144, 
    0.44015351531179103, 
    0.3284644579447473, 
    0.3994570002738405, 
    0.20255197279294723, 
    0.2047693764171867, 
    0.16378290754796168
  ], 
  "2": [
    0.000183122641781562, 
    0.26859260788903694, 
    0.4537114938317593, 
    0.309317426565736, 
    0.25008364011310996, 
    0.24763506433960955, 
    0.2305875674802038
  ], 
  "5": [
    9.595613793007822e-05, 
    0.17662011604799369, 
    0.3603091849816419, 
    0.3416983926536464, 
    0.32870320950662457, 
    0.28013998284538116, 
    0.37121158367678503
  ], 
  "4": [
    0.00014464986127444586, 
    0.2674494179548427, 
    0.28570514264740016, 
    0.2782327485735221, 
    0.2428921304998016, 
    0.24564631441496368, 
    0.2834244188017535
  ], 
  "7": [
    3.452503824265894e-05, 
    0.04729323692473178, 
    0.10405928200081119, 
    0.2707481164475175, 
    0.48602533129402126, 
    0.4580973451911703, 
    0.40906221837218515
  ], 
  "6": [
    5.328793901009704e-05, 
    0.10138299418607363, 
    0.2066234543021376, 
    0.3400344085277495, 
    0.4183184570099092, 
    0.4076666608310936, 
    0.43013386587127056
  ]
}