{
  "1": 0.0015654098978859887, 
  "3": 0.0014908050484215257, 
  "2": 0.0025247760466539228, 
  "4": 0.00021296789028208286
}