{
  "dV_11": 0.6339192279038082, 
  "dV_12": 0.3794405727478278, 
  "dV_13": 0.30132150128225504, 
  "dV_14": 0.31025907450576284, 
  "dV_15": 0.1689228003453261, 
  "dV_16": 0.09230334459937378, 
  "dV_17": 0.05246908189962058, 
  "dV_21": 0.3794405727478278, 
  "dV_22": 0.45279096859553164, 
  "dV_23": 0.25486420744503696, 
  "dV_24": 0.26207191804967395, 
  "dV_25": 0.14268936025658135, 
  "dV_26": 0.07804052895463767, 
  "dV_27": 0.04438905458992889, 
  "dV_31": 0.30132150128225504, 
  "dV_32": 0.25486420744503696, 
  "dV_33": 0.2845138037238239, 
  "dV_34": 0.20841912113272754, 
  "dV_35": 0.11333368288286444, 
  "dV_36": 0.0619360325231769, 
  "dV_37": 0.03523627999120255, 
  "dV_41": 0.31025907450576284, 
  "dV_42": 0.26207191804967395, 
  "dV_43": 0.20841912113272754, 
  "dV_44": 0.2976553853763356, 
  "dV_45": 0.11677164446562124, 
  "dV_46": 0.063806439434601, 
  "dV_47": 0.036296039642899805, 
  "dV_51": 0.1689228003453261, 
  "dV_52": 0.14268936025658135, 
  "dV_53": 0.11333368288286444, 
  "dV_54": 0.11677164446562124, 
  "dV_55": 0.08919346730662289, 
  "dV_56": 0.03491641682387774, 
  "dV_57": 0.01981472701535427, 
  "dV_61": 0.09230334459937378, 
  "dV_62": 0.07804052895463767, 
  "dV_63": 0.0619360325231769, 
  "dV_64": 0.063806439434601, 
  "dV_65": 0.03491641682387774, 
  "dV_66": 0.02691190842035409, 
  "dV_67": 0.010877086186033799, 
  "dV_71": 0.05246908189962058, 
  "dV_72": 0.04438905458992889, 
  "dV_73": 0.03523627999120255, 
  "dV_74": 0.036296039642899805, 
  "dV_75": 0.01981472701535427, 
  "dV_76": 0.010877086186033799, 
  "dV_77": 0.008756935892076562
}