{
  "1": 852.9518617501228, 
  "3": 0.3271310480613208, 
  "2": 0.7763021434282875, 
  "4": 0.009717528159037753
}