{
  "1": [
    0.00011410691230110559, 
    0.00037304484985053543, 
    0.09698077182701034, 
    0.18048930881060532, 
    0.10546377255509705, 
    0.09025642123320676, 
    0.08023820028242086
  ], 
  "3": [
    0.00012602839172178663, 
    0.0004909947768327807, 
    0.4157825436955014, 
    0.5339744165106061, 
    0.2257118628748497, 
    0.28999193100121556, 
    0.25703997593285405
  ], 
  "2": [
    0.00017703502518379415, 
    0.0006864758098135791, 
    0.21943737730512713, 
    0.31585746411244847, 
    0.17856817766059824, 
    0.17587070982396483, 
    0.15956377802727642
  ], 
  "5": [
    4.808210570346105e-05, 
    0.00028208255243076613, 
    0.26645968813265214, 
    0.38777190228259245, 
    0.4152272718184014, 
    0.40997187314676337, 
    0.29966361391405405
  ], 
  "4": [
    0.00010676064527892434, 
    0.00042336435220744736, 
    0.2413893789847372, 
    0.36746240423476034, 
    0.2753720017182571, 
    0.22744618064876398, 
    0.2370446025195976
  ], 
  "7": [
    3.1935420958515683e-06, 
    5.5947940479276784e-05, 
    0.10711923282966165, 
    0.2985855117098948, 
    0.6029849979800606, 
    0.5103870297683176, 
    0.5656885883487814
  ], 
  "6": [
    3.311372390851562e-05, 
    0.00011698948930329836, 
    0.16151989972270978, 
    0.29857471361019905, 
    0.46107594537002106, 
    0.3824839814649423, 
    0.48409714670811016
  ]
}