{
  "1": 3718.7870704007464, 
  "2": 0.33971193039215236, 
  "3": 0.23077573468891643, 
  "4": 0.16472582312743231, 
  "5": 0.038997548333393826, 
  "6": 0.021336270835135358, 
  "7": -0.32979598408922561
}