{
  "1": 0.001662991311673176, 
  "3": 0.000970633777803728, 
  "2": 0.0013691262585555088, 
  "4": 0.0006206260690211683
}