{
  "dV_11": 0.4625841245021461, 
  "dV_12": 0.3346272643831969, 
  "dV_13": 0.25783677509748365, 
  "dV_14": 0.26020090694452175, 
  "dV_15": 0.12208670974830826, 
  "dV_16": 0.058372210015929474, 
  "dV_17": 0.029184632816102934, 
  "dV_21": 0.3346272643831969, 
  "dV_22": 0.4687997148601154, 
  "dV_23": 0.2603427553551279, 
  "dV_24": 0.26025804584365864, 
  "dV_25": 0.12312627440655821, 
  "dV_26": 0.05952026824371419, 
  "dV_27": 0.029992719819121966, 
  "dV_31": 0.25783677509748365, 
  "dV_32": 0.2603427553551279, 
  "dV_33": 0.2777922431696116, 
  "dV_34": 0.20127549474110565, 
  "dV_35": 0.09517478418150434, 
  "dV_36": 0.046006789912905126, 
  "dV_37": 0.02319245654978408, 
  "dV_41": 0.26020090694452175, 
  "dV_42": 0.26025804584365864, 
  "dV_43": 0.20127549474110565, 
  "dV_44": 0.2753806489457179, 
  "dV_45": 0.09644083350089472, 
  "dV_46": 0.04676314267061373, 
  "dV_47": 0.023655302558432328, 
  "dV_51": 0.12208670974830826, 
  "dV_52": 0.12312627440655821, 
  "dV_53": 0.09517478418150434, 
  "dV_54": 0.09644083350089472, 
  "dV_55": 0.06359041148670583, 
  "dV_56": 0.022042501340305123, 
  "dV_57": 0.01102222182513328, 
  "dV_61": 0.058372210015929474, 
  "dV_62": 0.05952026824371419, 
  "dV_63": 0.046006789912905126, 
  "dV_64": 0.04676314267061373, 
  "dV_65": 0.022042501340305123, 
  "dV_66": 0.014736599569291114, 
  "dV_67": 0.00523567202093142, 
  "dV_71": 0.029184632816102934, 
  "dV_72": 0.029992719819121966, 
  "dV_73": 0.02319245654978408, 
  "dV_74": 0.023655302558432328, 
  "dV_75": 0.01102222182513328, 
  "dV_76": 0.00523567202093142, 
  "dV_77": 0.0037249680643960054
}