{
  "V_11": 655.6703066084176, 
  "V_12": 877.7501409439191, 
  "V_13": 700.3567532964115, 
  "V_14": 799.8753151094953, 
  "V_15": 308.8943308201403, 
  "V_16": 108.01175198121094, 
  "V_17": 36.05989779521404, 
  "V_21": 877.7501409439191, 
  "V_22": 1174.8700001557559, 
  "V_23": 937.0923549761633, 
  "V_24": 1070.2689343899983, 
  "V_25": 413.4825690164892, 
  "V_26": 144.38810411346637, 
  "V_27": 48.19494075963392, 
  "V_31": 700.3567532964115, 
  "V_32": 937.0923549761633, 
  "V_33": 747.8919458562702, 
  "V_34": 853.7606024068083, 
  "V_35": 329.98149577605864, 
  "V_36": 115.22349806473036, 
  "V_37": 38.47679619685818, 
  "V_41": 799.8753151094953, 
  "V_42": 1070.2689343899983, 
  "V_43": 853.7606024068083, 
  "V_44": 975.2321546216309, 
  "V_45": 376.7990789471156, 
  "V_46": 131.6343761650978, 
  "V_47": 43.96135003618263, 
  "V_51": 308.8943308201403, 
  "V_52": 413.4825690164892, 
  "V_53": 329.98149577605864, 
  "V_54": 376.7990789471156, 
  "V_55": 145.74017608682396, 
  "V_56": 50.8748867669856, 
  "V_57": 16.993553970554853, 
  "V_61": 108.01175198121094, 
  "V_62": 144.38810411346637, 
  "V_63": 115.22349806473036, 
  "V_64": 131.6343761650978, 
  "V_65": 50.8748867669856, 
  "V_66": 17.816724709698686, 
  "V_67": 5.957773017444869, 
  "V_71": 36.05989779521404, 
  "V_72": 48.19494075963392, 
  "V_73": 38.47679619685818, 
  "V_74": 43.96135003618263, 
  "V_75": 16.993553970554853, 
  "V_76": 5.957773017444869, 
  "V_77": 2.0315136854371607
}