{
  "1": [
    0.41995948000000005, 
    0.6275882366021786, 
    -0.007844424406371965, 
    0.03902173037037051, 
    0.11328733089133106, 
    -0.01306338100102153, 
    0.039591514340912626
  ], 
  "3": [
    0.4483968666666668, 
    -0.20017348602772167, 
    0.40251373609858737, 
    -0.17224946370370398, 
    0.1614702075702074, 
    0.009770820565202485, 
    -0.03423169118739773
  ], 
  "2": [
    0.5620388333333334, 
    -0.09924032317841591, 
    -0.3013711251377615, 
    -0.230650198518518, 
    -0.06115134065934046, 
    -0.06147263363976881, 
    0.008356806360529073
  ], 
  "5": [
    0.19784931999999997, 
    0.10583070936179663, 
    0.19110641218314775, 
    0.0746221925925929, 
    -0.5004003369963368, 
    0.03525088525706519, 
    0.03287531579729545
  ], 
  "4": [
    0.5120853266666666, 
    -0.25766943888518223, 
    -0.09365539525097677, 
    0.3227965925925934, 
    0.01885488156288195, 
    0.10876149131767093, 
    -0.07096136127210563
  ], 
  "7": [
    0.023099533333333457, 
    -0.0158938551627009, 
    0.02388573289249584, 
    0.07009068444444458, 
    -0.018341435897435723, 
    -0.4628639257745993, 
    -0.3695564645563992
  ], 
  "6": [
    0.0691007666666666, 
    -0.0961810466236752, 
    0.0259071034966435, 
    0.1273476918518517, 
    0.06029603418803445, 
    -0.2363142917943494, 
    0.4686161093773226
  ]
}