{
  "1": [
    5.6352079949611776e-05, 
    0.3064264623589126, 
    0.3384973825188166, 
    0.38414052856800546, 
    0.28124617480233305, 
    0.18998592496451258, 
    0.17459647503291703
  ], 
  "3": [
    4.316125680501732e-05, 
    0.2619661175535841, 
    0.35842645823819846, 
    0.34703722090044165, 
    0.3062651255709698, 
    0.20893297107289038, 
    0.2146661917140837
  ], 
  "2": [
    5.107456797156502e-05, 
    0.20422414836952202, 
    0.31195640275960873, 
    0.22479997185419848, 
    0.19050999949336545, 
    0.1866827167853264, 
    0.1573782474216835
  ], 
  "5": [
    2.3946277310149074e-05, 
    0.20056089991753598, 
    0.3801410210565134, 
    0.4469395622566639, 
    0.3316295804425607, 
    0.31542099833233656, 
    0.30099206065300266
  ], 
  "4": [
    4.1431925729821816e-05, 
    0.2211177990731273, 
    0.3622750251571432, 
    0.3205764085772174, 
    0.296991185149396, 
    0.20485180678595655, 
    0.20271617852750598
  ], 
  "7": [
    7.693503761189927e-06, 
    0.03260931756647552, 
    0.10256567107206638, 
    0.24316963330274213, 
    0.42717217307730365, 
    0.3641840505347517, 
    0.5545496766804343
  ], 
  "6": [
    1.501510944889836e-05, 
    0.061164648258401975, 
    0.15774882960685294, 
    0.26150649857618724, 
    0.3743107978120849, 
    0.5492262687283314, 
    0.3642008983467002
  ]
}