{
  "1": 0.03886635844687311, 
  "3": 0.043321600051707564, 
  "2": 0.050256573296452826, 
  "4": 0.02623924291186948
}