{
  "1": [
    -0.28554042, 
    0.40729932967702603, 
    -0.4457479377219338, 
    0.10597847332276808, 
    0.1028360331557135, 
    0.06391099482461197, 
    0.0015614713935725474
  ], 
  "3": [
    -0.4712426066666667, 
    0.18480315356489915, 
    0.32858815442046757, 
    0.30609620531783793, 
    0.049761953818827795, 
    0.04641919493962057, 
    -0.024289739155497776
  ], 
  "2": [
    -0.5041338599999999, 
    -0.6055803930530176, 
    -0.1758585723390695, 
    0.10469808945236812, 
    -0.12381072429445386, 
    -0.021208989840904455, 
    -0.12826454820579347
  ], 
  "5": [
    -0.2561657733333333, 
    -0.23253631170018363, 
    0.0020136665756171125, 
    -0.1987939602042592, 
    0.42055898559305316, 
    0.1093303162737206, 
    0.11149821299899092
  ], 
  "4": [
    -0.6056038666666665, 
    0.2769694241316279, 
    0.1027334425930984, 
    -0.3007977636907905, 
    -0.14400812709690114, 
    -0.07727465976614928, 
    -0.011367394437239078
  ], 
  "7": [
    -0.032367566666666646, 
    -0.003690425045703757, 
    -0.01265862696895198, 
    0.0626513646768797, 
    0.13320661140714415, 
    -0.5293923442591524, 
    0.13559485516645067
  ], 
  "6": [
    -0.09390357333333331, 
    -0.06538697440584983, 
    -0.01311850132022215, 
    0.04016863004050001, 
    -0.16220008288928348, 
    0.06926621046578524, 
    0.5280319498486811
  ]
}