{
  "1": 814.1751130101395, 
  "3": 0.13570930429830294, 
  "2": 0.23318562868241538, 
  "4": 0.07765966339373635
}