{
  "1": 1067.4135978738068, 
  "3": 0.09532749610648672, 
  "2": 0.3581206051266187, 
  "4": -0.04316161933848373
}