{
  "1": [
    -0.39369436555364185, 
    -0.6368021899754732, 
    -0.5297246930829971, 
    0.3899210684103735, 
    0.07158574692770879, 
    -0.036669079417883686, 
    -0.019284366023865636
  ], 
  "2": [
    -0.5341614486198342, 
    -0.27054707789192983, 
    0.5445207045598603, 
    -0.33217329233017806, 
    0.4811602841799239, 
    -0.043863600624388245, 
    0.03456439047246278
  ], 
  "3": [
    -0.4443783453567627, 
    0.005980063536175384, 
    -0.18682997806376836, 
    -0.552119140062582, 
    -0.6502566925140361, 
    0.17681756728268633, 
    0.09302107950391314
  ], 
  "4": [
    -0.5452428495675926, 
    0.48820475513726075, 
    0.22637656251481436, 
    0.5854541471816844, 
    -0.20261711523396256, 
    -0.12576554895673225, 
    0.11615841277523939
  ], 
  "5": [
    -0.23502607240318404, 
    0.38994044211190665, 
    -0.3216643743688421, 
    -0.1031731762522372, 
    0.32864479317023026, 
    0.30602993402454853, 
    -0.6906046642351964
  ], 
  "6": [
    -0.09205917597095335, 
    0.3025418556643721, 
    -0.4264270546645047, 
    -0.28167076674848046, 
    0.27309442964770275, 
    -0.7044899099371172, 
    0.26063092524209724
  ], 
  "7": [
    -0.034673735353368526, 
    0.19829897267706395, 
    -0.22677998235400465, 
    0.006872834779928964, 
    0.3418842386498142, 
    0.5997412642369012, 
    0.6568290771516044
  ]
}