{
  "1": 0.21761265002565394, 
  "3": 0.20306442510241815, 
  "2": 0.2064873874425743, 
  "4": 0.16908783459487373
}