{
  "dV_11": 0.6297418203338059, 
  "dV_12": 0.4432278308559578, 
  "dV_13": 0.3479033514269172, 
  "dV_14": 0.3603621328947598, 
  "dV_15": 0.18967359500763153, 
  "dV_16": 0.10230609642900074, 
  "dV_17": 0.057977288132668926, 
  "dV_21": 0.4432278308559578, 
  "dV_22": 0.6092653641642262, 
  "dV_23": 0.3460681769027902, 
  "dV_24": 0.3586505297913373, 
  "dV_25": 0.1880270244318219, 
  "dV_26": 0.10117771518042078, 
  "dV_27": 0.05726983461639819, 
  "dV_31": 0.3479033514269172, 
  "dV_32": 0.3460681769027902, 
  "dV_33": 0.37461304232224607, 
  "dV_34": 0.28281088948956085, 
  "dV_35": 0.14795687254769174, 
  "dV_36": 0.0795063794417296, 
  "dV_37": 0.04499096100818074, 
  "dV_41": 0.3603621328947598, 
  "dV_42": 0.3586505297913373, 
  "dV_43": 0.28281088948956085, 
  "dV_44": 0.3969659010408111, 
  "dV_45": 0.15445467345457678, 
  "dV_46": 0.08261835225513368, 
  "dV_47": 0.046654093020870285, 
  "dV_51": 0.18967359500763153, 
  "dV_52": 0.1880270244318219, 
  "dV_53": 0.14795687254769174, 
  "dV_54": 0.15445467345457678, 
  "dV_55": 0.11204908314886573, 
  "dV_56": 0.04369939006794451, 
  "dV_57": 0.02465506344277095, 
  "dV_61": 0.10230609642900074, 
  "dV_62": 0.10117771518042078, 
  "dV_63": 0.0795063794417296, 
  "dV_64": 0.08261835225513368, 
  "dV_65": 0.04369939006794451, 
  "dV_66": 0.03299456945394015, 
  "dV_67": 0.013342048963538349, 
  "dV_71": 0.057977288132668926, 
  "dV_72": 0.05726983461639819, 
  "dV_73": 0.04499096100818074, 
  "dV_74": 0.046654093020870285, 
  "dV_75": 0.02465506344277095, 
  "dV_76": 0.013342048963538349, 
  "dV_77": 0.010666981126670071
}