{
  "1": [
    -0.28428369333333336, 
    -0.7089379466666663, 
    0.1996143943321239, 
    0.12257023565389509, 
    0.31007626338206534, 
    0.03569010867719473, 
    -0.05006008347562102
  ], 
  "3": [
    -0.4698615200000001, 
    0.12578758000000018, 
    -0.4699508864696734, 
    -0.1213890519877682, 
    0.31183315682437335, 
    0.009956996094413247, 
    0.09108379055207746
  ], 
  "2": [
    -0.5008556933333332, 
    -0.3141767800000001, 
    0.07863501296008253, 
    -0.31649946033459236, 
    -0.33487667012010286, 
    -0.07692045338767187, 
    -0.022510608992600992
  ], 
  "5": [
    -0.25937253333333327, 
    0.34387482, 
    0.16724308622775186, 
    0.03714389998201101, 
    0.11419282836422297, 
    -0.46741052810324274, 
    -0.1699331170555874
  ], 
  "4": [
    -0.60830858, 
    0.27852268000000036, 
    0.07886991878348046, 
    0.32220196078431335, 
    -0.1930336479797398, 
    0.18935723382577674, 
    0.06733369379624375
  ], 
  "7": [
    -0.03292393333333325, 
    0.2014789200000002, 
    0.27677738724727863, 
    -0.13517458895484788, 
    0.1515874410037986, 
    -0.042911224316521356, 
    0.5328874103585641
  ], 
  "6": [
    -0.09569974666666667, 
    0.3608977666666667, 
    0.25296795230689506, 
    -0.21392706242129944, 
    0.165854000230229, 
    0.32562122601460275, 
    -0.3314874862454936
  ]
}