{"mode1_error": [1e-05, 1.1e-05, 1.6e-05, 1.8e-05, 3.7e-05, 6.2e-05, 0.000102], "mode2": [-0.00017, -0.00027, 0.00069, 0.0, 0.00015, 0.00118, 0.00289], "mode2_error": [0.0002, 0.000214, 0.000358, 0.000385, 0.00078, 0.002143, 0.005225], "mode1": [0.00591, 0.01294, 0.02164, 0.03297, 0.0468, 0.056, 0.05904]}