{"mode1_error": [1.9e-05, 2.1e-05, 2.9e-05, 3.1e-05, 6.5e-05, 0.00011, 0.000179], "mode2": [-0.00025, 0.00048, -0.00056, -0.00013, 0.00087, 0.00051, 0.00171], "mode2_error": [0.000194, 0.000272, 0.000583, 0.00065, 0.001273, 0.001617, 0.003236], "mode1": [0.00271, 0.0059, 0.00972, 0.01487, 0.02123, 0.0247, 0.02589]}