{"mode1_error": [1e-05, 1.1e-05, 1.6e-05, 1.8e-05, 3.6e-05, 6.2e-05, 0.000107], "mode2": [-0.00082, 0.00054, -0.00067, 0.00058, 0.00067, 0.00119, 0.001], "mode2_error": [0.000225, 0.000305, 0.000509, 0.000582, 0.001718, 0.002255, 0.004561], "mode1": [0.00836, 0.01846, 0.03076, 0.04667, 0.06612, 0.07869, 0.0821]}