{"mode1_error": [1.9e-05, 2.1e-05, 3e-05, 3.3e-05, 6.8e-05, 0.000116, 0.000194], "mode2": [-0.001, 0.00158, -0.00026, -0.00131, 0.00035, -0.00274, -0.00915], "mode2_error": [0.000383, 0.000541, 0.000632, 0.000636, 0.00142, 0.002045, 0.004279], "mode1": [0.00999, 0.02198, 0.03632, 0.05481, 0.07726, 0.09139, 0.09423]}