{
  "P_1": 214.58123641666666, 
  "P_2": 175.86383671666667, 
  "P_3": 100.16127726666667, 
  "P_4": 84.1169673, 
  "P_5": 23.839632625314966, 
  "P_6": 6.683885314189349, 
  "P_7": 2.3102955678271457
}