{
  "1": 0.00015266237824995157, 
  "3": 4.892768538208193e-08, 
  "2": 9.457625454100735e-08, 
  "4": 5.048936668198481e-08
}