{"mode1_error": [2e-06, 2e-06, 3e-06, 3e-06, 1e-05, 1.8e-05, 5.5e-05], "mode2": [-0.00021, -0.00041, 0.0008, 0.00044, 0.00049, 0.00024, 0.00013], "mode2_error": [0.000168, 0.000185, 0.000302, 0.000266, 0.000477, 0.000908, 0.001232], "mode1": [0.01938, 0.0313, 0.04342, 0.05848, 0.07887, 0.09808, 0.11656]}