{"mode1_error": [4e-06, 2e-06, 8e-06, 5e-06, 5e-06, 0.000106, 2e-06], "mode2": [0.00067, 0.00069, 0.00029, -0.00219, -0.00882, -0.0116, -0.02799], "mode2_error": [0.000126, 0.000129, 0.000193, 0.000221, 0.000708, 0.001595, 0.006581], "mode1": [0.05232, 0.08515, 0.11847, 0.15977, 0.21589, 0.26856, 0.31892]}