{"mode1_error": [2e-06, 5e-06, 6e-06, 1.1e-05, 3.3e-05, 3e-06, 7.6e-05], "mode2": [-0.00058, -0.0007, 8e-05, 0.00179, 0.00654, 0.01779, 0.07433], "mode2_error": [0.00082, 0.0012, 0.001579, 0.001287, 0.004912, 0.013125, 0.055512], "mode1": [0.05899, 0.09611, 0.13377, 0.18027, 0.24334, 0.30221, 0.35759]}