{"mode1_error": [5e-06, 3e-06, 1.1e-05, 4e-06, 1.2e-05, 3e-06, 3e-06], "mode2": [-0.00701, -0.00904, 0.00194, 0.02808, 0.05209, 0.05969, 0.05833], "mode2_error": [3.2e-05, 2.9e-05, 5e-05, 3.4e-05, 0.000134, 0.000207, 0.000305], "mode1": [0.06713, 0.11008, 0.15291, 0.20447, 0.2719, 0.33309, 0.39025]}