{
  "1": 0.007536060630315893, 
  "3": 0.0033781310022758877, 
  "2": 0.01123396288359791, 
  "4": 0.00238583318533168
}