{
  "1": [
    0.28982916, 
    -0.3843733540584014, 
    0.2355356717687078, 
    -0.04771032785748829, 
    -0.13913942443147517, 
    0.1708922305764414, 
    0.02329373272606948
  ], 
  "3": [
    0.4731131600000001, 
    -0.26752207987346105, 
    0.1498590915532881, 
    -0.36384586539127967, 
    0.3144438451734089, 
    -0.17974842575188013, 
    0.23801035851921068
  ], 
  "2": [
    0.5122634866666667, 
    -0.238582881810359, 
    -0.47208079648526113, 
    0.028396735288001757, 
    0.13177528677802391, 
    0.045077145989975115, 
    0.17183352018373615
  ], 
  "5": [
    0.2471309600000001, 
    -0.18262595269557655, 
    0.18683770549886614, 
    0.2671741526304848, 
    0.3609267793653984, 
    0.5587659617794498, 
    0.08149582700766841
  ], 
  "4": [
    0.5991073600000002, 
    -0.09960033173773683, 
    0.06777463860544226, 
    0.12147174048658776, 
    -0.4924051385255246, 
    -0.11442814066416085, 
    -0.3984334423294026
  ], 
  "7": [
    0.0391964466666668, 
    -0.07705236429298634, 
    0.11462574404761913, 
    0.2097722464822901, 
    -0.3749735090896901, 
    -0.22958510338345706, 
    0.6490249094943393
  ], 
  "6": [
    0.09060457333333334, 
    -0.2286453954988504, 
    0.12580748299319744, 
    0.2698527067304357, 
    0.49173075736231253, 
    -0.5309747415413537, 
    -0.15742579703375
  ]
}