{
  "1": 30.383615429369303, 
  "3": 0.023727902621367463, 
  "2": 0.06472190605533881, 
  "4": 0.004215933036647481
}