{
  "1": 0.0005955694197080992, 
  "3": 2.1211267777512608e-07, 
  "2": 4.404870268101047e-07, 
  "4": 1.8168191517288309e-07
}