{
  "1": 359.5494273326625, 
  "2": 0.25734049645583285, 
  "3": 0.20494953925782078, 
  "4": 0.14379226387743246, 
  "5": 0.069087468974338456, 
  "6": 0.019332662945069273, 
  "7": -0.032134466603142772
}