{
  "1": [
    -0.4239204836930912, 
    -0.7242799614641431, 
    0.1876031942740932, 
    -0.3957102753637208, 
    -0.31393873047358967, 
    -0.07284972593446622, 
    -0.007985695740152413
  ], 
  "2": [
    -0.5656865014306661, 
    0.3544009610585522, 
    -0.4329107770056198, 
    0.1957959910577472, 
    -0.5103942698587407, 
    -0.19108457680794608, 
    -0.1778631601532155
  ], 
  "3": [
    -0.44789642680258646, 
    0.4479864115864399, 
    0.7545575552406032, 
    -0.09089367230124838, 
    0.1428226326736408, 
    -0.02604083951355997, 
    -0.0013312887249497302
  ], 
  "4": [
    -0.5061209170537148, 
    -0.28791737007156176, 
    -0.19129907405995292, 
    0.44943204838612194, 
    0.6362688726202911, 
    0.1282599535840333, 
    0.03274155646965877
  ], 
  "5": [
    -0.19325130445367344, 
    0.25555874831236214, 
    -0.408466115790884, 
    -0.7479286813808989, 
    0.315523078028017, 
    0.21778481446587283, 
    0.15529565713994845
  ], 
  "6": [
    -0.06973095113024448, 
    0.020512291898574318, 
    0.06082261569071255, 
    0.1710860230262581, 
    -0.3379248412816048, 
    0.8454660974873799, 
    0.3643362487118205
  ], 
  "7": [
    -0.03622349464305503, 
    0.02234348471793931, 
    -0.029948329084002866, 
    0.07847765522248495, 
    -0.04422407727919125, 
    -0.4228566110503389, 
    0.9002052542738253
  ]
}