{
  "1": 0.0002580892440878985, 
  "3": 3.582400136874078e-05, 
  "2": 2.3301436393503486e-05, 
  "4": 0.000207719880327704
}