{
  "dV_11": 0.07307757097588277, 
  "dV_12": 0.05138248382338666, 
  "dV_13": 0.03926497030223088, 
  "dV_14": 0.03867930129651718, 
  "dV_15": 0.018542862100350783, 
  "dV_16": 0.009439802574563914, 
  "dV_17": 0.0074476417173206, 
  "dV_21": 0.05138248382338666, 
  "dV_22": 0.07055582278301238, 
  "dV_23": 0.0388971249287902, 
  "dV_24": 0.03821224932634666, 
  "dV_25": 0.018358171782433638, 
  "dV_26": 0.009375310190705111, 
  "dV_27": 0.007376698272622502, 
  "dV_31": 0.03926497030223088, 
  "dV_32": 0.0388971249287902, 
  "dV_33": 0.04120678574219225, 
  "dV_34": 0.02935885383544226, 
  "dV_35": 0.014080815043222875, 
  "dV_36": 0.007185693494523924, 
  "dV_37": 0.005652678398772056, 
  "dV_41": 0.03867930129651718, 
  "dV_42": 0.03821224932634666, 
  "dV_43": 0.02935885383544226, 
  "dV_44": 0.039615161214548375, 
  "dV_45": 0.014009985574236989, 
  "dV_46": 0.0071410430093762, 
  "dV_47": 0.005601761505077418, 
  "dV_51": 0.018542862100350783, 
  "dV_52": 0.018358171782433638, 
  "dV_53": 0.014080815043222875, 
  "dV_54": 0.014009985574236989, 
  "dV_55": 0.009411185640208089, 
  "dV_56": 0.0034442177849298788, 
  "dV_57": 0.0026976166793784015, 
  "dV_61": 0.009439802574563914, 
  "dV_62": 0.009375310190705111, 
  "dV_63": 0.007185693494523924, 
  "dV_64": 0.0071410430093762, 
  "dV_65": 0.0034442177849298788, 
  "dV_66": 0.0027042337497191274, 
  "dV_67": 0.0013851543728433538, 
  "dV_71": 0.0074476417173206, 
  "dV_72": 0.007376698272622502, 
  "dV_73": 0.005652678398772056, 
  "dV_74": 0.005601761505077418, 
  "dV_75": 0.0026976166793784015, 
  "dV_76": 0.0013851543728433538, 
  "dV_77": 0.002292206728406059
}