{
  "V_11": 64.62403311049832, 
  "V_12": 86.24972849285705, 
  "V_13": 68.27813024420193, 
  "V_14": 77.09274954145445, 
  "V_15": 29.462534516287462, 
  "V_16": 10.626320539398806, 
  "V_17": 5.525924162615101, 
  "V_21": 86.24972849285705, 
  "V_22": 115.11157291071315, 
  "V_23": 91.0766177982184, 
  "V_24": 102.89881755279387, 
  "V_25": 39.25741637823802, 
  "V_26": 14.159320866051491, 
  "V_27": 7.347238308465467, 
  "V_31": 68.27813024420193, 
  "V_32": 91.0766177982184, 
  "V_33": 72.13784676104095, 
  "V_34": 81.5170730136791, 
  "V_35": 31.12168820607987, 
  "V_36": 11.217475988824086, 
  "V_37": 5.8332531627962725, 
  "V_41": 77.09274954145445, 
  "V_42": 102.89881755279387, 
  "V_43": 81.5170730136791, 
  "V_44": 92.17545837370325, 
  "V_45": 35.18355256160162, 
  "V_46": 12.688978280282996, 
  "V_47": 6.586965506325164, 
  "V_51": 29.462534516287462, 
  "V_52": 39.25741637823802, 
  "V_53": 31.12168820607987, 
  "V_54": 35.18355256160162, 
  "V_55": 13.49777329775454, 
  "V_56": 4.872620086529423, 
  "V_57": 2.5280243647243217, 
  "V_61": 10.626320539398806, 
  "V_62": 14.159320866051491, 
  "V_63": 11.217475988824086, 
  "V_64": 12.688978280282996, 
  "V_65": 4.872620086529423, 
  "V_66": 1.9474356346355575, 
  "V_67": 0.9223421581257111, 
  "V_71": 5.525924162615101, 
  "V_72": 7.347238308465467, 
  "V_73": 5.8332531627962725, 
  "V_74": 6.586965506325164, 
  "V_75": 2.5280243647243217, 
  "V_76": 0.9223421581257111, 
  "V_77": 0.7176752092241283
}