{
  "1": [
    -0.4239208999999999, 
    -0.5554266159695821, 
    0.10802141639547515, 
    -0.2797507278249047, 
    -0.2192736358062541, 
    -0.02968071824536017, 
    -0.00949748517685535
  ], 
  "3": [
    -0.4478960466666667, 
    0.35436731529113524, 
    0.4575622191228901, 
    -0.05740015708451148, 
    0.09850610395803538, 
    -0.011237609751058713, 
    -0.002010134260205647
  ], 
  "2": [
    -0.5656857733333334, 
    0.26227131886975374, 
    -0.2579398186889823, 
    0.14096217055887159, 
    -0.38638016213638515, 
    -0.08558060462073445, 
    -0.05303200436175262
  ], 
  "5": [
    -0.19325107333333325, 
    0.1776836725564752, 
    -0.2765319773748645, 
    -0.5095858519216664, 
    0.2556246815178145, 
    0.09923971008504655, 
    0.06976352484154558
  ], 
  "4": [
    -0.5061216533333334, 
    -0.21213175277715654, 
    -0.10421516348984969, 
    0.30107257653506436, 
    0.4601623543838133, 
    0.06062826498639946, 
    0.0006680433449191612
  ], 
  "7": [
    -0.03623255333333333, 
    0.010870550958025789, 
    -0.012193475902680719, 
    0.0567806925681573, 
    0.043575727229375555, 
    -0.19924870364631703, 
    0.36028579022694784
  ], 
  "6": [
    -0.06972905999999998, 
    0.014367419667486798, 
    0.025959445219277757, 
    0.12336491430167251, 
    -0.23627362218134657, 
    0.33524960575698143, 
    0.11538903428065195
  ]
}