{
  "1": 0.0036462408499021576, 
  "3": 0.0026629294494207624, 
  "2": 0.005826110582406486, 
  "4": 0.0010950164119698108
}