{
  "V_11": 196.42731817387823, 
  "V_12": 290.6399373194013, 
  "V_13": 282.8632784995749, 
  "V_14": 390.7133946765308, 
  "V_15": 184.29982982296048, 
  "V_16": 75.72340397822451, 
  "V_17": 29.290107607382446, 
  "V_21": 290.6399373194013, 
  "V_22": 436.29900004170213, 
  "V_23": 421.06349500951086, 
  "V_24": 582.540966304704, 
  "V_25": 275.5050508383176, 
  "V_26": 113.06568136843244, 
  "V_27": 43.27365127382313, 
  "V_31": 282.8632784995749, 
  "V_32": 421.06349500951086, 
  "V_33": 408.11040995875805, 
  "V_34": 563.3525073268428, 
  "V_35": 265.9801352674811, 
  "V_36": 109.12627292901999, 
  "V_37": 41.67862524434663, 
  "V_41": 390.7133946765308, 
  "V_42": 582.540966304704, 
  "V_43": 563.3525073268428, 
  "V_44": 777.3835439755447, 
  "V_45": 367.70190709956967, 
  "V_46": 150.77137631033025, 
  "V_47": 57.54665748475746, 
  "V_51": 184.29982982296048, 
  "V_52": 275.5050508383176, 
  "V_53": 265.9801352674811, 
  "V_54": 367.70190709956967, 
  "V_55": 173.86252155080703, 
  "V_56": 71.19221413629907, 
  "V_57": 27.031398403912206, 
  "V_61": 75.72340397822451, 
  "V_62": 113.06568136843244, 
  "V_63": 109.12627292901999, 
  "V_64": 150.77137631033025, 
  "V_65": 71.19221413629907, 
  "V_66": 29.12652159034929, 
  "V_67": 11.003057732832566, 
  "V_71": 29.290107607382446, 
  "V_72": 43.27365127382313, 
  "V_73": 41.67862524434663, 
  "V_74": 57.54665748475746, 
  "V_75": 27.031398403912206, 
  "V_76": 11.003057732832566, 
  "V_77": 4.140762559066988
}