{
  "1": 2024.4952641440725, 
  "3": 0.38185824001080193, 
  "2": 2.3358862892190575, 
  "4": 0.10757803492946826
}