{
  "1": [
    -0.31094586666666657, 
    -0.5956692523270941, 
    -0.3763550631600751, 
    -0.10266744943036527, 
    0.15970775495095327, 
    0.04067363827866399, 
    -0.002716919342644546
  ], 
  "3": [
    -0.44881966666666656, 
    -0.21861904714242833, 
    0.006579077793883899, 
    0.3298731922808651, 
    -0.2778737368128814, 
    -0.06427064901193702, 
    -0.016332430066451797
  ], 
  "2": [
    -0.4638989466666667, 
    0.5139226203583213, 
    -0.4346844619313862, 
    -0.03571250871890246, 
    -0.023979187488432713, 
    0.021979576687732174, 
    0.11223797302136822
  ], 
  "5": [
    -0.29299513999999993, 
    0.14490205518299792, 
    0.08106155863877959, 
    0.2441365651398903, 
    0.2632390338700723, 
    -0.17759743203932155, 
    -0.22468413911105833
  ], 
  "4": [
    -0.6198968599999999, 
    9.330730991231388e-05, 
    0.4275313936632837, 
    -0.3330880647911346, 
    -0.028154756616694355, 
    0.011070027083960496, 
    0.02247511440054116
  ], 
  "7": [
    -0.04593501333333326, 
    -0.04987733960564506, 
    0.22829857803548034, 
    0.2245381151670157, 
    0.18556249305941164, 
    -0.10926269435249264, 
    0.4089986749432978
  ], 
  "6": [
    -0.12017893999999998, 
    0.039214856704367376, 
    0.13706149651411656, 
    0.20862050685886976, 
    0.1496593929298538, 
    0.4676014745711707, 
    -0.08959593728860639
  ]
}