{
  "1": [
    4.5881817752222766e-05, 
    0.0638703218140266, 
    0.2828238998139334, 
    0.3040296906780601, 
    0.11417072079655761, 
    0.1022473141938766, 
    0.06660493538825467
  ], 
  "3": [
    3.6892614205840354e-05, 
    0.038753327493514206, 
    0.3321687514645124, 
    0.25591870518492976, 
    0.14621813421264956, 
    0.1179547562304352, 
    0.09019043992545839
  ], 
  "2": [
    4.2163056126174715e-05, 
    0.07354721950707041, 
    0.2851160973666303, 
    0.30464108335197587, 
    0.1299475950062436, 
    0.1487368794873125, 
    0.11524488843827002
  ], 
  "5": [
    3.271627259542778e-05, 
    0.07630122408080015, 
    0.17368255134405794, 
    0.17242657244615126, 
    0.24870324739991867, 
    0.2025162714466268, 
    0.25326375897306713
  ], 
  "4": [
    3.6275556333263204e-05, 
    0.1484440480103648, 
    0.0964106911348458, 
    0.10231913323584566, 
    0.18583223044593392, 
    0.21604136969522728, 
    0.18626097713829864
  ], 
  "7": [
    1.1074182178925658e-05, 
    0.01966827075237794, 
    0.112000221872403, 
    0.1345795915738596, 
    0.27832016328077036, 
    0.3000064829169735, 
    0.27352073748680533
  ], 
  "6": [
    1.2369408553898924e-05, 
    0.02721899959921606, 
    0.16261277561642098, 
    0.19595728963730522, 
    0.1988680856032666, 
    0.23593875825183622, 
    0.23884489847722284
  ]
}