{
  "1": 2440.1128346810583, 
  "3": 0.7484694522416094, 
  "2": 1.466029655261776, 
  "4": 0.2077660417345714
}