{
  "1": [
    -0.4156740733333334, 
    0.41073024398846814, 
    0.3800085266666671, 
    -0.4344655200000001, 
    0.18597878787878827, 
    -0.11396292593786937, 
    0.01893803531560795
  ], 
  "3": [
    -0.44857996000000006, 
    0.3420591158839064, 
    0.16027280000000016, 
    0.5574915133333345, 
    -0.26219692736444855, 
    0.19338437421620258, 
    -0.04681063527501514
  ], 
  "2": [
    -0.5584664333333333, 
    0.02870641055825228, 
    -0.5717018199999994, 
    -0.19934536666666708, 
    -0.27010662503968735, 
    -0.11905960442867894, 
    0.053767498816047685
  ], 
  "5": [
    -0.20272687999999997, 
    -0.3834560589949864, 
    0.2737972599999997, 
    0.1297884999999999, 
    -0.1619145835538151, 
    -0.6453348418073027, 
    0.04015878492659513
  ], 
  "4": [
    -0.5168838866666666, 
    -0.4243056604799101, 
    0.0273427266666667, 
    0.07425375333333328, 
    0.5088305393868834, 
    0.24785586369988108, 
    -0.012496197821527572
  ], 
  "7": [
    -0.024835226666666595, 
    -0.20697628805197701, 
    0.17998181333333313, 
    -0.13396809333333323, 
    -0.2739555967121742, 
    0.27739397685334427, 
    0.6989622623638461
  ], 
  "6": [
    -0.07223571333333326, 
    -0.31896439332068705, 
    0.21187782666666677, 
    -0.2700967000000001, 
    -0.4459052986206639, 
    0.31741751048048916, 
    -0.4976888573168238
  ]
}