{"mode1_error": [2.572425282888965e-06, 1.5047978056604197e-06, 1.680554778529408e-06, 1.570478975549011e-06, 5.99192912410755e-06, 3.491683570126529e-05, 0.00032629801350547797], "mode1": [0.010846332486326082, 0.023211511977072986, 0.037831468471331585, 0.05742468075582378, 0.0851190102550925, 0.1113414289084544, 0.13671873410491622]}