{"mode1_error": [1.5995978464378217e-06, 1.2029137433441244e-06, 1.5212185463575636e-06, 1.3755763915589062e-06, 3.9857330421535646e-06, 1.493098918922228e-05, 7.193205995624009e-05], "mode1": [0.014222036949105028, 0.023872272357848792, 0.034119315123729135, 0.04627329640223497, 0.06050404001446458, 0.07004329780372044, 0.07556430437852919]}