{"mode1_error": [1.3202009645968963e-06, 9.88164902324719e-07, 1.2489825427315023e-06, 1.1355648795874762e-06, 3.7383473152940836e-06, 1.6900891967245084e-05, 9.590664533076699e-05], "mode1": [0.026128604657130624, 0.043778577490102735, 0.06236798582151069, 0.08443712028587227, 0.11021776077426293, 0.12724109093941927, 0.1340188221220914]}