{"mode1_error": [6.786744902306939e-06, 5.192640543110424e-06, 6.919083240008976e-06, 7.956182460075411e-06, 4.6302231873287875e-05, 0.0003816438073798324, 0.003572491795694482], "mode1": [0.05557387136801749, 0.09196506926367289, 0.1291440152003746, 0.1729922666768346, 0.22511784703390658, 0.26013598084236017, 0.2715347127963101]}