{
  "1": [
    0.004031106702074952, 
    0.1579735439224816, 
    0.2285117703310933, 
    0.2838902857285479, 
    0.22467817756984043, 
    0.09500930545619318, 
    0.09118302766923173
  ], 
  "3": [
    0.0028890841276679635, 
    0.1300733780497798, 
    0.23525365150062297, 
    0.5090582936922776, 
    0.307885508644915, 
    0.17518205965868505, 
    0.15820470728959735
  ], 
  "2": [
    0.0033731842202220025, 
    0.19626925423121827, 
    0.16163876274637604, 
    0.300138846513968, 
    0.2816663138935727, 
    0.10742702904476013, 
    0.08559478456544001
  ], 
  "5": [
    0.0016035178854787327, 
    0.11752184587226329, 
    0.266586459262097, 
    0.310822468185518, 
    0.5340472982711773, 
    0.2827036080472005, 
    0.2265305869790316
  ], 
  "4": [
    0.002836179701467518, 
    0.17089281457860764, 
    0.20979495942754256, 
    0.32272996027295797, 
    0.2610958909436682, 
    0.12804595513368805, 
    0.11986136909916172
  ], 
  "7": [
    0.00042229852942616945, 
    0.02714406130982918, 
    0.0535602606759869, 
    0.1156604959669166, 
    0.22162413948745846, 
    0.45770922381412993, 
    0.6083402720867681
  ], 
  "6": [
    0.0008125034557216159, 
    0.05811478935049057, 
    0.11158615246024334, 
    0.21034650854339837, 
    0.35355780433682427, 
    0.5463522057694283, 
    0.42097218101612793
  ]
}