{
  "1": 0.0635820725669586, 
  "3": 0.02953375927125756, 
  "2": 0.07935473363874285, 
  "4": 0.0103345653087146
}