{
  "1": [
    0.00024296257773829676, 
    0.19685758074580323, 
    0.12476539153103265, 
    0.23543090018855012, 
    0.20393106913589068, 
    0.2178124209386215, 
    0.18400941502490792
  ], 
  "3": [
    0.00016982109245317027, 
    0.14344256167240518, 
    0.18090472970478563, 
    0.17061003561175003, 
    0.18822059304957184, 
    0.23988221131602935, 
    0.18385720997585245
  ], 
  "2": [
    0.0002103391507521242, 
    0.17360231276356633, 
    0.2284423109562301, 
    0.09713660866547198, 
    0.10818097270815633, 
    0.12885170058542314, 
    0.08673388620951547
  ], 
  "5": [
    9.742634825253353e-05, 
    0.12429995704626062, 
    0.13911599522738133, 
    0.12194683185871073, 
    0.28437353063199117, 
    0.2949466016178692, 
    0.5036966314518245
  ], 
  "4": [
    0.0001587200671499122, 
    0.1190705424075443, 
    0.07013117695559903, 
    0.17881891808323924, 
    0.21763733408413502, 
    0.2854860388637384, 
    0.23581296739089014
  ], 
  "7": [
    3.951754378371627e-05, 
    0.08977002691845538, 
    0.10501856446860283, 
    0.13299075416444867, 
    0.34816446591384204, 
    0.5681974278536415, 
    0.3015867940349591
  ], 
  "6": [
    5.3904590188622675e-05, 
    0.10977209803617576, 
    0.13255702110186118, 
    0.1291982525758221, 
    0.3179452896834846, 
    0.2762318688044732, 
    0.42793976791728106
  ]
}