{"mode1_error": [9e-06, 9e-06, 1.3e-05, 1.4e-05, 2.9e-05, 4.9e-05, 8e-05], "mode2": [-0.00028, -0.00017, 0.00015, 0.00018, 0.00164, 0.00448, 0.00847], "mode2_error": [0.000144, 0.00022, 0.000153, 0.000165, 0.001025, 0.003068, 0.00436], "mode1": [0.00272, 0.00589, 0.00982, 0.01492, 0.02109, 0.02485, 0.02576]}