{"mode1_error": [5e-06, 5e-06, 7e-06, 8e-06, 1.7e-05, 2.9e-05, 6.4e-05], "mode2": [0.00032, 2e-05, -6e-05, -0.00024, -0.00085, -0.00057, -0.00331], "mode2_error": [7.1e-05, 9.7e-05, 0.000207, 0.000206, 0.000387, 0.000692, 0.001788], "mode1": [0.00659, 0.01452, 0.02426, 0.03694, 0.05244, 0.06264, 0.06573]}