{"mode1_error": [5e-06, 6e-06, 8e-06, 9e-06, 1.9e-05, 3.5e-05, 8e-05], "mode2": [0.00063, -0.00068, 0.00067, -0.0002, -0.00027, 0.00174, -0.00374], "mode2_error": [0.000119, 0.000145, 0.000258, 0.000334, 0.000682, 0.001336, 0.002669], "mode1": [0.00837, 0.01846, 0.03074, 0.04668, 0.06608, 0.07865, 0.08214]}