{"mode1_error": [1e-05, 1.1e-05, 1.6e-05, 1.7e-05, 3.6e-05, 6.3e-05, 0.000114], "mode2": [-0.00049, 0.00091, -0.00014, -0.00065, -0.00119, -0.00463, -0.00715], "mode2_error": [0.000553, 0.000619, 0.000738, 0.000789, 0.001213, 0.003745, 0.007463], "mode1": [0.01, 0.02197, 0.03632, 0.05481, 0.07736, 0.09139, 0.09435]}