{"mode1_error": [1.6e-05, 1.7e-05, 2.4e-05, 2.7e-05, 5.4e-05, 9.5e-05, 0.00016], "mode2": [0.00062, -9e-05, -0.00033, -0.00049, 0.00141, 0.00161, -0.00496], "mode2_error": [0.00043, 0.00062, 0.000835, 0.001485, 0.00307, 0.009007, 0.011292], "mode1": [0.01066, 0.02335, 0.03843, 0.05789, 0.08117, 0.09604, 0.09816]}