{"mode1_error": [2.7e-05, 2.9e-05, 4.1e-05, 4.5e-05, 9.2e-05, 0.000158, 0.000261], "mode2": [0.00249, -0.00106, -0.00035, -0.00125, 0.00187, 0.00601, 0.00969], "mode2_error": [0.000205, 0.000455, 0.000829, 0.000961, 0.002034, 0.004579, 0.010531], "mode1": [0.01136, 0.02464, 0.04046, 0.06044, 0.08484, 0.09979, 0.1005]}