{"mode1_error": [9e-06, 1e-05, 1.5e-05, 1.7e-05, 3.4e-05, 5.9e-05, 0.000103], "mode2": [0.00024, -0.00128, 0.001, 0.00046, 0.00362, 0.00814, 0.01751], "mode2_error": [0.000288, 0.000344, 0.000459, 0.000452, 0.001614, 0.004543, 0.008752], "mode1": [0.01131, 0.02469, 0.04044, 0.06052, 0.08464, 0.10013, 0.101]}