{
  "1": 1798.7162476876495, 
  "3": 0.2614630392477208, 
  "2": 0.7644115440438557, 
  "4": 0.14848006558959853
}