{
  "1": 0.05306730834662711, 
  "3": 0.0467209762180027, 
  "2": 0.08951464250662412, 
  "4": 0.005650418161386011
}