{
  "dV_11": 0.3104570936975728, 
  "dV_12": 0.20960355148261905, 
  "dV_13": 0.16409989490662258, 
  "dV_14": 0.16284208217742954, 
  "dV_15": 0.08311676690881728, 
  "dV_16": 0.04196459986746147, 
  "dV_17": 0.02151561455703177, 
  "dV_21": 0.20960355148261905, 
  "dV_22": 0.28220833152293245, 
  "dV_23": 0.1566419571220112, 
  "dV_24": 0.15510905460020594, 
  "dV_25": 0.07914992109683644, 
  "dV_26": 0.040008818622785665, 
  "dV_27": 0.020531463814686002, 
  "dV_31": 0.16409989490662258, 
  "dV_32": 0.1566419571220112, 
  "dV_33": 0.17245990532417568, 
  "dV_34": 0.12154288516637671, 
  "dV_35": 0.06195018929598616, 
  "dV_36": 0.031310123694726986, 
  "dV_37": 0.01607306821461795, 
  "dV_41": 0.16284208217742954, 
  "dV_42": 0.15510905460020594, 
  "dV_43": 0.12154288516637671, 
  "dV_44": 0.16758234184014856, 
  "dV_45": 0.061552584005363925, 
  "dV_46": 0.031073746333452536, 
  "dV_47": 0.015951985629695416, 
  "dV_51": 0.08311676690881728, 
  "dV_52": 0.07914992109683644, 
  "dV_53": 0.06195018929598616, 
  "dV_54": 0.061552584005363925, 
  "dV_55": 0.04415639759778807, 
  "dV_56": 0.015939353387231986, 
  "dV_57": 0.008159018722718061, 
  "dV_61": 0.04196459986746147, 
  "dV_62": 0.040008818622785665, 
  "dV_63": 0.031310123694726986, 
  "dV_64": 0.031073746333452536, 
  "dV_65": 0.015939353387231986, 
  "dV_66": 0.011359278439449866, 
  "dV_67": 0.004137687735590709, 
  "dV_71": 0.02151561455703177, 
  "dV_72": 0.020531463814686002, 
  "dV_73": 0.01607306821461795, 
  "dV_74": 0.015951985629695416, 
  "dV_75": 0.008159018722718061, 
  "dV_76": 0.004137687735590709, 
  "dV_77": 0.0030118244292877874
}