{
  "1": 1110.578965108718, 
  "3": 0.19533597423867358, 
  "2": 0.369889125341924, 
  "4": 0.02777526144120694
}