{
  "1": [
    -0.28417149333333336, 
    -0.1546394103489771, 
    0.5519513637513097, 
    -0.08337521663778154, 
    0.13278231350130618, 
    -0.016183093023255615, 
    -0.0015067097433650361
  ], 
  "3": [
    -0.4697865133333334, 
    0.392451510897178, 
    0.015393717712510682, 
    0.5500446995956088, 
    0.12345921377655497, 
    -0.11776474418604624, 
    0.0061687401890995535
  ], 
  "2": [
    -0.5007816133333332, 
    -0.49495318224361357, 
    -0.14969104078609885, 
    0.3268845681686884, 
    -0.06526435881148998, 
    0.04584042635658918, 
    -0.01514918044755948
  ], 
  "5": [
    -0.2597822866666666, 
    -0.01383576012835929, 
    -0.16493145117589708, 
    -0.3946265670132878, 
    0.5978319147434559, 
    -0.16752115503875947, 
    -0.12443840032124918
  ], 
  "4": [
    -0.6081950933333334, 
    0.17818252440165802, 
    -0.06961587009139854, 
    -0.47904580444829475, 
    -0.4019679793916296, 
    0.09742793023255811, 
    -0.021103270908626383
  ], 
  "7": [
    -0.03331048666666665, 
    -0.06036324374916426, 
    -0.02374298255120838, 
    -0.11713314558058947, 
    -0.11050376879102225, 
    -0.3775428294573643, 
    0.44903643631584744
  ], 
  "6": [
    -0.09623858666666661, 
    0.04858092659446456, 
    -0.032578711029225785, 
    -0.006579339976892015, 
    0.3096090055755523, 
    0.3513006434108519, 
    0.3668798050596874
  ]
}