{
  "1": 0.029712235668713553, 
  "3": 0.021584656881017385, 
  "2": 0.02641336660098737, 
  "4": 0.03024690889435663
}