{
  "1": 147.5236129331347, 
  "2": 0.27507469555652775, 
  "3": 0.085840144545469177, 
  "4": 0.002874371626146822, 
  "5": -0.042017610604035728, 
  "6": -0.42368048943190145, 
  "7": -2.7018881998066777
}