{
  "1": 87.86916374103652, 
  "3": 0.012828484387253664, 
  "2": 0.018248174592458952, 
  "4": -0.014121173693243574
}