{
  "1": [
    0.0002384167248893139, 
    0.20378892592535072, 
    0.1320068875561314, 
    0.2429234934374194, 
    0.20139173988228715, 
    0.2181989820064256, 
    0.1838134355114009
  ], 
  "3": [
    0.00016742224427179802, 
    0.1448727484226487, 
    0.19466468995041952, 
    0.17643395768580186, 
    0.1858099174676284, 
    0.24012735516649983, 
    0.1831124285160232
  ], 
  "2": [
    0.00020765496554141688, 
    0.18177897743777657, 
    0.23853511554299975, 
    0.09923309007866758, 
    0.10686430000943872, 
    0.12855268981364898, 
    0.08853188706895941
  ], 
  "5": [
    9.603774058692047e-05, 
    0.1267216590740448, 
    0.1409247841831035, 
    0.12630958181064988, 
    0.2858346212168747, 
    0.29243698800783074, 
    0.49777690043480566
  ], 
  "4": [
    0.0001582057159395538, 
    0.12320128975401926, 
    0.07031090341625856, 
    0.1829187395366074, 
    0.21489176092688664, 
    0.28649978574024654, 
    0.23919581330720957
  ], 
  "7": [
    3.9716237373141004e-05, 
    0.09188471730388603, 
    0.10553365027903562, 
    0.13775278968444218, 
    0.3469813731022148, 
    0.5666212141556277, 
    0.2967824897726565
  ], 
  "6": [
    5.286944548536211e-05, 
    0.11173202939452988, 
    0.13471657673971385, 
    0.1316130015412517, 
    0.31730308619117437, 
    0.27923860168428843, 
    0.4272785920135451
  ]
}