{
  "1": 596.67272236163171, 
  "2": 0.56108481961918932, 
  "3": 0.18677671286002318, 
  "4": 0.17560389798047576, 
  "5": 0.13469783622253792, 
  "6": 0.10835746444738871, 
  "7": 0.097683836004676089, 
  "8": 0.08767757486899086, 
  "9": 0.068672184416524062, 
  "10": 0.024958836680398579, 
  "11": -0.060247799486452973
}