{
  "1": [
    -0.40004597531748004, 
    0.2971196461237314, 
    -0.2269224756212839, 
    -0.5030036820122191, 
    -0.5883356344809302, 
    0.19885622093613123, 
    -0.10551259627634892, 
    0.1924523961728671, 
    0.08308953107991196, 
    -0.07784578561130791, 
    -0.018956127665979067
  ], 
  "2": [
    -0.5416528501509339, 
    0.2056601100298793, 
    -0.1861414059212292, 
    0.741703904375542, 
    -0.09548105309318329, 
    0.04033508342526026, 
    0.09501094087668399, 
    -0.07752437103909701, 
    0.0052950996368241465, 
    -0.12387537193483467, 
    -0.19593111290325052
  ], 
  "3": [
    -0.4448940817120018, 
    0.05744444190581952, 
    0.8657951500996077, 
    -0.08647170760929071, 
    -0.00838289536109718, 
    -0.14536599608555026, 
    0.05326501631138187, 
    0.0020931737281755483, 
    -0.060333560672223174, 
    0.07978129420503186, 
    0.08742145880127795
  ], 
  "4": [
    -0.5363936962193327, 
    -0.21265573129123572, 
    -0.37879363996991866, 
    -0.31438954814847164, 
    0.44238965469673414, 
    -0.35474876759476276, 
    -0.005972733026799535, 
    -0.24389842559650649, 
    -0.06044831347479492, 
    0.13563546322232917, 
    0.1469882485516195
  ], 
  "5": [
    -0.22659267449078416, 
    -0.37575298790033546, 
    0.04241628463468768, 
    -0.025009838154884896, 
    0.30206948721371796, 
    0.8260121572004042, 
    -0.005868804711815916, 
    0.17164119653902848, 
    0.010979068933712316, 
    0.032275779459088834, 
    0.029006045636669354
  ], 
  "6": [
    -0.08747849632299592, 
    -0.35779491607226466, 
    -0.03136899618716121, 
    0.06989226302710805, 
    0.03162798991895639, 
    -0.3531112753914044, 
    -0.04876490450897819, 
    0.8120423660186118, 
    0.12784462723385526, 
    -0.16748831536419298, 
    -0.1630523265372553
  ], 
  "7": [
    -0.03567980450466307, 
    -0.30350470996155615, 
    0.03293743488493896, 
    0.19114731793513576, 
    -0.24361170984358138, 
    -0.038832585176716256, 
    -0.8609512596779477, 
    -0.14324172260303958, 
    -0.10936287353730112, 
    0.09273097355789743, 
    0.16068759057889165
  ], 
  "8": [
    -0.019355566481227823, 
    -0.2519119509134467, 
    0.038803444516119764, 
    0.05667901903194012, 
    -0.1669179781283721, 
    -0.03457708846687757, 
    0.11034610611702361, 
    -0.2131898336622579, 
    0.9028342673256732, 
    0.08197569617512944, 
    0.15144117249307393
  ], 
  "9": [
    -0.012863546870986765, 
    -0.29465840504217844, 
    0.07654969830398761, 
    -0.11859493841566565, 
    -0.0749534848940471, 
    -0.017082081229889568, 
    0.05704614545618177, 
    -0.30070930798066253, 
    -0.08068101827093314, 
    -0.885207535867285, 
    -0.05826110616568278
  ], 
  "10": [
    -0.008917715794176663, 
    -0.36518173231600715, 
    0.04054896906346583, 
    -0.11807023704834614, 
    -0.2242401026115974, 
    -0.026824915296945476, 
    0.10407227378764891, 
    -0.22781925633150998, 
    -0.0996890601647868, 
    0.30609087621325143, 
    -0.7959978594912505
  ], 
  "11": [
    -0.006087357492893232, 
    -0.4194496250189637, 
    -0.08884757279889982, 
    0.13144923290795177, 
    -0.4621790131740476, 
    -0.033952151073759824, 
    0.45503415618918275, 
    0.017085708246077448, 
    -0.3546715073707107, 
    0.17926454223061683, 
    0.46777592539384955
  ]
}