{
  "1": 0.07664033146713052, 
  "3": 0.06122646916380435, 
  "2": 0.0737935547734892, 
  "4": 0.010205724787962157
}