{
  "1": [
    0.0010584235909439192, 
    0.03742016618763484, 
    0.39058364143521823, 
    0.3103817548348536, 
    0.10986542618422311, 
    0.14714605045291806, 
    0.153201375018372
  ], 
  "3": [
    0.0007807512541093355, 
    0.04928768781285288, 
    0.3886718760487434, 
    0.535665051497877, 
    0.07745212012283308, 
    0.11001598640116635, 
    0.11812981267748282
  ], 
  "2": [
    0.0009089010319147577, 
    0.035697273085687355, 
    0.4776696147549444, 
    0.33755641156565624, 
    0.09595535194223413, 
    0.12933348157797514, 
    0.08825129165542255
  ], 
  "5": [
    0.00042669770191521066, 
    0.027403102950099605, 
    0.169574885857549, 
    0.22620149447785282, 
    0.21766147211214326, 
    0.4587815228943641, 
    0.2655838620307738
  ], 
  "4": [
    0.0007280081493936415, 
    0.030014335953941255, 
    0.20314733588595435, 
    0.23872343800339185, 
    0.15662010648635485, 
    0.2907504609512221, 
    0.2815143680883023
  ], 
  "7": [
    0.00013026714960835602, 
    0.012115213291880087, 
    0.0864544084896724, 
    0.1480133858463437, 
    0.367893885738817, 
    0.21778391764629745, 
    0.43485017884015814
  ], 
  "6": [
    0.00023239954828724413, 
    0.021636145107914964, 
    0.14713843152453768, 
    0.19240323021880518, 
    0.2686069270526871, 
    0.3079432138294466, 
    0.41683145583989123
  ]
}