{
  "1": [
    -0.3771210066666666, 
    0.5974121399999998, 
    0.1616159333333332, 
    0.3219127568292279, 
    0.11674315616591567, 
    0.20633058029360332, 
    -0.007212983842845721
  ], 
  "3": [
    -0.44949939333333333, 
    -0.19154463999999977, 
    -0.5022294066666647, 
    0.09051470755823753, 
    0.125340752000559, 
    0.13443469155382043, 
    -0.00452984230307248
  ], 
  "2": [
    -0.5512472466666667, 
    0.3496084866666665, 
    0.04182892666666598, 
    -0.43616003016591226, 
    0.029058080861026778, 
    -0.032215530071977326, 
    0.0024668952690923484
  ], 
  "5": [
    -0.23758806666666674, 
    -0.44582765333333274, 
    0.19131485333333323, 
    -0.023239265962795175, 
    0.021028028794073395, 
    0.2171254808669837, 
    -0.4816291409973261
  ], 
  "4": [
    -0.5314379666666665, 
    -0.33867514666666654, 
    0.14335081333333327, 
    0.16839883023294766, 
    -0.3047346856763471, 
    -0.39319315603269545, 
    0.13216278430005024
  ], 
  "7": [
    -0.04727775333333328, 
    -0.17663516000000007, 
    0.09323742000000007, 
    0.023614798055974696, 
    0.7533571478491813, 
    -0.21104611849863736, 
    0.05032227130070914
  ], 
  "6": [
    -0.10365454666666662, 
    -0.3635244400000003, 
    0.15203143333333333, 
    -0.06470348583877968, 
    0.04780897718139578, 
    0.45196757756902894, 
    0.4360199039094893
  ]
}