{
  "1": 79.42053115074317, 
  "3": 0.4061753207376484, 
  "2": 1.3895476947429186, 
  "4": 0.042663525133969746
}