{
  "P_1": 253.62711681864235, 
  "P_2": 204.46879994934145, 
  "P_3": 115.24869612462007, 
  "P_4": 97.40353525835866, 
  "P_5": 28.799094625103713, 
  "P_6": 8.786201437581425, 
  "P_7": 3.143506562118971
}