{
  "1": 6010.2958305460661, 
  "2": 1.6491366881153893, 
  "3": 0.24327776976310336, 
  "4": 0.060403111045061221, 
  "5": 0.031475802158418824, 
  "6": 0.019162747261994479, 
  "7": 0.012901584375228373, 
  "8": 0.0017085822834037941, 
  "9": -0.098690019074961832, 
  "10": -0.19071952676066378, 
  "11": -0.87956737172865784
}