{
  "1": 0.0027604563118321522, 
  "3": 0.0013062299243665702, 
  "2": 0.001397928258564691, 
  "4": 0.0008928753304943534
}