{
  "1": 6010.2965110890655, 
  "3": 0.3025113929322539, 
  "2": 1.6655518633971118, 
  "4": 0.12320732849170156
}