{"mode1_error": [3.2181405056324406e-06, 1.7874452598064906e-06, 1.877571053907486e-06, 1.4457404005325082e-06, 3.7056186485846624e-06, 1.3283792926990118e-05, 7.95542799704134e-05], "mode1": [0.0027063396070790176, 0.005866015374457925, 0.00971762585539166, 0.014821007139136633, 0.020925184206319333, 0.024019373472469564, 0.02130090644630352]}