{
  "1": 1067.6415782814515, 
  "3": 0.0313249931102131, 
  "2": 0.15334775187343402, 
  "4": -0.010020571633684475
}