{
  "1": [
    -0.4212774316047844, 
    -0.5447154771876737, 
    -0.24447669717977422, 
    0.5922970455827037, 
    0.2569209006688069, 
    -0.2212812983941981, 
    -0.015873457172442266
  ], 
  "2": [
    -0.5636931448723828, 
    -0.43731001601803937, 
    0.047261685355286666, 
    -0.5363728751402443, 
    -0.26240031753256143, 
    0.3605056045969023, 
    -0.04756303857608538
  ], 
  "3": [
    -0.4483750852088519, 
    0.2587644052999328, 
    0.7955497943938113, 
    0.07696282187675296, 
    0.18123105137744616, 
    -0.24559598038024272, 
    -0.003991821637227056
  ], 
  "4": [
    -0.5099640748759869, 
    0.562454710707817, 
    -0.540146702062698, 
    -0.17866697750090535, 
    0.05636625035465309, 
    -0.24358075801966256, 
    0.19337076377645915
  ], 
  "5": [
    -0.19616434397842789, 
    0.3482162064088905, 
    -0.06098523243260989, 
    0.4160146019118387, 
    -0.1695342278355375, 
    0.5422209403523645, 
    -0.5837227711873052
  ], 
  "6": [
    -0.06824033239866473, 
    0.08095516993292191, 
    0.0935709657816, 
    0.35369519725519966, 
    -0.252410273910798, 
    0.42485709696813845, 
    0.7814852526291822
  ], 
  "7": [
    -0.023121343599059797, 
    -0.030371266193525672, 
    0.0294077933895308, 
    0.15960808952552066, 
    -0.8582907870951464, 
    -0.47635514459071127, 
    -0.09287696224493011
  ]
}