{
  "1": 2919.0348627124276, 
  "2": 0.83419984988412921, 
  "3": 0.41019946080229441, 
  "4": 0.12203384077653327, 
  "5": 0.064276941461561224, 
  "6": 0.030472959827247733, 
  "7": -0.39034882969276863
}