{
  "1": [
    6.102792215518466e-05, 
    0.30193483195807813, 
    0.3993565360648984, 
    0.29092798982737117, 
    0.2095197388422682, 
    0.1951231418470127, 
    0.18064818036763924
  ], 
  "3": [
    4.956244097060795e-05, 
    0.35200631431850915, 
    0.3681249267151266, 
    0.42440890834078804, 
    0.18830362664538225, 
    0.16514904176941658, 
    0.1734257842646653
  ], 
  "2": [
    5.725645055852117e-05, 
    0.26389038999337633, 
    0.3819316505661767, 
    0.24335594485041476, 
    0.20948787716359063, 
    0.18342417565479063, 
    0.19424701645411782
  ], 
  "5": [
    2.7461086783017242e-05, 
    0.18138086149194269, 
    0.2979335630520617, 
    0.31582493001745116, 
    0.3857949154842075, 
    0.3803610317061388, 
    0.34413770905789925
  ], 
  "4": [
    4.942011782693189e-05, 
    0.32369547566414825, 
    0.3293476387670122, 
    0.33426110574788603, 
    0.20050174116484581, 
    0.17170246973040992, 
    0.17913415375661515
  ], 
  "7": [
    7.436020435567623e-06, 
    0.03391962315584598, 
    0.08575555476740156, 
    0.15841020827315838, 
    0.3745462694443121, 
    0.48320516629880594, 
    0.5908500820205932
  ], 
  "6": [
    6.0483643093787326e-06, 
    0.07956187364712364, 
    0.19082491104130636, 
    0.26536223458505465, 
    0.401168024620119, 
    0.49073527985882837, 
    0.3706981053231314
  ]
}