{
  "dV_11": 0.46555328929544393, 
  "dV_12": 0.3399973478062785, 
  "dV_13": 0.2615995325480632, 
  "dV_14": 0.2649328279987425, 
  "dV_15": 0.12300384528394416, 
  "dV_16": 0.058355058060977565, 
  "dV_17": 0.029505973598163857, 
  "dV_21": 0.3399973478062785, 
  "dV_22": 0.4778798646238664, 
  "dV_23": 0.26599581661307636, 
  "dV_24": 0.2667393222720709, 
  "dV_25": 0.12504391400637946, 
  "dV_26": 0.060066765949564116, 
  "dV_27": 0.030624017493614437, 
  "dV_31": 0.2615995325480632, 
  "dV_32": 0.26599581661307636, 
  "dV_33": 0.2827917571896767, 
  "dV_34": 0.20626805620876365, 
  "dV_35": 0.09662682602727299, 
  "dV_36": 0.0464108410443186, 
  "dV_37": 0.023693586041796284, 
  "dV_41": 0.2649328279987425, 
  "dV_42": 0.2667393222720709, 
  "dV_43": 0.20626805620876365, 
  "dV_44": 0.2817060486708559, 
  "dV_45": 0.09832663406860156, 
  "dV_46": 0.04738223918529451, 
  "dV_47": 0.024272270830145746, 
  "dV_51": 0.12300384528394416, 
  "dV_52": 0.12504391400637946, 
  "dV_53": 0.09662682602727299, 
  "dV_54": 0.09832663406860156, 
  "dV_55": 0.06404889290426123, 
  "dV_56": 0.022086715683637122, 
  "dV_57": 0.011172110430614536, 
  "dV_61": 0.058355058060977565, 
  "dV_62": 0.060066765949564116, 
  "dV_63": 0.0464108410443186, 
  "dV_64": 0.04738223918529451, 
  "dV_65": 0.022086715683637122, 
  "dV_66": 0.014613350874261417, 
  "dV_67": 0.005253815388627183, 
  "dV_71": 0.029505973598163857, 
  "dV_72": 0.030624017493614437, 
  "dV_73": 0.023693586041796284, 
  "dV_74": 0.024272270830145746, 
  "dV_75": 0.011172110430614536, 
  "dV_76": 0.005253815388627183, 
  "dV_77": 0.0039454969218974505
}