{
  "1": 2919.0365365375, 
  "3": 0.42781612918074596, 
  "2": 0.8555263151008838, 
  "4": 0.13424749663603686
}