{
  "1": 5.166213459777747e-05, 
  "3": 6.754095528442546e-09, 
  "2": 2.730181300909858e-09, 
  "4": 9.744178018458922e-09
}