{
  "1": [
    0.28790000000000004, 
    -0.6897, 
    0.4842333333333333, 
    -0.18456666666666666, 
    0.4075, 
    -0.08009999999999995, 
    -0.018966666666666573
  ], 
  "3": [
    0.4732333333333334, 
    -0.3550333333333333, 
    -0.08689999999999998, 
    0.24196666666666666, 
    -0.6770333333333334, 
    0.1557666666666666, 
    0.31823333333333337
  ], 
  "2": [
    0.5093000000000001, 
    0.6183000000000001, 
    0.5321, 
    -0.1796333333333333, 
    0.005500000000000064, 
    0.12650000000000006, 
    0.16403333333333348
  ], 
  "5": [
    0.24970000000000003, 
    -0.03343333333333331, 
    -0.1938333333333333, 
    -0.6094999999999999, 
    -0.31509999999999994, 
    -0.030566666666666627, 
    -0.6536333333333333
  ], 
  "4": [
    0.6018333333333334, 
    0.10663333333333334, 
    -0.4586333333333333, 
    0.3827666666666667, 
    0.41590000000000016, 
    -0.24949999999999994, 
    -0.18523333333333325
  ], 
  "7": [
    0.03296666666666682, 
    0.022966666666666805, 
    -0.24369999999999992, 
    -0.4779, 
    -0.00843333333333329, 
    -0.6276333333333333, 
    0.5627
  ], 
  "6": [
    0.08996666666666675, 
    -0.054166666666666585, 
    -0.4093, 
    -0.3589, 
    0.3212333333333335, 
    0.7044333333333335, 
    0.3053666666666668
  ]
}