{
  "1": [
    0.2827176202414016, 
    -0.22548538196113327, 
    0.7934648569225886, 
    0.3845405945426054, 
    0.1631108376105043, 
    0.24929501954422625, 
    -0.05491802608399712
  ], 
  "2": [
    0.5116491654827291, 
    0.7377221219472533, 
    -0.1600623963821152, 
    0.2854286451041412, 
    -0.1342632324873173, 
    0.20911428339270197, 
    -0.158544381647871
  ], 
  "3": [
    0.4747463741438438, 
    0.16547475415501106, 
    0.3041438086730903, 
    -0.6986505854033018, 
    0.1546182231032325, 
    -0.34772901049588173, 
    0.14763342941222135
  ], 
  "4": [
    0.6013977716385802, 
    -0.5465337730338294, 
    -0.4501637206278047, 
    0.15024843907313112, 
    0.18890626663881133, 
    -0.15101282035862942, 
    -0.23645113004615753
  ], 
  "5": [
    0.24791168160992408, 
    -0.27631600821718244, 
    -0.020313718028439565, 
    -0.19861278574017618, 
    -0.7428654116358648, 
    0.39937848572459067, 
    0.3331326781630202
  ], 
  "6": [
    0.09038930281288014, 
    0.046832840908005914, 
    -0.025023123459902315, 
    0.4521345271805556, 
    -0.03995248196789909, 
    -0.4893809580309902, 
    0.7372209632628948
  ], 
  "7": [
    0.03990051665868628, 
    0.01724826361220622, 
    -0.2204629549873647, 
    -0.12688229366734924, 
    0.5850902887116853, 
    0.592795054057885, 
    0.48956183791680163
  ]
}