{
  "1": 30.437478686614515, 
  "2": 0.22993976161646101, 
  "3": 0.065592062461882039, 
  "4": 0.017908440513221428, 
  "5": -0.0051095476796148669, 
  "6": -0.020940729473987091, 
  "7": -0.13332843338304873
}