{
  "1": [
    0.0021576003890517023, 
    0.49034084463810845, 
    0.3848274558837509, 
    0.36228926804482176, 
    0.2242549513199195, 
    0.2052208297166755, 
    0.19599361340711488
  ], 
  "3": [
    0.0015163230150516134, 
    0.2794494044698257, 
    0.39218247126077405, 
    0.26415087311514784, 
    0.2750655015453626, 
    0.24360849261251966, 
    0.24667435714271246
  ], 
  "2": [
    0.0018701133414036207, 
    0.29567221556620465, 
    0.4543665382506441, 
    0.22131585362694908, 
    0.17330417298732512, 
    0.16280100592398003, 
    0.16446668051290833
  ], 
  "5": [
    0.0008523318612351023, 
    0.17917394627301497, 
    0.2718276650592952, 
    0.3507372005187431, 
    0.3809891081745911, 
    0.40515756624609367, 
    0.4379008128788849
  ], 
  "4": [
    0.0014096945397418083, 
    0.35229827757285265, 
    0.33986026699098515, 
    0.2619842476632164, 
    0.2195861890015239, 
    0.21382876143299653, 
    0.209417099688355
  ], 
  "7": [
    0.0003149737416916797, 
    0.09425340484090675, 
    0.16436296087636978, 
    0.29452659728631225, 
    0.4550421425123735, 
    0.4385511463858054, 
    0.5193512087951679
  ], 
  "6": [
    0.0004514013796076005, 
    0.08718179575541393, 
    0.17925098668096026, 
    0.34771589871456293, 
    0.48825193277417617, 
    0.452883779678494, 
    0.38168156669696385
  ]
}