{
  "dV_11": 0.21161224201265022, 
  "dV_12": 0.13746375465435984, 
  "dV_13": 0.1049570444093385, 
  "dV_14": 0.09921830013382789, 
  "dV_15": 0.05269299379942463, 
  "dV_16": 0.02899144705718839, 
  "dV_17": 0.021429559847334197, 
  "dV_21": 0.13746375465435984, 
  "dV_22": 0.1787216974948441, 
  "dV_23": 0.09646001341014665, 
  "dV_24": 0.09125279092122462, 
  "dV_25": 0.04847779619983804, 
  "dV_26": 0.026662326009643134, 
  "dV_27": 0.019665461045489368, 
  "dV_31": 0.1049570444093385, 
  "dV_32": 0.09646001341014665, 
  "dV_33": 0.10408240906833646, 
  "dV_34": 0.06977976396112172, 
  "dV_35": 0.03699686134452927, 
  "dV_36": 0.020358853568925195, 
  "dV_37": 0.015001376751701254, 
  "dV_41": 0.09921830013382789, 
  "dV_42": 0.09125279092122462, 
  "dV_43": 0.06977976396112172, 
  "dV_44": 0.09309351612063474, 
  "dV_45": 0.03515752267816281, 
  "dV_46": 0.019292299684984623, 
  "dV_47": 0.01424253501156521, 
  "dV_51": 0.05269299379942463, 
  "dV_52": 0.04847779619983804, 
  "dV_53": 0.03699686134452927, 
  "dV_54": 0.03515752267816281, 
  "dV_55": 0.026464815379527027, 
  "dV_56": 0.010333420555536679, 
  "dV_57": 0.00761250351996782, 
  "dV_61": 0.02899144705718839, 
  "dV_62": 0.026662326009643134, 
  "dV_63": 0.020358853568925195, 
  "dV_64": 0.019292299684984623, 
  "dV_65": 0.010333420555536679, 
  "dV_66": 0.008574132830690247, 
  "dV_67": 0.004259515883795794, 
  "dV_71": 0.021429559847334197, 
  "dV_72": 0.019665461045489368, 
  "dV_73": 0.015001376751701254, 
  "dV_74": 0.01424253501156521, 
  "dV_75": 0.00761250351996782, 
  "dV_76": 0.004259515883795794, 
  "dV_77": 0.00593288183980945
}