{
  "V_11": 2.3703890739749847, 
  "V_12": 4.387891500803898, 
  "V_13": 4.027980057685964, 
  "V_14": 5.2553771481689875, 
  "V_15": 2.142502788883152, 
  "V_16": 0.7907966993433287, 
  "V_17": 0.3640978584612394, 
  "V_21": 4.387891500803898, 
  "V_22": 8.09471328067918, 
  "V_23": 7.415343059162637, 
  "V_24": 9.265173006186126, 
  "V_25": 3.812247223122392, 
  "V_26": 1.4266023545088438, 
  "V_27": 0.6168138021925696, 
  "V_31": 4.027980057685964, 
  "V_32": 7.415343059162637, 
  "V_33": 6.885457395405252, 
  "V_34": 8.681807404395727, 
  "V_35": 3.5793787568640374, 
  "V_36": 1.2849507900719557, 
  "V_37": 0.5931363768986114, 
  "V_41": 5.2553771481689875, 
  "V_42": 9.265173006186126, 
  "V_43": 8.681807404395727, 
  "V_44": 11.051102012446616, 
  "V_45": 4.569023778055919, 
  "V_46": 1.654785096074631, 
  "V_47": 0.7185909205490669, 
  "V_51": 2.142502788883152, 
  "V_52": 3.812247223122392, 
  "V_53": 3.5793787568640374, 
  "V_54": 4.569023778055919, 
  "V_55": 1.8975258228698997, 
  "V_56": 0.6695139763544024, 
  "V_57": 0.28863286954410167, 
  "V_61": 0.7907966993433287, 
  "V_62": 1.4266023545088438, 
  "V_63": 1.2849507900719557, 
  "V_64": 1.654785096074631, 
  "V_65": 0.6695139763544024, 
  "V_66": 0.24993433059834338, 
  "V_67": 0.09896837463074074, 
  "V_71": 0.3640978584612394, 
  "V_72": 0.6168138021925696, 
  "V_73": 0.5931363768986114, 
  "V_74": 0.7185909205490669, 
  "V_75": 0.28863286954410167, 
  "V_76": 0.09896837463074074, 
  "V_77": 0.04241832469513721
}