{
  "1": 0.08058442165876459, 
  "3": 0.05626062655014786, 
  "2": 0.05978710258499844, 
  "4": 0.048994320350728475
}