{
  "dV_11": 0.39483264377279553, 
  "dV_12": 0.28035375775025256, 
  "dV_13": 0.2149963231262915, 
  "dV_14": 0.216600200653255, 
  "dV_15": 0.10420260612565185, 
  "dV_16": 0.05220299062707074, 
  "dV_17": 0.028089963009075018, 
  "dV_21": 0.28035375775025256, 
  "dV_22": 0.38658750260869246, 
  "dV_23": 0.21374058402590224, 
  "dV_24": 0.21400578661983444, 
  "dV_25": 0.10352701476818016, 
  "dV_26": 0.05227436272866462, 
  "dV_27": 0.028257076823073886, 
  "dV_31": 0.2149963231262915, 
  "dV_32": 0.21374058402590224, 
  "dV_33": 0.22667453150149203, 
  "dV_34": 0.16460481973011074, 
  "dV_35": 0.07960394975452283, 
  "dV_36": 0.04019096819433152, 
  "dV_37": 0.021739563866582882, 
  "dV_41": 0.216600200653255, 
  "dV_42": 0.21400578661983444, 
  "dV_43": 0.16460481973011074, 
  "dV_44": 0.2246378184200138, 
  "dV_45": 0.08063318159488438, 
  "dV_46": 0.040772605941247105, 
  "dV_47": 0.02208284083019821, 
  "dV_51": 0.10420260612565185, 
  "dV_52": 0.10352701476818016, 
  "dV_53": 0.07960394975452283, 
  "dV_54": 0.08063318159488438, 
  "dV_55": 0.0541461471352913, 
  "dV_56": 0.019665818655819203, 
  "dV_57": 0.010566503041214953, 
  "dV_61": 0.05220299062707074, 
  "dV_62": 0.05227436272866462, 
  "dV_63": 0.04019096819433152, 
  "dV_64": 0.040772605941247105, 
  "dV_65": 0.019665818655819203, 
  "dV_66": 0.013752807333862267, 
  "dV_67": 0.0052674053282520715, 
  "dV_71": 0.028089963009075018, 
  "dV_72": 0.028257076823073886, 
  "dV_73": 0.021739563866582882, 
  "dV_74": 0.02208284083019821, 
  "dV_75": 0.010566503041214953, 
  "dV_76": 0.0052674053282520715, 
  "dV_77": 0.003985564362383914
}