{
  "V_11": 657.0636653213526, 
  "V_12": 880.5989637645117, 
  "V_13": 703.7070315848177, 
  "V_14": 805.8356701104765, 
  "V_15": 313.2711237631798, 
  "V_16": 110.66938074003968, 
  "V_17": 37.600291524354596, 
  "V_21": 880.5989637645117, 
  "V_22": 1180.6418908066573, 
  "V_23": 943.6107131365459, 
  "V_24": 1080.8112648916162, 
  "V_25": 420.1792828148734, 
  "V_26": 148.55208555880898, 
  "V_27": 50.529087557199354, 
  "V_31": 703.7070315848177, 
  "V_32": 943.6107131365459, 
  "V_33": 754.4255631900546, 
  "V_34": 864.1187692599518, 
  "V_35": 336.0222179352479, 
  "V_36": 118.77643045206209, 
  "V_37": 40.43618059610691, 
  "V_41": 805.8356701104765, 
  "V_42": 1080.8112648916162, 
  "V_43": 864.1187692599518, 
  "V_44": 990.2074693636151, 
  "V_45": 385.2792186012362, 
  "V_46": 136.25705474788234, 
  "V_47": 46.39934890597421, 
  "V_51": 313.2711237631798, 
  "V_52": 420.1792828148734, 
  "V_53": 336.0222179352479, 
  "V_54": 385.2792186012362, 
  "V_55": 150.08526976040523, 
  "V_56": 53.16734306899533, 
  "V_57": 18.143056202388426, 
  "V_61": 110.66938074003968, 
  "V_62": 148.55208555880898, 
  "V_63": 118.77643045206209, 
  "V_64": 136.25705474788234, 
  "V_65": 53.16734306899533, 
  "V_66": 18.904426184660974, 
  "V_67": 6.50038624699993, 
  "V_71": 37.600291524354596, 
  "V_72": 50.529087557199354, 
  "V_73": 40.43618059610691, 
  "V_74": 46.39934890597421, 
  "V_75": 18.143056202388426, 
  "V_76": 6.50038624699993, 
  "V_77": 2.265666640054561
}