{
  "1": 3751.896790991724, 
  "3": 0.25064328306915606, 
  "2": 1.2901759547296734, 
  "4": 0.14541283103564637
}