{
  "1": [
    -0.4183432866666666, 
    -0.5349188266666682, 
    -0.3810022388907841, 
    0.16803153846153845, 
    0.059277954120490944, 
    -0.05950089088824162, 
    0.02377322642229857
  ], 
  "3": [
    -0.44837902, 
    0.021795700000000043, 
    0.3834351517217858, 
    0.00810337912087874, 
    0.3173697131390523, 
    0.06730582164593782, 
    -0.09062365024818632
  ], 
  "2": [
    -0.5609247199999999, 
    -0.292005473333334, 
    0.02554040610675462, 
    -0.28498880036630014, 
    -0.13701209011720655, 
    0.07944884008115036, 
    -0.002316869033982462
  ], 
  "5": [
    -0.19976658666666666, 
    0.4980706866666664, 
    -0.28016744705837676, 
    0.019914542124541974, 
    0.01681289278059071, 
    0.38259495457351983, 
    -0.005785047728140145
  ], 
  "4": [
    -0.5136402266666668, 
    0.4906599266666658, 
    0.1066038754403911, 
    0.19721164835164834, 
    -0.207556122588589, 
    -0.20755472347181805, 
    0.09478038946162631
  ], 
  "7": [
    -0.024033333333333236, 
    0.19056601999999992, 
    -0.1620549645793082, 
    -0.18554925824175822, 
    0.2368028959730015, 
    -0.12740536297080277, 
    0.4462671630393279
  ], 
  "6": [
    -0.07063333333333333, 
    0.30724220666666646, 
    -0.3080829904913441, 
    -0.21077653846153838, 
    0.10352405253796712, 
    -0.2351566904824882, 
    -0.37189405880106974
  ]
}