{"mode1_error": [4e-06, 5e-06, 8e-06, 8e-06, 1.5e-05, 2.5e-05, 4.9e-05], "mode2": [0.0003, -0.00046, 0.00017, -0.00012, 0.00047, 0.00043, -0.00203], "mode2_error": [0.00032, 0.000472, 0.000418, 0.000655, 0.001512, 0.00336, 0.005207], "mode1": [0.00943, 0.01669, 0.02361, 0.03181, 0.04142, 0.04808, 0.05133]}