{"mode1_error": [3e-06, 5e-06, 7e-06, 7e-06, 1.4e-05, 2.5e-05, 2.7e-05], "mode2": [-0.00019, 0.00065, 2e-05, -0.00037, -0.00207, -0.00292, -0.0055], "mode2_error": [0.00025, 0.000271, 0.000563, 0.000432, 0.001401, 0.00297, 0.005694], "mode1": [0.01323, 0.02345, 0.03307, 0.04454, 0.05784, 0.0668, 0.07075]}