{"mode1_error": [4e-06, 6e-06, 8e-06, 9e-06, 1.8e-05, 4.3e-05, 0.000177], "mode2": [0.0008, 0.00029, -0.00047, -0.0015, -0.0031, -0.00909, -0.01316], "mode2_error": [0.000235, 0.000481, 0.000644, 0.000626, 0.001505, 0.00391, 0.005691], "mode1": [0.03244, 0.05715, 0.08009, 0.10743, 0.13958, 0.16132, 0.17026]}