{"mode1_error": [7e-06, 9e-06, 1.4e-05, 1.5e-05, 3e-05, 2.3e-05, 5e-06], "mode2": [-0.00118, -0.00114, 0.00037, 0.00321, 0.00858, 0.02002, 0.0285], "mode2_error": [0.000254, 0.000526, 0.000508, 0.00065, 0.001691, 0.004005, 0.006735], "mode1": [0.04632, 0.08098, 0.11243, 0.15004, 0.19486, 0.22627, 0.24009]}