{
  "1": 4.8640366625635214e-05, 
  "3": 2.502252494474486e-09, 
  "2": 1.814035005197793e-08, 
  "4": 4.774447682874714e-09
}