{
  "1": 0.04047907961564223, 
  "3": 0.018365075480874814, 
  "2": 0.036157503434950354, 
  "4": 0.011735991998003079
}