{
  "dV_11": 0.19031300477565133, 
  "dV_12": 0.13888609789798906, 
  "dV_13": 0.10698032803293148, 
  "dV_14": 0.10826755407126092, 
  "dV_15": 0.050289980223963165, 
  "dV_16": 0.023839608762806302, 
  "dV_17": 0.012059263474207426, 
  "dV_21": 0.13888609789798906, 
  "dV_22": 0.19525756052778395, 
  "dV_23": 0.10872822317476168, 
  "dV_24": 0.10901699505250945, 
  "dV_25": 0.05111602880276926, 
  "dV_26": 0.024540234184407334, 
  "dV_27": 0.012524125061904711, 
  "dV_31": 0.10698032803293148, 
  "dV_32": 0.10872822317476168, 
  "dV_33": 0.11558841869183363, 
  "dV_34": 0.08429289896112979, 
  "dV_35": 0.03949305550283734, 
  "dV_36": 0.018966510705128798, 
  "dV_37": 0.00968490176736384, 
  "dV_41": 0.10826755407126092, 
  "dV_42": 0.10901699505250945, 
  "dV_43": 0.08429289896112979, 
  "dV_44": 0.11516794433377274, 
  "dV_45": 0.04018981631654589, 
  "dV_46": 0.019367229495534842, 
  "dV_47": 0.009927229447678793, 
  "dV_51": 0.050289980223963165, 
  "dV_52": 0.05111602880276926, 
  "dV_53": 0.03949305550283734, 
  "dV_54": 0.04018981631654589, 
  "dV_55": 0.026173182513874686, 
  "dV_56": 0.009028439510637384, 
  "dV_57": 0.004566335929620895, 
  "dV_61": 0.023839608762806302, 
  "dV_62": 0.024540234184407334, 
  "dV_63": 0.018966510705128798, 
  "dV_64": 0.019367229495534842, 
  "dV_65": 0.009028439510637384, 
  "dV_66": 0.005972357791877098, 
  "dV_67": 0.0021468995055465576, 
  "dV_71": 0.012059263474207426, 
  "dV_72": 0.012524125061904711, 
  "dV_73": 0.00968490176736384, 
  "dV_74": 0.009927229447678793, 
  "dV_75": 0.004566335929620895, 
  "dV_76": 0.0021468995055465576, 
  "dV_77": 0.0016120490429078036
}