{
  "1": [
    -0.42132116666666664, 
    0.4764573199999998, 
    0.3963617750830682, 
    0.2234362697470226, 
    0.15159517862549182, 
    0.2260160683545366, 
    -0.023241429066143484
  ], 
  "3": [
    -0.44836655333333336, 
    -0.09424639999999986, 
    -0.3639061864145523, 
    -0.17218018280614727, 
    -0.009102323645171396, 
    0.27554278456564624, 
    -0.3152805148331986
  ], 
  "2": [
    -0.5635423933333333, 
    0.4360696066666664, 
    -0.22312434145171708, 
    -0.05728908201086739, 
    -0.12715123372691506, 
    -0.3292053197296046, 
    0.1347880834199085
  ], 
  "5": [
    -0.19623333333333326, 
    -0.36696815333333377, 
    -0.35234647004418845, 
    0.4259447803087554, 
    0.19581239025128702, 
    -0.06012266448335142, 
    0.09787849859555979
  ], 
  "4": [
    -0.5100760333333334, 
    -0.6266825599999996, 
    0.3395422087486727, 
    -0.16932637734355288, 
    -0.0156278988798061, 
    -0.017325435613217498, 
    0.15602687675554996
  ], 
  "7": [
    -0.023100000000000006, 
    -0.059128973333333286, 
    -0.0030463501524336484, 
    0.253664331210191, 
    -0.4876240009082658, 
    0.178316811521182, 
    0.015717384277963164
  ], 
  "6": [
    -0.06829999999999992, 
    -0.1639649333333332, 
    0.2625469907169527, 
    0.17952757925798, 
    -0.107080782621859, 
    -0.24514156694797856, 
    -0.35091354419177356
  ]
}