{
  "1": [
    6.857089454848383e-05, 
    0.05744722018837631, 
    0.20610877517287107, 
    0.2926341073820305, 
    0.22594633838780806, 
    0.20806679248171314, 
    0.15297371599191628
  ], 
  "3": [
    5.06129014792915e-05, 
    0.060440169917665494, 
    0.2987380111850741, 
    0.44062677211871754, 
    0.23777317068192066, 
    0.20634552274489462, 
    0.15992886054101046
  ], 
  "2": [
    6.084525209012973e-05, 
    0.06825989859581927, 
    0.34219509069107096, 
    0.31556773383663306, 
    0.32409134944730544, 
    0.23341252248453825, 
    0.19238618092134327
  ], 
  "5": [
    3.137157293231908e-05, 
    0.03882314731383052, 
    0.13855798742494635, 
    0.22631192813152218, 
    0.35821248687636154, 
    0.3339659268371208, 
    0.45679922483901275
  ], 
  "4": [
    4.7734672683162564e-05, 
    0.03652159299131568, 
    0.3493458509056951, 
    0.29210726432483586, 
    0.2926297182203605, 
    0.1878329178095053, 
    0.2247565122936219
  ], 
  "7": [
    3.1906941774547855e-05, 
    0.025004931208705273, 
    0.26337917403087124, 
    0.2954371040505076, 
    0.28269195438840883, 
    0.4778394596632186, 
    0.30147846071570716
  ], 
  "6": [
    8.557255456479134e-06, 
    0.036968548037103144, 
    0.2962660015294334, 
    0.30083843599236926, 
    0.30240113167486155, 
    0.3472400798107426, 
    0.3476611894458273
  ]
}