{
  "1": 1100.11696219942, 
  "3": 0.0543698584331107, 
  "2": 0.205545120484732, 
  "4": 0.019977565249424383
}