{"mode1_error": [4e-06, 5e-06, 7e-06, 8e-06, 1.5e-05, 2.6e-05, 4.7e-05], "mode2": [-0.00038, 0.00051, -0.00037, 0.0, 0.0008, 0.00063, -0.00227], "mode2_error": [0.000174, 0.000326, 0.000319, 0.00043, 0.000666, 0.001184, 0.004842], "mode1": [0.0058, 0.01346, 0.02207, 0.03339, 0.0474, 0.05718, 0.06147]}