{"mode1_error": [4e-06, 5e-06, 7e-06, 8e-06, 1.5e-05, 2.6e-05, 4.9e-05], "mode2": [4e-05, 0.00048, -1e-05, -0.00065, -0.00058, 0.00022, 0.00337], "mode2_error": [0.000252, 0.000265, 0.000368, 0.000412, 0.000836, 0.002526, 0.007493], "mode1": [0.00648, 0.01513, 0.02475, 0.03748, 0.05309, 0.06404, 0.06871]}