{"mode1_error": [9e-06, 1.1e-05, 1.6e-05, 1.7e-05, 3.4e-05, 5.5e-05, 9.5e-05], "mode2": [-0.00071, 0.00038, 9e-05, 0.00041, 0.00019, -0.00051, -0.00112], "mode2_error": [0.000412, 0.000793, 0.000847, 0.000633, 0.001716, 0.005168, 0.003645], "mode1": [0.00983, 0.02307, 0.03738, 0.056, 0.07903, 0.09467, 0.10089]}