{
  "1": 1975.657822445552, 
  "2": 1.3835313138801473, 
  "3": 0.013980846632265662, 
  "4": 0.0086219803460767432, 
  "5": -0.0018082434580032076, 
  "6": -0.0055749504948586883, 
  "7": -0.034680540159086962, 
  "8": -0.10912743370888214, 
  "9": -0.30389180436077867, 
  "10": -1.1012024120473793, 
  "11": -2.1417265610632188
}