{
  "1": 0.002711908799632945, 
  "3": 0.0008233768793976634, 
  "2": 0.003578165868404043, 
  "4": 9.955051407022811e-05
}