{
  "V_10_1": 1.2288647500219072, 
  "V_10_10": -0.012950852210578257, 
  "V_10_11": -0.014046860320389098, 
  "V_10_2": 2.148368062703493, 
  "V_10_3": 2.055617652537993, 
  "V_10_4": 2.7896449465621886, 
  "V_10_5": 1.2612951883301562, 
  "V_10_6": 0.47049369511644806, 
  "V_10_7": 0.1520154059491649, 
  "V_10_8": 0.036429055437434125, 
  "V_10_9": 0.001180214230128613, 
  "V_11_1": 0.5342009363405602, 
  "V_11_10": -0.014046860320389098, 
  "V_11_11": -0.019458250131456727, 
  "V_11_2": 0.8951238251087029, 
  "V_11_3": 0.818499368838296, 
  "V_11_4": 1.1141831330151957, 
  "V_11_5": 0.4947323175875087, 
  "V_11_6": 0.15921836307209286, 
  "V_11_7": 0.0344744373077525, 
  "V_11_8": -0.0035049687733413027, 
  "V_11_9": -0.013573338218864014, 
  "V_1_1": 143.96774374787222, 
  "V_1_10": 1.2288647500219072, 
  "V_1_11": 0.5342009363405602, 
  "V_1_2": 250.9684785288304, 
  "V_1_3": 244.1786294365757, 
  "V_1_4": 337.5842152968117, 
  "V_1_5": 159.28902490453265, 
  "V_1_6": 65.08203086415872, 
  "V_1_7": 25.00078041162152, 
  "V_1_8": 9.281340278486422, 
  "V_1_9": 3.358837114929837, 
  "V_2_1": 250.9684785288304, 
  "V_2_10": 2.148368062703493, 
  "V_2_11": 0.8951238251087029, 
  "V_2_2": 435.2923902850073, 
  "V_2_3": 420.20438043642815, 
  "V_2_4": 582.0063331248493, 
  "V_2_5": 275.5085531199008, 
  "V_2_6": 113.18564113266876, 
  "V_2_7": 43.34202081129782, 
  "V_2_8": 15.890044569843297, 
  "V_2_9": 5.695392182955627, 
  "V_3_1": 244.1786294365757, 
  "V_3_10": 2.055617652537993, 
  "V_3_11": 0.818499368838296, 
  "V_3_2": 420.20438043642815, 
  "V_3_3": 407.1238855813747, 
  "V_3_4": 563.5940876908079, 
  "V_3_5": 266.514779641759, 
  "V_3_6": 109.12051906519771, 
  "V_3_7": 41.826066964224324, 
  "V_3_8": 15.281333600288669, 
  "V_3_9": 5.497733371698056, 
  "V_4_1": 337.5842152968117, 
  "V_4_10": 2.7896449465621886, 
  "V_4_11": 1.1141831330151957, 
  "V_4_2": 582.0063331248493, 
  "V_4_3": 563.5940876908079, 
  "V_4_4": 779.5089620260673, 
  "V_4_5": 368.7008407986392, 
  "V_4_6": 150.9062486030619, 
  "V_4_7": 57.66049903253801, 
  "V_4_8": 21.045781738133822, 
  "V_4_9": 7.472441054130361, 
  "V_5_1": 159.28902490453265, 
  "V_5_10": 1.2612951883301562, 
  "V_5_11": 0.4947323175875087, 
  "V_5_2": 275.5085531199008, 
  "V_5_3": 266.514779641759, 
  "V_5_4": 368.7008407986392, 
  "V_5_5": 173.8399993874297, 
  "V_5_6": 71.13644820203568, 
  "V_5_7": 27.129047988397478, 
  "V_5_8": 9.865400801726455, 
  "V_5_9": 3.4755912569525758, 
  "V_6_1": 65.08203086415872, 
  "V_6_10": 0.47049369511644806, 
  "V_6_11": 0.15921836307209286, 
  "V_6_2": 113.18564113266876, 
  "V_6_3": 109.12051906519771, 
  "V_6_4": 150.9062486030619, 
  "V_6_5": 71.13644820203568, 
  "V_6_6": 29.004908235732334, 
  "V_6_7": 11.031294056195172, 
  "V_6_8": 3.9706847824848275, 
  "V_6_9": 1.3740287341991941, 
  "V_7_1": 25.00078041162152, 
  "V_7_10": 0.1520154059491649, 
  "V_7_11": 0.0344744373077525, 
  "V_7_2": 43.34202081129782, 
  "V_7_3": 41.826066964224324, 
  "V_7_4": 57.66049903253801, 
  "V_7_5": 27.129047988397478, 
  "V_7_6": 11.031294056195172, 
  "V_7_7": 4.12945488837211, 
  "V_7_8": 1.4538977633937884, 
  "V_7_9": 0.4808770249505614, 
  "V_8_1": 9.281340278486422, 
  "V_8_10": 0.036429055437434125, 
  "V_8_11": -0.0035049687733413027, 
  "V_8_2": 15.890044569843297, 
  "V_8_3": 15.281333600288669, 
  "V_8_4": 21.045781738133822, 
  "V_8_5": 9.865400801726455, 
  "V_8_6": 3.9706847824848275, 
  "V_8_7": 1.4538977633937884, 
  "V_8_8": 0.49492486525292595, 
  "V_8_9": 0.15559833452945443, 
  "V_9_1": 3.358837114929837, 
  "V_9_10": 0.001180214230128613, 
  "V_9_11": -0.013573338218864014, 
  "V_9_2": 5.695392182955627, 
  "V_9_3": 5.497733371698056, 
  "V_9_4": 7.472441054130361, 
  "V_9_5": 3.4755912569525758, 
  "V_9_6": 1.3740287341991941, 
  "V_9_7": 0.4808770249505614, 
  "V_9_8": 0.15559833452945443, 
  "V_9_9": 0.03608472635116204
}