{
  "1": 0.000505427087969973, 
  "3": 0.0005776381401448747, 
  "2": 0.0003131414622131018, 
  "4": 0.00023724952153885077
}