{
  "1": [
    5.8199052054838585e-05, 
    0.153031172486745, 
    0.3009731885093491, 
    0.4090851671190681, 
    0.2634300092089861, 
    0.26343801256974675, 
    0.2289190322283498
  ], 
  "3": [
    4.770693996905726e-05, 
    0.07669970806425516, 
    0.5784211277119483, 
    0.3517119917389447, 
    0.3031599368800484, 
    0.2660586138757849, 
    0.2501278335520546
  ], 
  "2": [
    5.384610061445275e-05, 
    0.12021918346167731, 
    0.3603025330153672, 
    0.3565799248168524, 
    0.2250490262237636, 
    0.21282438170925755, 
    0.18954701690332879
  ], 
  "5": [
    2.5929353599173842e-05, 
    0.05567215784491518, 
    0.1998979774830233, 
    0.2991903488597742, 
    0.3702571310213839, 
    0.32900276488209235, 
    0.3498964647944633
  ], 
  "4": [
    4.720011256556386e-05, 
    0.06773922297333167, 
    0.27209445832472884, 
    0.30572488613604837, 
    0.25176202747253734, 
    0.2373357129362032, 
    0.2508046358856737
  ], 
  "7": [
    1.632503178124046e-06, 
    0.03712536128755475, 
    0.16654906738180336, 
    0.35173280575441673, 
    0.4164108858835216, 
    0.34938096607601127, 
    0.41641972796308163
  ], 
  "6": [
    4.155205439770247e-06, 
    0.04110229175471385, 
    0.18622740066242272, 
    0.3292562142667012, 
    0.4141687364490998, 
    0.3606056602642387, 
    0.3881900805311108
  ]
}