{
  "1": 901.5160038616301, 
  "3": 0.2215690504505042, 
  "2": 0.4521994003651668, 
  "4": 0.14058785576365035
}