{
  "P_1": 141.4687975, 
  "P_2": 114.3510815625, 
  "P_3": 64.58234625, 
  "P_4": 54.562590625, 
  "P_5": 16.089913936424207, 
  "P_6": 4.985546898062675, 
  "P_7": 2.1391102600202405
}