{
  "1": [
    0.0001818361454726533, 
    0.3036648113377421, 
    0.32542469400039786, 
    0.3026936618339833, 
    0.22474280128363558, 
    0.18952473332482564, 
    0.15935713699232792
  ], 
  "3": [
    0.00012299672546418273, 
    0.26807098492628867, 
    0.3778626084702992, 
    0.3232805628353879, 
    0.37850579538465007, 
    0.2759397255123031, 
    0.26682044961818147
  ], 
  "2": [
    0.00014949832773363772, 
    0.3083339888050397, 
    0.2521311775177331, 
    0.37489378518303107, 
    0.3098217219570504, 
    0.2861444873078968, 
    0.24167808475830715
  ], 
  "5": [
    7.89278804587626e-05, 
    0.189910921760148, 
    0.22216090812016784, 
    0.32922523445206714, 
    0.44736025630656456, 
    0.41937350967420195, 
    0.3848832730382954
  ], 
  "4": [
    0.00011808442558166826, 
    0.2921067643059862, 
    0.3890727209116182, 
    0.28799671471983823, 
    0.25871813040565944, 
    0.2162174174546637, 
    0.180829085608178
  ], 
  "7": [
    3.074474046872549e-05, 
    0.1738326570174955, 
    0.24276911805834542, 
    0.32381034055666597, 
    0.3531196406433323, 
    0.4652633041337626, 
    0.3638244026554213
  ], 
  "6": [
    4.5043543864053174e-05, 
    0.2715078014433118, 
    0.3395471170624754, 
    0.45005857541620753, 
    0.27402853718582904, 
    0.367223394822761, 
    0.36980453240510464
  ]
}