{
  "1": [
    -0.31107038666666664, 
    -0.6381418561242402, 
    -0.14103449434009188, 
    0.06217658211632068, 
    0.06998690881059277, 
    0.025165324325517834, 
    -0.0069509781875421355
  ], 
  "3": [
    -0.45130049999999994, 
    0.15911052002837206, 
    -0.0290166231289142, 
    0.2542462891792636, 
    -0.16832405114950338, 
    -0.18214363491853228, 
    0.0894428678509858
  ], 
  "2": [
    -0.4690491666666666, 
    0.2822863366558405, 
    -0.28568080192395306, 
    -0.05808091211888288, 
    0.24080558200698393, 
    0.10269518700048583, 
    -0.06621223296604421
  ], 
  "5": [
    -0.2875824199999999, 
    0.03704743718968178, 
    0.20562750342082323, 
    0.12564350499615676, 
    -0.1641576701582556, 
    0.3091170442001152, 
    -0.14846984483921752
  ], 
  "4": [
    -0.61754496, 
    -0.031711647440922974, 
    0.1371327155118799, 
    -0.25243700572209504, 
    -0.08501782523919646, 
    -0.06967313551463714, 
    0.0804888164305526
  ], 
  "7": [
    -0.04388173999999993, 
    0.023933113077239044, 
    0.20457438736161243, 
    0.08261071825091822, 
    0.2081606810864733, 
    0.17796392016602627, 
    0.5064921445169022
  ], 
  "6": [
    -0.11647060666666662, 
    0.01876752529211938, 
    0.32787420077124, 
    0.07980339909471366, 
    0.27323540107921906, 
    -0.23595970768755187, 
    -0.31234259800614694
  ]
}