{
  "1": 1553.9606256992233, 
  "3": 0.5685349419039466, 
  "2": 1.1530707465293801, 
  "4": 0.1915517313400459
}