{
  "1": [
    -0.28551630238264025, 
    0.8768990048770273, 
    0.21390704632841046, 
    0.2927217795611602, 
    0.1272652921382842, 
    -0.026310381377911276, 
    -0.03460665932671568
  ], 
  "2": [
    -0.5040141835811458, 
    -0.33686619986387567, 
    0.46489729939636665, 
    0.3021430137852744, 
    -0.19673064327220166, 
    0.5299004940826426, 
    -0.0746557884011638
  ], 
  "3": [
    -0.47122758160788997, 
    0.11971636915496663, 
    0.12608327837855593, 
    -0.8527977242616822, 
    -0.13389170134412695, 
    -0.04236598689353118, 
    0.02701372172460931
  ], 
  "4": [
    -0.6059055186088097, 
    -0.28013104205716943, 
    -0.2544758788760686, 
    0.2152038704276231, 
    0.4503774430848632, 
    -0.46445411774062106, 
    0.15740697027958336
  ], 
  "5": [
    -0.2559328955370515, 
    0.09079279425187294, 
    -0.5660127107110774, 
    0.1854786950703757, 
    -0.7349949926881829, 
    -0.0892674409831853, 
    -0.15263017783545235
  ], 
  "6": [
    -0.09357169051792631, 
    0.06343552909147523, 
    -0.4894636323503359, 
    -0.12177365776142787, 
    0.4276469536595765, 
    0.5368766640741498, 
    -0.5115645920728432
  ], 
  "7": [
    -0.031873255086087904, 
    0.11178770517408487, 
    -0.31227275649422515, 
    -0.014687565787396276, 
    0.03513138532937389, 
    0.45254336524134825, 
    0.8262734982351161
  ]
}