{
  "1": 807.2572164157858, 
  "3": 0.2881792899768272, 
  "2": 0.5829516181884988, 
  "4": 0.07707668306924992
}