{
  "1": [
    -0.422835310287098, 
    -0.39704315250192646, 
    0.6519032285944957, 
    -0.2976715846232667, 
    -0.3667911793223742, 
    0.11641359186241652, 
    -0.04350804618417885
  ], 
  "2": [
    -0.5649878087327601, 
    -0.39042400075844297, 
    -0.607522795780094, 
    0.23071238235327146, 
    -0.1358878531285982, 
    0.07292486205293341, 
    -0.2868138433168785
  ], 
  "3": [
    -0.44820992437766705, 
    0.15989476104366365, 
    -0.02568890752303269, 
    -0.49374151722999193, 
    0.7232668850748254, 
    0.077367282031628, 
    -0.0004897948756612424
  ], 
  "4": [
    -0.507391131524896, 
    0.37994713049744744, 
    0.2667086520560666, 
    0.6110164624531672, 
    0.049465607199288206, 
    -0.19706321284766487, 
    0.33531930909634544
  ], 
  "5": [
    -0.1944791744080319, 
    0.41149285582421424, 
    -0.3383921386834985, 
    -0.48238696947598536, 
    -0.5326360010459664, 
    -0.18635485180090586, 
    0.35667325675484535
  ], 
  "6": [
    -0.06976279739316397, 
    0.46907132271520696, 
    0.14001582733566584, 
    -0.0298913037209122, 
    -0.13618734889316983, 
    -0.24990334015534796, 
    -0.8207366513956735
  ], 
  "7": [
    -0.031179841540170117, 
    0.36144903086394775, 
    -0.005580024824005106, 
    0.08631884355708788, 
    -0.13852359074604945, 
    0.9160406234042836, 
    -0.05080479523504616
  ]
}