{
  "1": 363.13154979464207, 
  "2": 0.37574699084603358, 
  "3": 0.17654684087067662, 
  "4": 0.12498603561193232, 
  "5": 0.1062619069936241, 
  "6": 0.00035810501371688993, 
  "7": -0.080539733063342375
}