{
  "1": [
    0.00019616391845734662, 
    0.36077124791498344, 
    0.345403122139235, 
    0.33074348896693395, 
    0.26188831811461327, 
    0.217271739776771, 
    0.18485011858070127
  ], 
  "3": [
    0.00014976491406108814, 
    0.1734080567619736, 
    0.3211412114255074, 
    0.37203271034549, 
    0.3420742854525946, 
    0.28213943430173166, 
    0.24718824540105994
  ], 
  "2": [
    0.0001746236440725519, 
    0.34185920323285274, 
    0.3138282434107628, 
    0.2662215695073115, 
    0.23591123273882095, 
    0.23030593985251874, 
    0.17149339069105904
  ], 
  "5": [
    8.067578469196783e-05, 
    0.2131463774326336, 
    0.36734988066445573, 
    0.39678020889081794, 
    0.31716207798118917, 
    0.3471354345832045, 
    0.2955824874423574
  ], 
  "4": [
    0.00015016008987650442, 
    0.18593573478460235, 
    0.35041855122698096, 
    0.26797026765858584, 
    0.2944468560108489, 
    0.2582867537075422, 
    0.21171398980069553
  ], 
  "7": [
    3.311661818174257e-05, 
    0.15973555852561694, 
    0.21781698246522477, 
    0.20105422262059777, 
    0.3381762564752714, 
    0.29940963207823984, 
    0.6196953579127641
  ], 
  "6": [
    4.407946310012024e-05, 
    0.2140564233941913, 
    0.2775582331558016, 
    0.239266913808538, 
    0.34597705704048926, 
    0.539575560187459, 
    0.29905712710880383
  ]
}