{
  "dV_11": 0.20229520280607272, 
  "dV_12": 0.14091194689288306, 
  "dV_13": 0.10768893781772634, 
  "dV_14": 0.10626592281139997, 
  "dV_15": 0.05202340676613432, 
  "dV_16": 0.02708593790573545, 
  "dV_17": 0.019426174611727156, 
  "dV_21": 0.14091194689288306, 
  "dV_22": 0.1923151934108054, 
  "dV_23": 0.10579394898930447, 
  "dV_24": 0.1043912162978706, 
  "dV_25": 0.051122287040023945, 
  "dV_26": 0.026673685192506232, 
  "dV_27": 0.019110584162095514, 
  "dV_31": 0.10768893781772634, 
  "dV_32": 0.10579394898930447, 
  "dV_33": 0.11201748075164841, 
  "dV_34": 0.08009977999846978, 
  "dV_35": 0.039148962662904914, 
  "dV_36": 0.020431776354977213, 
  "dV_37": 0.014629568340186491, 
  "dV_41": 0.10626592281139997, 
  "dV_42": 0.1043912162978706, 
  "dV_43": 0.08009977999846978, 
  "dV_44": 0.10825079725200998, 
  "dV_45": 0.03908876583263239, 
  "dV_46": 0.020345023683054797, 
  "dV_47": 0.014538941944515807, 
  "dV_51": 0.05202340676613432, 
  "dV_52": 0.051122287040023945, 
  "dV_53": 0.039148962662904914, 
  "dV_54": 0.03908876583263239, 
  "dV_55": 0.02669397731281143, 
  "dV_56": 0.010030521750431235, 
  "dV_57": 0.007155713238980071, 
  "dV_61": 0.02708593790573545, 
  "dV_62": 0.026673685192506232, 
  "dV_63": 0.020431776354977213, 
  "dV_64": 0.020345023683054797, 
  "dV_65": 0.010030521750431235, 
  "dV_66": 0.007765461809903397, 
  "dV_67": 0.0037598428251803305, 
  "dV_71": 0.019426174611727156, 
  "dV_72": 0.019110584162095514, 
  "dV_73": 0.014629568340186491, 
  "dV_74": 0.014538941944515807, 
  "dV_75": 0.007155713238980071, 
  "dV_76": 0.0037598428251803305, 
  "dV_77": 0.005068811721290544
}