{
  "V_11": 64.97486566558143, 
  "V_12": 86.85226950060151, 
  "V_13": 68.75216109500052, 
  "V_14": 77.82891825137878, 
  "V_15": 29.84783353194508, 
  "V_16": 10.64336702685973, 
  "V_17": 4.756397377019838, 
  "V_21": 86.85226950060151, 
  "V_22": 115.955901123405, 
  "V_23": 91.91555779149945, 
  "V_24": 104.04300950940127, 
  "V_25": 39.8235457676561, 
  "V_26": 14.276916008169447, 
  "V_27": 6.356939316664446, 
  "V_31": 68.75216109500052, 
  "V_32": 91.91555779149945, 
  "V_33": 73.0530158749627, 
  "V_34": 82.6102208890239, 
  "V_35": 31.607542448347033, 
  "V_36": 11.363247748493752, 
  "V_37": 5.087666456114459, 
  "V_41": 77.82891825137878, 
  "V_42": 104.04300950940127, 
  "V_43": 82.6102208890239, 
  "V_44": 93.55255900065166, 
  "V_45": 35.91129197132074, 
  "V_46": 12.893450379869712, 
  "V_47": 5.7710357735933515, 
  "V_51": 29.84783353194508, 
  "V_52": 39.8235457676561, 
  "V_53": 31.607542448347033, 
  "V_54": 35.91129197132074, 
  "V_55": 13.85684560546901, 
  "V_56": 4.990623255679628, 
  "V_57": 2.247451536169647, 
  "V_61": 10.64336702685973, 
  "V_62": 14.276916008169447, 
  "V_63": 11.363247748493752, 
  "V_64": 12.893450379869712, 
  "V_65": 4.990623255679628, 
  "V_66": 1.9310611691831612, 
  "V_67": 0.8327987796812817, 
  "V_71": 4.756397377019838, 
  "V_72": 6.356939316664446, 
  "V_73": 5.087666456114459, 
  "V_74": 5.7710357735933515, 
  "V_75": 2.247451536169647, 
  "V_76": 0.8327987796812817, 
  "V_77": 0.5106615016615597
}