{
  "1": 363.13105346319065, 
  "3": 0.1841572633508352, 
  "2": 0.38308751248261824, 
  "4": 0.12806377619807796
}