{
  "1": [
    -0.4179348133333332, 
    -0.32653123515042054, 
    -0.5072339498644969, 
    -0.2946986003760192, 
    -0.001246748310810604, 
    0.04423204038469222, 
    0.0036479788557215445
  ], 
  "3": [
    -0.44832885333333333, 
    0.5886583241307766, 
    0.16594894308943095, 
    -0.3896473226098463, 
    -0.08558386120495505, 
    0.055907837503491785, 
    -0.0156777596393033
  ], 
  "2": [
    -0.5598375399999999, 
    -0.5096441890037818, 
    0.40943909214092145, 
    0.015677459786922664, 
    -0.01286949605855845, 
    -0.019156187397741265, 
    -0.015106475435323419
  ], 
  "5": [
    -0.20037840666666662, 
    0.08474333567580251, 
    -0.06877716802168005, 
    0.21489859341271494, 
    -0.5798702350788271, 
    -0.1568887864639457, 
    0.3145562189054731
  ], 
  "4": [
    -0.5150194866666665, 
    0.27195985342837037, 
    -0.14709659891598917, 
    0.4501947775224565, 
    0.34824234938062987, 
    -0.07547439642443841, 
    -0.08576307524875583
  ], 
  "7": [
    -0.023568473333333288, 
    0.0018976508382693182, 
    0.026177621951219584, 
    0.024582292319476406, 
    0.3303407587274774, 
    0.31216466339438914, 
    0.40559945584577095
  ], 
  "6": [
    -0.07043116, 
    0.011137031087909569, 
    -0.03845075203252029, 
    0.19279648353178763, 
    -0.35292323338964016, 
    0.4277311824095135, 
    -0.2055391791044801
  ]
}