{
  "P_1": 1237.162077074656, 
  "P_2": 1037.0454923539605, 
  "P_3": 606.4412560693722, 
  "P_4": 526.4176431064279, 
  "P_5": 155.6085836214209, 
  "P_6": 45.00058157311057, 
  "P_7": 12.944916589161487
}