{
  "P_1": 304.3304644379744, 
  "P_2": 255.30744371945514, 
  "P_3": 151.23207788291566, 
  "P_4": 137.00961170323384, 
  "P_5": 44.642972626598734, 
  "P_6": 14.834827830570037, 
  "P_7": 5.266757670343521
}