{
  "1": 0.13199829584097847, 
  "3": 0.07602232261708158, 
  "2": 0.12459802838859005, 
  "4": 0.053805086510779206
}