{
  "1": [
    0.00014006687376881308, 
    0.11427889683700743, 
    0.3495296068324679, 
    0.40673684310089003, 
    0.2863594082786021, 
    0.2361509814282309, 
    0.19096023306515317
  ], 
  "3": [
    0.00010003735935508133, 
    0.11597193546208967, 
    0.40487583620428036, 
    0.36494858443990935, 
    0.34936302060635693, 
    0.2825672686914286, 
    0.24609298652841263
  ], 
  "2": [
    0.00012098942017241507, 
    0.09396360353659394, 
    0.3056276242107809, 
    0.32697382134921926, 
    0.31884675794418443, 
    0.23502805739515348, 
    0.25084235744891437
  ], 
  "5": [
    5.955167450211133e-05, 
    0.0990955446138783, 
    0.25685797597647353, 
    0.32908906838249646, 
    0.3049420777500871, 
    0.445122297874257, 
    0.3937562800457801
  ], 
  "4": [
    9.485785389860209e-05, 
    0.13457535985876126, 
    0.30063651109755635, 
    0.3097281218394279, 
    0.28205409312720997, 
    0.30043966028439534, 
    0.25545086813446805
  ], 
  "7": [
    2.7516714916668765e-05, 
    0.051949240540494594, 
    0.20413165514310658, 
    0.26861218402539516, 
    0.4433284819396723, 
    0.47719250238445304, 
    0.3290382477931273
  ], 
  "6": [
    3.3937867458694974e-05, 
    0.0769082533071936, 
    0.29538035821792025, 
    0.2801303953112476, 
    0.38279582382506977, 
    0.2560652113924389, 
    0.36037133100196067
  ]
}