{
  "1": 0.0010522878880841213, 
  "3": 6.090365444924177e-07, 
  "2": 6.643144227611648e-07, 
  "4": 1.555949897353135e-07
}