{
  "1": 2440.1133230776923, 
  "3": 0.7453059196016281, 
  "2": 1.4619045043735233, 
  "4": 0.20822556906291542
}