{
  "1": [
    0.0006696580181272787, 
    0.4091677972697847, 
    0.42956359244051767, 
    0.2501857554266975, 
    0.3187496615878821, 
    0.1760307392923015, 
    0.13402355510643219
  ], 
  "3": [
    0.00042837257786313435, 
    0.44168268398533017, 
    0.4246368779179802, 
    0.2613460392057576, 
    0.23167668863054564, 
    0.260654712929691, 
    0.1981980133970311
  ], 
  "2": [
    0.0005254112954652542, 
    0.38523884291779575, 
    0.44793273228089725, 
    0.2177877947028174, 
    0.2637906173105716, 
    0.16214078711133323, 
    0.12716713532841842
  ], 
  "5": [
    0.00026863508303604416, 
    0.15228849949139642, 
    0.2254821869913503, 
    0.23713744168793408, 
    0.4026304624497364, 
    0.45760163870274656, 
    0.3660246251310124
  ], 
  "4": [
    0.0004082773061079627, 
    0.39131551337709175, 
    0.3448210275467197, 
    0.28051993702681266, 
    0.22453661636690642, 
    0.1806470494173371, 
    0.15767737004260804
  ], 
  "7": [
    8.896415632866576e-05, 
    0.06804630575181023, 
    0.1323873423628568, 
    0.2654824058825335, 
    0.26509891320824014, 
    0.34704987854894803, 
    0.5768076372368623
  ], 
  "6": [
    0.0001451526607936055, 
    0.1271369889147167, 
    0.19273646249954973, 
    0.3243128115834671, 
    0.30943445247964074, 
    0.48790269505125583, 
    0.31790394478386896
  ]
}