{
  "1": 0.0003219559309518523, 
  "3": 0.00033618843475338207, 
  "2": 0.00044065151707443326, 
  "4": 7.162019165595075e-05
}