{
  "V_11": 6.1572979423400005, 
  "V_12": 9.227278005732227, 
  "V_13": 8.733033825942723, 
  "V_14": 11.932826694664348, 
  "V_15": 5.426274483400693, 
  "V_16": 2.2042915810770385, 
  "V_17": 0.8983470548676648, 
  "V_21": 9.227278005732227, 
  "V_22": 13.911747898660883, 
  "V_23": 13.362940528881728, 
  "V_24": 17.780237819244206, 
  "V_25": 8.215355562948043, 
  "V_26": 3.249459619643377, 
  "V_27": 1.322399386214669, 
  "V_31": 8.733033825942723, 
  "V_32": 13.362940528881728, 
  "V_33": 12.675392818113083, 
  "V_34": 17.083985203507183, 
  "V_35": 7.8042335118385715, 
  "V_36": 3.1072147087892055, 
  "V_37": 1.2468504046537376, 
  "V_41": 11.932826694664348, 
  "V_42": 17.780237819244206, 
  "V_43": 17.083985203507183, 
  "V_44": 23.003590775013596, 
  "V_45": 10.530970862860642, 
  "V_46": 4.171851668780374, 
  "V_47": 1.687563536668049, 
  "V_51": 5.426274483400693, 
  "V_52": 8.215355562948043, 
  "V_53": 7.8042335118385715, 
  "V_54": 10.530970862860642, 
  "V_55": 4.807976538351954, 
  "V_56": 1.898963446148079, 
  "V_57": 0.7526159815035596, 
  "V_61": 2.2042915810770385, 
  "V_62": 3.249459619643377, 
  "V_63": 3.1072147087892055, 
  "V_64": 4.171851668780374, 
  "V_65": 1.898963446148079, 
  "V_66": 0.7509443877892634, 
  "V_67": 0.2922956059474317, 
  "V_71": 0.8983470548676648, 
  "V_72": 1.322399386214669, 
  "V_73": 1.2468504046537376, 
  "V_74": 1.687563536668049, 
  "V_75": 0.7526159815035596, 
  "V_76": 0.2922956059474317, 
  "V_77": 0.13101916338649205
}