{
  "1": 61.40461636372753, 
  "3": 0.060621936448629184, 
  "2": 0.18161313473928525, 
  "4": 0.019873176904964433
}