{"mode1_error": [2e-05, 2.4e-05, 3.6e-05, 4e-05, 7.6e-05, 0.00013, 0.00022], "mode2": [0.00064, -5e-05, -0.00105, -0.00053, -0.00056, -0.00159, -0.00664], "mode2_error": [4.6e-05, 0.000143, 0.000223, 0.000251, 0.000624, 0.001355, 0.002304], "mode1": [0.00179, 0.00356, 0.00508, 0.00702, 0.01037, 0.01396, 0.02028]}