{"mode1_error": [4e-06, 5e-06, 8e-06, 1e-05, 1.9e-05, 3.7e-05, 0.0], "mode2": [-0.00066, -0.00029, 0.00105, 0.00116, 0.00391, 0.00952, 0.01568], "mode2_error": [0.000148, 0.000291, 0.00044, 0.000441, 0.001283, 0.003645, 0.005615], "mode1": [0.02424, 0.04425, 0.06305, 0.08532, 0.11123, 0.12802, 0.13301]}