{"mode1_error": [5e-06, 6e-06, 1e-05, 1.2e-05, 2.5e-05, 6.4e-05, 0.0], "mode2": [0.00051, 0.00024, 0.00052, -0.00172, -0.00707, -0.0158, -0.03134], "mode2_error": [0.000198, 0.000326, 0.000545, 0.00039, 0.001327, 0.002911, 0.005499], "mode1": [0.03223, 0.05868, 0.08328, 0.11242, 0.14653, 0.16865, 0.17476]}