{"mode1_error": [6e-06, 8e-06, 1.3e-05, 1.5e-05, 2.9e-05, 0.000101, 0.0], "mode2": [0.00067, 0.00083, 0.00022, -0.00329, -0.00789, -0.01281, -0.02512], "mode2_error": [0.000426, 0.000769, 0.00063, 0.001168, 0.003421, 0.005881, 0.011011], "mode1": [0.0392, 0.07118, 0.10065, 0.13555, 0.17655, 0.20318, 0.2106]}