{"mode1_error": [1.2e-05, 1.6e-05, 2.4e-05, 2.8e-05, 5.4e-05, 0.000103, 0.000195], "mode2": [0.00155, 0.00113, 0.00032, -0.00542, -0.01635, -0.0476, -0.09624], "mode2_error": [0.000369, 0.000526, 0.000761, 0.000697, 0.001672, 0.006285, 0.012543], "mode1": [0.05226, 0.09416, 0.13218, 0.17706, 0.23091, 0.26636, 0.27794]}