{
  "1": [
    0.0020089541813386926, 
    0.2641045349838638, 
    0.36871034049084006, 
    0.4115074896066172, 
    0.3018093204934042, 
    0.2572281566063049, 
    0.17373043809930266
  ], 
  "3": [
    0.0013906624580320647, 
    0.361214255723496, 
    0.3401663767552771, 
    0.3569965848491672, 
    0.23938287869315072, 
    0.16358079338841397, 
    0.12075171987505637
  ], 
  "2": [
    0.001751285124080825, 
    0.297174512821523, 
    0.3304635668432997, 
    0.2930542554502459, 
    0.30805420291754926, 
    0.1323020415523645, 
    0.11278406802744291
  ], 
  "5": [
    0.000815426576037996, 
    0.2072894019048219, 
    0.3604306912238086, 
    0.31087670950662477, 
    0.43777573762852645, 
    0.3193531780065995, 
    0.19622811831394943
  ], 
  "4": [
    0.0012910027460107134, 
    0.34621106981657096, 
    0.31673744101068335, 
    0.30932352549804465, 
    0.2266267618992311, 
    0.1222348213797635, 
    0.09876164849008076
  ], 
  "7": [
    0.0002319058717096203, 
    0.05420529814343797, 
    0.11510064283304153, 
    0.15260381900970532, 
    0.2739166126745158, 
    0.47316320116093885, 
    0.4419783500955439
  ], 
  "6": [
    0.0004312664899790571, 
    0.08241633062941917, 
    0.16485364781475298, 
    0.21009532532038372, 
    0.396645502176644, 
    0.37192067500181103, 
    0.5014571759335651
  ]
}