{
  "1": 0.00460430051109426, 
  "3": 0.004807525511083063, 
  "2": 0.004125454642132537, 
  "4": 0.0007444474458206273
}