{
  "dV_11": 1.738473861951443, 
  "dV_12": 1.1271723306092638, 
  "dV_13": 0.8622041286497452, 
  "dV_14": 0.8259613992245354, 
  "dV_15": 0.44753834109475116, 
  "dV_16": 0.24452999931010155, 
  "dV_17": 0.1376095016244022, 
  "dV_21": 1.1271723306092638, 
  "dV_22": 1.4609457270878665, 
  "dV_23": 0.7913604080348065, 
  "dV_24": 0.7579352126205479, 
  "dV_25": 0.41065214149646945, 
  "dV_26": 0.22415724121202052, 
  "dV_27": 0.1261454805066513, 
  "dV_31": 0.8622041286497452, 
  "dV_32": 0.7913604080348065, 
  "dV_33": 0.855046550804054, 
  "dV_34": 0.5799965334756936, 
  "dV_35": 0.31416399195564415, 
  "dV_36": 0.171532016699292, 
  "dV_37": 0.09645860589822089, 
  "dV_41": 0.8259613992245354, 
  "dV_42": 0.7579352126205479, 
  "dV_43": 0.5799965334756936, 
  "dV_44": 0.7832931641356404, 
  "dV_45": 0.3012075362741996, 
  "dV_46": 0.16444008476413585, 
  "dV_47": 0.09233815884928562, 
  "dV_51": 0.44753834109475116, 
  "dV_52": 0.41065214149646945, 
  "dV_53": 0.31416399195564415, 
  "dV_54": 0.3012075362741996, 
  "dV_55": 0.23031091698890166, 
  "dV_56": 0.08918301575723915, 
  "dV_57": 0.05009795861275715, 
  "dV_61": 0.24452999931010155, 
  "dV_62": 0.22415724121202052, 
  "dV_63": 0.171532016699292, 
  "dV_64": 0.16444008476413585, 
  "dV_65": 0.08918301575723915, 
  "dV_66": 0.06888528643917548, 
  "dV_67": 0.027443209129791382, 
  "dV_71": 0.1376095016244022, 
  "dV_72": 0.1261454805066513, 
  "dV_73": 0.09645860589822089, 
  "dV_74": 0.09233815884928562, 
  "dV_75": 0.05009795861275715, 
  "dV_76": 0.027443209129791382, 
  "dV_77": 0.02184333867994641
}