{
  "V_11": 21.426370852525036, 
  "V_12": 38.66163258272173, 
  "V_13": 34.78697567312985, 
  "V_14": 46.55588521978772, 
  "V_15": 20.692490537300127, 
  "V_16": 7.358694143284094, 
  "V_17": 2.6590756115599867, 
  "V_21": 38.66163258272173, 
  "V_22": 65.31674176492126, 
  "V_23": 63.11664457487752, 
  "V_24": 81.60118621357492, 
  "V_25": 35.73725706322963, 
  "V_26": 13.10132902519716, 
  "V_27": 4.550450745484781, 
  "V_31": 34.78697567312985, 
  "V_32": 63.11664457487752, 
  "V_33": 57.88571652648244, 
  "V_34": 75.52888554080641, 
  "V_35": 33.81372546347889, 
  "V_36": 12.32900637373905, 
  "V_37": 4.289994127487847, 
  "V_41": 46.55588521978772, 
  "V_42": 81.60118621357492, 
  "V_43": 75.52888554080641, 
  "V_44": 101.14291829548311, 
  "V_45": 43.4481708512437, 
  "V_46": 15.869709103657998, 
  "V_47": 5.4071838432527715, 
  "V_51": 20.692490537300127, 
  "V_52": 35.73725706322963, 
  "V_53": 33.81372546347889, 
  "V_54": 43.4481708512437, 
  "V_55": 18.5255194875303, 
  "V_56": 6.616905594389477, 
  "V_57": 2.1823202714736434, 
  "V_61": 7.358694143284094, 
  "V_62": 13.10132902519716, 
  "V_63": 12.32900637373905, 
  "V_64": 15.869709103657998, 
  "V_65": 6.616905594389477, 
  "V_66": 2.4255688308590075, 
  "V_67": 0.7640816578231497, 
  "V_71": 2.6590756115599867, 
  "V_72": 4.550450745484781, 
  "V_73": 4.289994127487847, 
  "V_74": 5.4071838432527715, 
  "V_75": 2.1823202714736434, 
  "V_76": 0.7640816578231497, 
  "V_77": 0.20398240050622798
}