{
  "1": 268.4475859247927, 
  "3": 0.5350838514830932, 
  "2": 1.5982508767085766, 
  "4": 0.027479542747306174
}