{
  "1": [
    0.2841524466666666, 
    -0.3424228471428085, 
    -0.010168462843046757, 
    -0.11215885429638951, 
    -0.4021220949654021, 
    0.04620187265917613, 
    0.030495835747672513
  ], 
  "3": [
    0.46467416, 
    -0.349229805593096, 
    0.36753288621646546, 
    -0.023135093399750777, 
    0.2437495585779053, 
    -0.02476654182272163, 
    0.007989658902151739
  ], 
  "2": [
    0.4979675933333334, 
    0.5229180476140973, 
    0.15827558587727442, 
    -0.24044406807804136, 
    -0.0634890320528115, 
    0.036060324594257225, 
    0.0577268938077029
  ], 
  "5": [
    0.26674482000000005, 
    0.1415635409086185, 
    0.09158130588960864, 
    0.4600823329182239, 
    -0.18750919430525728, 
    -0.16249457344985488, 
    -0.26083199675512897
  ], 
  "4": [
    0.6112687533333333, 
    -0.06866591468274605, 
    -0.4466203823620116, 
    0.020976870070568726, 
    0.13843246639624565, 
    -0.03339434873075312, 
    -0.009528276741221385
  ], 
  "7": [
    0.03346500000000009, 
    0.028624801607928907, 
    0.012026295097132477, 
    0.15710929016189265, 
    -0.04282435377396009, 
    -0.2767990178942992, 
    0.5942739714914828
  ], 
  "6": [
    0.09710548666666668, 
    0.025802235159580005, 
    0.015449822695035545, 
    0.2232803486924037, 
    -0.006422906227630603, 
    0.5497721930919682, 
    0.14778767334955809
  ]
}