{
  "1": [
    -0.2828985940044738, 
    0.5724639109641045, 
    0.1878273968912673, 
    -0.6350047360080106, 
    0.3852544395031211, 
    0.07091147410181803, 
    0.017143222050484064
  ], 
  "2": [
    -0.5011421549912386, 
    -0.7010737704813795, 
    0.39128658026940294, 
    -0.2072561914081289, 
    0.11863712955074579, 
    0.07413327076759424, 
    0.2042578804234443
  ], 
  "3": [
    -0.47007608886242586, 
    -0.12561024787927724, 
    -0.811603051532137, 
    -0.002159795465173277, 
    0.2205256339593096, 
    0.12022689860938209, 
    -0.20361801480318795
  ], 
  "4": [
    -0.608233300079483, 
    0.40480679683315096, 
    0.17535936388342552, 
    0.5742015033976406, 
    -0.20523827697684027, 
    0.037677762634130856, 
    0.24936533995897892
  ], 
  "5": [
    -0.2598524736751836, 
    -0.0021623689617928012, 
    0.20458187245522436, 
    -0.07135326305512149, 
    -0.2904339958757078, 
    -0.43274657363586877, 
    -0.7835212074000257
  ], 
  "6": [
    -0.09626885371409644, 
    0.03220565955291026, 
    -0.22728077032937163, 
    -0.46639919738859625, 
    -0.7992086476094572, 
    0.05560225703557473, 
    0.280507165701552
  ], 
  "7": [
    -0.033386360758816035, 
    -0.009606326318069543, 
    -0.16927779010092212, 
    -0.038500982799033724, 
    0.1538296928146503, 
    -0.885008752543514, 
    0.402183673266195
  ]
}