{
  "1": 0.0022057668486838784, 
  "3": 0.0022378133744553738, 
  "2": 0.003169767893081399, 
  "4": 0.0007411370650217994
}