{
  "V_11": 89.26954730910056, 
  "V_12": 157.06425101357644, 
  "V_13": 147.63621797731318, 
  "V_14": 191.14071127886407, 
  "V_15": 81.63199473119631, 
  "V_16": 30.394412969503136, 
  "V_17": 10.496551925255044, 
  "V_21": 157.06425101357644, 
  "V_22": 279.26663918191156, 
  "V_23": 261.7502301215957, 
  "V_24": 338.1284885330934, 
  "V_25": 144.55995472596592, 
  "V_26": 53.621791076590924, 
  "V_27": 18.6140586112737, 
  "V_31": 147.63621797731318, 
  "V_32": 261.7502301215957, 
  "V_33": 245.14317355872402, 
  "V_34": 317.46420648319076, 
  "V_35": 135.70367215679002, 
  "V_36": 50.190788081827414, 
  "V_37": 17.370503812791235, 
  "V_41": 191.14071127886407, 
  "V_42": 338.1284885330934, 
  "V_43": 317.46420648319076, 
  "V_44": 411.01628869618946, 
  "V_45": 175.44189798126197, 
  "V_46": 64.94388905325576, 
  "V_47": 22.557620424385597, 
  "V_51": 81.63199473119631, 
  "V_52": 144.55995472596592, 
  "V_53": 135.70367215679002, 
  "V_54": 175.44189798126197, 
  "V_55": 75.00593223009058, 
  "V_56": 27.76462436603862, 
  "V_57": 9.62264896053056, 
  "V_61": 30.394412969503136, 
  "V_62": 53.621791076590924, 
  "V_63": 50.190788081827414, 
  "V_64": 64.94388905325576, 
  "V_65": 27.76462436603862, 
  "V_66": 10.298718127805115, 
  "V_67": 3.5810615151351675, 
  "V_71": 10.496551925255044, 
  "V_72": 18.6140586112737, 
  "V_73": 17.370503812791235, 
  "V_74": 22.557620424385597, 
  "V_75": 9.62264896053056, 
  "V_76": 3.5810615151351675, 
  "V_77": 1.240294172142871
}