{
  "1": [
    -0.2828986866666666, 
    0.4786294117647069, 
    0.17988747862093807, 
    -0.2783875943597775, 
    0.06157126698982984, 
    0.006998709768892404, 
    -0.018620960295475598
  ], 
  "3": [
    -0.47007448, 
    -0.084443840177581, 
    -0.4243566927716267, 
    -0.12447871148459307, 
    0.09331119665431041, 
    0.056740672999669305, 
    -0.03646493536472786
  ], 
  "2": [
    -0.5011439599999998, 
    -0.5613405105438397, 
    0.22450290755243502, 
    -0.06733762996724164, 
    0.04238598042011219, 
    0.02511014225625048, 
    0.03532062942443838
  ], 
  "5": [
    -0.2598539133333333, 
    -0.0031418867924528134, 
    0.03972335043658296, 
    0.014375525803541529, 
    -0.18416947058264388, 
    -0.19694203412259462, 
    -0.21132723145583396
  ], 
  "4": [
    -0.6082324133333332, 
    0.30321047724750233, 
    0.052335403726708016, 
    0.2894352513886912, 
    0.0045343218325252675, 
    0.034418446051325664, 
    0.06421039550630978
  ], 
  "7": [
    -0.033384793333333315, 
    -0.004305830558638413, 
    -0.03574353227113145, 
    -0.03801044010824671, 
    0.04818694040490431, 
    -0.37312870646060814, 
    0.3827399969221301
  ], 
  "6": [
    -0.09626871333333327, 
    0.022285453200147937, 
    -0.050767287784679226, 
    -0.0779227887765281, 
    -0.40558974432088113, 
    0.015185249775508428, 
    0.08097570791012655
  ]
}