{
  "1": 1110.3390890768355, 
  "3": 0.3562660386584224, 
  "2": 0.9516898049853649, 
  "4": 0.0922783048490811
}