{
  "dV_11": 0.27736700963651945, 
  "dV_12": 0.20070411340895938, 
  "dV_13": 0.15464940925865095, 
  "dV_14": 0.15604499421742207, 
  "dV_15": 0.07321792038567661, 
  "dV_16": 0.03501900813646523, 
  "dV_17": 0.017514488134863743, 
  "dV_21": 0.20070411340895938, 
  "dV_22": 0.2811744142597175, 
  "dV_23": 0.1561118214230632, 
  "dV_24": 0.1561124853289079, 
  "dV_25": 0.07385826281483653, 
  "dV_26": 0.03570292164758177, 
  "dV_27": 0.017995627639217193, 
  "dV_31": 0.15464940925865095, 
  "dV_32": 0.1561118214230632, 
  "dV_33": 0.166624606570984, 
  "dV_34": 0.12070930069162837, 
  "dV_35": 0.05706250081982124, 
  "dV_36": 0.027600932252036612, 
  "dV_37": 0.013916954510341938, 
  "dV_41": 0.15604499421742207, 
  "dV_42": 0.1561124853289079, 
  "dV_43": 0.12070930069162837, 
  "dV_44": 0.16518114502597658, 
  "dV_45": 0.05783926931945138, 
  "dV_46": 0.02805740251192169, 
  "dV_47": 0.014194339189474759, 
  "dV_51": 0.07321792038567661, 
  "dV_52": 0.07385826281483653, 
  "dV_53": 0.05706250081982124, 
  "dV_54": 0.05783926931945138, 
  "dV_55": 0.03812541545177282, 
  "dV_56": 0.013222907665250704, 
  "dV_57": 0.006611712148724287, 
  "dV_61": 0.03501900813646523, 
  "dV_62": 0.03570292164758177, 
  "dV_63": 0.027600932252036612, 
  "dV_64": 0.02805740251192169, 
  "dV_65": 0.013222907665250704, 
  "dV_66": 0.008840063363122588, 
  "dV_67": 0.003141146391847289, 
  "dV_71": 0.017514488134863743, 
  "dV_72": 0.017995627639217193, 
  "dV_73": 0.013916954510341938, 
  "dV_74": 0.014194339189474759, 
  "dV_75": 0.006611712148724287, 
  "dV_76": 0.003141146391847289, 
  "dV_77": 0.0022354515229444467
}