{
  "1": 0.015908692961642833, 
  "3": 0.004352358184959426, 
  "2": 0.007812154076984033, 
  "4": 0.011081238611712894
}