{
  "V_11": 160.34681738730853, 
  "V_12": 213.99418103649745, 
  "V_13": 169.5412516068287, 
  "V_14": 191.89228231719397, 
  "V_15": 73.40499540985596, 
  "V_16": 25.561885428975717, 
  "V_17": 10.461489962316397, 
  "V_21": 213.99418103649745, 
  "V_22": 285.6991184874037, 
  "V_23": 226.45888289779418, 
  "V_24": 256.22008382798185, 
  "V_25": 98.01597298638846, 
  "V_26": 34.1226384540093, 
  "V_27": 13.967455470662918, 
  "V_31": 169.5412516068287, 
  "V_32": 226.45888289779418, 
  "V_33": 179.56366355873152, 
  "V_34": 203.155482514852, 
  "V_35": 77.70269003557658, 
  "V_36": 27.05567209168721, 
  "V_37": 11.077970855725855, 
  "V_41": 191.89228231719397, 
  "V_42": 256.22008382798185, 
  "V_43": 203.155482514852, 
  "V_44": 230.0376304341608, 
  "V_45": 88.01888112961262, 
  "V_46": 30.648862084390345, 
  "V_47": 12.537844287067207, 
  "V_51": 73.40499540985596, 
  "V_52": 98.01597298638846, 
  "V_53": 77.70269003557658, 
  "V_54": 88.01888112961262, 
  "V_55": 33.77994037035787, 
  "V_56": 11.769101209074154, 
  "V_57": 4.80942816264872, 
  "V_61": 25.561885428975717, 
  "V_62": 34.1226384540093, 
  "V_63": 27.05567209168721, 
  "V_64": 30.648862084390345, 
  "V_65": 11.769101209074154, 
  "V_66": 4.202101186076198, 
  "V_67": 1.6960762641916654, 
  "V_71": 10.461489962316397, 
  "V_72": 13.967455470662918, 
  "V_73": 11.077970855725855, 
  "V_74": 12.537844287067207, 
  "V_75": 4.80942816264872, 
  "V_76": 1.6960762641916654, 
  "V_77": 0.9170607731514151
}