{
  "1": 0.06562779637614985, 
  "3": 0.04403396746848839, 
  "2": 0.0522524807156549, 
  "4": 0.06090465877786583
}