{
  "1": [
    -0.42397888736433276, 
    0.680734026669775, 
    -0.4678010117936664, 
    0.13311751693624527, 
    0.24200792716256533, 
    0.24639076156170198, 
    -0.03176135797359828
  ], 
  "2": [
    -0.5652077582187067, 
    0.15194499391246716, 
    0.1851669978619651, 
    0.0938333961284526, 
    -0.6140660469537862, 
    -0.47378206695504543, 
    0.11320259960954779
  ], 
  "3": [
    -0.44771752032445017, 
    -0.08764215134747741, 
    0.23925058450576053, 
    -0.7875603126439608, 
    0.3237787465965242, 
    0.044647185372699336, 
    0.08688923497192343
  ], 
  "4": [
    -0.5066063259820517, 
    -0.46692518378578934, 
    0.21496748469437202, 
    0.5591437420966644, 
    0.37312810755813464, 
    0.1485664984314657, 
    -0.07198312520280702
  ], 
  "5": [
    -0.1945585607349034, 
    -0.359921826049488, 
    -0.35288464965886607, 
    -0.17197979018278722, 
    -0.5318021339462026, 
    0.5708051540482685, 
    -0.26432288554731537
  ], 
  "6": [
    -0.06970885687130322, 
    -0.28980868762748907, 
    -0.5784125124591315, 
    -0.10347329331825285, 
    0.1929569011363926, 
    -0.6033643134251342, 
    -0.40571293107172846
  ], 
  "7": [
    -0.031125348297463145, 
    -0.2725451036462063, 
    -0.4293424321812256, 
    0.01727076768920109, 
    0.01587187467198764, 
    -0.02982870141168845, 
    0.8596368464941878
  ]
}