{
  "1": [
    0.00017229959208654125, 
    0.11587548103088655, 
    0.21812876941046627, 
    0.33012858272761225, 
    0.30435817498369244, 
    0.213584073877389, 
    0.16327401749150638
  ], 
  "3": [
    0.00013459403559468622, 
    0.09541217829980875, 
    0.5004605144266384, 
    0.33695648262052624, 
    0.34491025534414765, 
    0.26260491875621295, 
    0.22583117791528343
  ], 
  "2": [
    0.00015582035247991956, 
    0.1262975515474318, 
    0.34835327380667075, 
    0.3734173285845366, 
    0.26380108183867657, 
    0.23790799325935405, 
    0.2507557115913742
  ], 
  "5": [
    7.193782220304865e-05, 
    0.08348561153021593, 
    0.2739466818182468, 
    0.38527866340797634, 
    0.36779621051419603, 
    0.34510510887827, 
    0.27955081013481964
  ], 
  "4": [
    0.0001326528712540734, 
    0.07410262560217694, 
    0.3866965849049529, 
    0.3042972530074501, 
    0.2969182190587471, 
    0.2350946756030892, 
    0.20148616599859845
  ], 
  "7": [
    3.292737799836211e-05, 
    0.06362166798504021, 
    0.21023500464834427, 
    0.3267887365372849, 
    0.35594376398909905, 
    0.39776835523714726, 
    0.3066037416134731
  ], 
  "6": [
    3.930785557390687e-05, 
    0.07548086958396694, 
    0.28174938200958943, 
    0.385680179674447, 
    0.42382149706251854, 
    0.2696760331817888, 
    0.34432313095403616
  ]
}