{
  "dV_11": 0.1755939183439571, 
  "dV_12": 0.12401137844828115, 
  "dV_13": 0.09470774729080755, 
  "dV_14": 0.09434646589233442, 
  "dV_15": 0.04552021460980603, 
  "dV_16": 0.023433053740355002, 
  "dV_17": 0.01667041665702806, 
  "dV_21": 0.12401137844828115, 
  "dV_22": 0.17006463579769118, 
  "dV_23": 0.09421969941125993, 
  "dV_24": 0.09351495033830488, 
  "dV_25": 0.045227774116045345, 
  "dV_26": 0.023333979319568418, 
  "dV_27": 0.016605542050769903, 
  "dV_31": 0.09470774729080755, 
  "dV_32": 0.09421969941125993, 
  "dV_33": 0.09932600709325676, 
  "dV_34": 0.0718046396621641, 
  "dV_35": 0.03470978038812568, 
  "dV_36": 0.01791037218536079, 
  "dV_37": 0.01271857302957212, 
  "dV_41": 0.09434646589233442, 
  "dV_42": 0.09351495033830488, 
  "dV_43": 0.0718046396621641, 
  "dV_44": 0.09713913573224098, 
  "dV_45": 0.03488999297174255, 
  "dV_46": 0.017990149745629572, 
  "dV_47": 0.012751371570894126, 
  "dV_51": 0.04552021460980603, 
  "dV_52": 0.045227774116045345, 
  "dV_53": 0.03470978038812568, 
  "dV_54": 0.03488999297174255, 
  "dV_55": 0.023501972835772857, 
  "dV_56": 0.008743167626860606, 
  "dV_57": 0.006197406472024726, 
  "dV_61": 0.023433053740355002, 
  "dV_62": 0.023333979319568418, 
  "dV_63": 0.01791037218536079, 
  "dV_64": 0.017990149745629572, 
  "dV_65": 0.008743167626860606, 
  "dV_66": 0.006681094981784911, 
  "dV_67": 0.003212416389142372, 
  "dV_71": 0.01667041665702806, 
  "dV_72": 0.016605542050769903, 
  "dV_73": 0.01271857302957212, 
  "dV_74": 0.012751371570894126, 
  "dV_75": 0.006197406472024726, 
  "dV_76": 0.003212416389142372, 
  "dV_77": 0.004269608035938728
}