{
  "V_11": 65.59123066017085, 
  "V_12": 87.11532647710135, 
  "V_13": 68.94856289034378, 
  "V_14": 77.90885965258454, 
  "V_15": 29.917206899866514, 
  "V_16": 10.698548921258203, 
  "V_17": 4.750130248229625, 
  "V_21": 87.11532647710135, 
  "V_22": 116.15318969186686, 
  "V_23": 91.97734708068907, 
  "V_24": 104.03861172936972, 
  "V_25": 39.909203075870394, 
  "V_26": 14.296473575186482, 
  "V_27": 6.3723161432622435, 
  "V_31": 68.94856289034378, 
  "V_32": 91.97734708068907, 
  "V_33": 72.85794171418955, 
  "V_34": 82.48020641885961, 
  "V_35": 31.651323005575172, 
  "V_36": 11.31942494469179, 
  "V_37": 5.064199239535921, 
  "V_41": 77.90885965258454, 
  "V_42": 104.03861172936972, 
  "V_43": 82.48020641885961, 
  "V_44": 93.3852914962705, 
  "V_45": 35.89367912389811, 
  "V_46": 12.869368734123679, 
  "V_47": 5.761509995914775, 
  "V_51": 29.917206899866514, 
  "V_52": 39.909203075870394, 
  "V_53": 31.651323005575172, 
  "V_54": 35.89367912389811, 
  "V_55": 13.878828301481661, 
  "V_56": 4.999365322799075, 
  "V_57": 2.2466973818836884, 
  "V_61": 10.698548921258203, 
  "V_62": 14.296473575186482, 
  "V_63": 11.31942494469179, 
  "V_64": 12.869368734123679, 
  "V_65": 4.999365322799075, 
  "V_66": 1.9207301812324817, 
  "V_67": 0.8337557948504047, 
  "V_71": 4.750130248229625, 
  "V_72": 6.3723161432622435, 
  "V_73": 5.064199239535921, 
  "V_74": 5.761509995914775, 
  "V_75": 2.2466973818836884, 
  "V_76": 0.8337557948504047, 
  "V_77": 0.5101239828703151
}