{
  "1": [
    -0.4239796266666667, 
    0.6563320533333337, 
    -0.2684030672494444, 
    0.04215891091364762, 
    0.041034451814279685, 
    0.10291975218953069, 
    -0.00653512856780165
  ], 
  "3": [
    -0.4477183666666667, 
    -0.0829041199999998, 
    0.1430463154666055, 
    -0.2934946776030969, 
    0.13853417869683965, 
    0.034887900068612074, 
    0.05906593769267047
  ], 
  "2": [
    -0.5652065333333333, 
    0.14687511333333314, 
    0.17921819645732714, 
    0.041190243791296426, 
    -0.20346537911301824, 
    -0.26011163175525515, 
    0.0539426141515249
  ], 
  "5": [
    -0.19455858, 
    -0.3512982733333333, 
    -0.16471860286787882, 
    -0.07329571656413687, 
    -0.30200038583257416, 
    0.35620447592525323, 
    -0.20334560983570857
  ], 
  "4": [
    -0.5066062266666665, 
    -0.44889265333333433, 
    0.003053676865270731, 
    0.21209146046935523, 
    0.1799372046646727, 
    0.10054315292408299, 
    -0.025247840278533135
  ], 
  "7": [
    -0.031125099999999947, 
    -0.2695913000000002, 
    -0.17510400276052485, 
    -0.014057402597402307, 
    -0.017971912255603403, 
    -0.025874758848932335, 
    0.6224297646248157
  ], 
  "6": [
    -0.06970839333333333, 
    -0.2872294799999996, 
    -0.22365695882217637, 
    -0.03596050580997965, 
    0.05364926951922735, 
    -0.45429123380554465, 
    -0.30382099517643857
  ]
}