{
  "V_10_1": 1.3021361396017186, 
  "V_10_10": 0.28119318522403053, 
  "V_10_11": 0.16162846096755787, 
  "V_10_2": 1.810096779352414, 
  "V_10_3": 1.509605917426848, 
  "V_10_4": 1.8537551869686324, 
  "V_10_5": 0.826225008145634, 
  "V_10_6": 0.36365615415155816, 
  "V_10_7": 0.20213934563252864, 
  "V_10_8": 0.15654960867351023, 
  "V_10_9": 0.14635534761449842, 
  "V_11_1": 0.9139352994519268, 
  "V_11_10": 0.16162846096755787, 
  "V_11_11": 0.32487199001641115, 
  "V_11_2": 1.2452280503698478, 
  "V_11_3": 1.0552790920706785, 
  "V_11_4": 1.299500260062528, 
  "V_11_5": 0.6133593307853124, 
  "V_11_6": 0.2833781775304516, 
  "V_11_7": 0.17124800836838003, 
  "V_11_8": 0.14670971194590895, 
  "V_11_9": 0.1433450744281001, 
  "V_1_1": 31.563949550187363, 
  "V_1_10": 1.3021361396017186, 
  "V_1_11": 0.9139352994519268, 
  "V_1_2": 42.70348220708593, 
  "V_1_3": 35.009921664368484, 
  "V_1_4": 42.05564308290097, 
  "V_1_5": 17.707084473358698, 
  "V_1_6": 7.0572351324783655, 
  "V_1_7": 3.5578398698721276, 
  "V_1_8": 2.4331975766607563, 
  "V_1_9": 1.8143293677944778, 
  "V_2_1": 42.70348220708593, 
  "V_2_10": 1.810096779352414, 
  "V_2_11": 1.2452280503698478, 
  "V_2_2": 57.717833305331474, 
  "V_2_3": 47.355722410443235, 
  "V_2_4": 56.93117015068457, 
  "V_2_5": 23.96668399631384, 
  "V_2_6": 9.573654410993134, 
  "V_2_7": 4.83002810463136, 
  "V_2_8": 3.2902191972247397, 
  "V_2_9": 2.4756022972197025, 
  "V_3_1": 35.009921664368484, 
  "V_3_10": 1.509605917426848, 
  "V_3_11": 1.0552790920706785, 
  "V_3_2": 47.355722410443235, 
  "V_3_3": 38.82272678913343, 
  "V_3_4": 46.776625872154874, 
  "V_3_5": 19.684760868555124, 
  "V_3_6": 7.86158615858385, 
  "V_3_7": 3.9712998053635125, 
  "V_3_8": 2.7027831146252814, 
  "V_3_9": 2.043122601055672, 
  "V_4_1": 42.05564308290097, 
  "V_4_10": 1.8537551869686324, 
  "V_4_11": 1.299500260062528, 
  "V_4_2": 56.93117015068457, 
  "V_4_3": 46.776625872154874, 
  "V_4_4": 56.31219463687075, 
  "V_4_5": 23.7350511758666, 
  "V_4_6": 9.487689555904739, 
  "V_4_7": 4.800848734450658, 
  "V_4_8": 3.2847121896204325, 
  "V_4_9": 2.4887696561282713, 
  "V_5_1": 17.707084473358698, 
  "V_5_10": 0.826225008145634, 
  "V_5_11": 0.6133593307853124, 
  "V_5_2": 23.96668399631384, 
  "V_5_3": 19.684760868555124, 
  "V_5_4": 23.7350511758666, 
  "V_5_5": 10.07918309524016, 
  "V_5_6": 4.039266215635875, 
  "V_5_7": 2.0525672307906637, 
  "V_5_8": 1.4135713067626783, 
  "V_5_9": 1.0907284499663132, 
  "V_6_1": 7.0572351324783655, 
  "V_6_10": 0.36365615415155816, 
  "V_6_11": 0.2833781775304516, 
  "V_6_2": 9.573654410993134, 
  "V_6_3": 7.86158615858385, 
  "V_6_4": 9.487689555904739, 
  "V_6_5": 4.039266215635875, 
  "V_6_6": 1.770925020858208, 
  "V_6_7": 0.8364140751542316, 
  "V_6_8": 0.5792484420039444, 
  "V_6_9": 0.4597651300647242, 
  "V_7_1": 3.5578398698721276, 
  "V_7_10": 0.20213934563252864, 
  "V_7_11": 0.17124800836838003, 
  "V_7_2": 4.83002810463136, 
  "V_7_3": 3.9712998053635125, 
  "V_7_4": 4.800848734450658, 
  "V_7_5": 2.0525672307906637, 
  "V_7_6": 0.8364140751542316, 
  "V_7_7": 0.5873162130510616, 
  "V_7_8": 0.301216497822783, 
  "V_7_9": 0.23910212908149123, 
  "V_8_1": 2.4331975766607563, 
  "V_8_10": 0.15654960867351023, 
  "V_8_11": 0.14670971194590895, 
  "V_8_2": 3.2902191972247397, 
  "V_8_3": 2.7027831146252814, 
  "V_8_4": 3.2847121896204325, 
  "V_8_5": 1.4135713067626783, 
  "V_8_6": 0.5792484420039444, 
  "V_8_7": 0.301216497822783, 
  "V_8_8": 0.34439080473856404, 
  "V_8_9": 0.17818170848766665, 
  "V_9_1": 1.8143293677944778, 
  "V_9_10": 0.14635534761449842, 
  "V_9_11": 0.1433450744281001, 
  "V_9_2": 2.4756022972197025, 
  "V_9_3": 2.043122601055672, 
  "V_9_4": 2.4887696561282713, 
  "V_9_5": 1.0907284499663132, 
  "V_9_6": 0.4597651300647242, 
  "V_9_7": 0.23910212908149123, 
  "V_9_8": 0.17818170848766665, 
  "V_9_9": 0.2686387391595568
}