{"mode1_error": [4e-06, 5e-06, 7e-06, 8e-06, 1.5e-05, 2.8e-05, 6.6e-05], "mode2": [-0.00037, -0.00037, 0.00021, 0.00091, 0.00313, 0.00704, 0.01004], "mode2_error": [0.000149, 0.000178, 0.000204, 0.00016, 0.000642, 0.001276, 0.002763], "mode1": [0.01025, 0.01722, 0.02462, 0.03344, 0.04381, 0.05094, 0.0541]}