{"mode1_error": [1.7e-05, 1.8e-05, 2.7e-05, 3e-05, 5.7e-05, 0.000101, 0.000165], "mode2": [0.00058, 0.00045, -0.00042, -0.00122, -0.00232, -0.0032, -0.00714], "mode2_error": [7e-05, 8.7e-05, 0.000153, 0.000125, 0.000418, 0.000716, 0.001313], "mode1": [0.00198, 0.00351, 0.00507, 0.00698, 0.01014, 0.01471, 0.02026]}