{"mode1_error": [3e-06, 4e-06, 6e-06, 7e-06, 1.5e-05, 1.7e-05, 0.0], "mode2": [-0.00036, -0.00042, -0.0004, 0.00142, 0.00468, 0.01253, 0.02124], "mode2_error": [0.000151, 0.000163, 0.000264, 0.000268, 0.000773, 0.001845, 0.003442], "mode1": [0.02641, 0.04424, 0.06301, 0.08528, 0.11131, 0.12796, 0.13323]}