{"mode1_error": [4e-06, 5e-06, 8e-06, 9e-06, 2.5e-05, 6.9e-05, 0.0], "mode2": [0.00077, 0.00019, 0.00039, -0.00152, -0.00682, -0.01459, -0.02413], "mode2_error": [0.000218, 0.000347, 0.000322, 0.000356, 0.001029, 0.002325, 0.004625], "mode1": [0.03516, 0.05869, 0.08331, 0.11248, 0.14659, 0.16853, 0.17474]}