{"mode1_error": [5e-06, 6e-06, 9e-06, 1.1e-05, 2.8e-05, 3.8e-05, 0.000111], "mode2": [-0.00122, -0.00083, 0.00042, 0.00291, 0.00838, 0.01713, 0.03569], "mode2_error": [0.000143, 0.000167, 0.000391, 0.000277, 0.000937, 0.002144, 0.00447], "mode1": [0.04279, 0.07118, 0.10063, 0.13552, 0.17653, 0.20332, 0.21104]}