{
  "1": 0.018514869977402478, 
  "3": 0.018023290639741032, 
  "2": 0.02366758912741226, 
  "4": 0.0020250636201447065
}