{
  "1": 210.84820787054022, 
  "3": 0.047315976687342234, 
  "2": 0.09700074128240775, 
  "4": 0.004184398017035132
}