{
  "1": 0.028840443877041842, 
  "3": 0.0186094004447891, 
  "2": 0.0264880498902043, 
  "4": 0.0019554993394824624
}