{
  "1": 0.06405378075409698, 
  "3": 0.02965235606478669, 
  "2": 0.07992444545470859, 
  "4": 0.01032800836219795
}