{
  "1": [
    -0.41565860666666665, 
    -0.5250232999999983, 
    -0.5971066224277761, 
    0.10619284733227688, 
    -0.24569837624185528, 
    0.07758324522450134, 
    0.08556230587909036
  ], 
  "3": [
    -0.4485008266666667, 
    -0.13376781333333326, 
    -0.11956806756485046, 
    -0.4589199471737972, 
    0.444340707901578, 
    -0.11139185169521393, 
    -0.13904521630615682
  ], 
  "2": [
    -0.5586754866666667, 
    -0.18858751333333304, 
    0.7076237683490856, 
    -0.05826083113224153, 
    -0.222022729053164, 
    0.06486997251004448, 
    0.05815535219079323
  ], 
  "5": [
    -0.2026505733333333, 
    0.47641941333333304, 
    -0.17501450499363236, 
    -0.2458424969184714, 
    -0.4120572552789935, 
    -0.2911951998308307, 
    -0.20336237520798825
  ], 
  "4": [
    -0.5167692133333333, 
    0.4928525799999999, 
    -0.08910612641597962, 
    0.5212784891706289, 
    0.22042547804721718, 
    0.009847339113272678, 
    0.049390488075429874
  ], 
  "7": [
    -0.024833346666666593, 
    0.23290154666666718, 
    -0.08331923721429056, 
    -0.2837700968480364, 
    -0.03421480967133145, 
    -0.04776786494678224, 
    0.5452830768164169
  ], 
  "6": [
    -0.07223336666666659, 
    0.36759338000000014, 
    -0.1374053220725253, 
    -0.25291508011973896, 
    -0.03702599793469339, 
    0.5063743004158752, 
    -0.04921932889628388
  ]
}