{
  "1": 0.0002577209777039823, 
  "3": 4.507159768553387e-05, 
  "2": 0.0002918300089046692, 
  "4": 8.015841783280655e-05
}