{
  "dV_11": 0.11538050473871042, 
  "dV_12": 0.06611065560791914, 
  "dV_13": 0.05039821536605345, 
  "dV_14": 0.04779121429580604, 
  "dV_15": 0.02534147921549702, 
  "dV_16": 0.01388223379106188, 
  "dV_17": 0.010239043978894176, 
  "dV_21": 0.06611065560791914, 
  "dV_22": 0.07573138228924134, 
  "dV_23": 0.04087006607844289, 
  "dV_24": 0.03879014764338115, 
  "dV_25": 0.02052686552341789, 
  "dV_26": 0.011254451516271167, 
  "dV_27": 0.008287036743526297, 
  "dV_31": 0.05039821536605345, 
  "dV_32": 0.04087006607844289, 
  "dV_33": 0.04404263722332536, 
  "dV_34": 0.02963108087140949, 
  "dV_35": 0.01568031677461209, 
  "dV_36": 0.008587684610735913, 
  "dV_37": 0.006329074960575807, 
  "dV_41": 0.04779121429580604, 
  "dV_42": 0.03879014764338115, 
  "dV_43": 0.02963108087140949, 
  "dV_44": 0.03965415413124806, 
  "dV_45": 0.014930414180082546, 
  "dV_46": 0.008167196721881527, 
  "dV_47": 0.006017808315695589, 
  "dV_51": 0.02534147921549702, 
  "dV_52": 0.02052686552341789, 
  "dV_53": 0.01568031677461209, 
  "dV_54": 0.014930414180082546, 
  "dV_55": 0.011208445518569525, 
  "dV_56": 0.0043627398179870965, 
  "dV_57": 0.003214257094529172, 
  "dV_61": 0.01388223379106188, 
  "dV_62": 0.011254451516271167, 
  "dV_63": 0.008587684610735913, 
  "dV_64": 0.008167196721881527, 
  "dV_65": 0.0043627398179870965, 
  "dV_66": 0.003605665953751844, 
  "dV_67": 0.0017876029929530133, 
  "dV_71": 0.010239043978894176, 
  "dV_72": 0.008287036743526297, 
  "dV_73": 0.006329074960575807, 
  "dV_74": 0.006017808315695589, 
  "dV_75": 0.003214257094529172, 
  "dV_76": 0.0017876029929530133, 
  "dV_77": 0.00248485962601779
}