{
  "1": 2440.5132560613392, 
  "2": 1.4743096985737414, 
  "3": 0.6460112861096784, 
  "4": 0.25347161893825254, 
  "5": 0.10810186274491924, 
  "6": 0.019455877217151932, 
  "7": -0.017056743305806733
}