{
  "1": [
    -0.39887426378131263, 
    0.5945029106960996, 
    0.49188517886971733, 
    -0.24032873760717663, 
    -0.33942672330352686, 
    0.007849420422791555, 
    -0.21640055112825157, 
    -0.05523671513173904, 
    0.04455460849307502, 
    -0.13258777320342, 
    -0.055132945625748137
  ], 
  "2": [
    -0.5400274047181777, 
    0.33258022922435804, 
    -0.1778841049951688, 
    0.015690974545127568, 
    0.5507708350599182, 
    -0.09800460404135589, 
    0.4173595918419487, 
    0.1515125099920087, 
    -0.07422287350516457, 
    0.2019847099001979, 
    0.09729588405099308
  ], 
  "3": [
    -0.44488789808637436, 
    -0.0774842746809368, 
    -0.1600719013893284, 
    0.7235522519929729, 
    -0.07417276998442111, 
    0.2157362846498654, 
    -0.32466306267204625, 
    -0.26995761601462387, 
    0.06099928343368079, 
    -0.0017120192138352663, 
    -0.11344277727676784
  ], 
  "4": [
    -0.5385747728679214, 
    -0.49290122896745875, 
    -0.31130331112028087, 
    -0.5482119544280797, 
    -0.13425679136666094, 
    0.0484401663035664, 
    -0.1666696769326485, 
    0.018449729991773106, 
    -0.013544123490622182, 
    -0.1444477348467343, 
    -0.0006270180856512941
  ], 
  "5": [
    -0.22843905810435605, 
    -0.36907564911161356, 
    0.37392494589264574, 
    0.29562046834029937, 
    -0.302687086676579, 
    -0.5452231932906808, 
    0.2792450655242373, 
    0.3359586826348191, 
    -4.027892391766155e-05, 
    0.0022441242342712514, 
    0.06818028884009598
  ], 
  "6": [
    -0.08823754789062085, 
    -0.2662544725237241, 
    0.43553151799556156, 
    -0.027677207048860758, 
    -0.047364574009609875, 
    0.7162801895133145, 
    0.388450361057908, 
    -0.03271863143909003, 
    -0.03348069632438001, 
    0.23860673577555144, 
    0.07449781239971705
  ], 
  "7": [
    -0.03278275244224749, 
    -0.18551652153291567, 
    0.2794096594687717, 
    -0.1333206092777327, 
    0.23232816668164405, 
    -0.35238135535287324, 
    0.004876719232751942, 
    -0.798679309202561, 
    -0.03462788316525136, 
    0.2203591047456893, 
    0.053349090044175325
  ], 
  "8": [
    -0.013040929160585973, 
    -0.1218247689377056, 
    0.22075663045987606, 
    -0.013720631550577725, 
    0.3922133105301426, 
    0.027906357901501214, 
    -0.07286619222822704, 
    0.09044854440161562, 
    0.8243586313984986, 
    -0.2960920509725864, 
    -0.026996138331627593
  ], 
  "9": [
    -0.006624694444683277, 
    -0.0945973924996751, 
    0.2101560506421141, 
    0.06082289679566388, 
    0.31419552128254535, 
    0.048685704899007164, 
    0.1017345906415903, 
    -0.038460130523385753, 
    -0.4668542590809041, 
    -0.6888678868676822, 
    -0.37112310565613466
  ], 
  "10": [
    -0.00398677796265192, 
    -0.11107171565365122, 
    0.19921255679913638, 
    -0.07900457779610644, 
    0.23501063451940019, 
    -0.043626165168552035, 
    -0.36683079323776335, 
    0.2943476309120738, 
    -0.08630349265092221, 
    0.5030356182305278, 
    -0.6347346596146399
  ], 
  "11": [
    -0.0026214922076743473, 
    -0.09669395163116667, 
    0.2524112248629193, 
    0.04324818017621361, 
    0.31983612004562995, 
    0.04352384413031424, 
    -0.5164081479896067, 
    0.22945004850568412, 
    -0.2851545228151168, 
    -0.0019832651659254805, 
    0.6482517813206736
  ]
}