{
  "1": 2480.2856035380155, 
  "3": 0.40526780413794034, 
  "2": 1.1758264451846099, 
  "4": 0.18546466605894277
}