{"mode1_error": [6.045446192291998e-06, 4.0188267981614745e-06, 4.627161193323551e-06, 3.9167482619901194e-06, 9.902383888272947e-06, 3.0364284548004123e-05, 0.00012470049705361525], "mode1": [0.001931521984222037, 0.0034591825376255997, 0.005116310514741619, 0.007035122423705027, 0.01039189557111461, 0.01567497379788189, 0.023481073292996424]}