{
  "1": [
    -0.2850572046648423, 
    0.4683905399816923, 
    -0.7532462017498562, 
    -0.1799407164914801, 
    -0.1400222511924515, 
    0.23093318831031273, 
    -0.16327223257536097
  ], 
  "2": [
    -0.5029416007600811, 
    0.6348326563752243, 
    0.4855429769708123, 
    -0.03315121310677211, 
    -0.06790354476387764, 
    -0.2708177002568432, 
    0.17097701905325463
  ], 
  "3": [
    -0.47062108850394857, 
    -0.2420812751432871, 
    -0.313592486132019, 
    0.6083028812280616, 
    0.33365419519749906, 
    -0.2247265410966274, 
    0.2995207244337991
  ], 
  "4": [
    -0.6068512469228586, 
    -0.4546827414109011, 
    0.20266624352616183, 
    -0.03774743157661923, 
    -0.40832697581521005, 
    0.31740190170465765, 
    -0.3391486510830437
  ], 
  "5": [
    -0.25706679937776833, 
    -0.12923266010226592, 
    0.06962441601132723, 
    -0.5645837522069791, 
    0.7381209287054853, 
    0.21508444361936846, 
    0.05029298539027613
  ], 
  "6": [
    -0.09442451639806336, 
    -0.25528315605024204, 
    -0.20912751102968885, 
    -0.4283064232763805, 
    -0.13898583010608598, 
    -0.8093329909932361, 
    -0.1561949473269194
  ], 
  "7": [
    -0.03225155527638305, 
    -0.17432008244382788, 
    -0.09419367423494499, 
    -0.3047357318090081, 
    -0.365495923732244, 
    0.14422358367593718, 
    0.8440665371751204
  ]
}