{
  "1": [
    0.00010272238741653753, 
    0.20393266179685327, 
    0.3192926346034582, 
    0.25715411987513304, 
    0.14828047953635692, 
    0.14037555497388102, 
    0.15327152227758004
  ], 
  "3": [
    7.58509986713409e-05, 
    0.1282718768221802, 
    0.2807328380502632, 
    0.21451999719125953, 
    0.18304358388847097, 
    0.18551016818071064, 
    0.22211129757707623
  ], 
  "2": [
    9.133693282635122e-05, 
    0.2237223877119565, 
    0.21947898066795035, 
    0.1745440404512192, 
    0.15520372692444087, 
    0.13172179182653176, 
    0.1605962519427506
  ], 
  "5": [
    4.6023769830134416e-05, 
    0.06504852494793463, 
    0.2280700634269158, 
    0.20867546292395953, 
    0.26398773692790956, 
    0.25979539258168494, 
    0.360434127296177
  ], 
  "4": [
    7.125895136723754e-05, 
    0.1091587550914012, 
    0.18485879469835878, 
    0.1349239037935893, 
    0.19267215170579374, 
    0.213289254155469, 
    0.2710303705088748
  ], 
  "7": [
    1.9305985255459303e-05, 
    0.05821641738470345, 
    0.12770325532539406, 
    0.12995747074120237, 
    0.4424949943111548, 
    0.4771546015117011, 
    0.31941310998076944
  ], 
  "6": [
    2.4467955497286037e-05, 
    0.09263396347584082, 
    0.19184841582018297, 
    0.1978098988042606, 
    0.2577076247879186, 
    0.23731443375594538, 
    0.4509365482577393
  ]
}