{
  "dV_11": 0.5563609856363909, 
  "dV_12": 0.36879426183646535, 
  "dV_13": 0.2856003855784379, 
  "dV_14": 0.28202138219645917, 
  "dV_15": 0.14616985834777385, 
  "dV_16": 0.07676069310745864, 
  "dV_17": 0.04223073364520407, 
  "dV_21": 0.36879426183646535, 
  "dV_22": 0.4878767896362193, 
  "dV_23": 0.2674558960202194, 
  "dV_24": 0.26368119254176003, 
  "dV_25": 0.13674417610607878, 
  "dV_26": 0.07186843015233849, 
  "dV_27": 0.03958228907602024, 
  "dV_31": 0.2856003855784379, 
  "dV_32": 0.2674558960202194, 
  "dV_33": 0.29143222282633274, 
  "dV_34": 0.20417236138107916, 
  "dV_35": 0.10576213613306358, 
  "dV_36": 0.05559863777120136, 
  "dV_37": 0.03062252724375358, 
  "dV_41": 0.28202138219645917, 
  "dV_42": 0.26368119254176003, 
  "dV_43": 0.20417236138107916, 
  "dV_44": 0.2805852455316993, 
  "dV_45": 0.1044896603677708, 
  "dV_46": 0.05490562470894577, 
  "dV_47": 0.030250412110279738, 
  "dV_51": 0.14616985834777385, 
  "dV_52": 0.13674417610607878, 
  "dV_53": 0.10576213613306358, 
  "dV_54": 0.1044896603677708, 
  "dV_55": 0.07627324502680115, 
  "dV_56": 0.02859262117217839, 
  "dV_57": 0.015718673339668407, 
  "dV_61": 0.07676069310745864, 
  "dV_62": 0.07186843015233849, 
  "dV_63": 0.05559863777120136, 
  "dV_64": 0.05490562470894577, 
  "dV_65": 0.02859262117217839, 
  "dV_66": 0.021195788928669634, 
  "dV_67": 0.00827924796560806, 
  "dV_71": 0.04223073364520407, 
  "dV_72": 0.03958228907602024, 
  "dV_73": 0.03062252724375358, 
  "dV_74": 0.030250412110279738, 
  "dV_75": 0.015718673339668407, 
  "dV_76": 0.00827924796560806, 
  "dV_77": 0.006456931736975811
}