{"mode1_error": [3e-06, 3e-06, 4e-06, 4e-06, 8e-06, 1.6e-05, 4.4e-05], "mode2": [-6e-05, 0.00024, -0.00021, -0.00012, 0.00011, -0.00032, -0.00059], "mode2_error": [0.000139, 0.000176, 0.000253, 0.000213, 0.000809, 0.003084, 0.00575], "mode1": [0.00647, 0.01345, 0.02205, 0.03343, 0.04743, 0.05724, 0.06141]}