{"mode1_error": [3e-06, 3e-06, 4e-06, 4e-06, 9e-06, 1.8e-05, 2.1e-05], "mode2": [-0.00014, -8e-05, 4e-05, 0.00011, 0.00043, 0.00161, 0.00347], "mode2_error": [9.1e-05, 0.000107, 8.7e-05, 9.7e-05, 0.000199, 0.000828, 0.001638], "mode1": [0.00725, 0.01511, 0.02475, 0.03748, 0.05315, 0.06405, 0.06859]}