{"mode1_error": [3e-06, 3e-06, 5e-06, 5e-06, 1.1e-05, 2.3e-05, 1.2e-05], "mode2": [-0.00032, -8e-05, 0.00013, 0.00027, 0.00033, 0.00022, 0.00127], "mode2_error": [3e-05, 6.7e-05, 6.8e-05, 8.1e-05, 0.000202, 0.000378, 0.000828], "mode1": [0.0092, 0.01926, 0.03145, 0.04747, 0.06722, 0.08082, 0.08633]}