{"mode1_error": [6e-06, 6e-06, 9e-06, 9e-06, 1.9e-05, 3.3e-05, 6.4e-05], "mode2": [0.00048, 8e-05, -0.00094, 0.00012, 0.00022, 0.00068, -0.00032], "mode2_error": [0.000343, 0.000458, 0.000831, 0.00047, 0.001511, 0.004437, 0.006204], "mode1": [0.01102, 0.02305, 0.03736, 0.05596, 0.07902, 0.09486, 0.10083]}