{"mode1_error": [9e-06, 1e-05, 1.3e-05, 1.4e-05, 2.8e-05, 4.8e-05, 8.4e-05], "mode2": [-0.00041, -0.00028, -0.00043, 0.00071, 0.00202, 0.00564, 0.0136], "mode2_error": [0.000222, 0.000286, 0.000509, 0.000383, 0.001794, 0.002847, 0.006867], "mode1": [0.01178, 0.02455, 0.03962, 0.05923, 0.08345, 0.10018, 0.10626]}