{"mode1_error": [1.5e-05, 1.6e-05, 2.2e-05, 2.2e-05, 4.6e-05, 7.8e-05, 0.000128], "mode2": [0.00025, -0.00077, 0.0002, 0.00062, 0.0002, 0.00154, 0.00792], "mode2_error": [0.000407, 0.000307, 0.00056, 0.000435, 0.001426, 0.00299, 0.011493], "mode1": [0.01251, 0.02592, 0.0417, 0.06212, 0.0874, 0.10474, 0.11098]}