{
  "1": 286.2172593019904, 
  "2": 0.63013390863364938, 
  "3": 0.34592992736545042, 
  "4": 0.015797376481282724, 
  "5": 0.0059707271961748952, 
  "6": -0.1104161633805793, 
  "7": -0.37484268616528493
}