{
  "1": [
    0.0009275067635595644, 
    0.5395052817203734, 
    0.37761140898359175, 
    0.38779018410284777, 
    0.2760724060948509, 
    0.18239504377485025, 
    0.1504400559308512
  ], 
  "3": [
    0.0006662304078842779, 
    0.32557109729859496, 
    0.4389095733639992, 
    0.27527188749423037, 
    0.31971664558467744, 
    0.22265954114278558, 
    0.17992295269743871
  ], 
  "2": [
    0.0008246679464141516, 
    0.38705971663124816, 
    0.39750627083127316, 
    0.3702989338636364, 
    0.25595049610623016, 
    0.18478837524749755, 
    0.15729528630766557
  ], 
  "5": [
    0.00038456720373061554, 
    0.23819318174327392, 
    0.30848751190346435, 
    0.4298499477354963, 
    0.3356597401883998, 
    0.3501770866972849, 
    0.3231423841789743
  ], 
  "4": [
    0.0006181369165013465, 
    0.2770232226116472, 
    0.45395481596366705, 
    0.2920543939029841, 
    0.22130645604064575, 
    0.1444370828232309, 
    0.14084263768855704
  ], 
  "7": [
    0.00010054362789790774, 
    0.06256096304395886, 
    0.1032105537547153, 
    0.17127114664277596, 
    0.3109830789201972, 
    0.3850042021151908, 
    0.5583666247320114
  ], 
  "6": [
    0.000199592288438142, 
    0.10770788055869099, 
    0.18232642972152993, 
    0.30359488470774093, 
    0.3659089768675558, 
    0.5472091897765978, 
    0.35950477114668083
  ]
}