{
  "1": 0.0023298708537047128, 
  "3": 0.0020777995921981386, 
  "2": 0.0025127551182485674, 
  "4": 0.0009697883874335818
}