{
  "V_11": 22.336317660455272, 
  "V_12": 39.97777380233417, 
  "V_13": 37.18034903479908, 
  "V_14": 48.9982015516332, 
  "V_15": 21.712963433730515, 
  "V_16": 8.178438258483268, 
  "V_17": 2.8888790468815624, 
  "V_21": 39.97777380233417, 
  "V_22": 70.31801578238684, 
  "V_23": 66.02129105063418, 
  "V_24": 86.5531368500726, 
  "V_25": 38.15695796911952, 
  "V_26": 14.501148152693869, 
  "V_27": 5.071523631947744, 
  "V_31": 37.18034903479908, 
  "V_32": 66.02129105063418, 
  "V_33": 62.40400195903713, 
  "V_34": 81.6403382411692, 
  "V_35": 35.87026805959883, 
  "V_36": 13.676419519981273, 
  "V_37": 4.82620658845396, 
  "V_41": 48.9982015516332, 
  "V_42": 86.5531368500726, 
  "V_43": 81.6403382411692, 
  "V_44": 107.68582292194266, 
  "V_45": 47.061392937027435, 
  "V_46": 17.834897804592384, 
  "V_47": 6.382396555973079, 
  "V_51": 21.712963433730515, 
  "V_52": 38.15695796911952, 
  "V_53": 35.87026805959883, 
  "V_54": 47.061392937027435, 
  "V_55": 20.640647168583065, 
  "V_56": 7.807267858264688, 
  "V_57": 2.796854720782435, 
  "V_61": 8.178438258483268, 
  "V_62": 14.501148152693869, 
  "V_63": 13.676419519981273, 
  "V_64": 17.834897804592384, 
  "V_65": 7.807267858264688, 
  "V_66": 2.963770660218305, 
  "V_67": 1.0708124420224574, 
  "V_71": 2.8888790468815624, 
  "V_72": 5.071523631947744, 
  "V_73": 4.82620658845396, 
  "V_74": 6.382396555973079, 
  "V_75": 2.796854720782435, 
  "V_76": 1.0708124420224574, 
  "V_77": 0.381256239497694
}