{
  "1": 286.21596955968005, 
  "3": 0.34352539199857435, 
  "2": 0.711242915310668, 
  "4": 0.06857197914927574
}