{
  "1": 2942.0496496283026, 
  "3": 0.23284572580499152, 
  "2": 0.9273678232319443, 
  "4": 0.1663118818513037
}