{
  "1": [
    -0.32208379134599985, 
    -0.8312544421292661, 
    -0.23085764255397798, 
    0.2683166851053945, 
    0.18893424385831328, 
    -0.21014205587578808, 
    0.011539367877641383
  ], 
  "2": [
    -0.4941643380038635, 
    0.031207996051537495, 
    0.7422326429861877, 
    -0.25010618441859456, 
    0.26916197810884757, 
    -0.2605541397568878, 
    -0.03207238726724958
  ], 
  "3": [
    -0.4641837835434036, 
    -0.1622831455729687, 
    0.11380561746583794, 
    -0.05879144528587363, 
    -0.5992169398516636, 
    0.6170214924211311, 
    0.0448662460863485
  ], 
  "4": [
    -0.600700573750512, 
    0.5258177039438879, 
    -0.34569342806795295, 
    0.43918312518156877, 
    0.009312895327725655, 
    -0.20545775297223734, 
    0.08938221850884549
  ], 
  "5": [
    -0.25638076352939665, 
    0.05442345317299683, 
    -0.4306504592662456, 
    -0.556907997341496, 
    0.3280186278245768, 
    0.20524515004576055, 
    -0.5347699173013097
  ], 
  "6": [
    -0.09467112970268138, 
    -0.006733261551747796, 
    -0.23578762078655463, 
    -0.46941280774082844, 
    0.16042913693821115, 
    0.021219603936783134, 
    0.8299759482252572
  ], 
  "7": [
    -0.03259072692389666, 
    -0.04706152609651059, 
    -0.14927882502750434, 
    -0.37231693481834705, 
    -0.631960664784593, 
    -0.6499596933912931, 
    -0.11830936082007941
  ]
}