{
  "1": [
    0.00029364886171520546, 
    0.15772977077490938, 
    0.24291083982226655, 
    0.19337748824994275, 
    0.19948083050398796, 
    0.14166789953034598, 
    0.1006178410612749
  ], 
  "3": [
    0.00018494648326226185, 
    0.16328532462361794, 
    0.2356659439696243, 
    0.42013307125177074, 
    0.3217287363236045, 
    0.3112797892795213, 
    0.23017629233875292
  ], 
  "2": [
    0.0002238002756852154, 
    0.19940769092294408, 
    0.20232370242853445, 
    0.2678326217682146, 
    0.25847100205959816, 
    0.19127743382704593, 
    0.1655978945573226
  ], 
  "5": [
    0.00010674988420271142, 
    0.10463022187407599, 
    0.2041258585616225, 
    0.2588557363142156, 
    0.3252586365910809, 
    0.3498359095742757, 
    0.2920717054720173
  ], 
  "4": [
    0.00017540644926319882, 
    0.18046893148637283, 
    0.183038807807242, 
    0.17521777470504502, 
    0.28835369799150157, 
    0.16686397643165687, 
    0.14621099344893906
  ], 
  "7": [
    3.52347404368989e-05, 
    0.034669971777079034, 
    0.10574510783407716, 
    0.24018767795113222, 
    0.40799160082859587, 
    0.3493523787691017, 
    0.5470845027371268
  ], 
  "6": [
    5.680516057536967e-05, 
    0.054530639488005586, 
    0.13246314443210755, 
    0.23820723445435496, 
    0.35725058181539443, 
    0.49090340134872656, 
    0.26624718855922075
  ]
}