{
  "dV_11": 1.1152763155760674, 
  "dV_12": 0.6489701447214685, 
  "dV_13": 0.501718297878157, 
  "dV_14": 0.4936980269946205, 
  "dV_15": 0.25814116633320233, 
  "dV_16": 0.13645527944388097, 
  "dV_17": 0.07531245535165476, 
  "dV_21": 0.6489701447214685, 
  "dV_22": 0.7536345524867033, 
  "dV_23": 0.4124369917710051, 
  "dV_24": 0.4054972692977716, 
  "dV_25": 0.21198822493588687, 
  "dV_26": 0.11212404264247336, 
  "dV_27": 0.06194372073809673, 
  "dV_31": 0.501718297878157, 
  "dV_32": 0.4124369917710051, 
  "dV_33": 0.44880169270448556, 
  "dV_34": 0.31364545211264405, 
  "dV_35": 0.16382143995336354, 
  "dV_36": 0.08667060920359694, 
  "dV_37": 0.04787768010270742, 
  "dV_41": 0.4936980269946205, 
  "dV_42": 0.4054972692977716, 
  "dV_43": 0.31364545211264405, 
  "dV_44": 0.4304929886394587, 
  "dV_45": 0.16139858813950414, 
  "dV_46": 0.08528295834769174, 
  "dV_47": 0.0471341501281107, 
  "dV_51": 0.25814116633320233, 
  "dV_52": 0.21198822493588687, 
  "dV_53": 0.16382143995336354, 
  "dV_54": 0.16139858813950414, 
  "dV_55": 0.11877340125428536, 
  "dV_56": 0.044772104654119, 
  "dV_57": 0.02469703984725739, 
  "dV_61": 0.13645527944388097, 
  "dV_62": 0.11212404264247336, 
  "dV_63": 0.08667060920359694, 
  "dV_64": 0.08528295834769174, 
  "dV_65": 0.044772104654119, 
  "dV_66": 0.033405038631312514, 
  "dV_67": 0.013089306585210694, 
  "dV_71": 0.07531245535165476, 
  "dV_72": 0.06194372073809673, 
  "dV_73": 0.04787768010270742, 
  "dV_74": 0.0471341501281107, 
  "dV_75": 0.02469703984725739, 
  "dV_76": 0.013089306585210694, 
  "dV_77": 0.010237372234336328
}