{
  "1": [
    -0.32208648, 
    -0.7756786103041832, 
    -0.17908200903719182, 
    0.203171251076393, 
    0.13155996589940364, 
    -0.035425621457580214, 
    0.005644502916819749
  ], 
  "3": [
    -0.46418479333333335, 
    -0.15316538448696077, 
    0.1015781160931527, 
    -0.10441128880140989, 
    -0.4545443734015347, 
    0.08881250055786157, 
    0.007940647819524279
  ], 
  "2": [
    -0.4941634533333333, 
    0.049115927076029416, 
    0.6306115467500868, 
    -0.10432160987411361, 
    0.22217864450127914, 
    -0.04106796536796562, 
    -0.0017448251947946008
  ], 
  "5": [
    -0.2563801333333333, 
    0.043304033523656936, 
    -0.3851267014250935, 
    -0.4317254561856721, 
    0.14973236146632563, 
    0.23217388762440322, 
    -0.2893839636111459
  ], 
  "4": [
    -0.60069924, 
    0.47914166416240866, 
    -0.29545816475495257, 
    0.3053272686267267, 
    0.026854970161977847, 
    -0.08327833712679074, 
    0.03570407130910139
  ], 
  "7": [
    -0.03259074666666662, 
    -0.043895846271995685, 
    -0.13456281543274232, 
    -0.23789731004223635, 
    -0.0735928473998288, 
    -0.5107681840496298, 
    -0.166523057153347
  ], 
  "6": [
    -0.09467064666666666, 
    -0.008675244582456705, 
    -0.216421473757386, 
    -0.32085570590888596, 
    0.07089257459505557, 
    -0.025141317445441253, 
    0.5654686370497296
  ]
}