{
  "1": 1127.6241575585918, 
  "3": 0.17225930589195174, 
  "2": 1.7771558617870822, 
  "4": 0.025141195184473112
}