{
  "1": [
    6.804640385356748e-05, 
    0.05721740594291413, 
    0.20549820737263155, 
    0.2926974218627477, 
    0.2246364027088927, 
    0.2080180558983197, 
    0.1508144481089494
  ], 
  "3": [
    5.033653496185928e-05, 
    0.059874883934357984, 
    0.29860962363790944, 
    0.44625950901380584, 
    0.22886786928819977, 
    0.20890441943071664, 
    0.16038547747822005
  ], 
  "2": [
    6.0824777253826675e-05, 
    0.06704150044341875, 
    0.34559642480589636, 
    0.3181861553581076, 
    0.3198785670722157, 
    0.23590434921225392, 
    0.19260044131418655
  ], 
  "5": [
    3.1647514343755104e-05, 
    0.038707771365145395, 
    0.13907119186036587, 
    0.22653001326831987, 
    0.3594878746525063, 
    0.3229989135202712, 
    0.4550596139388808
  ], 
  "4": [
    4.799073500833046e-05, 
    0.03615890982219994, 
    0.35080167380576877, 
    0.2931838228878337, 
    0.28725224321636417, 
    0.18748411565294523, 
    0.22509199028447052
  ], 
  "7": [
    3.18642788565386e-05, 
    0.025059951260461625, 
    0.26589002163515596, 
    0.2957971347089188, 
    0.2810935852427091, 
    0.4699580090953999, 
    0.3006211347926381
  ], 
  "6": [
    8.536239046723204e-06, 
    0.037249354365347036, 
    0.297964887784872, 
    0.2999650614939699, 
    0.30456013791879766, 
    0.35043732335847166, 
    0.3431420475359779
  ]
}