{
  "1": [
    -0.28428243999999997, 
    -0.7103297666666664, 
    0.20803671942346835, 
    0.12449372574385537, 
    0.3141234366068368, 
    0.03529093346740421, 
    -0.04854982989339982
  ], 
  "3": [
    -0.4698629533333333, 
    0.12571612666666673, 
    -0.470052415433949, 
    -0.1260031766566047, 
    0.3102471056743273, 
    0.012466432042902842, 
    0.09879905496333273
  ], 
  "2": [
    -0.5008552399999999, 
    -0.31208419333333287, 
    0.06651386848729407, 
    -0.3170737171194495, 
    -0.3356788803780328, 
    -0.07733663482487069, 
    -0.027263733272850765
  ], 
  "5": [
    -0.2593731466666666, 
    0.3434923733333333, 
    0.16930777214578835, 
    0.03733133534569507, 
    0.12040268663541812, 
    -0.47380442433383624, 
    -0.17005897784834134
  ], 
  "4": [
    -0.6083083533333334, 
    0.27765016000000026, 
    0.08358691424433633, 
    0.32420155958027996, 
    -0.19560401280438952, 
    0.19052624434389095, 
    0.06506829969002809
  ], 
  "7": [
    -0.03292354666666658, 
    0.20179145333333318, 
    0.27857632840246904, 
    -0.13175498059508411, 
    0.1549113334095503, 
    -0.035071015585721094, 
    0.5381681862856286
  ], 
  "6": [
    -0.09569985333333335, 
    0.36091509333333377, 
    0.2556823523326789, 
    -0.20837511139859227, 
    0.1641880682900804, 
    0.3238644880174292, 
    -0.33605168216526754
  ]
}