{
  "1": [
    0.3971854698860566, 
    -0.13950230500313796, 
    0.6170663007238051, 
    0.04846495823813518, 
    0.5932478018591953, 
    -0.024987269531734472, 
    0.04788327107690413, 
    -0.22656899406853517, 
    -0.1004197133946353, 
    -0.1173576451902307, 
    0.09804370071365914
  ], 
  "2": [
    0.5370791430591824, 
    -0.15622922551400764, 
    -0.7335866403614463, 
    0.1696407741989702, 
    0.3252073448656386, 
    -0.04147563747605087, 
    -0.02595336180016932, 
    -0.08120640838875033, 
    -0.04314940728543487, 
    0.05937938054221222, 
    0.008671009466200098
  ], 
  "3": [
    0.4398747505963799, 
    -0.04574409687874697, 
    0.021562534865065066, 
    -0.8184708237420322, 
    -0.3137278492858012, 
    -0.02196243643143454, 
    -0.13392541249438805, 
    -0.11080665668469483, 
    -0.030421912955221755, 
    -0.03161025490060523, 
    0.05488082406544392
  ], 
  "4": [
    0.5289451540475177, 
    0.042372861474267234, 
    0.2358751642776849, 
    0.5296963066732416, 
    -0.6047666351212104, 
    0.021888091843085326, 
    -0.10249242533107787, 
    0.04402851786441889, 
    -0.042677839997496206, 
    0.040885268330029895, 
    -0.006950672239890281
  ], 
  "5": [
    0.22731177834963648, 
    0.15782534208012042, 
    0.039050097400279746, 
    -0.11429914820136554, 
    0.04080085837688927, 
    0.08364062553480235, 
    0.7740382336772405, 
    0.5253245505620648, 
    0.03638231260758916, 
    0.1030820405241835, 
    -0.1145434274998839
  ], 
  "6": [
    0.11140159056667175, 
    0.14705537760135592, 
    0.012048405244595061, 
    0.018836563139721152, 
    0.06286644912779332, 
    -0.015083132032900159, 
    -0.082781045201042, 
    0.03343499956794619, 
    0.9458714725908741, 
    -0.20292551215569332, 
    0.13214584092761472
  ], 
  "7": [
    0.07727355746452427, 
    0.1248337019994067, 
    0.028734696004393427, 
    -0.029201548283862996, 
    0.09603425936425362, 
    0.058939084309324055, 
    -0.21170713851660752, 
    0.06797107344807206, 
    0.015179462882024694, 
    -0.271511709969361, 
    -0.9168868699495895
  ], 
  "8": [
    0.0649622667678029, 
    0.18431589043003363, 
    0.02271089700304085, 
    -0.030967686954797017, 
    0.18458419638553003, 
    -0.06422640254626581, 
    -0.4919564710812732, 
    0.735121220267335, 
    -0.193663050579782, 
    -0.1785136642752004, 
    0.2652160142131811
  ], 
  "9": [
    0.055335628277260705, 
    0.29666753506673044, 
    0.11069872617482762, 
    -0.051044210627224744, 
    0.15550771401207658, 
    -0.11907683086964624, 
    -0.2330678908083845, 
    0.006324758485638716, 
    0.12196628816870114, 
    0.8750549715465432, 
    -0.14403839323020146
  ], 
  "10": [
    0.04499285823610216, 
    0.48787908901900506, 
    -0.06137889990861107, 
    -0.006951636439844776, 
    0.0708858341307282, 
    0.8278026751497983, 
    -0.0482830251877788, 
    -0.18570674868906736, 
    -0.09622267211495102, 
    -0.03659731121986356, 
    0.13577724142714337
  ], 
  "11": [
    0.034033477730623575, 
    0.7280906530348221, 
    -0.07710166313144488, 
    0.022711512415260357, 
    0.0033356358489521026, 
    -0.531446430497576, 
    0.13824629896190715, 
    -0.2668732425730722, 
    -0.16565093520471674, 
    -0.2357530168162367, 
    0.08040973260524485
  ]
}