{
  "1": 48.31824546113473, 
  "2": 0.68513083194883573, 
  "3": 0.20802900657145382, 
  "4": 0.17281588689782929, 
  "5": 0.16438894622569108, 
  "6": 0.15895022329755298, 
  "7": 0.1434065980310662, 
  "8": 0.11167463572528877, 
  "9": 0.045582172692537747, 
  "10": 0.01075270074119016, 
  "11": -0.01470666544127187
}