{
  "11": [
    0.0001748580956067542, 
    0.011250751267473685, 
    0.032719018236653706, 
    0.03716485377566095, 
    0.043107169506938485, 
    0.24099007579658596, 
    0.3126623313364434, 
    0.12287546921642392, 
    0.13949316521505026, 
    0.1458490871005461, 
    0.14803695977359788
  ], 
  "10": [
    0.00013100395091695356, 
    0.012206430217991029, 
    0.031062464373425913, 
    0.038009379416171614, 
    0.03906511501325245, 
    0.37144523942971674, 
    0.4601513139650671, 
    0.10696517067963197, 
    0.1037942765599549, 
    0.11394430995348669, 
    0.09934941984295968
  ], 
  "1": [
    0.0001534515509583678, 
    0.011618065941811985, 
    0.09963099180844942, 
    0.22666383961053724, 
    0.11889056605264298, 
    0.054399283008670106, 
    0.06058913860795109, 
    0.07800707857688174, 
    0.09641534678581239, 
    0.1033846273043951, 
    0.08672199031891066
  ], 
  "3": [
    0.00012008382135123835, 
    0.008950967368599645, 
    0.22954776370224533, 
    0.14920992753220072, 
    0.20589402283801178, 
    0.08291316393838644, 
    0.07004234226016749, 
    0.04676143093072912, 
    0.04067613665057647, 
    0.048349053368016995, 
    0.039686300757963276
  ], 
  "2": [
    0.0001399191584133083, 
    0.009664694514769003, 
    0.09048827048581017, 
    0.21797000080278145, 
    0.12141382689021038, 
    0.04016092933592226, 
    0.040085497375730965, 
    0.0377307976333226, 
    0.04719591442786634, 
    0.040416913336008796, 
    0.041010594646987523
  ], 
  "5": [
    7.235724229026633e-05, 
    0.007042923312740192, 
    0.039848828267975575, 
    0.03747765959683426, 
    0.05493132365930142, 
    0.4458921753972004, 
    0.35940027411057374, 
    0.16876130111894194, 
    0.14194761112132523, 
    0.14532808270142059, 
    0.1319689563601175
  ], 
  "4": [
    0.00011646289115816963, 
    0.008683911462765636, 
    0.16021653130103444, 
    0.20184227895708684, 
    0.16289566415660958, 
    0.06633260209898464, 
    0.06004912265424771, 
    0.03641508081007864, 
    0.03710012360374705, 
    0.035774157811796645, 
    0.037706618081612714
  ], 
  "7": [
    5.142276365791374e-05, 
    0.004607972165637759, 
    0.018644938440563974, 
    0.028051424190486503, 
    0.0291488510288951, 
    0.12594890226656982, 
    0.12022536654951052, 
    0.10520488781287582, 
    0.2776859099601302, 
    0.5142580160564516, 
    0.3718016672198322
  ], 
  "6": [
    5.019244695315019e-05, 
    0.0052839505758261384, 
    0.015376462732527211, 
    0.01959885609414762, 
    0.02226528604917593, 
    0.07555829771253335, 
    0.09090646793211002, 
    0.29736341047112086, 
    0.42780039076135556, 
    0.42748051628896766, 
    0.29598550527931544
  ], 
  "9": [
    9.363702971874161e-05, 
    0.00751870680933612, 
    0.03650594472387127, 
    0.05839258447567283, 
    0.05461090829858592, 
    0.1653023781305171, 
    0.13138821163900166, 
    0.16496855996960924, 
    0.4007172642968693, 
    0.34788701080718054, 
    0.4711552802835597
  ], 
  "8": [
    6.566404697995538e-05, 
    0.0052546052284285875, 
    0.03003613472590694, 
    0.04937551775405202, 
    0.05045493217596345, 
    0.29037282648718116, 
    0.24804276106266152, 
    0.24291260681917062, 
    0.21426516353466668, 
    0.26731158255111725, 
    0.18297778989027894
  ]
}