{
  "dV_10_1": 0.012700736565218916, 
  "dV_10_10": 0.015809771417845217, 
  "dV_10_11": 0.00730259980610752, 
  "dV_10_2": 0.012246945729929317, 
  "dV_10_3": 0.009566119921486286, 
  "dV_10_4": 0.009706632583466171, 
  "dV_10_5": 0.005398667809638165, 
  "dV_10_6": 0.003529543656425912, 
  "dV_10_7": 0.00326756037363545, 
  "dV_10_8": 0.003789471827858317, 
  "dV_10_9": 0.004736793214612954, 
  "dV_11_1": 0.017102623472650364, 
  "dV_11_10": 0.00730259980610752, 
  "dV_11_11": 0.024243950977595515, 
  "dV_11_2": 0.016500455421956918, 
  "dV_11_3": 0.012924236475780292, 
  "dV_11_4": 0.013091707782353287, 
  "dV_11_5": 0.007368291367898385, 
  "dV_11_6": 0.004769682434979411, 
  "dV_11_7": 0.004276684583103266, 
  "dV_11_8": 0.0048367850282863825, 
  "dV_11_9": 0.005953750903616721, 
  "dV_1_1": 0.02141191371400428, 
  "dV_1_10": 0.012700736565218916, 
  "dV_1_11": 0.017102623472650364, 
  "dV_1_2": 0.014703094226056852, 
  "dV_1_3": 0.011451412961674706, 
  "dV_1_4": 0.011455632592223429, 
  "dV_1_5": 0.006228088020007773, 
  "dV_1_6": 0.0043050974883635925, 
  "dV_1_7": 0.004565578371716993, 
  "dV_1_8": 0.006184611579335961, 
  "dV_1_9": 0.008949943141167897, 
  "dV_2_1": 0.014703094226056852, 
  "dV_2_10": 0.012246945729929317, 
  "dV_2_11": 0.016500455421956918, 
  "dV_2_2": 0.02001892804167501, 
  "dV_2_3": 0.011150487194003689, 
  "dV_2_4": 0.011171142604203082, 
  "dV_2_5": 0.006057606578583988, 
  "dV_2_6": 0.0041786732129491105, 
  "dV_2_7": 0.004424921033559852, 
  "dV_2_8": 0.005990647048344419, 
  "dV_2_9": 0.008664992150010913, 
  "dV_3_1": 0.011451412961674706, 
  "dV_3_10": 0.009566119921486286, 
  "dV_3_11": 0.012924236475780292, 
  "dV_3_2": 0.011150487194003689, 
  "dV_3_3": 0.012169298489031642, 
  "dV_3_4": 0.008746900476494098, 
  "dV_3_5": 0.004735634799389637, 
  "dV_3_6": 0.003266165611819481, 
  "dV_3_7": 0.0034508523377286843, 
  "dV_3_8": 0.004671557367459803, 
  "dV_3_9": 0.0067515380386181595, 
  "dV_4_1": 0.011455632592223429, 
  "dV_4_10": 0.009706632583466171, 
  "dV_4_11": 0.013091707782353287, 
  "dV_4_2": 0.011171142604203082, 
  "dV_4_3": 0.008746900476494098, 
  "dV_4_4": 0.01219184277958197, 
  "dV_4_5": 0.004794904963696311, 
  "dV_4_6": 0.003294010111705035, 
  "dV_4_7": 0.003477922345092062, 
  "dV_4_8": 0.004708762726015266, 
  "dV_4_9": 0.00682868772693209, 
  "dV_5_1": 0.006228088020007773, 
  "dV_5_10": 0.005398667809638165, 
  "dV_5_11": 0.007368291367898385, 
  "dV_5_2": 0.006057606578583988, 
  "dV_5_3": 0.004735634799389637, 
  "dV_5_4": 0.004794904963696311, 
  "dV_5_5": 0.0038292155017263354, 
  "dV_5_6": 0.001811926461825882, 
  "dV_5_7": 0.0019112951761639959, 
  "dV_5_8": 0.0025977396750216865, 
  "dV_5_9": 0.0037890861962466766, 
  "dV_6_1": 0.0043050974883635925, 
  "dV_6_10": 0.003529543656425912, 
  "dV_6_11": 0.004769682434979411, 
  "dV_6_2": 0.0041786732129491105, 
  "dV_6_3": 0.003266165611819481, 
  "dV_6_4": 0.003294010111705035, 
  "dV_6_5": 0.001811926461825882, 
  "dV_6_6": 0.0022702458855620574, 
  "dV_6_7": 0.001304414127794429, 
  "dV_6_8": 0.0017398240549649547, 
  "dV_6_9": 0.0025035063084526067, 
  "dV_7_1": 0.004565578371716993, 
  "dV_7_10": 0.00326756037363545, 
  "dV_7_11": 0.004276684583103266, 
  "dV_7_2": 0.004424921033559852, 
  "dV_7_3": 0.0034508523377286843, 
  "dV_7_4": 0.003477922345092062, 
  "dV_7_5": 0.0019112951761639959, 
  "dV_7_6": 0.001304414127794429, 
  "dV_7_7": 0.0029407778520274845, 
  "dV_7_8": 0.0017176431373736305, 
  "dV_7_9": 0.002386532501677271, 
  "dV_8_1": 0.006184611579335961, 
  "dV_8_10": 0.003789471827858317, 
  "dV_8_11": 0.0048367850282863825, 
  "dV_8_2": 0.005990647048344419, 
  "dV_8_3": 0.004671557367459803, 
  "dV_8_4": 0.004708762726015266, 
  "dV_8_5": 0.0025977396750216865, 
  "dV_8_6": 0.0017398240549649547, 
  "dV_8_7": 0.0017176431373736305, 
  "dV_8_8": 0.005222423107242668, 
  "dV_8_9": 0.00286047925044763, 
  "dV_9_1": 0.008949943141167897, 
  "dV_9_10": 0.004736793214612954, 
  "dV_9_11": 0.005953750903616721, 
  "dV_9_2": 0.008664992150010913, 
  "dV_9_3": 0.0067515380386181595, 
  "dV_9_4": 0.00682868772693209, 
  "dV_9_5": 0.0037890861962466766, 
  "dV_9_6": 0.0025035063084526067, 
  "dV_9_7": 0.002386532501677271, 
  "dV_9_8": 0.00286047925044763, 
  "dV_9_9": 0.009455824625798494
}