{
  "P_1": 839.3817345781928, 
  "P_2": 519.7072675058353, 
  "P_3": 291.9074699066355, 
  "P_4": 246.74271640546849, 
  "P_5": 73.29543456152051, 
  "P_6": 22.44995656051293, 
  "P_7": 7.35853707927458
}