{
  "1": 0.12092652968453545, 
  "3": 0.0165930341421896, 
  "2": 0.12436398520215457, 
  "4": 0.03740212017123827
}