{
  "V_11": 70.55040773421422, 
  "V_12": 125.54486027657143, 
  "V_13": 117.89764364450117, 
  "V_14": 154.34988594789428, 
  "V_15": 66.52879651090952, 
  "V_16": 24.618197033289057, 
  "V_17": 8.557576089653008, 
  "V_21": 125.54486027657143, 
  "V_22": 220.45172983612113, 
  "V_23": 207.5633990162212, 
  "V_24": 269.618084552255, 
  "V_25": 116.03518149391103, 
  "V_26": 43.34417414064387, 
  "V_27": 15.146361205048862, 
  "V_31": 117.89764364450117, 
  "V_32": 207.5633990162212, 
  "V_33": 194.8191091400975, 
  "V_34": 253.7496668225154, 
  "V_35": 109.18137114672798, 
  "V_36": 40.66064074309298, 
  "V_37": 14.161746181465825, 
  "V_41": 154.34988594789428, 
  "V_42": 269.618084552255, 
  "V_43": 253.7496668225154, 
  "V_44": 330.5233939818686, 
  "V_45": 142.35205476815588, 
  "V_46": 52.984616546834125, 
  "V_47": 18.33428516152975, 
  "V_51": 66.52879651090952, 
  "V_52": 116.03518149391103, 
  "V_53": 109.18137114672798, 
  "V_54": 142.35205476815588, 
  "V_55": 61.08162655189765, 
  "V_56": 22.62842994738785, 
  "V_57": 7.773182507080301, 
  "V_61": 24.618197033289057, 
  "V_62": 43.34417414064387, 
  "V_63": 40.66064074309298, 
  "V_64": 52.984616546834125, 
  "V_65": 22.62842994738785, 
  "V_66": 8.339705920840599, 
  "V_67": 2.8210951533292175, 
  "V_71": 8.557576089653008, 
  "V_72": 15.146361205048862, 
  "V_73": 14.161746181465825, 
  "V_74": 18.33428516152975, 
  "V_75": 7.773182507080301, 
  "V_76": 2.8210951533292175, 
  "V_77": 0.9311296073379937
}