{
  "1": 888.1217318081799, 
  "3": 0.019945264348600895, 
  "2": 0.71044101194206, 
  "4": -0.06142901960598437
}