{
  "1": [
    -0.28388633999999996, 
    0.8321267466666652, 
    0.22544065992726817, 
    0.035360271357469344, 
    0.13854377383157218, 
    0.022201649797946105, 
    0.02261294926554854
  ], 
  "3": [
    -0.46846394666666674, 
    0.11352253999999994, 
    -0.3662447302572315, 
    -0.27922235631008296, 
    -0.5021273886044251, 
    0.01625905535164738, 
    -0.07960259402021017
  ], 
  "2": [
    -0.49812060666666674, 
    -0.10799742666666684, 
    -0.5264975778200383, 
    0.3459728165268969, 
    0.35332799869266773, 
    0.010795028361695071, 
    -0.04468863076014845
  ], 
  "5": [
    -0.2625669399999999, 
    -0.18968224666666628, 
    0.3168340873452776, 
    -0.4027637144610352, 
    0.27460696880560753, 
    0.16594235346457595, 
    -0.29449997221932767
  ], 
  "4": [
    -0.6100657733333333, 
    -0.30167115999999905, 
    0.4936139825843263, 
    0.1822870116588261, 
    -0.13164914478701428, 
    -0.05470470099729347, 
    0.18577395214779321
  ], 
  "7": [
    -0.03394136666666658, 
    -0.040438993333333347, 
    -0.1784764121042274, 
    -0.36206560987250375, 
    0.15747951846606387, 
    0.2710688429169912, 
    0.349910535819704
  ], 
  "6": [
    -0.09773863333333334, 
    -0.004045653333333228, 
    -0.08624998832282373, 
    -0.4576316629167507, 
    0.23291377782619738, 
    -0.3958612130649168, 
    0.05367223321873728
  ]
}