{
  "1": [
    4.5579894270769874e-05, 
    0.03488303571656865, 
    0.10694788955148245, 
    0.2670390348726977, 
    0.23684316538483943, 
    0.19666921071117155, 
    0.1487474775948089
  ], 
  "3": [
    3.807106200353892e-05, 
    0.02771739450879766, 
    0.17051794021299937, 
    0.5882754496027263, 
    0.2837312972591163, 
    0.31521512228026444, 
    0.256378123884077
  ], 
  "2": [
    4.2549319289934934e-05, 
    0.038261902606210665, 
    0.14226111849105846, 
    0.34387410719839606, 
    0.3728915026006399, 
    0.289491497205978, 
    0.2563878029109309
  ], 
  "5": [
    2.842523999396441e-05, 
    0.006969864628510894, 
    0.1394529241890909, 
    0.2708357705951742, 
    0.3763865895372724, 
    0.3499732023053753, 
    0.2784524911284189
  ], 
  "4": [
    3.7123458200395354e-05, 
    0.004362137520661632, 
    0.17159329611718077, 
    0.393770791087539, 
    0.2407500763790769, 
    0.23618305394388975, 
    0.19293364187157327
  ], 
  "7": [
    0.0, 
    0.013643409515567992, 
    0.12634674793197465, 
    0.3364049756218744, 
    0.5893733655524314, 
    0.4717547108470574, 
    0.28554610297637667
  ], 
  "6": [
    6.666344276106196e-07, 
    0.01030075644863608, 
    0.09334386107272397, 
    0.13890726875872905, 
    0.3012506019417259, 
    0.3856267271790254, 
    0.3008483931495155
  ]
}