{
  "1": 0.03748183858261101, 
  "3": 0.020929154377407087, 
  "2": 0.031295655070262905, 
  "4": 0.007618390795582021
}