{
  "1": [
    -0.42224438, 
    0.38557437679307854, 
    -0.4724376275040967, 
    0.12020244425897264, 
    0.05281675401816905, 
    -0.1124395533901739, 
    -0.003076876342890913
  ], 
  "3": [
    -0.44806308666666667, 
    0.07431671186326412, 
    0.1928006922845386, 
    0.021819152656890186, 
    -0.22986370545073315, 
    -0.14949774259033805, 
    0.09471014299473969
  ], 
  "2": [
    -0.5644440933333333, 
    0.2358802983807708, 
    0.18172997224173096, 
    -0.19113767735781617, 
    0.027836512928022455, 
    0.25976155907430004, 
    0.01209953322960652
  ], 
  "5": [
    -0.19591584666666664, 
    -0.28267514818995393, 
    -0.4481902912946056, 
    0.08378284249433654, 
    -0.07680821104123023, 
    0.24851823792123467, 
    -0.31819797732829463
  ], 
  "4": [
    -0.5085036, 
    -0.370370182456929, 
    0.26016083408581697, 
    0.07410510313580546, 
    0.15437733228511533, 
    -0.15646098254161564, 
    -0.05264190560865355
  ], 
  "7": [
    -0.025566666666666623, 
    -0.15658391875719577, 
    -0.4420156081736389, 
    -0.1972877747307331, 
    0.0006929070580016464, 
    -0.1926860982541614, 
    -0.14593334074238756
  ], 
  "6": [
    -0.06883332666666662, 
    -0.21342534701104043, 
    -0.3291629276612816, 
    -0.024699181272604127, 
    0.021894156184486452, 
    0.052855290296386394, 
    0.6520433281469942
  ]
}