{
  "1": 901.2524416444853, 
  "3": 0.20922133013157582, 
  "2": 0.5327665811258662, 
  "4": 0.10194763762240619
}