{
  "11": [
    0.022383233333333384, 
    -0.6939780133333329, 
    0.6405838133333343, 
    -0.21821566803374332, 
    -0.014616556142519893, 
    0.05135466548178247, 
    -0.002740065998631632, 
    0.08043360534701195, 
    -0.0015679899102675225, 
    0.03075631739010235, 
    0.01831111505821991
  ], 
  "10": [
    -0.006414253333333286, 
    -0.5005240733333342, 
    -0.7193826333333324, 
    -0.41574186589310175, 
    0.003958416694765951, 
    0.08285681096864309, 
    0.009584212644372115, 
    0.0367843009248466, 
    -0.04404512674192621, 
    -0.012231499400976762, 
    0.022742991908427088
  ], 
  "1": [
    -0.27956066000000007, 
    0.07966599333333338, 
    0.06430316000000005, 
    -0.14979616218198796, 
    0.5972641302311644, 
    -0.06309420253057439, 
    0.1281698297718218, 
    0.06295534312582547, 
    -0.07065210685192072, 
    0.0022631093908399343, 
    -0.028517809354647917
  ], 
  "3": [
    -0.4552889333333331, 
    0.03736822666666678, 
    -0.04106583999999985, 
    -0.015439548531225943, 
    0.09383578359746744, 
    -0.018333845372603613, 
    -0.3451212966316545, 
    0.1236092096059687, 
    0.10703661663151791, 
    0.03825885171873521, 
    0.11977133214920097
  ], 
  "2": [
    -0.480778466666667, 
    0.07371757999999988, 
    0.05301921333333339, 
    0.06032697475909438, 
    -0.2351633322093584, 
    -0.02791898353857244, 
    0.03952138516640512, 
    0.047031685707624095, 
    -0.29670172848695253, 
    0.01047417749516182, 
    0.1085399052693905
  ], 
  "5": [
    -0.27836960000000005, 
    -0.10307884666666661, 
    0.10815903333333331, 
    -0.040453926177853324, 
    -1.2966917687386733e-05, 
    0.0748170411747281, 
    0.003710125155941834, 
    -0.25199420222274055, 
    0.05305006409461174, 
    -0.2457437563358218, 
    0.08866880994671393
  ], 
  "4": [
    -0.6107277666666665, 
    0.004829280000000055, 
    -0.03343875333333313, 
    -0.028759891300723355, 
    -0.17643985987786115, 
    0.09069667386060686, 
    0.18428850657974183, 
    0.043418015077329744, 
    0.17738417483356086, 
    0.03868612109482997, 
    -0.17227244128675762
  ], 
  "7": [
    -0.0885166733333333, 
    -0.1600598733333332, 
    -0.0005969333333332704, 
    0.08849989996999112, 
    0.017487051815218688, 
    -0.07457303965130513, 
    -0.18137598696124502, 
    -0.08807729851558294, 
    -0.12044385311996002, 
    -0.0682224679753013, 
    -0.3260999684231316
  ], 
  "6": [
    -0.1368024066666666, 
    -0.11803747333333324, 
    -0.02101824666666662, 
    -0.013570047680970882, 
    0.07219255554306687, 
    -0.0026533748042823, 
    -0.003460859591935333, 
    -0.3248055646226787, 
    -0.0198056610015307, 
    0.21673289097779022, 
    0.05304141701203939
  ], 
  "9": [
    -0.03940777999999993, 
    -0.37706135999999957, 
    -0.167035673333333, 
    0.8291270747891035, 
    0.14187586452362239, 
    0.1367900512039271, 
    0.03506613143386063, 
    0.051564381751768036, 
    0.0022698217756275834, 
    0.005797327435259579, 
    0.034897702782711766
  ], 
  "8": [
    -0.06535802666666665, 
    -0.24725838000000036, 
    -0.09143721999999986, 
    0.11977472908539254, 
    -0.09361518489378501, 
    -0.5296573018492624, 
    0.05663623083423909, 
    -0.013730737545659738, 
    0.06334069801099963, 
    -0.019447368906091677, 
    0.03546292875468713
  ]
}