{"mode1_error": [0.0, 0.0, 0.0, 0.0, 0.0, 0.0, 0.0], "mode2": [-0.00026, -0.0002, 0.00063, 0.00033, 0.00013, -0.00322, -0.00559], "mode2_error": [0.0, 0.0, 0.0, 0.0, 0.0, 0.0, 0.0], "mode1": [0.01385, 0.02235, 0.031, 0.04175, 0.05627, 0.06998, 0.08309]}