{
  "1": 967.04647126743907, 
  "2": 0.53961707569625517, 
  "3": 0.13310333227814725, 
  "4": 0.10183339064784193, 
  "5": 0.0060114321808378036, 
  "6": -0.031172140831393122, 
  "7": -0.11759852468035957
}