{
  "1": [
    8.436281388320721e-05, 
    0.09499667621111778, 
    0.31384264958757463, 
    0.2734131755425997, 
    0.25207664030463117, 
    0.2861159767277991, 
    0.20946913472632991
  ], 
  "3": [
    6.196915571731514e-05, 
    0.07200515982879625, 
    0.30786235356686004, 
    0.3776236753291617, 
    0.33784457281930985, 
    0.2605884153613878, 
    0.3372596640483159
  ], 
  "2": [
    7.198659170090401e-05, 
    0.10494757101714264, 
    0.38305405256049313, 
    0.320935041157443, 
    0.3048459630895543, 
    0.3145096871036395, 
    0.2689742593193427
  ], 
  "5": [
    3.659688813980178e-05, 
    0.05006984698307436, 
    0.23929023345758949, 
    0.3260031973555193, 
    0.3019017752033884, 
    0.26156875788497713, 
    0.2850802571327421
  ], 
  "4": [
    6.153247097431739e-05, 
    0.06452273281963043, 
    0.28496315911008546, 
    0.35113912072831543, 
    0.3306194377279477, 
    0.2690123595750309, 
    0.3039785315612814
  ], 
  "7": [
    1.7687856474567617e-05, 
    0.03240375974985763, 
    0.27448298331877463, 
    0.39434913468107385, 
    0.42111574220636866, 
    0.45895634042857064, 
    0.5346519344751376
  ], 
  "6": [
    1.0821852422053035e-05, 
    0.0449769982275715, 
    0.2222478385543562, 
    0.3356211417343008, 
    0.42666763984034556, 
    0.497903806662355, 
    0.3616865097122704
  ]
}