{
  "1": [
    -0.45846769542346316, 
    -0.7046382168559577, 
    0.5134503272284454, 
    -0.0823927618501771, 
    -0.13690419156905928, 
    -0.04606206885131076, 
    0.044811583401383186
  ], 
  "2": [
    -0.5214065781168664, 
    -0.2580922880576849, 
    -0.709216854635023, 
    0.004965884771971661, 
    0.37894447127015757, 
    0.11985654239424848, 
    0.023363244007396627
  ], 
  "3": [
    -0.4306400683006244, 
    0.45563298352991094, 
    0.44455294100435616, 
    0.34070119812153127, 
    0.4529327694455658, 
    0.2961046781566741, 
    -0.02042102036337873
  ], 
  "4": [
    -0.5237561404044339, 
    0.3715381723526692, 
    -0.1310177075014976, 
    0.17400122732098147, 
    -0.5787462184311029, 
    -0.4462912078567429, 
    0.07793457208916785
  ], 
  "5": [
    -0.22291694999715161, 
    0.2199812918259187, 
    -0.004335527487172324, 
    -0.6464400486728279, 
    -0.3016509241150008, 
    0.5254470747065167, 
    -0.3419427188680022
  ], 
  "6": [
    -0.08632652301897331, 
    0.15503679696052264, 
    0.12972398683992897, 
    -0.5418637106204658, 
    0.4522177564073237, 
    -0.6413094614697809, 
    -0.2056404745715447
  ], 
  "7": [
    -0.03204612831006541, 
    0.1371245704842766, 
    0.04171508091563938, 
    -0.3678750084702262, 
    0.045484852524369936, 
    0.09636606629741717, 
    0.9119991433407472
  ]
}