{
  "dV_11": 1.1590227637408381, 
  "dV_12": 0.748040717947417, 
  "dV_13": 0.5916536942259306, 
  "dV_14": 0.6327294581895697, 
  "dV_15": 0.31655343021999266, 
  "dV_16": 0.1623146821804243, 
  "dV_17": 0.08893487753442161, 
  "dV_21": 0.748040717947417, 
  "dV_22": 0.9281788781174802, 
  "dV_23": 0.5327065151157795, 
  "dV_24": 0.5647617482788672, 
  "dV_25": 0.28413672608353135, 
  "dV_26": 0.1472623180849708, 
  "dV_27": 0.08126670046045224, 
  "dV_31": 0.5916536942259306, 
  "dV_32": 0.5327065151157795, 
  "dV_33": 0.57779208312375, 
  "dV_34": 0.44757358139623454, 
  "dV_35": 0.22536033219597376, 
  "dV_36": 0.11686025474834683, 
  "dV_37": 0.06455418280422344, 
  "dV_41": 0.6327294581895697, 
  "dV_42": 0.5647617482788672, 
  "dV_43": 0.44757358139623454, 
  "dV_44": 0.6380697826048634, 
  "dV_45": 0.2418915474447047, 
  "dV_46": 0.1259294221427629, 
  "dV_47": 0.06993335908034967, 
  "dV_51": 0.31655343021999266, 
  "dV_52": 0.28413672608353135, 
  "dV_53": 0.22536033219597376, 
  "dV_54": 0.2418915474447047, 
  "dV_55": 0.1679159109297867, 
  "dV_56": 0.06329748400237822, 
  "dV_57": 0.03471795989373679, 
  "dV_61": 0.1623146821804243, 
  "dV_62": 0.1472623180849708, 
  "dV_63": 0.11686025474834683, 
  "dV_64": 0.1259294221427629, 
  "dV_65": 0.06329748400237822, 
  "dV_66": 0.045053723133716736, 
  "dV_67": 0.01765792130850752, 
  "dV_71": 0.08893487753442161, 
  "dV_72": 0.08126670046045224, 
  "dV_73": 0.06455418280422344, 
  "dV_74": 0.06993335908034967, 
  "dV_75": 0.03471795989373679, 
  "dV_76": 0.01765792130850752, 
  "dV_77": 0.013493657268820769
}