{
  "V_11": 1048.0815612922293, 
  "V_12": 1191.9591106782416, 
  "V_13": 983.1569498819753, 
  "V_14": 1196.346794788015, 
  "V_15": 509.1194882630024, 
  "V_16": 196.99821706196866, 
  "V_17": 73.05733400163282, 
  "V_21": 1191.9591106782416, 
  "V_22": 1354.5329026552847, 
  "V_23": 1119.1834117669716, 
  "V_24": 1360.6613270608516, 
  "V_25": 579.1062152153903, 
  "V_26": 224.40498721942762, 
  "V_27": 83.24702273181296, 
  "V_31": 983.1569498819753, 
  "V_32": 1119.1834117669716, 
  "V_33": 924.4824717866745, 
  "V_34": 1124.347522657739, 
  "V_35": 478.40033494591194, 
  "V_36": 185.31489121850825, 
  "V_37": 68.79585282292604, 
  "V_41": 1196.346794788015, 
  "V_42": 1360.6613270608516, 
  "V_43": 1124.347522657739, 
  "V_44": 1367.4234511014038, 
  "V_45": 582.008858847642, 
  "V_46": 225.275955145075, 
  "V_47": 83.6991154721534, 
  "V_51": 509.1194882630024, 
  "V_52": 579.1062152153903, 
  "V_53": 478.40033494591194, 
  "V_54": 582.008858847642, 
  "V_55": 247.95571291635775, 
  "V_56": 96.1361750649536, 
  "V_57": 35.75672983594879, 
  "V_61": 196.99821706196866, 
  "V_62": 224.40498721942762, 
  "V_63": 185.31489121850825, 
  "V_64": 225.275955145075, 
  "V_65": 96.1361750649536, 
  "V_66": 37.34839885173844, 
  "V_67": 13.92845313419816, 
  "V_71": 73.05733400163282, 
  "V_72": 83.24702273181296, 
  "V_73": 68.79585282292604, 
  "V_74": 83.6991154721534, 
  "V_75": 35.75672983594879, 
  "V_76": 13.92845313419816, 
  "V_77": 5.249662166164592
}