{
  "1": [
    -0.4584654733333334, 
    -0.544579643228381, 
    0.2303199359254399, 
    -0.03318749341758841, 
    -0.04935364515286129, 
    -0.001883956867102832, 
    0.02235566885716447
  ], 
  "3": [
    -0.4306400866666667, 
    0.2706969084263822, 
    0.31843736711810144, 
    0.1862533175355452, 
    0.2375431147112623, 
    0.05218437255628285, 
    -0.00559194047888792
  ], 
  "2": [
    -0.52140866, 
    -0.09402903463769567, 
    -0.4642564657055491, 
    0.002395681937862151, 
    0.15863734866300847, 
    -0.01621287813310266, 
    0.017226784500340004
  ], 
  "5": [
    -0.22291678666666667, 
    0.14230849679777346, 
    0.021891379059268915, 
    -0.4099448393891527, 
    -0.05919081961501612, 
    0.32786893443635073, 
    -0.18560592189742334
  ], 
  "4": [
    -0.52375574, 
    0.2685516447037534, 
    -0.02639091306247217, 
    0.11274447077409165, 
    -0.3087219841477217, 
    -0.09419238177552773, 
    0.037191102046982845
  ], 
  "7": [
    -0.032033846666666574, 
    0.07616977835898477, 
    0.037154055628367676, 
    -0.2051716605230823, 
    0.026992430972911725, 
    0.02114912540642955, 
    0.5967184152881642
  ], 
  "6": [
    -0.0863226466666666, 
    0.08469216041310404, 
    0.08209178680646571, 
    -0.31665259785852184, 
    0.1348588973085968, 
    -0.4353933942462039, 
    -0.16277310219805072
  ]
}