{
  "V_11": 133.24995309618913, 
  "V_12": 210.68349627280512, 
  "V_13": 190.44853883507474, 
  "V_14": 252.73792933852903, 
  "V_15": 123.19840944108664, 
  "V_16": 45.081291496699414, 
  "V_17": 17.227018294684147, 
  "V_21": 210.68349627280512, 
  "V_22": 355.33828751131546, 
  "V_23": 326.25028731823943, 
  "V_24": 436.5721534493587, 
  "V_25": 213.51182767704313, 
  "V_26": 77.45910077022518, 
  "V_27": 29.626893154667147, 
  "V_31": 190.44853883507474, 
  "V_32": 326.25028731823943, 
  "V_33": 301.14794328431174, 
  "V_34": 403.71770243958446, 
  "V_35": 197.44056295912594, 
  "V_36": 71.56819907668516, 
  "V_37": 27.481071542285903, 
  "V_41": 252.73792933852903, 
  "V_42": 436.5721534493587, 
  "V_43": 403.71770243958446, 
  "V_44": 542.6052937951044, 
  "V_45": 265.75444371395645, 
  "V_46": 96.41128254083232, 
  "V_47": 36.957089646404995, 
  "V_51": 123.19840944108664, 
  "V_52": 213.51182767704313, 
  "V_53": 197.44056295912594, 
  "V_54": 265.75444371395645, 
  "V_55": 130.17603402007686, 
  "V_56": 47.30122749593191, 
  "V_57": 18.162751875555198, 
  "V_61": 45.081291496699414, 
  "V_62": 77.45910077022518, 
  "V_63": 71.56819907668516, 
  "V_64": 96.41128254083232, 
  "V_65": 47.30122749593191, 
  "V_66": 17.186526102687143, 
  "V_67": 6.649598168648087, 
  "V_71": 17.227018294684147, 
  "V_72": 29.626893154667147, 
  "V_73": 27.481071542285903, 
  "V_74": 36.957089646404995, 
  "V_75": 18.162751875555198, 
  "V_76": 6.649598168648087, 
  "V_77": 2.6098833843429485
}