{"mode1_error": [4e-05, 4.4e-05, 6.5e-05, 7.7e-05, 0.000146, 0.000264, 0.000486], "mode2": [0.0014, 0.00253, -0.00344, -0.00466, -0.00702, 0.00999, 0.00505], "mode2_error": [0.001308, 0.001279, 0.001946, 0.002383, 0.006048, 0.00979, 0.014339], "mode1": [0.06473, 0.10582, 0.14754, 0.19847, 0.26713, 0.33167, 0.39217]}