{
  "1": 3153.4403397776073, 
  "2": 0.93572102961630454, 
  "3": 0.27917064276825054, 
  "4": 0.16062937108682304, 
  "5": 0.030654706531339667, 
  "6": -0.0090170458684072259, 
  "7": -0.084698375990719457
}