{
  "1": [
    6.884011690346767e-05, 
    0.17222009597616625, 
    0.22658116058024536, 
    0.34007138292095646, 
    0.2808025291283223, 
    0.19692238715018076, 
    0.15988808060806026
  ], 
  "3": [
    5.16107313652021e-05, 
    0.1642052968290671, 
    0.3693337010423488, 
    0.3483485117110193, 
    0.3851105367416676, 
    0.2791670977581272, 
    0.23753095408181613
  ], 
  "2": [
    5.943765148371545e-05, 
    0.17717569270665096, 
    0.37887302177995913, 
    0.3308726863385582, 
    0.3061751850603583, 
    0.2347837305746344, 
    0.195119191225855
  ], 
  "5": [
    3.2608099803373706e-05, 
    0.09946083615607622, 
    0.31831520916807565, 
    0.3579616265341677, 
    0.27654399364626253, 
    0.39328727904923494, 
    0.2905658639403709
  ], 
  "4": [
    5.120655367555644e-05, 
    0.09841786873223535, 
    0.27267462525132413, 
    0.3636704816367882, 
    0.33235555580458065, 
    0.2654966512159751, 
    0.22201532760429757
  ], 
  "7": [
    0.0, 
    0.041417242117384505, 
    0.1474604632555559, 
    0.2206232123708618, 
    0.3482981845637902, 
    0.4392346312501514, 
    0.33249283079119696
  ], 
  "6": [
    2.522800560403201e-05, 
    0.0661769587198353, 
    0.28788351538291584, 
    0.35429862063921647, 
    0.41953359895546705, 
    0.41427952075413194, 
    0.38218859321115944
  ]
}