{
  "dV_11": 0.6515292757504954, 
  "dV_12": 0.4082048259666742, 
  "dV_13": 0.3132144901645253, 
  "dV_14": 0.3167632732218012, 
  "dV_15": 0.15071992893930194, 
  "dV_16": 0.07488593340501819, 
  "dV_17": 0.04022207137370286, 
  "dV_21": 0.4082048259666742, 
  "dV_22": 0.4947820299823114, 
  "dV_23": 0.2744365131330222, 
  "dV_24": 0.27579131403529755, 
  "dV_25": 0.13212874390287874, 
  "dV_26": 0.06618681796984806, 
  "dV_27": 0.03572136893925081, 
  "dV_31": 0.3132144901645253, 
  "dV_32": 0.2744365131330222, 
  "dV_33": 0.2904593006058754, 
  "dV_34": 0.21227240829612162, 
  "dV_35": 0.10164935541099529, 
  "dV_36": 0.050946984579807654, 
  "dV_37": 0.027520489302702685, 
  "dV_41": 0.3167632732218012, 
  "dV_42": 0.27579131403529755, 
  "dV_43": 0.21227240829612162, 
  "dV_44": 0.2897479427126634, 
  "dV_45": 0.1034804345599588, 
  "dV_46": 0.05197502943026399, 
  "dV_47": 0.02812408999673457, 
  "dV_51": 0.15071992893930194, 
  "dV_52": 0.13212874390287874, 
  "dV_53": 0.10164935541099529, 
  "dV_54": 0.1034804345599588, 
  "dV_55": 0.06862697585342402, 
  "dV_56": 0.024780233586912052, 
  "dV_57": 0.01327093416594661, 
  "dV_61": 0.07488593340501819, 
  "dV_62": 0.06618681796984806, 
  "dV_63": 0.050946984579807654, 
  "dV_64": 0.05197502943026399, 
  "dV_65": 0.024780233586912052, 
  "dV_66": 0.017130581703092545, 
  "dV_67": 0.006543799713935295, 
  "dV_71": 0.04022207137370286, 
  "dV_72": 0.03572136893925081, 
  "dV_73": 0.027520489302702685, 
  "dV_74": 0.02812408999673457, 
  "dV_75": 0.01327093416594661, 
  "dV_76": 0.006543799713935295, 
  "dV_77": 0.004977907781751927
}