{"mode1_error": [2e-06, 3e-06, 4e-06, 4e-06, 2e-06, 1e-06, 1e-06], "mode2": [-0.00063, -0.00043, 6e-05, 0.00151, 0.00515, 0.01033, 0.01959], "mode2_error": [5.8e-05, 7e-05, 0.000115, 9.4e-05, 0.00032, 0.000686, 0.00127], "mode1": [0.02642, 0.04424, 0.06301, 0.08529, 0.11129, 0.12808, 0.13324]}