{"mode1_error": [4e-06, 4e-06, 9e-06, 6e-06, 2.1e-05, 3e-06, 3e-06], "mode2": [0.00174, 0.00085, -0.00031, -0.00377, -0.01094, -0.02444, -0.04947], "mode2_error": [0.000104, 0.000123, 0.000173, 0.00016, 0.000675, 0.001429, 0.003349], "mode1": [0.04998, 0.08287, 0.11671, 0.15673, 0.20422, 0.23519, 0.24416]}