{
  "1": [
    3.261656003205256e-05, 
    0.04347709433366816, 
    0.3223499312539315, 
    0.36194474314554886, 
    0.31915661118078487, 
    0.2090166544362824, 
    0.18266072885335607
  ], 
  "3": [
    3.311983287920192e-05, 
    0.03123393205512835, 
    0.3654820056034735, 
    0.36817094212430135, 
    0.3368696770866715, 
    0.2856336087057601, 
    0.2648169075764159
  ], 
  "2": [
    3.332624879369159e-05, 
    0.038939078812313906, 
    0.3443986988514244, 
    0.32463207022020113, 
    0.34352314379655835, 
    0.174977917685531, 
    0.1292405614467942
  ], 
  "5": [
    1.763215749782825e-06, 
    0.015528004916341027, 
    0.25368405979153374, 
    0.3525834028314562, 
    0.2748877065532489, 
    0.2669440370516164, 
    0.352358882959466
  ], 
  "4": [
    3.329361780380232e-05, 
    0.014090406768521233, 
    0.2584258573804039, 
    0.32956357418368376, 
    0.2367937294377748, 
    0.22356475511321183, 
    0.21029873892928133
  ], 
  "7": [
    1.129873935570629e-05, 
    0.013678108889158219, 
    0.10480204953079006, 
    0.1578483936555823, 
    0.26521937379537663, 
    0.43319009846948225, 
    0.45198886390495413
  ], 
  "6": [
    3.038483830671963e-05, 
    0.017342052141847634, 
    0.26154157426114577, 
    0.38345745010821936, 
    0.3272298275126917, 
    0.40130789664142763, 
    0.2740330161522354
  ]
}