{
  "dV_11": 0.27212879695261327, 
  "dV_12": 0.19534267116097276, 
  "dV_13": 0.1498841175457732, 
  "dV_14": 0.15165734664216754, 
  "dV_15": 0.0721225127303541, 
  "dV_16": 0.035793305250768306, 
  "dV_17": 0.019196258477886557, 
  "dV_21": 0.19534267116097276, 
  "dV_22": 0.27100859465941085, 
  "dV_23": 0.15029691856604271, 
  "dV_24": 0.15105565852478176, 
  "dV_25": 0.07238380611816345, 
  "dV_26": 0.03626459853579676, 
  "dV_27": 0.019562203036648622, 
  "dV_31": 0.1498841175457732, 
  "dV_32": 0.15029691856604271, 
  "dV_33": 0.15904523529917905, 
  "dV_34": 0.11631058632396388, 
  "dV_35": 0.05570119402668443, 
  "dV_36": 0.027915347425698317, 
  "dV_37": 0.015066921936010912, 
  "dV_41": 0.15165734664216754, 
  "dV_42": 0.15105565852478176, 
  "dV_43": 0.11631058632396388, 
  "dV_44": 0.15871720419102237, 
  "dV_45": 0.05670306761322118, 
  "dV_46": 0.028479182752087495, 
  "dV_47": 0.015397229838038512, 
  "dV_51": 0.0721225127303541, 
  "dV_52": 0.07238380611816345, 
  "dV_53": 0.05570119402668443, 
  "dV_54": 0.05670306761322118, 
  "dV_55": 0.037595273419096964, 
  "dV_56": 0.013573835625943897, 
  "dV_57": 0.0072690641975258295, 
  "dV_61": 0.035793305250768306, 
  "dV_62": 0.03626459853579676, 
  "dV_63": 0.027915347425698317, 
  "dV_64": 0.028479182752087495, 
  "dV_65": 0.013573835625943897, 
  "dV_66": 0.00938417379696338, 
  "dV_67": 0.0035843107523168606, 
  "dV_71": 0.019196258477886557, 
  "dV_72": 0.019562203036648622, 
  "dV_73": 0.015066921936010912, 
  "dV_74": 0.015397229838038512, 
  "dV_75": 0.0072690641975258295, 
  "dV_76": 0.0035843107523168606, 
  "dV_77": 0.0027241944570729117
}