{
  "1": [
    -0.42000706666666665, 
    0.4201189562873743, 
    0.2506040356168318, 
    0.2488114546625743, 
    0.24045009583944063, 
    0.10946646341463465, 
    0.012129978947368248
  ], 
  "3": [
    -0.4482037666666666, 
    0.036404280307467174, 
    -0.28897345971563865, 
    0.23092622106021016, 
    -0.3011045100913309, 
    -0.18342754441433223, 
    0.1555705543859649
  ], 
  "2": [
    -0.5624011666666667, 
    0.38118745885767985, 
    0.10107159270429422, 
    -0.2955261604334819, 
    -0.18148117788551885, 
    0.01632166516109612, 
    -0.033194021052631695
  ], 
  "5": [
    -0.1981000466666666, 
    -0.3610919022380376, 
    0.36575846617837127, 
    -0.01745606077829528, 
    0.10479651595444824, 
    -0.36842083709726126, 
    0.07882070175438619
  ], 
  "4": [
    -0.5115983733333335, 
    -0.3898152901140572, 
    -0.24597824213700975, 
    -0.08995204804668215, 
    0.2690412635772548, 
    0.15294613068352927, 
    -0.11834557192982471
  ], 
  "7": [
    -0.023764693333333267, 
    -0.2252547392163364, 
    0.14224233089185714, 
    -0.0014582736538970738, 
    -0.07207376630210163, 
    0.36586714092140915, 
    0.5215585052631592
  ], 
  "6": [
    -0.06981370666666664, 
    -0.3074356141680028, 
    0.2496701637225341, 
    0.1104955212004092, 
    -0.2960045514338337, 
    0.18784699638663083, 
    -0.3381434105263162
  ]
}