{
  "P_1": 141.46075628837843, 
  "P_2": 114.34283948146464, 
  "P_3": 64.57566249715715, 
  "P_4": 54.566373118035024, 
  "P_5": 16.08721857357331, 
  "P_6": 4.987298106766777, 
  "P_7": 2.138374987537045
}