{
  "dV_11": 0.45784060816173194, 
  "dV_12": 0.2989456579899968, 
  "dV_13": 0.2267490847651578, 
  "dV_14": 0.2152357396207427, 
  "dV_15": 0.11617938263224535, 
  "dV_16": 0.06369095780059131, 
  "dV_17": 0.035899912964053995, 
  "dV_21": 0.2989456579899968, 
  "dV_22": 0.389458231483631, 
  "dV_23": 0.20949108551055032, 
  "dV_24": 0.19889088641151148, 
  "dV_25": 0.107262420882199, 
  "dV_26": 0.05876848482445074, 
  "dV_27": 0.033116694287078384, 
  "dV_31": 0.2267490847651578, 
  "dV_32": 0.20949108551055032, 
  "dV_33": 0.22412837080662845, 
  "dV_34": 0.15107129161789948, 
  "dV_35": 0.08138942304921848, 
  "dV_36": 0.044594706498985504, 
  "dV_37": 0.02513283029959268, 
  "dV_41": 0.2152357396207427, 
  "dV_42": 0.19889088641151148, 
  "dV_43": 0.15107129161789948, 
  "dV_44": 0.20196604830982026, 
  "dV_45": 0.07746682143081624, 
  "dV_46": 0.04237048694470234, 
  "dV_47": 0.023866832227021597, 
  "dV_51": 0.11617938263224535, 
  "dV_52": 0.107262420882199, 
  "dV_53": 0.08138942304921848, 
  "dV_54": 0.07746682143081624, 
  "dV_55": 0.05896168470344048, 
  "dV_56": 0.022919328487232996, 
  "dV_57": 0.012902215112628252, 
  "dV_61": 0.06369095780059131, 
  "dV_62": 0.05876848482445074, 
  "dV_63": 0.044594706498985504, 
  "dV_64": 0.04237048694470234, 
  "dV_65": 0.022919328487232996, 
  "dV_66": 0.01774980097327622, 
  "dV_67": 0.0070866036907879385, 
  "dV_71": 0.035899912964053995, 
  "dV_72": 0.033116694287078384, 
  "dV_73": 0.02513283029959268, 
  "dV_74": 0.023866832227021597, 
  "dV_75": 0.012902215112628252, 
  "dV_76": 0.0070866036907879385, 
  "dV_77": 0.0056537079544535795
}