{
  "1": 0.07664147402440065, 
  "3": 0.0455851170560072, 
  "2": 0.07593398848236516, 
  "4": 0.03999010664958435
}