{
  "1": 510.1008667939513, 
  "3": 0.8602938111133744, 
  "2": 1.7544810576177685, 
  "4": 0.3684895173492169
}