{
  "1": [
    3.135244506985805e-05, 
    0.02229466703666367, 
    0.21705812001530259, 
    0.23602415004291247, 
    0.2986499544854169, 
    0.38976361755897637, 
    0.1816042336114464
  ], 
  "3": [
    2.2985637059477824e-05, 
    0.018538661698714282, 
    0.1285655797468984, 
    0.29497052020446607, 
    0.380174917591116, 
    0.32982428181975937, 
    0.3922278819979397
  ], 
  "2": [
    3.298721399722714e-05, 
    0.01755796164764195, 
    0.2132821826688964, 
    0.2410462621506379, 
    0.23895021802416283, 
    0.17511532014128509, 
    0.2128027371467654
  ], 
  "5": [
    3.0534134622881464e-06, 
    0.00963134840300172, 
    0.18842245927059728, 
    0.30911990422529756, 
    0.2642546966178769, 
    0.3534782626307542, 
    0.31519182738660445
  ], 
  "4": [
    2.4407558473681615e-05, 
    0.014943302609859443, 
    0.21221752565170132, 
    0.3098178430841938, 
    0.19074644884083114, 
    0.24069392645798468, 
    0.260187357517884
  ], 
  "7": [
    3.2927225399135965e-10, 
    0.009819116656125768, 
    0.247816913683485, 
    0.44869989252355763, 
    0.38051302864733993, 
    0.3233472050740691, 
    0.32024125164490463
  ], 
  "6": [
    0.0, 
    0.011054110134473948, 
    0.17306012071691013, 
    0.3720343907933251, 
    0.43548837260900847, 
    0.24696765137932722, 
    0.36174855798105254
  ]
}