{
  "1": 0.009309369719460475, 
  "3": 0.003516904607301022, 
  "2": 0.004907659789714334, 
  "4": 0.0008456203123687108
}