{
  "1": [
    -0.42295574666666663, 
    0.3646480133333324, 
    -0.4323197432049358, 
    -0.15596510843027406, 
    -0.2304797766526638, 
    -0.15177699096448802, 
    -0.09017648047039065
  ], 
  "3": [
    -0.44790653999999996, 
    0.03540605333333342, 
    -0.10377405035851284, 
    -0.24807776102254758, 
    0.39416514417034815, 
    0.015289150381732926, 
    0.13791754164916692
  ], 
  "2": [
    -0.5652565199999999, 
    0.3370872066666662, 
    0.5270369618142392, 
    0.16152516874910255, 
    -0.012157596323027882, 
    -0.13102906072704387, 
    -0.05294691306173824
  ], 
  "5": [
    -0.1948334333333333, 
    -0.4936058066666672, 
    0.3941689277972321, 
    -0.2823390492603776, 
    -0.16573958490430568, 
    0.0783212649716324, 
    -0.05099764804703928
  ], 
  "4": [
    -0.5071087333333333, 
    -0.4409608933333344, 
    -0.2681853626813405, 
    0.27511831107281337, 
    -0.09701035943839989, 
    0.29089217622749874, 
    0.06959412011759769
  ], 
  "7": [
    -0.031166666666666676, 
    -0.3679492666666665, 
    -0.018401657495414562, 
    -0.007887203791468756, 
    -0.03338466372221633, 
    -0.3922691952090769, 
    0.37106021279574414
  ], 
  "6": [
    -0.0698333333333333, 
    -0.42069829333333303, 
    -0.12608336501584086, 
    0.02174535401407494, 
    0.1479622212646773, 
    -0.27411913567275975, 
    -0.43857251854962837
  ]
}