{
  "1": [
    3.238039899499465e-05, 
    0.03319907308013046, 
    0.14470221558047264, 
    0.1968597867529586, 
    0.17358653863020532, 
    0.11881019593952523, 
    0.0757889337723829
  ], 
  "3": [
    1.2401225628293874e-05, 
    0.02876568414391142, 
    0.20572872620286775, 
    0.2593578823815373, 
    0.3148364107104508, 
    0.27402448021583276, 
    0.2129392180646602
  ], 
  "2": [
    2.5089150638076147e-05, 
    0.03851313225841944, 
    0.1691579460842417, 
    0.2945424543718122, 
    0.316227121434307, 
    0.22819320640050728, 
    0.14024294089534978
  ], 
  "5": [
    2.492691090786556e-06, 
    0.022079326493957854, 
    0.16433582469847682, 
    0.3025448592023818, 
    0.2585035197747603, 
    0.3586369631484944, 
    0.27641332437842125
  ], 
  "4": [
    6.596629784752999e-06, 
    0.02268918979719206, 
    0.16993742875622464, 
    0.3286300005550607, 
    0.2875886719754554, 
    0.19188869763808358, 
    0.14744332562872645
  ], 
  "7": [
    1.3702612885423458e-05, 
    0.009732715842611197, 
    0.09544215223739731, 
    0.13687387566599463, 
    0.24424222212247365, 
    0.5610556685284561, 
    0.49441526107606326
  ], 
  "6": [
    0.0, 
    0.015177833512295954, 
    0.11113299342344969, 
    0.16188759176502995, 
    0.29470499955911644, 
    0.4078342779119266, 
    0.5758459673014092
  ]
}