{
  "1": 1798.7160530172787, 
  "3": 0.26157015864178584, 
  "2": 0.7641457111062588, 
  "5": 0.08295514022051301, 
  "4": 0.14874474990500297, 
  "7": -0.05361443227138771, 
  "6": 0.03263857176458758
}