{"mode1_error": [3e-06, 3e-06, 5e-06, 6e-06, 1.1e-05, 2.3e-05, 1.5e-05], "mode2": [0.00047, 8e-05, -0.00013, -0.00055, -0.00291, -0.00765, -0.01438], "mode2_error": [0.000142, 0.000268, 0.000252, 0.000161, 0.000726, 0.001636, 0.003034], "mode1": [0.01025, 0.01721, 0.02463, 0.03346, 0.04385, 0.05084, 0.05402]}