{"mode1_error": [3e-06, 3e-06, 5e-06, 6e-06, 8e-06, 4e-06, 0.0], "mode2": [-0.00064, -0.00044, 6e-05, 0.00159, 0.00507, 0.01014, 0.01911], "mode2_error": [9.6e-05, 0.000124, 0.000198, 0.000147, 0.000523, 0.001122, 0.002074], "mode1": [0.02642, 0.04424, 0.06301, 0.08529, 0.11129, 0.12808, 0.13324]}