{"mode1_error": [3e-06, 4e-06, 6e-06, 8e-06, 9e-06, 7.8e-05, 0.000175], "mode2": [0.00064, 0.00068, -0.0002, -0.00185, -0.00578, -0.01487, -0.03097], "mode2_error": [0.000135, 0.000144, 0.000234, 0.000204, 0.00069, 0.00156, 0.003109], "mode1": [0.03516, 0.05869, 0.08328, 0.11245, 0.1466, 0.16865, 0.17512]}