{"mode1_error": [5e-06, 6e-06, 1e-05, 1.1e-05, 2.6e-05, 0.0, 0.0], "mode2": [0.00184, 0.00076, -0.00034, -0.00381, -0.01089, -0.02348, -0.048], "mode2_error": [0.000166, 0.000216, 0.000296, 0.000257, 0.001114, 0.002333, 0.005449], "mode1": [0.04998, 0.08287, 0.11671, 0.15673, 0.20422, 0.2352, 0.24417]}