{"mode1_error": [8e-06, 9e-06, 1.4e-05, 1.6e-05, 3e-05, 1.3e-05, 0.000167], "mode2": [0.00164, 0.00144, 0.00031, -0.00436, -0.01751, -0.05095, -0.10177], "mode2_error": [0.000227, 0.000237, 0.000303, 0.000335, 0.000716, 0.002739, 0.005895], "mode1": [0.05698, 0.09415, 0.13213, 0.17709, 0.23081, 0.26679, 0.27819]}