{
  "1": [
    0.00019398912912367423, 
    0.1761671145095052, 
    0.29871808630305197, 
    0.2063783697213599, 
    0.13971895555263497, 
    0.09240223213757401, 
    0.10248450645291403
  ], 
  "3": [
    0.0001386907346789046, 
    0.23525101458515799, 
    0.33355323642228124, 
    0.312287261751917, 
    0.3086160930217704, 
    0.1706752727151561, 
    0.1830046594495654
  ], 
  "2": [
    0.00017198620565120242, 
    0.20069064429970213, 
    0.32420499443213535, 
    0.3461369982808534, 
    0.361263443440423, 
    0.20854675947476883, 
    0.1975355718002661
  ], 
  "5": [
    8.133877065993161e-05, 
    0.11238082775888446, 
    0.20488993068426928, 
    0.3623187252884151, 
    0.2959913242974482, 
    0.26432035437044815, 
    0.3931902536528408
  ], 
  "4": [
    0.00013015084840807098, 
    0.2037417544552611, 
    0.19765682368473536, 
    0.33990699388344875, 
    0.19416287958133238, 
    0.14214557425462462, 
    0.16510998127377546
  ], 
  "7": [
    3.195751624476795e-05, 
    0.05337150865497656, 
    0.10388959183154209, 
    0.22453555672534004, 
    0.32094682344741304, 
    0.5345893725239628, 
    0.3100890715170435
  ], 
  "6": [
    4.5360873508563665e-05, 
    0.06292392089550544, 
    0.13118290697575863, 
    0.39247585131832735, 
    0.34149305032782434, 
    0.29881871235311475, 
    0.44171080247201333
  ]
}