{
  "1": 0.001869381727454414, 
  "3": 0.0003143068950749548, 
  "2": 0.002160531001874859, 
  "4": 0.0005759633501050915
}