{
  "dV_11": 0.6625529641578488, 
  "dV_12": 0.4377811493842694, 
  "dV_13": 0.33813365159696407, 
  "dV_14": 0.332942102221492, 
  "dV_15": 0.174059325046732, 
  "dV_16": 0.09202762679547635, 
  "dV_17": 0.050813585863046, 
  "dV_21": 0.4377811493842694, 
  "dV_22": 0.5769658996956591, 
  "dV_23": 0.31588443568292596, 
  "dV_24": 0.3104837234087301, 
  "dV_25": 0.16218797087283573, 
  "dV_26": 0.08584526372888526, 
  "dV_27": 0.04742748909189222, 
  "dV_31": 0.33813365159696407, 
  "dV_32": 0.31588443568292596, 
  "dV_33": 0.34369864616556467, 
  "dV_34": 0.24020447003915685, 
  "dV_35": 0.12538150258261987, 
  "dV_36": 0.06636310770512764, 
  "dV_37": 0.03666196779086716, 
  "dV_41": 0.332942102221492, 
  "dV_42": 0.3104837234087301, 
  "dV_43": 0.24020447003915685, 
  "dV_44": 0.3296186870087842, 
  "dV_45": 0.12354551966731833, 
  "dV_46": 0.06529886368383664, 
  "dV_47": 0.03609165454365267, 
  "dV_51": 0.174059325046732, 
  "dV_52": 0.16218797087283573, 
  "dV_53": 0.12538150258261987, 
  "dV_54": 0.12354551966731833, 
  "dV_55": 0.0908630101231988, 
  "dV_56": 0.03426670731791321, 
  "dV_57": 0.018903523096561497, 
  "dV_61": 0.09202762679547635, 
  "dV_62": 0.08584526372888526, 
  "dV_63": 0.06636310770512764, 
  "dV_64": 0.06529886368383664, 
  "dV_65": 0.03426670731791321, 
  "dV_66": 0.025590258310021527, 
  "dV_67": 0.010027696074830351, 
  "dV_71": 0.050813585863046, 
  "dV_72": 0.04742748909189222, 
  "dV_73": 0.03666196779086716, 
  "dV_74": 0.03609165454365267, 
  "dV_75": 0.018903523096561497, 
  "dV_76": 0.010027696074830351, 
  "dV_77": 0.007838092131828244
}