{
  "P_1": 253.6280982692502, 
  "P_2": 204.46982240892117, 
  "P_3": 115.24918266222626, 
  "P_4": 97.4043559895045, 
  "P_5": 28.799233545242547, 
  "P_6": 8.786161264412545, 
  "P_7": 3.143528109637833
}