{"mode1_error": [0.0, 0.0, 0.0, 0.0, 0.0, 0.0, 0.0], "mode2": [-0.00068, -0.00074, 0.00031, 0.00193, 0.0062, 0.01419, 0.02789], "mode2_error": [0.0, 0.0, 0.0, 0.0, 0.0, 0.0, 0.0], "mode1": [0.03517, 0.05869, 0.08329, 0.11246, 0.14661, 0.16856, 0.17521]}