{
  "1": 0.08286104492662906, 
  "3": 0.08751623175408882, 
  "2": 0.07141846168532848, 
  "4": 0.019923179880494923
}