{
  "1": [
    0.2870288466666667, 
    -0.579191979396616, 
    0.05066563034510521, 
    0.19870255379046858, 
    -0.5117311360045956, 
    -0.12154471512423343, 
    -0.014366108549704652
  ], 
  "3": [
    0.4661692533333335, 
    -0.2029832497157008, 
    -0.5225800281718459, 
    -0.08171319123265598, 
    0.2144866436880657, 
    0.1268277461494328, 
    0.16010148022324658
  ], 
  "2": [
    0.4964642466666667, 
    0.18331683055722817, 
    0.2537913438642382, 
    -0.5195431932435138, 
    -0.20614754416199912, 
    0.010833368639392767, 
    0.1336581007845995
  ], 
  "5": [
    0.2640227466666667, 
    0.4912052980132439, 
    -0.27766061307307843, 
    0.09577869160131405, 
    -0.33315509837713586, 
    -0.07928339732556657, 
    -0.3101280110005669
  ], 
  "4": [
    0.6111458466666668, 
    0.009452438290186702, 
    0.2771527618472687, 
    0.28318108452309104, 
    0.41859084446359324, 
    -0.04152686791120532, 
    -0.15541728544851566
  ], 
  "7": [
    0.03304421333333348, 
    0.21583437019198623, 
    -0.0512878659824932, 
    0.13513931898920864, 
    0.0423918713198332, 
    -0.4612098636303449, 
    0.331673574375152
  ], 
  "6": [
    0.09758827333333346, 
    0.2792524784266514, 
    0.08909753160948433, 
    0.370911428379919, 
    -0.20506497199483056, 
    0.32721895494064096, 
    0.29748421904068584
  ]
}