{
  "1": 269.981090165242, 
  "3": 0.09512037327124946, 
  "2": 0.5172879864013464, 
  "4": -0.03105566858910516
}