{
  "1": 362.98195358714639, 
  "2": 0.32902398184440279, 
  "3": 0.2298158664112358, 
  "4": 0.12934868371440075, 
  "5": 0.11497149279932532, 
  "6": 0.042079076477920044, 
  "7": 0.028605918220098631
}