{
  "1": [
    7.578894524221736e-05, 
    0.15425189356101757, 
    0.16756271895215352, 
    0.15650248180298393, 
    0.19425349083785864, 
    0.11377852819928665, 
    0.09748845037850112
  ], 
  "3": [
    5.9611510090034246e-05, 
    0.07650900537586303, 
    0.16715264025126925, 
    0.46191542717364925, 
    0.5642961698208031, 
    0.195528656629555, 
    0.23030890985429578
  ], 
  "2": [
    6.832334098541153e-05, 
    0.1274476168205206, 
    0.13177482205734786, 
    0.3084123353454086, 
    0.37767931902319624, 
    0.30617523803689145, 
    0.264140946483197
  ], 
  "5": [
    3.5412514544135665e-05, 
    0.07328596577826887, 
    0.16255035200826407, 
    0.5327738145349415, 
    0.4238663905747825, 
    0.2837937212217905, 
    0.2637399960721305
  ], 
  "4": [
    5.922689729770977e-05, 
    0.05477896552803642, 
    0.14463324585323967, 
    0.47276834515088023, 
    0.33652608323252264, 
    0.34793891385509024, 
    0.3090342292815221
  ], 
  "7": [
    1.6610271246340024e-05, 
    0.058373799764717, 
    0.13380596234363548, 
    0.24981219530841609, 
    0.25158424671287516, 
    0.5889553884527832, 
    0.5679499720622908
  ], 
  "6": [
    1.0219786956008412e-05, 
    0.06562674090203734, 
    0.14681062590542876, 
    0.18988564993438364, 
    0.24845355627360305, 
    0.5230513091569429, 
    0.5869830704056802
  ]
}