{
  "1": 135.74964646689392, 
  "2": 2.0954334828693804, 
  "3": 1.3747413330426577, 
  "4": 0.47056297399397146, 
  "5": 0.16116775232498298, 
  "6": 0.002224633411188455, 
  "7": -0.15095085200967279
}