{
  "1": [
    0.0011047034600542263, 
    0.11094207230728884, 
    0.1766835831792492, 
    0.08684488725146923, 
    0.09943583032614636, 
    0.11662087783925623, 
    0.031513905559621594
  ], 
  "3": [
    0.0007819242154212384, 
    0.0572623284534831, 
    0.12608256774786067, 
    0.18347162395837976, 
    0.3434686237176049, 
    0.3277730952656744, 
    0.1254865994143789
  ], 
  "2": [
    0.0009513935846576692, 
    0.18573092482934575, 
    0.05790235487620082, 
    0.095708301919997, 
    0.11902498723741982, 
    0.07457264866914408, 
    0.05954645380773388
  ], 
  "5": [
    0.00044399966451434, 
    0.05712854338985064, 
    0.09219802559142473, 
    0.17016157489884892, 
    0.4877343523069345, 
    0.26210338012427026, 
    0.16574552454462635
  ], 
  "4": [
    0.0007646300579378868, 
    0.0820883804306798, 
    0.07732061184583013, 
    0.23420725000318057, 
    0.3043379675595344, 
    0.38188573955649474, 
    0.10044250972811385
  ], 
  "7": [
    0.0001295481816863082, 
    0.0211350227982271, 
    0.04295940201897444, 
    0.23521664072890594, 
    0.21884667258395984, 
    0.2528250844885829, 
    0.20986004059362992
  ], 
  "6": [
    0.00023673569237524233, 
    0.03967250933653089, 
    0.07823729448453914, 
    0.37584696592848654, 
    0.3127455913785608, 
    0.29635674868825, 
    0.2016455001492588
  ]
}