{
  "1": 135.7498505172664, 
  "3": 1.37195402249234, 
  "2": 2.1047200562825537, 
  "4": 0.46935694031980163
}