{
  "1": 0.011176378318075568, 
  "3": 0.0014294038548787731, 
  "2": 0.0035326504816206314, 
  "4": 0.005530061698120432
}