{
  "P_1": 1716.256482710058, 
  "P_2": 1378.378262524088, 
  "P_3": 778.8678684658255, 
  "P_4": 668.1610076894469, 
  "P_5": 203.38427669901057, 
  "P_6": 63.47816318538725, 
  "P_7": 20.84490878599419
}