{
  "dV_11": 0.14161645891495095, 
  "dV_12": 0.10053245391281088, 
  "dV_13": 0.07689751588997135, 
  "dV_14": 0.07695098360812624, 
  "dV_15": 0.03703881609766725, 
  "dV_16": 0.018616983655397306, 
  "dV_17": 0.010992277607274836, 
  "dV_21": 0.10053245391281088, 
  "dV_22": 0.13851674527520477, 
  "dV_23": 0.07667381310702816, 
  "dV_24": 0.07645310371039044, 
  "dV_25": 0.036929622566844976, 
  "dV_26": 0.01866625539795307, 
  "dV_27": 0.01104042791165908, 
  "dV_31": 0.07689751588997135, 
  "dV_32": 0.07667381310702816, 
  "dV_33": 0.08099215396570812, 
  "dV_34": 0.058787449220607815, 
  "dV_35": 0.02836194465484808, 
  "dV_36": 0.014323203118534517, 
  "dV_37": 0.008475051730011668, 
  "dV_41": 0.07695098360812624, 
  "dV_42": 0.07645310371039044, 
  "dV_43": 0.058787449220607815, 
  "dV_44": 0.0797785621324846, 
  "dV_45": 0.02862494268916858, 
  "dV_46": 0.014457286620649979, 
  "dV_47": 0.008550146321631443, 
  "dV_51": 0.03703881609766725, 
  "dV_52": 0.036929622566844976, 
  "dV_53": 0.02836194465484808, 
  "dV_54": 0.02862494268916858, 
  "dV_55": 0.019168131997397465, 
  "dV_56": 0.00698007010345964, 
  "dV_57": 0.004107438672349818, 
  "dV_61": 0.018616983655397306, 
  "dV_62": 0.01866625539795307, 
  "dV_63": 0.014323203118534517, 
  "dV_64": 0.014457286620649979, 
  "dV_65": 0.00698007010345964, 
  "dV_66": 0.004938577164524557, 
  "dV_67": 0.002070042410429864, 
  "dV_71": 0.010992277607274836, 
  "dV_72": 0.01104042791165908, 
  "dV_73": 0.008475051730011668, 
  "dV_74": 0.008550146321631443, 
  "dV_75": 0.004107438672349818, 
  "dV_76": 0.002070042410429864, 
  "dV_77": 0.0020106621401589225
}