{
  "1": 901.5156314097146, 
  "3": 0.22164970322465374, 
  "2": 0.45148265161900114, 
  "4": 0.14031002015520974
}