{
  "1": [
    -0.4221343533333334, 
    0.3476451627969048, 
    0.38355416192741165, 
    0.021581718720423103, 
    -0.16193814216416502, 
    -0.16185226958105614, 
    0.008276493175550723
  ], 
  "3": [
    -0.4481181199999999, 
    0.061224099279423634, 
    -0.030443039327197594, 
    -0.34394638273708056, 
    0.05296716320996163, 
    0.12897581056466287, 
    0.026382354173211928
  ], 
  "2": [
    -0.5645680866666667, 
    0.36467536696023506, 
    -0.3222496156895181, 
    0.14405859170925597, 
    -0.07728692181352882, 
    -0.017948160291438867, 
    -0.0421525918944393
  ], 
  "5": [
    -0.19576744, 
    -0.47571702028289375, 
    -0.054016740771377726, 
    -0.014460742002649789, 
    -0.07992097704442136, 
    -0.32216471402550007, 
    0.361069323140295
  ], 
  "4": [
    -0.5084685733333333, 
    -0.502212303175875, 
    0.09061351463137213, 
    0.13923781563505616, 
    0.2394376494404338, 
    0.17934901275045503, 
    -0.06265423604565871
  ], 
  "7": [
    -0.025566619999999957, 
    -0.28809010541766766, 
    -0.0012277427360147992, 
    0.014607613098618771, 
    -0.3498922004507077, 
    0.3825809908925323, 
    0.0027545327608471037
  ], 
  "6": [
    -0.06883316666666664, 
    -0.3519534227381904, 
    -0.026253744872987986, 
    -0.0676684951731973, 
    -0.129377307971429, 
    -0.2504934499089255, 
    -0.4419003630397603
  ]
}