{
  "1": 2918.8748942661996, 
  "3": 0.16518479822345258, 
  "2": 0.5270379207600285, 
  "4": 0.12182290164448326
}