{"mode1_error": [7e-06, 8e-06, 1.1e-05, 1.3e-05, 2.4e-05, 4.1e-05, 6.8e-05], "mode2": [0.00029, 0.00025, 0.00028, 0.00032, 0.00056, 0.00145, 0.00299], "mode2_error": [3e-05, 3.1e-05, 7.5e-05, 3.4e-05, 0.0001, 0.000313, 0.000935], "mode1": [0.00194, 0.00354, 0.0051, 0.00705, 0.0103, 0.01425, 0.01979]}