{"mode1_error": [2e-06, 3e-06, 4e-06, 4e-06, 2e-06, 1e-06, 1e-06], "mode2": [-0.00055, -0.00043, -0.00013, 0.00126, 0.00423, 0.00933, 0.01862], "mode2_error": [5.2e-05, 6e-05, 0.000102, 6.5e-05, 0.000255, 0.000619, 0.001219], "mode1": [0.02642, 0.04424, 0.06301, 0.08529, 0.11129, 0.12808, 0.13324]}