{"mode1_error": [3e-06, 4e-06, 6e-06, 7e-06, 2e-06, 7.4e-05, 8.4e-05], "mode2": [0.0006, 0.00068, 0.00012, -0.00139, -0.00435, -0.01292, -0.02866], "mode2_error": [6.5e-05, 7.2e-05, 9.5e-05, 6.5e-05, 0.000254, 0.000775, 0.001714], "mode1": [0.03516, 0.05869, 0.08328, 0.11245, 0.1466, 0.16866, 0.17518]}