{"mode1_error": [2e-06, 3e-06, 7e-06, 9e-06, 1.5e-05, 2e-06, 3.3e-05], "mode2": [0.00117, 0.00056, -0.00056, -0.00148, -0.00769, -0.01441, -0.02633], "mode2_error": [0.000125, 0.000151, 0.000167, 0.000296, 0.000504, 0.001175, 0.002255], "mode1": [0.04277, 0.07117, 0.10064, 0.13552, 0.17662, 0.20315, 0.21046]}