{"mode1_error": [3e-06, 4e-06, 9e-06, 6e-06, 2.1e-05, 3e-06, 3e-06], "mode2": [0.00143, 0.00084, 0.00014, 0.0, -0.00884, -0.02037, -0.04256], "mode2_error": [5.6e-05, 0.000102, 0.000189, 0.0, 0.000241, 0.001086, 0.002768], "mode1": [0.04998, 0.08287, 0.11671, 0.15673, 0.20422, 0.23519, 0.24416]}