{
  "dV_11": 0.07640776056975668, 
  "dV_12": 0.05484580180623086, 
  "dV_13": 0.04205360099079538, 
  "dV_14": 0.04201536209835748, 
  "dV_15": 0.01976817700503912, 
  "dV_16": 0.009550162499275454, 
  "dV_17": 0.005886176548922645, 
  "dV_21": 0.05484580180623086, 
  "dV_22": 0.07620546985180826, 
  "dV_23": 0.04230995141910509, 
  "dV_24": 0.04204549131532566, 
  "dV_25": 0.01988236433271287, 
  "dV_26": 0.009677055871921997, 
  "dV_27": 0.0059773083530434866, 
  "dV_31": 0.04205360099079538, 
  "dV_32": 0.04230995141910509, 
  "dV_33": 0.04480360633516023, 
  "dV_34": 0.032411807295245856, 
  "dV_35": 0.015305457470892556, 
  "dV_36": 0.0074470148923091554, 
  "dV_37": 0.004596852583100183, 
  "dV_41": 0.04201536209835748, 
  "dV_42": 0.04204549131532566, 
  "dV_43": 0.032411807295245856, 
  "dV_44": 0.043912744657901015, 
  "dV_45": 0.015416787313050417, 
  "dV_46": 0.0075084478415643075, 
  "dV_47": 0.0046304368094537115, 
  "dV_51": 0.01976817700503912, 
  "dV_52": 0.01988236433271287, 
  "dV_53": 0.015305457470892556, 
  "dV_54": 0.015416787313050417, 
  "dV_55": 0.01013900073437826, 
  "dV_56": 0.0035479430711517408, 
  "dV_57": 0.0021751544299370247, 
  "dV_61": 0.009550162499275454, 
  "dV_62": 0.009677055871921997, 
  "dV_63": 0.0074470148923091554, 
  "dV_64": 0.0075084478415643075, 
  "dV_65": 0.0035479430711517408, 
  "dV_66": 0.002438165925726115, 
  "dV_67": 0.0010527629982380522, 
  "dV_71": 0.005886176548922645, 
  "dV_72": 0.0059773083530434866, 
  "dV_73": 0.004596852583100183, 
  "dV_74": 0.0046304368094537115, 
  "dV_75": 0.0021751544299370247, 
  "dV_76": 0.0010527629982380522, 
  "dV_77": 0.0011978102710558458
}