{
  "1": [
    -0.42343333333333333, 
    -0.3659, 
    0.28036666666666665, 
    -0.4707666666666667, 
    -0.5368333333333333, 
    -0.2654333333333333, 
    -0.16716666666666669
  ], 
  "3": [
    -0.4481666666666666, 
    -0.00509999999999999, 
    -0.04883333333333328, 
    -0.5396333333333333, 
    0.5537666666666667, 
    0.4275666666666666, 
    0.12696666666666667
  ], 
  "2": [
    -0.5653666666666666, 
    -0.31676666666666664, 
    0.1915, 
    0.6705000000000001, 
    0.0029666666666667875, 
    0.19856666666666678, 
    0.2332333333333334
  ], 
  "5": [
    -0.19403333333333328, 
    0.4573, 
    -0.2369, 
    -0.10549999999999993, 
    -0.37129999999999996, 
    -0.09523333333333328, 
    0.7341666666666669
  ], 
  "4": [
    -0.5072333333333333, 
    0.4131666666666667, 
    -0.3557666666666667, 
    0.15643333333333342, 
    0.15156666666666663, 
    -0.4288333333333333, 
    -0.4627
  ], 
  "7": [
    -0.027633333333333288, 
    0.5113666666666667, 
    0.8360333333333334, 
    0.010833333333333476, 
    0.15636666666666676, 
    -0.11896666666666668, 
    0.00923333333333343
  ], 
  "6": [
    -0.06756666666666666, 
    0.35283333333333333, 
    -0.02603333333333324, 
    0.04376666666666674, 
    -0.4689, 
    0.7072333333333334, 
    -0.38516666666666666
  ]
}