{
  "1": [
    -0.39938726150174697, 
    -0.45916052112471534, 
    -0.31845596268433246, 
    0.5401650601513702, 
    0.13884213451011207, 
    0.33488802952751406, 
    -0.14004051060806552, 
    -0.16736399470370392, 
    0.11465214064188316, 
    0.2096193795743846, 
    0.018285491392252596
  ], 
  "2": [
    -0.5408963251953077, 
    -0.29113335810291746, 
    0.188359968494705, 
    0.07788734022204392, 
    -0.39561453940454544, 
    -0.4723721105288761, 
    0.34647643550853563, 
    0.031794393214222456, 
    -0.18728890249194896, 
    -0.20994469966214352, 
    0.0356318590915726
  ], 
  "3": [
    -0.44484719892854785, 
    -0.012909257811783934, 
    0.668041207783988, 
    -0.20016887479299653, 
    0.34239790249962015, 
    0.16102386294341453, 
    -0.3306083409609099, 
    0.18391139443018095, 
    0.0978644843385766, 
    0.05455601890344116, 
    -0.1294356452182846
  ], 
  "4": [
    -0.5376744065549619, 
    0.36194876910395746, 
    -0.6000344656135713, 
    -0.3981572637606698, 
    0.16403247073597935, 
    -0.05399484483841919, 
    -0.07004853113972836, 
    0.1137454959586903, 
    0.029063946378591433, 
    -0.11252341530966194, 
    0.01247370064724409
  ], 
  "5": [
    -0.2276169466852887, 
    0.46899263472118374, 
    0.15764330181557032, 
    0.016191009749669517, 
    -0.5642224492685702, 
    0.400909241231874, 
    0.08132624324232791, 
    -0.2603283949326672, 
    -0.021384429678064414, 
    0.3745630572043637, 
    0.09438259420519912
  ], 
  "6": [
    -0.08782387487466987, 
    0.343429452857115, 
    0.14713319577949396, 
    0.26295845332443424, 
    0.5752510571736271, 
    -0.061001575297490784, 
    0.5838997225000034, 
    -0.30693633168152407, 
    -0.04078522399109672, 
    0.005027583521559825, 
    0.10988800087141073
  ], 
  "7": [
    -0.03302637293020995, 
    0.26709538957975487, 
    0.06554246308809508, 
    0.271487417797182, 
    -0.0767361386206347, 
    -0.3081794769624712, 
    -0.5060660091297992, 
    -0.5197274190848278, 
    0.2297359806613088, 
    -0.4111007943779301, 
    -0.02651743542966188
  ], 
  "8": [
    -0.014597288645936499, 
    0.19283771987032866, 
    0.026587017154885345, 
    0.3305783376481329, 
    -0.09224187277847942, 
    0.47074286363398926, 
    0.07771586611765463, 
    0.39984297840874733, 
    -0.13436084097520132, 
    -0.6621035221736018, 
    -0.01249585959154095
  ], 
  "9": [
    -0.008361977826012057, 
    0.18175988261622775, 
    -0.06091056916577504, 
    0.23145144371937368, 
    -0.07095730346345824, 
    -0.14958589347428417, 
    0.1333607043771213, 
    0.18799551019852778, 
    0.22846451274066257, 
    0.1689167994380561, 
    -0.8650701518837249
  ], 
  "10": [
    -0.005376350967138682, 
    0.20347983627673608, 
    -0.032865965438541624, 
    0.2806405488719178, 
    0.10000496754894236, 
    -0.20380728904546974, 
    -0.33679237566504366, 
    0.1376082800332399, 
    -0.7958431029107109, 
    0.24511679967933003, 
    -0.03709075553383187
  ], 
  "11": [
    -0.003609085422036963, 
    0.22885478080040572, 
    0.022211841460333653, 
    0.3447214007234443, 
    -0.0370855936066713, 
    -0.3015531014526016, 
    -0.07228053819415482, 
    0.5272256044148664, 
    0.4275992523574248, 
    0.24499435167049466, 
    0.4581724265186568
  ]
}