{
  "V_10_1": 3.0955974869663345, 
  "V_10_10": 0.15100763164819697, 
  "V_10_11": 0.08322429512310885, 
  "V_10_2": 4.222831246122216, 
  "V_10_3": 3.481305777416295, 
  "V_10_4": 4.2480295082484, 
  "V_10_5": 1.8566873490899798, 
  "V_10_6": 0.7514297190392581, 
  "V_10_7": 0.3074572388316841, 
  "V_10_8": 0.1547476884203408, 
  "V_10_9": 0.10693784460294473, 
  "V_11_1": 2.065427482528008, 
  "V_11_10": 0.08322429512310885, 
  "V_11_11": 0.15617952825408954, 
  "V_11_2": 2.816550532310745, 
  "V_11_3": 2.328579783555802, 
  "V_11_4": 2.8708768828300886, 
  "V_11_5": 1.2656593630952508, 
  "V_11_6": 0.5326280396134075, 
  "V_11_7": 0.22745409323090607, 
  "V_11_8": 0.12453086468544824, 
  "V_11_9": 0.08882884359065497, 
  "V_1_1": 233.3222221276499, 
  "V_1_10": 3.0955974869663345, 
  "V_1_11": 2.065427482528008, 
  "V_1_2": 315.7630451109043, 
  "V_1_3": 259.6252390345763, 
  "V_1_4": 313.5812914696984, 
  "V_1_5": 132.71113808610858, 
  "V_1_6": 51.17659466688234, 
  "V_1_7": 19.217147705368358, 
  "V_1_8": 8.497393575729937, 
  "V_1_9": 4.841298319952559, 
  "V_2_1": 315.7630451109043, 
  "V_2_10": 4.222831246122216, 
  "V_2_11": 2.816550532310745, 
  "V_2_2": 427.61082974729356, 
  "V_2_3": 351.5687012139967, 
  "V_2_4": 424.9014369855885, 
  "V_2_5": 179.77183548231665, 
  "V_2_6": 69.35556807718866, 
  "V_2_7": 26.059516592256493, 
  "V_2_8": 11.492426164508597, 
  "V_2_9": 6.577744667408111, 
  "V_3_1": 259.6252390345763, 
  "V_3_10": 3.481305777416295, 
  "V_3_11": 2.328579783555802, 
  "V_3_2": 351.5687012139967, 
  "V_3_3": 289.1307005143775, 
  "V_3_4": 349.57472212180375, 
  "V_3_5": 147.94324076887816, 
  "V_3_6": 57.041453643046374, 
  "V_3_7": 21.440017945680665, 
  "V_3_8": 9.478131909753253, 
  "V_3_9": 5.436657295158325, 
  "V_4_1": 313.5812914696984, 
  "V_4_10": 4.2480295082484, 
  "V_4_11": 2.8708768828300886, 
  "V_4_2": 424.9014369855885, 
  "V_4_3": 349.57472212180375, 
  "V_4_4": 422.5326224745999, 
  "V_4_5": 178.96234968831624, 
  "V_4_6": 69.07327061509257, 
  "V_4_7": 26.000248386771446, 
  "V_4_8": 11.496677472482766, 
  "V_4_9": 6.59151009706848, 
  "V_5_1": 132.71113808610858, 
  "V_5_10": 1.8566873490899798, 
  "V_5_11": 1.2656593630952508, 
  "V_5_2": 179.77183548231665, 
  "V_5_3": 147.94324076887816, 
  "V_5_4": 178.96234968831624, 
  "V_5_5": 75.90123484743529, 
  "V_5_6": 29.339237079179938, 
  "V_5_7": 11.061523969871336, 
  "V_5_8": 4.914146357688108, 
  "V_5_9": 2.834969760569954, 
  "V_6_1": 51.17659466688234, 
  "V_6_10": 0.7514297190392581, 
  "V_6_11": 0.5326280396134075, 
  "V_6_2": 69.35556807718866, 
  "V_6_3": 57.041453643046374, 
  "V_6_4": 69.07327061509257, 
  "V_6_5": 29.339237079179938, 
  "V_6_6": 11.396332915968294, 
  "V_6_7": 4.325996934195115, 
  "V_6_8": 1.932419526624894, 
  "V_6_9": 1.128123857171096, 
  "V_7_1": 19.217147705368358, 
  "V_7_10": 0.3074572388316841, 
  "V_7_11": 0.22745409323090607, 
  "V_7_2": 26.059516592256493, 
  "V_7_3": 21.440017945680665, 
  "V_7_4": 26.000248386771446, 
  "V_7_5": 11.061523969871336, 
  "V_7_6": 4.325996934195115, 
  "V_7_7": 1.7289516358836297, 
  "V_7_8": 0.7492388468794161, 
  "V_7_9": 0.44869324262456795, 
  "V_8_1": 8.497393575729937, 
  "V_8_10": 0.1547476884203408, 
  "V_8_11": 0.12453086468544824, 
  "V_8_2": 11.492426164508597, 
  "V_8_3": 9.478131909753253, 
  "V_8_4": 11.496677472482766, 
  "V_8_5": 4.914146357688108, 
  "V_8_6": 1.932419526624894, 
  "V_8_7": 0.7492388468794161, 
  "V_8_8": 0.44252725093546874, 
  "V_8_9": 0.21327166535147798, 
  "V_9_1": 4.841298319952559, 
  "V_9_10": 0.10693784460294473, 
  "V_9_11": 0.08882884359065497, 
  "V_9_2": 6.577744667408111, 
  "V_9_3": 5.436657295158325, 
  "V_9_4": 6.59151009706848, 
  "V_9_5": 2.834969760569954, 
  "V_9_6": 1.128123857171096, 
  "V_9_7": 0.44869324262456795, 
  "V_9_8": 0.21327166535147798, 
  "V_9_9": 0.20852419747365825
}