{
  "11": [
    -0.0036295933333332633, 
    0.22633703999999974, 
    -0.0017069085348901593, 
    0.19403083817829464, 
    -0.03361851661967034, 
    -0.017522197494229907, 
    -0.09025013673271863, 
    0.18092697825895618, 
    0.20885668767037632, 
    0.05464533545760349, 
    0.24359641841518762
  ], 
  "10": [
    -0.005366666666666627, 
    0.20129394666666653, 
    -0.02118441061996087, 
    0.1509069444444442, 
    0.02643085533623877, 
    -0.05518158588855951, 
    -0.31095318692414503, 
    -0.1393185194965236, 
    -0.21199778790722712, 
    0.19342171180739962, 
    -0.010496364614556624
  ], 
  "1": [
    -0.3993869066666666, 
    -0.4571298666666663, 
    -0.2382767862107315, 
    0.2912568313953485, 
    0.15002328462787326, 
    0.15154487306297384, 
    0.04599450965543362, 
    -0.04864358771234908, 
    0.018653738213344095, 
    0.03977825278810415, 
    0.004362270386595992
  ], 
  "3": [
    -0.4448476133333333, 
    -0.011531686666666586, 
    0.38254488462607705, 
    -0.0898442910206712, 
    0.2736437067418607, 
    0.07357861028684476, 
    -0.14694029618410567, 
    0.05197995775019813, 
    0.01410736470483081, 
    -0.005994715878916457, 
    -0.040616670509568756
  ], 
  "2": [
    -0.5408961466666665, 
    -0.28857156666666683, 
    0.13199630247428404, 
    0.07544842538759707, 
    -0.33876281295394245, 
    -0.1842325420375865, 
    0.04160608776136976, 
    -0.00305703723263803, 
    -0.02944398712964206, 
    -0.025757134006018912, 
    0.00513124279455856
  ], 
  "5": [
    -0.22761885333333334, 
    0.46344425333333356, 
    0.06806959966638858, 
    0.024759060077519213, 
    -0.2614641972143904, 
    0.3436033300362678, 
    0.19045568177037348, 
    -0.07360214769826616, 
    -0.039112351968539225, 
    0.13587044609665458, 
    0.027027023287987208
  ], 
  "4": [
    -0.5376746133333333, 
    0.3600396800000008, 
    -0.31017980956352403, 
    -0.2717474079457363, 
    0.07103542681363732, 
    -0.08009070227497546, 
    -0.06930661365644328, 
    0.04697097086524076, 
    0.0173435804620817, 
    -0.041353186404673385, 
    0.015904565367765747
  ], 
  "7": [
    -0.03303333333333324, 
    0.2641700866666668, 
    0.01847602863497333, 
    0.15283075742894045, 
    -0.06620992053319665, 
    0.05726554566435885, 
    -0.21292092641676133, 
    -0.198124786550479, 
    0.09918102962863716, 
    -0.23620611612674744, 
    -0.02560136807316956
  ], 
  "6": [
    -0.08783211333333331, 
    0.33939448666666633, 
    0.05295084097859349, 
    0.14919856266149822, 
    0.2931035888233785, 
    -0.35114393339927463, 
    0.3122370356346505, 
    -0.0961394595546166, 
    0.010563636769897558, 
    0.013421419720304672, 
    0.02196450695565285
  ], 
  "9": [
    -0.00836666666666663, 
    0.1797435399999999, 
    -0.03077800250208491, 
    0.12560068636950888, 
    -0.0433960352046483, 
    -0.01868903725684115, 
    0.01611432958896042, 
    0.12171116098934956, 
    0.06249168789381989, 
    0.05585054876969266, 
    -0.41116953347167734
  ], 
  "8": [
    -0.014584759999999947, 
    0.19076013333333347, 
    -0.00043486238532100237, 
    0.17791451065891434, 
    -0.02091583354695356, 
    0.048590974282888354, 
    -0.008399053388867735, 
    0.241219434908899, 
    -0.17549618358135524, 
    -0.20978341299345027, 
    0.025994274075782454
  ]
}