{
  "1": [
    7.527654404840976e-05, 
    0.10999436997758856, 
    0.3681058153211621, 
    0.36052149737756733, 
    0.19407129077006152, 
    0.1537469616986441, 
    0.10131144569785124
  ], 
  "3": [
    5.821704753054472e-05, 
    0.06823785263617908, 
    0.4214913976976549, 
    0.3005979111325874, 
    0.24387380736212586, 
    0.17683341359043514, 
    0.12394867518557329
  ], 
  "2": [
    6.788841932410834e-05, 
    0.10378131981764155, 
    0.3125141502701382, 
    0.3887102410672999, 
    0.17557630000882057, 
    0.1976653417947129, 
    0.15924967143977473
  ], 
  "5": [
    3.616099245720464e-05, 
    0.14623479744858583, 
    0.2258362670053743, 
    0.2539754454123012, 
    0.34009115590927336, 
    0.22599330806427645, 
    0.3118780623603636
  ], 
  "4": [
    5.737207824025911e-05, 
    0.15802890671550412, 
    0.15922556315124334, 
    0.19546908353230405, 
    0.2290391298734619, 
    0.25818028167665624, 
    0.2390257606702597
  ], 
  "7": [
    2.3153200881127047e-05, 
    0.06700390313141419, 
    0.14961554707169394, 
    0.19428844030878625, 
    0.3444076420018642, 
    0.38479593160806347, 
    0.30580975777090574
  ], 
  "6": [
    2.4581719522681718e-05, 
    0.1454474585956732, 
    0.22156662330342541, 
    0.279379420390391, 
    0.28124730758201477, 
    0.3140641954060098, 
    0.2881791150127523
  ]
}