{
  "dV_11": 0.5185562039360738, 
  "dV_12": 0.35503881423562644, 
  "dV_13": 0.2709593588182874, 
  "dV_14": 0.2667363495443809, 
  "dV_15": 0.13411460659389646, 
  "dV_16": 0.06978732294188975, 
  "dV_17": 0.03833061771745029, 
  "dV_21": 0.35503881423562644, 
  "dV_22": 0.47720052890744385, 
  "dV_23": 0.2624293067291329, 
  "dV_24": 0.2584144511843265, 
  "dV_25": 0.1294712286527428, 
  "dV_26": 0.06722255160193107, 
  "dV_27": 0.03688109087640024, 
  "dV_31": 0.2709593588182874, 
  "dV_32": 0.2624293067291329, 
  "dV_33": 0.27754996944980187, 
  "dV_34": 0.19806904191608404, 
  "dV_35": 0.09898355393891929, 
  "dV_36": 0.05134224259932715, 
  "dV_37": 0.028165274525038746, 
  "dV_41": 0.2667363495443809, 
  "dV_42": 0.2584144511843265, 
  "dV_43": 0.19806904191608404, 
  "dV_44": 0.2667983082370364, 
  "dV_45": 0.09813131563483511, 
  "dV_46": 0.05069608879366166, 
  "dV_47": 0.027748102007942137, 
  "dV_51": 0.13411460659389646, 
  "dV_52": 0.1294712286527428, 
  "dV_53": 0.09898355393891929, 
  "dV_54": 0.09813131563483511, 
  "dV_55": 0.06854041792814057, 
  "dV_56": 0.025600741995201477, 
  "dV_57": 0.014007332600086134, 
  "dV_61": 0.06978732294188975, 
  "dV_62": 0.06722255160193107, 
  "dV_63": 0.05134224259932715, 
  "dV_64": 0.05069608879366166, 
  "dV_65": 0.025600741995201477, 
  "dV_66": 0.01872556224650769, 
  "dV_67": 0.007315225380895756, 
  "dV_71": 0.03833061771745029, 
  "dV_72": 0.03688109087640024, 
  "dV_73": 0.028165274525038746, 
  "dV_74": 0.027748102007942137, 
  "dV_75": 0.014007332600086134, 
  "dV_76": 0.007315225380895756, 
  "dV_77": 0.0056819628005315755
}