{
  "1": 0.001877164968486284, 
  "3": 0.001417622289529706, 
  "2": 0.0011006445618888037, 
  "4": 0.0010245516132335807
}