{
  "1": [
    5.360159030781848e-05, 
    0.14012123204704388, 
    0.3490575204339237, 
    0.3552023204581545, 
    0.31887692275546103, 
    0.279040795249599, 
    0.2062746199638041
  ], 
  "3": [
    4.3239885640572507e-05, 
    0.10999342932670027, 
    0.3592755378527746, 
    0.3787458425260943, 
    0.4229136147551071, 
    0.24657898165217904, 
    0.24525683412480234
  ], 
  "2": [
    4.9006337592120096e-05, 
    0.11851057735123323, 
    0.2809042005594347, 
    0.36152963032366325, 
    0.2938432815177894, 
    0.20483565552764013, 
    0.1640533086178379
  ], 
  "5": [
    2.6625801153667932e-05, 
    0.0776457291390373, 
    0.32756935154691, 
    0.3091047413170701, 
    0.3641343440151442, 
    0.31292530244884526, 
    0.3264183379520969
  ], 
  "4": [
    4.299448929758198e-05, 
    0.0946997213847654, 
    0.3308887328388042, 
    0.2540510859702405, 
    0.32653844684793587, 
    0.21871915963715577, 
    0.1812144762224245
  ], 
  "7": [
    0.0, 
    0.03512971041149174, 
    0.1616223797735242, 
    0.21337725763799914, 
    0.3265153086953936, 
    0.4663717055644241, 
    0.29236451571951316
  ], 
  "6": [
    9.581182899037155e-06, 
    0.06026950375062271, 
    0.26447079895355075, 
    0.3605919369733908, 
    0.2705440103521704, 
    0.4785410298346987, 
    0.35475514279611686
  ]
}