{"mode1_error": [6e-06, 6e-06, 9e-06, 1e-05, 2e-05, 3.3e-05, 5.5e-05], "mode2": [0.00041, 0.0003, -0.00029, -0.00059, -0.00255, -0.00665, -0.00983], "mode2_error": [2.8e-05, 3.2e-05, 7.5e-05, 5.4e-05, 0.00017, 0.000426, 0.000714], "mode1": [0.00196, 0.00355, 0.00512, 0.00703, 0.01029, 0.01434, 0.01989]}