{"mode1_error": [3e-06, 3e-06, 4e-06, 5e-06, 2e-06, 2e-06, 2e-06], "mode2": [0.00164, 0.00079, -0.00014, -0.00354, -0.01161, -0.02505, -0.05309], "mode2_error": [8.5e-05, 0.000101, 0.000131, 0.000133, 0.000498, 0.001143, 0.00271], "mode1": [0.04998, 0.08288, 0.11671, 0.15675, 0.20422, 0.23521, 0.24418]}