{"mode1_error": [4e-06, 6e-06, 7e-06, 9e-06, 4e-06, 3e-06, 4e-06], "mode2": [0.00151, 0.00172, 0.00032, -0.00473, -0.01793, -0.04929, -0.10056], "mode2_error": [9.3e-05, 8.9e-05, 0.000165, 0.000162, 0.000371, 0.001336, 0.002757], "mode1": [0.05697, 0.09418, 0.13216, 0.17706, 0.23074, 0.26683, 0.27772]}