{"V_16": 11.686001056771032, "V_17": 3.9936907050843518, "V_14": 76.23291292166526, "V_15": 31.947606246384503, "V_12": 63.83334453123234, "V_13": 59.413421898216605, "V_11": 35.747452653280945, "V_75": 3.4328647170954545, "V_55": 28.162175256778404, "V_52": 56.53199978418595, "V_45": 67.2487963130333, "V_76": 1.2256299760234979, "V_51": 31.947606246384503, "V_56": 10.21132075533958, "V_57": 3.4328647170954545, "V_54": 67.2487963130333, "V_44": 160.40525491999773, "V_31": 59.413421898216605, "V_32": 105.09759544608445, "V_33": 98.0443389291825, "V_34": 125.29168222543973, "V_35": 52.63306851141483, "V_36": 19.171482855530734, "V_37": 6.52387980943406, "V_27": 6.991940616391415, "V_72": 6.991940616391415, "V_43": 125.29168222543973, "V_42": 134.53627838994058, "V_73": 6.52387980943406, "V_47": 8.286507652378416, "V_67": 1.2256299760234979, "V_66": 3.694319583641572, "V_65": 10.21132075533958, "V_64": 24.46592957685161, "V_63": 19.171482855530734, "V_62": 20.60311381722588, "V_61": 11.686001056771032, "V_23": 105.09759544608445, "V_22": 112.70180533053063, "V_21": 63.83334453123234, "V_46": 24.46592957685161, "V_41": 76.23291292166526, "V_26": 20.60311381722588, "V_25": 56.53199978418595, "V_24": 134.53627838994058, "V_74": 8.286507652378416, "V_53": 52.63306851141483, "V_77": 0.39943379468882145, "V_71": 3.9936907050843518}