{
  "1": [
    9.339583032665614e-05, 
    0.20035243702606426, 
    0.169162749896178, 
    0.153194724775831, 
    0.10837669857043997, 
    0.06776659468310037, 
    0.07183492686140946
  ], 
  "3": [
    6.819895064264128e-05, 
    0.05395145231488138, 
    0.19095760364847172, 
    0.18743014702568894, 
    0.16283974448490482, 
    0.17735797591663624, 
    0.17349970294738104
  ], 
  "2": [
    8.364585364413954e-05, 
    0.1051133367718813, 
    0.14695477739365467, 
    0.18561276480862524, 
    0.14863970442272534, 
    0.2536013476156263, 
    0.23195097836068995
  ], 
  "5": [
    4.2339393026557774e-05, 
    0.07891259036818751, 
    0.16300084666357134, 
    0.15141330020734792, 
    0.2638128776533381, 
    0.28300585357393565, 
    0.3285590070358337
  ], 
  "4": [
    6.429390708471943e-05, 
    0.056773984809625776, 
    0.14704976507541412, 
    0.15107218097949135, 
    0.13635353857500004, 
    0.1937095056086367, 
    0.1716465751835276
  ], 
  "7": [
    6.120185183029017e-06, 
    0.039352234539924494, 
    0.09022260308686778, 
    0.07016481302235841, 
    0.42532982450973245, 
    0.3350190496649365, 
    0.405712902565988
  ], 
  "6": [
    2.0649858737199427e-05, 
    0.055532682315388486, 
    0.11593518860360541, 
    0.09208504861030388, 
    0.20578664728983842, 
    0.48407564986297436, 
    0.31759345037115777
  ]
}