{
  "1": 0.035607881138084926, 
  "3": 0.017338495427171034, 
  "2": 0.03260151468536942, 
  "4": 0.0040974048185635015
}