{
  "1": 210.83909133132596, 
  "3": 0.021617033958385736, 
  "2": 0.11909513031820712, 
  "4": 0.004333351830614422
}