{"mode1_error": [7.6e-05, 5.9e-05, 7e-05, 6.2e-05, 0.0001, 0.00017, 0.000252], "mode2": [-0.00249, -0.00104, 0.0008, 0.00077, 0.0056, 0.0151, 0.0262], "mode2_error": [0.001271, 0.001428, 0.000815, 0.000727, 0.003616, 0.010831, 0.01364], "mode1": [0.02407, 0.03743, 0.05194, 0.06546, 0.07273, 0.08513, 0.07989]}