{"mode1_error": [3.3e-05, 2.6e-05, 3.1e-05, 2.8e-05, 4.5e-05, 8e-05, 0.000155], "mode2": [0.00231, 8e-05, -0.00024, -0.00084, -0.00233, -0.00153, -0.00803], "mode2_error": [0.000514, 0.000513, 0.000889, 0.000743, 0.00105, 0.00187, 0.004327], "mode1": [0.04844, 0.07629, 0.10537, 0.13138, 0.14417, 0.16897, 0.15994]}