{"mode1_error": [2.3e-05, 1.8e-05, 2.2e-05, 2e-05, 3.1e-05, 5.4e-05, 8.5e-05], "mode2": [0.00226, 0.0002, 0.00035, -0.00129, -0.00241, -0.00773, -0.0112], "mode2_error": [0.000797, 0.000678, 0.000861, 0.001175, 0.001419, 0.004055, 0.006527], "mode1": [0.03092, 0.04881, 0.06684, 0.08247, 0.08903, 0.10272, 0.09636]}