{"mode1_error": [2e-05, 1.6e-05, 1.9e-05, 1.7e-05, 2.7e-05, 4.4e-05, 7.5e-05], "mode2": [0.0008, -9e-05, -0.00027, -0.0003, 0.00067, 0.00077, -0.00219], "mode2_error": [0.00056, 0.000581, 0.000651, 0.000948, 0.001472, 0.004215, 0.005278], "mode1": [0.0139, 0.02193, 0.02993, 0.03671, 0.03916, 0.04487, 0.04518]}