{"mode1_error": [1.9e-05, 1.5e-05, 1.8e-05, 1.6e-05, 2.5e-05, 4.1e-05, 8.1e-05], "mode2": [0.00181, -0.00056, -0.00016, -0.00044, 0.0005, 0.00158, 0.00298], "mode2_error": [0.000165, 0.000239, 0.000362, 0.00034, 0.000576, 0.001317, 0.003659], "mode1": [0.00826, 0.01294, 0.01766, 0.02147, 0.02286, 0.02646, 0.03147]}