{
  "1": [
    7.506970289579689e-05, 
    0.15175897803590763, 
    0.17238146642252147, 
    0.1632868359354946, 
    0.19798838507392302, 
    0.11275459554280784, 
    0.09859015618182258
  ], 
  "3": [
    6.0727067236341145e-05, 
    0.07622312252039977, 
    0.17142112706962978, 
    0.468160353763112, 
    0.5645240544109666, 
    0.19608786754294713, 
    0.2330847671559438
  ], 
  "2": [
    6.913509881745137e-05, 
    0.12635688757661856, 
    0.13486399456203874, 
    0.3076899848450755, 
    0.37966676698598806, 
    0.3080634498000646, 
    0.2640161275200178
  ], 
  "5": [
    3.5986427013123026e-05, 
    0.07414849255002437, 
    0.1693513474775687, 
    0.525153269690637, 
    0.4280999518644875, 
    0.28355714630384216, 
    0.2600665754530204
  ], 
  "4": [
    5.940750188410506e-05, 
    0.054380855837802056, 
    0.1495055094151145, 
    0.4658297888162377, 
    0.3375083412114125, 
    0.3488981281386926, 
    0.3090496738144739
  ], 
  "7": [
    1.6725728692395947e-05, 
    0.058501046894964805, 
    0.13726249393588733, 
    0.25123990404163543, 
    0.2519568000232771, 
    0.5857603708705879, 
    0.5687776610486289
  ], 
  "6": [
    1.0241493042465054e-05, 
    0.06575953020341913, 
    0.15251356870267932, 
    0.19099318127131582, 
    0.2518422860607535, 
    0.5247649098305768, 
    0.5852123184530299
  ]
}