{
  "1": 0.0002652342499534813, 
  "3": 0.00027222303181691844, 
  "2": 0.00019857893539979487, 
  "4": 8.214968308203668e-05
}