{
  "1": 362.98166455624795, 
  "3": 0.22824134576232236, 
  "2": 0.33180177468240285, 
  "4": 0.13098672612644865
}