{
  "1": 1516.6715200318017, 
  "2": 1.5357296819056179, 
  "3": 0.53500956505924158, 
  "4": 0.41778059233840853, 
  "5": 0.090884223326675534, 
  "6": -0.025720441665902562, 
  "7": -0.3156178462492914
}