{
  "1": [
    0.0001719639465690021, 
    0.18535358818911676, 
    0.4314556067217901, 
    0.24771607605217197, 
    0.30639381561982915, 
    0.23121582025626186, 
    0.19144664977201115
  ], 
  "3": [
    0.00012851102426028515, 
    0.11585623381395517, 
    0.35350420390955845, 
    0.4883885117433638, 
    0.38343350178920604, 
    0.24449245617171675, 
    0.2600517972904532
  ], 
  "2": [
    0.0001517905971309516, 
    0.17883131778622863, 
    0.4156870172099734, 
    0.29418263380371823, 
    0.24371337376482177, 
    0.20838757059043225, 
    0.20155791054700856
  ], 
  "5": [
    7.228439859501427e-05, 
    0.09260977219542142, 
    0.34867586691952956, 
    0.337051816489305, 
    0.31023787686618537, 
    0.352197444004033, 
    0.24591098315214113
  ], 
  "4": [
    0.00012460339117653248, 
    0.0769210705759195, 
    0.29077333429758984, 
    0.3973817038844337, 
    0.3647793070156784, 
    0.19263165987204509, 
    0.2032145509382861
  ], 
  "7": [
    3.103743904049605e-05, 
    0.04046397960824588, 
    0.22120117503758546, 
    0.3298370227321238, 
    0.41632167816836924, 
    0.3731464768382212, 
    0.4273503614625202
  ], 
  "6": [
    4.051365693218619e-05, 
    0.05792029181250096, 
    0.23019239603282837, 
    0.2956964022215878, 
    0.36421056036820426, 
    0.3851987047611177, 
    0.3970698508349943
  ]
}