{
  "1": 1516.677618722107, 
  "3": 0.6396873138564403, 
  "2": 1.5626272072663474, 
  "4": 0.33276408837745497
}