{
  "1": [
    -0.41430312, 
    -0.47107687308482393, 
    -0.1732813715377273, 
    -0.2625377696707648, 
    -0.022024511560446602, 
    0.07013657751362071, 
    -0.008436524461544574
  ], 
  "3": [
    -0.4482171666666666, 
    0.11940062295854803, 
    0.30271045272206293, 
    -0.010078426338781919, 
    0.19757652930637365, 
    -0.12663907875185718, 
    0.12530116178190193
  ], 
  "2": [
    -0.5572595133333332, 
    -0.3725883523588234, 
    0.09872403820439322, 
    0.16020875106967544, 
    -0.193278303898984, 
    -0.01722336965494417, 
    -0.007218018935535629
  ], 
  "5": [
    -0.20473148666666663, 
    0.4565355726167631, 
    0.07022872588347663, 
    -0.14717696257262525, 
    -0.1532762733555159, 
    -0.08274785372296486, 
    -0.4015575534683715
  ], 
  "4": [
    -0.5185538866666665, 
    0.44075981748998294, 
    -0.2600275721107922, 
    0.12146955366391927, 
    0.1433363962119272, 
    0.0713625557206539, 
    -0.003184146203462444
  ], 
  "7": [
    -0.025678859999999946, 
    0.1482769808398152, 
    -0.0508334021012418, 
    -0.07829023555375356, 
    -0.14723110656087324, 
    -0.45561441307578177, 
    0.31898762400513037
  ], 
  "6": [
    -0.07378039333333332, 
    0.3179352493517861, 
    0.03880674307545354, 
    -0.09265664549835688, 
    -0.1477373858885755, 
    0.39216486709592235, 
    0.3663312398626979
  ]
}