{
  "1": 3751.897928411299, 
  "3": 0.23890295574604034, 
  "2": 1.2870865063975958, 
  "4": 0.12554724970098088
}