{
  "dV_11": 0.2871079586572234, 
  "dV_12": 0.2053592917987273, 
  "dV_13": 0.1664822321656591, 
  "dV_14": 0.17303209600728367, 
  "dV_15": 0.10245709150544088, 
  "dV_16": 0.05521880436240048, 
  "dV_17": 0.03265222109942353, 
  "dV_21": 0.2053592917987273, 
  "dV_22": 0.29748079460841176, 
  "dV_23": 0.17206449200449864, 
  "dV_24": 0.1809076576604326, 
  "dV_25": 0.10759650931413207, 
  "dV_26": 0.05768768248497418, 
  "dV_27": 0.034085865041272895, 
  "dV_31": 0.1664822321656591, 
  "dV_32": 0.17206449200449864, 
  "dV_33": 0.19830488127597568, 
  "dV_34": 0.1496690518351524, 
  "dV_35": 0.08892078628344917, 
  "dV_36": 0.04769707690003789, 
  "dV_37": 0.02809160036204555, 
  "dV_41": 0.17303209600728367, 
  "dV_42": 0.1809076576604326, 
  "dV_43": 0.1496690518351524, 
  "dV_44": 0.22147157949318197, 
  "dV_45": 0.09569228741161201, 
  "dV_46": 0.05092511322588332, 
  "dV_47": 0.02989746720881124, 
  "dV_51": 0.10245709150544088, 
  "dV_52": 0.10759650931413207, 
  "dV_53": 0.08892078628344917, 
  "dV_54": 0.09569228741161201, 
  "dV_55": 0.07928504034245, 
  "dV_56": 0.030449446228069683, 
  "dV_57": 0.017901524486855627, 
  "dV_61": 0.05521880436240048, 
  "dV_62": 0.05768768248497418, 
  "dV_63": 0.04769707690003789, 
  "dV_64": 0.05092511322588332, 
  "dV_65": 0.030449446228069683, 
  "dV_66": 0.02297011433008196, 
  "dV_67": 0.009639196009553182, 
  "dV_71": 0.03265222109942353, 
  "dV_72": 0.034085865041272895, 
  "dV_73": 0.02809160036204555, 
  "dV_74": 0.02989746720881124, 
  "dV_75": 0.017901524486855627, 
  "dV_76": 0.009639196009553182, 
  "dV_77": 0.00815209880442818
}