{
  "dV_11": 1.155716926768545, 
  "dV_12": 0.8977149376361016, 
  "dV_13": 0.8712292638837535, 
  "dV_14": 0.44353478609261704, 
  "dV_15": 0.226348025943663, 
  "dV_16": 0.12619708412788583, 
  "dV_17": 0.8388961916992952, 
  "dV_21": 0.8977149376361016, 
  "dV_22": 0.8116144853042637, 
  "dV_23": 0.41564373123892695, 
  "dV_24": 0.212055753901076, 
  "dV_25": 0.11734672518521835, 
  "dV_26": 0.6271447595018282, 
  "dV_27": 0.32175621132390414, 
  "dV_31": 0.8712292638837535, 
  "dV_32": 0.41564373123892695, 
  "dV_33": 0.1632472944306035, 
  "dV_34": 0.09136000566566652, 
  "dV_35": 0.3118219291710118, 
  "dV_36": 0.1582247461518962, 
  "dV_37": 0.08806267871409991, 
  "dV_41": 0.44353478609261704, 
  "dV_42": 0.212055753901076, 
  "dV_43": 0.09136000566566652, 
  "dV_44": 0.08105888000283282, 
  "dV_45": 0.04510034503656832, 
  "dV_46": 0.023691762711710685, 
  "dV_47": 1.7834507400358115, 
  "dV_51": 0.226348025943663, 
  "dV_52": 0.11734672518521835, 
  "dV_53": 0.3118219291710118, 
  "dV_54": 0.04510034503656832, 
  "dV_55": 1.5496582932808631, 
  "dV_56": 0.9178479037984544, 
  "dV_57": 0.8543164726553323, 
  "dV_61": 0.12619708412788583, 
  "dV_62": 0.6271447595018282, 
  "dV_63": 0.1582247461518962, 
  "dV_64": 0.023691762711710685, 
  "dV_65": 0.9178479037984544, 
  "dV_66": 0.21969898063702692, 
  "dV_67": 0.059217377700163325, 
  "dV_71": 0.8388961916992952, 
  "dV_72": 0.32175621132390414, 
  "dV_73": 0.08806267871409991, 
  "dV_74": 1.7834507400358115, 
  "dV_75": 0.8543164726553323, 
  "dV_76": 0.059217377700163325, 
  "dV_77": 0.021175317883518997
}