{
  "1": 1314.553630350955, 
  "2": 0.38234753861790927, 
  "3": 0.15058055498376544, 
  "4": 0.022786725398550166, 
  "5": 0.0028458159367487123, 
  "6": -0.0092851905525417246, 
  "7": -0.015412445237301594, 
  "8": -0.027630827765417927, 
  "9": -0.14812073173546283, 
  "10": -0.57082151024993677, 
  "11": -0.72540489365274641
}