{
  "1": 1314.5540405328015, 
  "3": 0.15558922231559855, 
  "2": 0.39670555955821, 
  "4": 0.03395542886164073
}