{
  "1": [
    -0.42402288025627516, 
    -0.851678020821015, 
    -0.05632148307509038, 
    0.2299924240974969, 
    0.18862795437504778, 
    -0.024289290894249436, 
    0.05108861367929696
  ], 
  "2": [
    -0.5657916825908684, 
    0.46858550347850825, 
    0.17976491299832129, 
    0.2120181539018109, 
    0.5719140985591219, 
    -0.16534136729876783, 
    0.16916492674496825
  ], 
  "3": [
    -0.4478053320790894, 
    0.17399010519481198, 
    -0.8171288588302518, 
    -0.1593027414812406, 
    -0.27545392075335556, 
    -0.004698080403203369, 
    0.014965228411170433
  ], 
  "4": [
    -0.5060001103342898, 
    -0.027363666700378975, 
    0.5124199880786384, 
    -0.5627808457398333, 
    -0.3944169226400061, 
    0.042185508746782084, 
    -0.08108185715159803
  ], 
  "5": [
    -0.19325552529595422, 
    0.14922337030271196, 
    0.17220082358640523, 
    0.7448650639460447, 
    -0.5462863502917938, 
    0.1326892130088218, 
    -0.1996807371853061
  ], 
  "6": [
    -0.06969741332068002, 
    0.028166287411903617, 
    -0.06743510514816707, 
    -0.07174769743473415, 
    0.3194639895904585, 
    0.37813493115397184, 
    -0.8600060688927823
  ], 
  "7": [
    -0.03623829952385406, 
    0.03146257821810427, 
    0.006167125181656686, 
    -0.008969276682794524, 
    0.07354026253830287, 
    0.8998211600602695, 
    0.4271909645063459
  ]
}