{
  "1": 359.75309788634138, 
  "2": 0.25459111731144801, 
  "3": 0.20279468084539853, 
  "4": 0.12215847128537842, 
  "5": 0.045184364116931039, 
  "6": -0.0028091431716226025, 
  "7": -0.19001312802406831
}