{
  "1": 0.0003620171480713449, 
  "3": 4.073500455027647e-05, 
  "2": 3.164113760255194e-05, 
  "4": 0.00025735042992610735
}