{
  "1": [
    0.00010155642998156018, 
    0.06709461590223008, 
    0.16209391247807647, 
    0.13516703878623612, 
    0.12252435201171469, 
    0.14108433048456545, 
    0.1201835572694856
  ], 
  "3": [
    8.122481259615115e-05, 
    0.15806969648070707, 
    0.3444950261545013, 
    0.2552410464942369, 
    0.22551543061425794, 
    0.24266219736450387, 
    0.29143763505105147
  ], 
  "2": [
    9.266040749287862e-05, 
    0.09655510006642934, 
    0.1956509125633791, 
    0.17586675240151392, 
    0.16932514106008434, 
    0.25489741654199927, 
    0.21014269444464953
  ], 
  "5": [
    4.507110381232282e-05, 
    0.06794709606966055, 
    0.22145457989999287, 
    0.37836544010755974, 
    0.260780153645597, 
    0.3227393071017224, 
    0.30033074573994484
  ], 
  "4": [
    7.851718882025065e-05, 
    0.1356489349649688, 
    0.29252741492744105, 
    0.2770318921206092, 
    0.2179748480052758, 
    0.3178044363731853, 
    0.2783512064707761
  ], 
  "7": [
    1.1876832729121303e-05, 
    0.042119132812679094, 
    0.484292826780934, 
    0.27582477422805846, 
    0.28658601517180143, 
    0.49153950989381057, 
    0.4908375782458363
  ], 
  "6": [
    2.073987463793415e-05, 
    0.027253025729799936, 
    0.21622479604283337, 
    0.46694039536096643, 
    0.27047649843430943, 
    0.47139426848648996, 
    0.4542569961914318
  ]
}