{
  "dV_11": 0.10337649071433948, 
  "dV_12": 0.07260681579964481, 
  "dV_13": 0.05549808355295435, 
  "dV_14": 0.05469019563332387, 
  "dV_15": 0.02622839803282694, 
  "dV_16": 0.013347178128119822, 
  "dV_17": 0.010532121882911168, 
  "dV_21": 0.07260681579964481, 
  "dV_22": 0.0996990286944997, 
  "dV_23": 0.05497360105759671, 
  "dV_24": 0.054038568276506, 
  "dV_25": 0.025957452554815727, 
  "dV_26": 0.013252700945728224, 
  "dV_27": 0.010432462660588473, 
  "dV_31": 0.05549808355295435, 
  "dV_32": 0.05497360105759671, 
  "dV_33": 0.058259633785094876, 
  "dV_34": 0.041488094478279336, 
  "dV_35": 0.01990124142387724, 
  "dV_36": 0.010157752671355557, 
  "dV_37": 0.00799039385448793, 
  "dV_41": 0.05469019563332387, 
  "dV_42": 0.054038568276506, 
  "dV_43": 0.041488094478279336, 
  "dV_44": 0.055986666750582136, 
  "dV_45": 0.019808432177029576, 
  "dV_46": 0.010098630692823433, 
  "dV_47": 0.007923260496294302, 
  "dV_51": 0.02622839803282694, 
  "dV_52": 0.025957452554815727, 
  "dV_53": 0.01990124142387724, 
  "dV_54": 0.019808432177029576, 
  "dV_55": 0.013310356560219777, 
  "dV_56": 0.0048700502383867495, 
  "dV_57": 0.0038086299672973082, 
  "dV_61": 0.013347178128119822, 
  "dV_62": 0.013252700945728224, 
  "dV_63": 0.010157752671355557, 
  "dV_64": 0.010098630692823433, 
  "dV_65": 0.0048700502383867495, 
  "dV_66": 0.003824957368629229, 
  "dV_67": 0.001958081724638868, 
  "dV_71": 0.010532121882911168, 
  "dV_72": 0.010432462660588473, 
  "dV_73": 0.00799039385448793, 
  "dV_74": 0.007923260496294302, 
  "dV_75": 0.0038086299672973082, 
  "dV_76": 0.001958081724638868, 
  "dV_77": 0.0032433068999697195
}