{
  "V_11": 64.55153329905312, 
  "V_12": 86.401885201528, 
  "V_13": 68.33002171718293, 
  "V_14": 77.16666556006157, 
  "V_15": 29.496322492299825, 
  "V_16": 10.6318051949609, 
  "V_17": 5.533474135883516, 
  "V_21": 86.401885201528, 
  "V_22": 115.17718202826887, 
  "V_23": 91.11353710176051, 
  "V_24": 102.95862289136055, 
  "V_25": 39.279416725212194, 
  "V_26": 14.16031905532243, 
  "V_27": 7.355161008361306, 
  "V_31": 68.33002171718293, 
  "V_32": 91.11353710176051, 
  "V_33": 72.1439889791233, 
  "V_34": 81.53539862841103, 
  "V_35": 31.141058214806847, 
  "V_36": 11.21382687938146, 
  "V_37": 5.834750891242495, 
  "V_41": 77.16666556006157, 
  "V_42": 102.95862289136055, 
  "V_43": 81.53539862841103, 
  "V_44": 92.14400519809686, 
  "V_45": 35.191906435147985, 
  "V_46": 12.692254122799017, 
  "V_47": 6.596122100234327, 
  "V_51": 29.496322492299825, 
  "V_52": 39.279416725212194, 
  "V_53": 31.141058214806847, 
  "V_54": 35.191906435147985, 
  "V_55": 13.505728957255778, 
  "V_56": 4.868761540106904, 
  "V_57": 2.526435455896078, 
  "V_61": 10.6318051949609, 
  "V_62": 14.16031905532243, 
  "V_63": 11.21382687938146, 
  "V_64": 12.692254122799017, 
  "V_65": 4.868761540106904, 
  "V_66": 1.9465114777981993, 
  "V_67": 0.9234873515618381, 
  "V_71": 5.533474135883516, 
  "V_72": 7.355161008361306, 
  "V_73": 5.834750891242495, 
  "V_74": 6.596122100234327, 
  "V_75": 2.526435455896078, 
  "V_76": 0.9234873515618381, 
  "V_77": 0.7160543091084922
}