{"V_16": 30.12617210541122, "V_17": 10.387579585182975, "V_14": 190.46005481183403, "V_15": 81.31812853801111, "V_12": 156.4210520084656, "V_13": 147.04475642329558, "V_11": 88.41298784148007, "V_75": 9.295459923407126, "V_55": 73.91219500864021, "V_52": 143.01781656614824, "V_45": 173.49020348397983, "V_76": 3.359219268647749, "V_51": 81.31812853801111, "V_56": 27.144478228147744, "V_57": 9.295459923407126, "V_54": 173.49020348397983, "V_44": 407.0981208443508, "V_31": 147.04475642329558, "V_32": 259.00564220119065, "V_33": 242.7940754628686, "V_34": 314.3593122724649, "V_35": 134.04429503993467, "V_36": 49.51632110610213, "V_37": 17.080970346278587, "V_27": 18.207034002863917, "V_72": 18.207034002863917, "V_43": 314.3593122724649, "V_42": 335.1879797830258, "V_73": 17.080970346278587, "V_47": 21.96289825777365, "V_67": 3.359219268647749, "V_66": 9.952981445871039, "V_65": 27.144478228147744, "V_64": 63.90938394819634, "V_63": 49.51632110610213, "V_62": 52.847871456523606, "V_61": 30.12617210541122, "V_23": 259.00564220119065, "V_22": 275.8969547216646, "V_21": 156.4210520084656, "V_46": 63.90938394819634, "V_41": 190.46005481183403, "V_26": 52.847871456523606, "V_25": 143.01781656614824, "V_24": 335.1879797830258, "V_74": 21.96289825777365, "V_53": 134.04429503993467, "V_77": 1.1229840528106287, "V_71": 10.387579585182975}