{
  "1": [
    6.014672316949637e-05, 
    0.05628620276120681, 
    0.11775051413263636, 
    0.19357968377700824, 
    0.19592966172335533, 
    0.0807854146078669, 
    0.08199862771579439
  ], 
  "3": [
    4.636929096593034e-05, 
    0.04846435241337289, 
    0.21917496992052504, 
    0.2668630895079469, 
    0.3367995130464248, 
    0.10989242584661563, 
    0.12789405533234957
  ], 
  "2": [
    5.3605717891557614e-05, 
    0.07085651684943571, 
    0.08427631761080111, 
    0.23379731653757804, 
    0.16182369567993268, 
    0.0856549429751247, 
    0.12023657294857187
  ], 
  "5": [
    3.370056324550317e-05, 
    0.03132331630209227, 
    0.14091891621084882, 
    0.2603733993418159, 
    0.263381597197454, 
    0.2388903754217092, 
    0.27823778128222026
  ], 
  "4": [
    4.536151064703264e-05, 
    0.02597501118047392, 
    0.11750613712187805, 
    0.3040287822195083, 
    0.28026542648109737, 
    0.1278947233933039, 
    0.22964176535365116
  ], 
  "7": [
    9.865369291463736e-06, 
    0.01639016458786784, 
    0.07196344921827534, 
    0.10107877419842624, 
    0.2667959647173084, 
    0.4409183939195385, 
    0.36904164565566705
  ], 
  "6": [
    2.5924292359838756e-05, 
    0.026309731962550466, 
    0.10147848674747909, 
    0.14860588935632346, 
    0.1703872560656448, 
    0.27552727599497956, 
    0.39622869547015804
  ]
}