{
  "1": [
    0.2870333333333335, 
    -0.6490333333333334, 
    0.07416666666666671, 
    0.24816666666666665, 
    -0.6158333333333333, 
    -0.21529999999999996, 
    -0.06043333333333334
  ], 
  "3": [
    0.4661666666666669, 
    -0.21943333333333326, 
    -0.7422333333333333, 
    -0.05476666666666663, 
    0.2562333333333333, 
    0.14523333333333333, 
    0.30643333333333334
  ], 
  "2": [
    0.4964333333333335, 
    0.19930000000000003, 
    0.3033000000000001, 
    -0.7197, 
    -0.24083333333333334, 
    -0.034699999999999946, 
    0.21130000000000004
  ], 
  "5": [
    0.26403333333333334, 
    0.5721, 
    -0.37483333333333335, 
    0.16310000000000002, 
    -0.39903333333333335, 
    -0.025033333333333237, 
    -0.5253666666666666
  ], 
  "4": [
    0.6111666666666666, 
    -0.0011666666666666455, 
    0.4228333333333334, 
    0.3524333333333334, 
    0.5016333333333334, 
    0.010633333333333276, 
    -0.2678999999999999
  ], 
  "7": [
    0.03303333333333348, 
    0.2497, 
    -0.057566666666666655, 
    0.18563333333333332, 
    0.0895666666666668, 
    -0.8721, 
    0.3607666666666667
  ], 
  "6": [
    0.0975666666666668, 
    0.31810000000000005, 
    0.17023333333333346, 
    0.4818333333333333, 
    -0.2797666666666666, 
    0.4123000000000001, 
    0.6163000000000001
  ]
}