{
  "1": [
    -0.37716666666666665, 
    0.5999000000000001, 
    0.2304333333333335, 
    0.5865666666666667, 
    0.09483333333333333, 
    0.2594333333333334, 
    -0.15636666666666665
  ], 
  "3": [
    -0.4495, 
    -0.1915, 
    -0.8329666666666666, 
    0.11010000000000009, 
    0.11916666666666666, 
    0.17236666666666678, 
    -0.10696666666666665
  ], 
  "2": [
    -0.5512333333333332, 
    0.3507, 
    0.1153666666666666, 
    -0.7458333333333333, 
    0.04556666666666676, 
    -0.03029999999999999, 
    0.02456666666666663
  ], 
  "5": [
    -0.2375666666666666, 
    -0.4475666666666667, 
    0.3195000000000001, 
    -0.013299999999999975, 
    -0.0443, 
    -0.029433333333333308, 
    -0.7988333333333333
  ], 
  "4": [
    -0.5314333333333333, 
    -0.3405666666666667, 
    0.2139, 
    0.2815000000000001, 
    -0.2781, 
    -0.4319666666666666, 
    0.46110000000000007
  ], 
  "7": [
    -0.0473, 
    -0.17703333333333326, 
    0.1563000000000001, 
    0.04469999999999997, 
    0.9462333333333334, 
    -0.16756666666666664, 
    0.12870000000000004
  ], 
  "6": [
    -0.10363333333333323, 
    -0.3644333333333333, 
    0.2597666666666667, 
    -0.07850000000000001, 
    -0.007966666666666674, 
    0.8285666666666666, 
    0.31010000000000004
  ]
}