{
  "1": [
    3.0281567505666826e-05, 
    0.04475840325832024, 
    0.32867830195767206, 
    0.20435889150571948, 
    0.24323279998188793, 
    0.2070354701257127, 
    0.1267878512267561
  ], 
  "3": [
    3.3327060390558075e-05, 
    0.033489457294812355, 
    0.24425443140201197, 
    0.25225476013633596, 
    0.3380883994978944, 
    0.31766086868340665, 
    0.30929036238507296
  ], 
  "2": [
    1.0155660639784916e-05, 
    0.041110939545506965, 
    0.18571497442711393, 
    0.27009075977927377, 
    0.21348756142976782, 
    0.1956614725830161, 
    0.15116109099063266
  ], 
  "5": [
    1.763215749782825e-06, 
    0.022791544328354094, 
    0.21618519023666088, 
    0.23517696292340973, 
    0.2869058870915812, 
    0.29207714977199345, 
    0.3181542070837368
  ], 
  "4": [
    2.83577280119438e-05, 
    0.02585332330905891, 
    0.15842414723146017, 
    0.27720242926995303, 
    0.24898596098689751, 
    0.18894633153179424, 
    0.2444916128476665
  ], 
  "7": [
    0.0, 
    0.010620254274791147, 
    0.15714156099316293, 
    0.22088236890927518, 
    0.30137384289036157, 
    0.44842211887874706, 
    0.27881010152035507
  ], 
  "6": [
    1.608913919789135e-05, 
    0.016814754109732745, 
    0.23002993998278146, 
    0.3328094341552316, 
    0.28613237502425387, 
    0.3927087551821441, 
    0.2619354365670963
  ]
}