{
  "1": [
    -0.42008059999999997, 
    -0.4584689733333335, 
    -0.22475155333650415, 
    0.49777171157868866, 
    -0.1506059364731652, 
    -0.05204364463263543, 
    0.00906696379443163
  ], 
  "3": [
    -0.4482006466666666, 
    0.09473443333333365, 
    -0.1032522586780796, 
    -0.31489666953775364, 
    -0.23753242789339185, 
    -0.33582230063514573, 
    0.255050691463996
  ], 
  "2": [
    -0.5623660199999999, 
    -0.3961558800000002, 
    0.45339958789031576, 
    -0.17515094130675501, 
    0.19816657174151137, 
    0.13456027601348708, 
    -0.06632762921389548
  ], 
  "5": [
    -0.1980999533333333, 
    0.47058914666666707, 
    0.23144331906799817, 
    0.2678883761945781, 
    0.2413506681270538, 
    -0.3095640947228119, 
    -0.3058822897179141
  ], 
  "4": [
    -0.5115824800000001, 
    0.49182221333333365, 
    -0.3752488666983675, 
    -0.07388864689717405, 
    0.07889510770354148, 
    0.2830852975770407, 
    -0.06783933458053579
  ], 
  "7": [
    -0.0237666666666666, 
    0.21257083333333326, 
    0.16418020288476798, 
    0.23663056888560746, 
    0.1929882511865642, 
    0.058649698110248484, 
    0.6247769304134098
  ], 
  "6": [
    -0.06977080666666664, 
    0.3300974599999998, 
    0.4003754160722777, 
    0.138287203149994, 
    -0.4938183862723624, 
    0.1692144044538538, 
    -0.005120586185392952
  ]
}