{
  "1": [
    0.0002460714908292572, 
    0.14406019313277918, 
    0.2381596665236502, 
    0.2932386189219947, 
    0.2205944950428571, 
    0.19695040507954603, 
    0.17999978439383754
  ], 
  "3": [
    0.00016589558147758093, 
    0.13970296880547178, 
    0.312952468268697, 
    0.4039748305078181, 
    0.36360561249855644, 
    0.2960783146431894, 
    0.2852487528964252
  ], 
  "2": [
    0.00019834440534817973, 
    0.1929418461478292, 
    0.20370716236302838, 
    0.31942765191578953, 
    0.272270145511386, 
    0.20011746611403267, 
    0.1817312764436544
  ], 
  "5": [
    9.10741470845641e-05, 
    0.11175526036634487, 
    0.3202420887781529, 
    0.3919784664220701, 
    0.33008587896295405, 
    0.31367072109535565, 
    0.2962022158789353
  ], 
  "4": [
    0.00016523701505405709, 
    0.14834992634642494, 
    0.2559922685352895, 
    0.24449423578361892, 
    0.28622019381943886, 
    0.21905093722376268, 
    0.18618220375137243
  ], 
  "7": [
    2.7846359430324927e-05, 
    0.05933489579459002, 
    0.11135726627183308, 
    0.2694157166793489, 
    0.3782331441634312, 
    0.3616601670624711, 
    0.6233704240095943
  ], 
  "6": [
    4.902461919245467e-05, 
    0.07539643579071223, 
    0.12081259447932388, 
    0.2743845794029071, 
    0.43294219510481213, 
    0.5756021670681555, 
    0.3687724516864901
  ]
}