{
  "dV_11": 1.2999770420408752, 
  "dV_12": 0.7663769292340756, 
  "dV_13": 0.5829040823581405, 
  "dV_14": 0.5659390868588522, 
  "dV_15": 0.2916404233204654, 
  "dV_16": 0.15451302538082934, 
  "dV_17": 0.08566525061547896, 
  "dV_21": 0.7663769292340756, 
  "dV_22": 0.8935187452809921, 
  "dV_23": 0.48662692975852856, 
  "dV_24": 0.47290333702812165, 
  "dV_25": 0.24278577851505911, 
  "dV_26": 0.12839216959108735, 
  "dV_27": 0.07111059812999919, 
  "dV_31": 0.5829040823581405, 
  "dV_32": 0.48662692975852856, 
  "dV_33": 0.5167130928442676, 
  "dV_34": 0.36113057702116513, 
  "dV_35": 0.1849625134113036, 
  "dV_36": 0.09777440138286281, 
  "dV_37": 0.054142566918789284, 
  "dV_41": 0.5659390868588522, 
  "dV_42": 0.47290333702812165, 
  "dV_43": 0.36113057702116513, 
  "dV_44": 0.48533136089877976, 
  "dV_45": 0.18068249674324816, 
  "dV_46": 0.095098351076464, 
  "dV_47": 0.05258186271363977, 
  "dV_51": 0.2916404233204654, 
  "dV_52": 0.24278577851505911, 
  "dV_53": 0.1849625134113036, 
  "dV_54": 0.18068249674324816, 
  "dV_55": 0.12995030822541542, 
  "dV_56": 0.04919928275312544, 
  "dV_57": 0.027183992521598144, 
  "dV_61": 0.15451302538082934, 
  "dV_62": 0.12839216959108735, 
  "dV_63": 0.09777440138286281, 
  "dV_64": 0.095098351076464, 
  "dV_65": 0.04919928275312544, 
  "dV_66": 0.036728051470063694, 
  "dV_67": 0.014462067895222815, 
  "dV_71": 0.08566525061547896, 
  "dV_72": 0.07111059812999919, 
  "dV_73": 0.054142566918789284, 
  "dV_74": 0.05258186271363977, 
  "dV_75": 0.027183992521598144, 
  "dV_76": 0.014462067895222815, 
  "dV_77": 0.011335382504722278
}