{
  "1": 1624.2201240384852, 
  "3": 0.4909252732015174, 
  "2": 1.9722388113462264, 
  "4": 0.17685785384310804
}