{
  "1": 2613.0833529454248, 
  "2": 2.9166333367691828, 
  "3": 0.3492242432941326, 
  "4": 0.041180417867727116, 
  "5": -0.033758674588332566, 
  "6": -0.43991468870472766, 
  "7": -0.82688468149971328
}