{
  "V_11": 597.8366733620729, 
  "V_12": 674.5299527797342, 
  "V_13": 540.503355849184, 
  "V_14": 622.0003078398962, 
  "V_15": 243.79731312585096, 
  "V_16": 86.67120463456172, 
  "V_17": 29.57236333158565, 
  "V_21": 674.5299527797342, 
  "V_22": 760.7015695752842, 
  "V_23": 610.8993688394621, 
  "V_24": 703.7501659155303, 
  "V_25": 275.6608691091764, 
  "V_26": 98.2850670228806, 
  "V_27": 33.74107932224222, 
  "V_31": 540.503355849184, 
  "V_32": 610.8993688394621, 
  "V_33": 489.67465444780817, 
  "V_34": 565.0786087978873, 
  "V_35": 221.4406767490221, 
  "V_36": 78.98041950065073, 
  "V_37": 27.174042475697906, 
  "V_41": 622.0003078398962, 
  "V_42": 703.7501659155303, 
  "V_43": 565.0786087978873, 
  "V_44": 651.7991986787175, 
  "V_45": 255.72661315439413, 
  "V_46": 91.35154755110575, 
  "V_47": 31.39623374302458, 
  "V_51": 243.79731312585096, 
  "V_52": 275.6608691091764, 
  "V_53": 221.4406767490221, 
  "V_54": 255.72661315439413, 
  "V_55": 100.50711509460021, 
  "V_56": 36.056555205437114, 
  "V_57": 12.476023283445102, 
  "V_61": 86.67120463456172, 
  "V_62": 98.2850670228806, 
  "V_63": 78.98041950065073, 
  "V_64": 91.35154755110575, 
  "V_65": 36.056555205437114, 
  "V_66": 12.9594305013246, 
  "V_67": 4.527731521432692, 
  "V_71": 29.57236333158565, 
  "V_72": 33.74107932224222, 
  "V_73": 27.174042475697906, 
  "V_74": 31.39623374302458, 
  "V_75": 12.476023283445102, 
  "V_76": 4.527731521432692, 
  "V_77": 1.611191238757223
}