{
  "1": 2613.0878169253924, 
  "3": 0.3578011690812536, 
  "2": 2.9392033710515157, 
  "4": 0.06557805589213797
}