{
  "1": [
    0.00029874552521314994, 
    0.14420424886411162, 
    0.2439530037795595, 
    0.4400880829908708, 
    0.4398287659816966, 
    0.21591044613674418, 
    0.15984419777593056
  ], 
  "3": [
    0.00020844385281420025, 
    0.30992195273951495, 
    0.30366435943766157, 
    0.255473917511121, 
    0.15841168833626196, 
    0.14471877212250472, 
    0.11099433008393063
  ], 
  "2": [
    0.00025883301771919675, 
    0.19150589917476613, 
    0.2292655253674675, 
    0.3004268853933039, 
    0.3962474825971508, 
    0.18745354549464122, 
    0.15099279111103445
  ], 
  "5": [
    0.00012110633057759137, 
    0.23163095309480297, 
    0.25938038072348146, 
    0.26418123469397453, 
    0.24596496243122318, 
    0.3635345286107987, 
    0.2519772255475819
  ], 
  "4": [
    0.00019179300433515306, 
    0.1856306134930569, 
    0.23345939260323575, 
    0.333667584768262, 
    0.2498030438582895, 
    0.186976236112914, 
    0.15955871933792803
  ], 
  "7": [
    3.8993661027580056e-05, 
    0.11653260644811406, 
    0.13592538068257135, 
    0.20338658983740598, 
    0.28840786667862156, 
    0.3962435811834922, 
    0.5217029180906911
  ], 
  "6": [
    6.613296736863754e-05, 
    0.16844809859603474, 
    0.18443842463850693, 
    0.16186859294056088, 
    0.2686848610843904, 
    0.4594243600287254, 
    0.42450838458427825
  ]
}