{
  "1": [
    -0.2865, 
    0.8516333333333334, 
    0.3615666666666668, 
    0.21296666666666675, 
    -0.08736666666666659, 
    0.0840333333333334, 
    -0.04303333333333325
  ], 
  "3": [
    -0.4720333333333333, 
    0.06089999999999997, 
    -0.062233333333333245, 
    -0.7726333333333333, 
    0.29290000000000016, 
    0.2941666666666667, 
    -0.01836666666666664
  ], 
  "2": [
    -0.5065, 
    0.04803333333333338, 
    -0.5962333333333334, 
    0.04123333333333346, 
    -0.5156333333333334, 
    -0.3325666666666667, 
    -0.08643333333333325
  ], 
  "5": [
    -0.2534333333333333, 
    -0.21243333333333325, 
    0.5797000000000001, 
    -0.19603333333333328, 
    -0.0880333333333333, 
    -0.6487, 
    0.2959666666666667
  ], 
  "4": [
    -0.6040333333333333, 
    -0.35509999999999997, 
    0.06943333333333346, 
    0.5588333333333335, 
    0.35330000000000017, 
    0.2409666666666668, 
    0.09516666666666662
  ], 
  "7": [
    -0.03129999999999999, 
    -0.19229999999999992, 
    0.2202333333333333, 
    -0.06496666666666662, 
    -0.6713, 
    0.5579666666666667, 
    0.38390000000000013
  ], 
  "6": [
    -0.09229999999999994, 
    -0.24583333333333335, 
    0.34709999999999996, 
    -0.032766666666666604, 
    -0.23983333333333334, 
    0.07509999999999994, 
    -0.8639
  ]
}