{
  "1": 439.66797345028857, 
  "3": 0.02515842036754772, 
  "2": 0.15910241083077498, 
  "4": 0.0077328640383116706
}