{
  "1": [
    -0.3919802383088621, 
    -0.4218411632104065, 
    0.6431085170932602, 
    0.1506636000543237, 
    0.4433667613599507, 
    -0.017643484024346404, 
    -0.18167497484344744, 
    -0.04545556197220265, 
    0.010450408941036847, 
    0.006466160548535139, 
    -0.0022441418058272156
  ], 
  "2": [
    -0.5328321227655536, 
    -0.3348996851289192, 
    -0.4126150136245518, 
    -0.6550058277890786, 
    0.033469853146272245, 
    -0.050716992747101654, 
    0.01579919611152497, 
    -0.019535337048818272, 
    0.004096895614054882, 
    0.013621700388525402, 
    -0.011059939166142277
  ], 
  "3": [
    -0.44398173057971363, 
    -0.1797606351741589, 
    -0.4598591747977609, 
    0.7293147304870276, 
    -0.11453289869649487, 
    0.0757762519415647, 
    0.04761729511879904, 
    0.05856908965750783, 
    -0.036957832738932314, 
    -0.018468430920575773, 
    0.030518282401986587
  ], 
  "4": [
    -0.5468152841911017, 
    0.4795389923587781, 
    0.3890519411717951, 
    -0.0818676024097499, 
    -0.45689853724840057, 
    0.214695644881947, 
    0.22036667241300767, 
    0.08125640236929883, 
    0.014052652801373489, 
    -0.013906173648026625, 
    -0.05065824024602424
  ], 
  "5": [
    -0.236832005473347, 
    0.5015208041787139, 
    -0.08904923621578523, 
    0.0576063625526264, 
    0.2543060227386916, 
    -0.7352014934556955, 
    -0.21073457526098027, 
    -0.05331634176393228, 
    0.09842211432745328, 
    0.025113369890559716, 
    0.1355623401099673
  ], 
  "6": [
    -0.09354989949301541, 
    0.3554647062852679, 
    -0.16901589441582265, 
    -0.031962220408494724, 
    0.2626510032317457, 
    0.534831339789879, 
    -0.5907215713140395, 
    -0.30959894881022104, 
    -0.16803898357344446, 
    -0.007692372279648687, 
    -0.08470793799794409
  ], 
  "7": [
    -0.03551485439055538, 
    0.1951293956406178, 
    -0.07252813358198947, 
    0.014978176988399539, 
    0.5238563686554817, 
    0.15408057026208313, 
    0.7146999868760727, 
    -0.3217924984760343, 
    -0.16462492249669536, 
    0.06400435650911936, 
    0.10708788418517587
  ], 
  "8": [
    -0.013402124952434565, 
    0.13429241934056002, 
    -0.062234010109163546, 
    -0.015992016594929784, 
    0.30936484863932373, 
    -0.007781595388361546, 
    0.06120066507340164, 
    0.6464454448279623, 
    -0.2877016168221169, 
    -0.1959523665036905, 
    -0.5823084791931588
  ], 
  "9": [
    -0.005132074049345439, 
    0.08351780970807753, 
    -0.07978405204853495, 
    0.018873039590050007, 
    0.20143603508503782, 
    0.20144104685907585, 
    0.03664018329299901, 
    0.19838923475308357, 
    0.7914355296953821, 
    0.4506942454179001, 
    -0.18688361909941145
  ], 
  "10": [
    -0.0022285307043936335, 
    0.06069770285818931, 
    -0.036515355340371015, 
    -0.038419416243157506, 
    0.16116071426308826, 
    0.1802807737539005, 
    0.0140950564612563, 
    0.2163150060042485, 
    0.37821783464723213, 
    -0.7583569526209601, 
    0.41216818911495956
  ], 
  "11": [
    -0.0012168526931900737, 
    0.05452575287428564, 
    6.964648137364692e-05, 
    -0.054892209491341784, 
    0.10046475163500188, 
    0.14776132011998935, 
    -0.08044817892544628, 
    0.5303135717635227, 
    -0.28477029307872176, 
    0.4216916663507085, 
    0.6445644675330352
  ]
}