{
  "1": 0.0031793681516246964, 
  "3": 0.003435390622051808, 
  "2": 0.0022001222349053084, 
  "4": 0.0017836981676575365
}