{
  "11": [
    -0.0012333333333333048, 
    0.05338120666666674, 
    -0.004421725393227486, 
    -0.016989094412331242, 
    0.06957005343197709, 
    0.09137788446151379, 
    0.06347760979958937, 
    0.3768402469135794, 
    -0.12479998755444931, 
    0.24010697041524098, 
    0.2401038852199436
  ], 
  "10": [
    -0.002233333333333306, 
    0.05943348666666677, 
    -0.018948931932138185, 
    -0.007919892100192609, 
    0.10552610768598428, 
    0.12365408065290434, 
    0.05311992479745693, 
    0.15392210464432696, 
    0.2632934453432899, 
    -0.3593937933456248, 
    0.2180996215193303
  ], 
  "1": [
    -0.3919794066666666, 
    -0.41804570666666807, 
    0.4113954392472017, 
    0.029360855491329746, 
    0.3006704315659675, 
    -0.010220315250440226, 
    -0.06323475210295729, 
    -0.021247129139721696, 
    0.004931777639493994, 
    0.00198575190940226, 
    -0.004207890163364521
  ], 
  "3": [
    -0.4439810799999999, 
    -0.1732673200000004, 
    -0.20026871351054115, 
    0.3910529094412341, 
    -0.08817736950267228, 
    0.048356729076652324, 
    0.01572574717990471, 
    0.034595167548500956, 
    -0.0215931176104543, 
    -0.007576419980686398, 
    0.00874754953076128
  ], 
  "2": [
    -0.5328335599999998, 
    -0.3276094466666662, 
    -0.31672869702589457, 
    -0.2842613333333326, 
    0.0394219810933008, 
    -0.033615218434949634, 
    0.007540322518122318, 
    -0.012229813834998958, 
    0.0028966645924083188, 
    0.006550223860942915, 
    0.0005960259529603142
  ], 
  "5": [
    -0.23683249333333328, 
    0.48963570666666617, 
    -0.038717370698536896, 
    0.029947175337186636, 
    0.16025949856144714, 
    -0.5309657625220022, 
    -0.018901434275303667, 
    -0.015645639819713678, 
    0.06307032980709404, 
    0.011860811166710696, 
    0.054271544432858324
  ], 
  "4": [
    -0.5468150599999999, 
    0.47121857333333284, 
    0.20935735284016754, 
    -0.07681663969171446, 
    -0.31399648993012785, 
    0.16104467914866394, 
    0.08268640151955645, 
    0.03513910640799535, 
    0.008388064716863751, 
    -0.0062782547625317275, 
    -0.01997234387672333
  ], 
  "7": [
    -0.03551036666666663, 
    0.19126070000000012, 
    -0.03759653822377911, 
    0.01592453949903668, 
    0.3038367036580356, 
    0.2126798687790049, 
    0.30795424661782334, 
    -0.3583453145208696, 
    -0.09857139597593823, 
    0.038164313932051545, 
    0.05900988297995596
  ], 
  "6": [
    -0.09354961999999993, 
    0.3480120133333326, 
    -0.07404856789614668, 
    0.006533248554913542, 
    0.210304636251542, 
    0.3065920787325975, 
    -0.4394491568787072, 
    -0.11117772682735573, 
    -0.10515194772868652, 
    -0.007339022034940066, 
    -0.039591630942725636
  ], 
  "9": [
    -0.005129086666666653, 
    0.08173368000000006, 
    -0.034322556494264765, 
    0.01586571098265917, 
    0.1327271023427868, 
    0.13903835813730206, 
    0.06580888863046107, 
    0.1317241896923379, 
    0.5048284629744858, 
    0.21497805284874028, 
    -0.1504584134708231
  ], 
  "8": [
    -0.013404719999999964, 
    0.13142498, 
    -0.030497101449275272, 
    0.0026379961464354767, 
    0.19165635840526105, 
    0.05975423267722832, 
    0.20069145637089558, 
    0.41978883401920464, 
    -0.23138672059738594, 
    -0.11522815380563703, 
    -0.21502942494110308
  ]
}