{
  "1": [
    0.0004227056658647256, 
    0.3379727817237385, 
    0.4467494958131506, 
    0.3930861506326536, 
    0.3034452123156819, 
    0.18164300646941897, 
    0.1792902500760432
  ], 
  "3": [
    0.00029223950615311705, 
    0.29877653948640387, 
    0.341163030158598, 
    0.3595514853836441, 
    0.24574483256679505, 
    0.21083674823270065, 
    0.2368766039981986
  ], 
  "2": [
    0.0003648793451689778, 
    0.392420891977911, 
    0.28674219106144005, 
    0.28946836652196223, 
    0.2388757838161502, 
    0.22067174895807565, 
    0.2346004176593727
  ], 
  "5": [
    0.0001701455469259194, 
    0.27253736612445606, 
    0.33804805071875954, 
    0.2984683227261955, 
    0.3505068254649319, 
    0.371613586169975, 
    0.28735142851650514
  ], 
  "4": [
    0.00027486394986726647, 
    0.451648704160202, 
    0.32752974380686795, 
    0.21824389242679407, 
    0.21531513195117738, 
    0.12184321767224142, 
    0.13041108152142183
  ], 
  "7": [
    5.4314864343060784e-05, 
    0.11182417538350613, 
    0.15601258909474344, 
    0.24849613340280055, 
    0.35076030997067814, 
    0.30492725986073865, 
    0.5167263469195034
  ], 
  "6": [
    8.881873574613421e-05, 
    0.24594909548933164, 
    0.2842789113099003, 
    0.27883944963601076, 
    0.3536380887570235, 
    0.43109734882492173, 
    0.2998761045531956
  ]
}