{
  "dV_11": 0.11755025919572842, 
  "dV_12": 0.07675327272743834, 
  "dV_13": 0.05871909069494884, 
  "dV_14": 0.056176791483075764, 
  "dV_15": 0.02960665231024383, 
  "dV_16": 0.0158390930128673, 
  "dV_17": 0.009668342797796372, 
  "dV_21": 0.07675327272743834, 
  "dV_22": 0.10018113304779598, 
  "dV_23": 0.054273726835437276, 
  "dV_24": 0.051924885526416026, 
  "dV_25": 0.02734751280401651, 
  "dV_26": 0.01462393320457023, 
  "dV_27": 0.008927688536045142, 
  "dV_31": 0.05871909069494884, 
  "dV_32": 0.054273726835437276, 
  "dV_33": 0.05860100160479263, 
  "dV_34": 0.03979908606459753, 
  "dV_35": 0.020942574803006108, 
  "dV_36": 0.011197565229825044, 
  "dV_37": 0.006827472321659962, 
  "dV_41": 0.056176791483075764, 
  "dV_42": 0.051924885526416026, 
  "dV_43": 0.03979908606459753, 
  "dV_44": 0.05357321630028794, 
  "dV_45": 0.020111526917941498, 
  "dV_46": 0.010733599074483798, 
  "dV_47": 0.006546186764681954, 
  "dV_51": 0.02960665231024383, 
  "dV_52": 0.02734751280401651, 
  "dV_53": 0.020942574803006108, 
  "dV_54": 0.020111526917941498, 
  "dV_55": 0.014952515153540253, 
  "dV_56": 0.005685947270363964, 
  "dV_57": 0.0034679189028785054, 
  "dV_61": 0.0158390930128673, 
  "dV_62": 0.01462393320457023, 
  "dV_63": 0.011197565229825044, 
  "dV_64": 0.010733599074483798, 
  "dV_65": 0.005685947270363964, 
  "dV_66": 0.004348046568129279, 
  "dV_67": 0.0018753081553692368, 
  "dV_71": 0.009668342797796372, 
  "dV_72": 0.008927688536045142, 
  "dV_73": 0.006827472321659962, 
  "dV_74": 0.006546186764681954, 
  "dV_75": 0.0034679189028785054, 
  "dV_76": 0.0018753081553692368, 
  "dV_77": 0.001899479656708342
}