{
  "1": [
    0.0001427580510720556, 
    0.3353502887826601, 
    0.3267352902167865, 
    0.4745514977622637, 
    0.18783282909219637, 
    0.17812790695635564, 
    0.13865349900147517
  ], 
  "3": [
    0.00010683111800281713, 
    0.40171550207157447, 
    0.27590696370526857, 
    0.5133252898881582, 
    0.19148394755672485, 
    0.17591815422407756, 
    0.14219303034906475
  ], 
  "2": [
    0.00012976293681027324, 
    0.3748122964992602, 
    0.5488293092170766, 
    0.29473712207427205, 
    0.1710971956528257, 
    0.13991547691477346, 
    0.15214263680095746
  ], 
  "5": [
    6.828009122508173e-05, 
    0.216215435429695, 
    0.19093282275135975, 
    0.3126705212810111, 
    0.2986321782895579, 
    0.40816747968642797, 
    0.3727622937352135
  ], 
  "4": [
    0.0001006984005436105, 
    0.20573217741481434, 
    0.2568649330058137, 
    0.19597930286155357, 
    0.2952692495202647, 
    0.3192284169743175, 
    0.23805935182310073
  ], 
  "7": [
    2.741469516909625e-05, 
    0.10408872373114542, 
    0.15793572914975829, 
    0.18813712663012944, 
    0.5371254752592611, 
    0.37246534944060455, 
    0.39587858676418425
  ], 
  "6": [
    3.988631846247914e-05, 
    0.21185938492804315, 
    0.2737634760564799, 
    0.3170635562788704, 
    0.27080599496895474, 
    0.4246713065529632, 
    0.2615744832171732
  ]
}