{
  "1": 0.0005185074066610539, 
  "3": 0.00026277215965066485, 
  "2": 0.0006109903605005276, 
  "4": 0.00013950869649454972
}