{
  "dV_11": 0.17185646867573712, 
  "dV_12": 0.11589084602602766, 
  "dV_13": 0.09156579867220996, 
  "dV_14": 0.09307356784091558, 
  "dV_15": 0.05099925868556864, 
  "dV_16": 0.028071751268582825, 
  "dV_17": 0.016058147229223607, 
  "dV_21": 0.11589084602602766, 
  "dV_22": 0.1558992360440894, 
  "dV_23": 0.08735659201774529, 
  "dV_24": 0.0887195140947869, 
  "dV_25": 0.048584821084663485, 
  "dV_26": 0.026744365646097397, 
  "dV_27": 0.015302280059423428, 
  "dV_31": 0.09156579867220996, 
  "dV_32": 0.08735659201774529, 
  "dV_33": 0.09727458033258046, 
  "dV_34": 0.07025688240687405, 
  "dV_35": 0.03842565941410619, 
  "dV_36": 0.02114270572454832, 
  "dV_37": 0.012094709991779164, 
  "dV_41": 0.09307356784091558, 
  "dV_42": 0.0887195140947869, 
  "dV_43": 0.07025688240687405, 
  "dV_44": 0.09956051113372505, 
  "dV_45": 0.03914282747857732, 
  "dV_46": 0.021507631252455566, 
  "dV_47": 0.012295672633339982, 
  "dV_51": 0.05099925868556864, 
  "dV_52": 0.048584821084663485, 
  "dV_53": 0.03842565941410619, 
  "dV_54": 0.03914282747857732, 
  "dV_55": 0.030129932272071596, 
  "dV_56": 0.011839247094056884, 
  "dV_57": 0.006761994040255827, 
  "dV_61": 0.028071751268582825, 
  "dV_62": 0.026744365646097397, 
  "dV_63": 0.02114270572454832, 
  "dV_64": 0.021507631252455566, 
  "dV_65": 0.011839247094056884, 
  "dV_66": 0.009197932488438228, 
  "dV_67": 0.0037393510990496592, 
  "dV_71": 0.016058147229223607, 
  "dV_72": 0.015302280059423428, 
  "dV_73": 0.012094709991779164, 
  "dV_74": 0.012295672633339982, 
  "dV_75": 0.006761994040255827, 
  "dV_76": 0.0037393510990496592, 
  "dV_77": 0.0030548555499704338
}