{
  "V_11": 30.20519566920373, 
  "V_12": 52.98665078876838, 
  "V_13": 50.50993510095872, 
  "V_14": 68.78876161559535, 
  "V_15": 31.829708700806805, 
  "V_16": 12.780170828963342, 
  "V_17": 4.771250532668285, 
  "V_21": 52.98665078876838, 
  "V_22": 92.35523443282838, 
  "V_23": 88.67193743126887, 
  "V_24": 120.37420103856432, 
  "V_25": 55.480218128481965, 
  "V_26": 22.292212459633262, 
  "V_27": 8.337428494240065, 
  "V_31": 50.50993510095872, 
  "V_32": 88.67193743126887, 
  "V_33": 85.06165348684016, 
  "V_34": 115.20607034308443, 
  "V_35": 53.17326564571051, 
  "V_36": 21.284281372603655, 
  "V_37": 7.949839213302914, 
  "V_41": 68.78876161559535, 
  "V_42": 120.37420103856432, 
  "V_43": 115.20607034308443, 
  "V_44": 156.3175470462369, 
  "V_45": 72.08783419851908, 
  "V_46": 28.838335661541954, 
  "V_47": 10.77652452700289, 
  "V_51": 31.829708700806805, 
  "V_52": 55.480218128481965, 
  "V_53": 53.17326564571051, 
  "V_54": 72.08783419851908, 
  "V_55": 33.249869854313054, 
  "V_56": 13.26168402773737, 
  "V_57": 4.931753129545819, 
  "V_61": 12.780170828963342, 
  "V_62": 22.292212459633262, 
  "V_63": 21.284281372603655, 
  "V_64": 28.838335661541954, 
  "V_65": 13.26168402773737, 
  "V_66": 5.267607107107465, 
  "V_67": 1.9450042118611968, 
  "V_71": 4.771250532668285, 
  "V_72": 8.337428494240065, 
  "V_73": 7.949839213302914, 
  "V_74": 10.77652452700289, 
  "V_75": 4.931753129545819, 
  "V_76": 1.9450042118611968, 
  "V_77": 0.7117819211957058
}