{
  "1": 403.4216449920599, 
  "3": 0.05983863351912064, 
  "2": 0.2600692570355341, 
  "4": 0.015446484794167145
}