{
  "1": [
    -0.2738154533333333, 
    0.47387759002666235, 
    -0.3432027143287302, 
    0.09081746212121229, 
    -0.17176632642433057, 
    0.09971441544131612, 
    -0.06009879120879116
  ], 
  "3": [
    -0.4588466333333333, 
    -0.45457658743569784, 
    -0.1706921710328217, 
    0.062225037878787644, 
    -0.14302790334340193, 
    0.08376463011512598, 
    -0.0856410842490841
  ], 
  "2": [
    -0.47895555999999995, 
    0.06910002253013393, 
    -0.019201656127672086, 
    -0.3217008181818181, 
    0.04689157032253598, 
    0.11694507010144768, 
    -0.1023954871794867
  ], 
  "5": [
    -0.28716644, 
    0.03192082535391089, 
    0.2502333161268124, 
    0.0004412878787879701, 
    -0.4300617748151232, 
    -0.1608956685284393, 
    0.19575964102564153
  ], 
  "4": [
    -0.6225369, 
    0.05313559010176119, 
    0.11760797952423975, 
    0.13518668939393935, 
    0.3496740443703783, 
    -0.17560744329191802, 
    0.1607614798534801
  ], 
  "7": [
    -0.04295282666666659, 
    -0.005287030152829202, 
    0.14391824751580862, 
    0.06984415909090903, 
    -0.022299395896261242, 
    0.4792014324252435, 
    0.32631694505494513
  ], 
  "6": [
    -0.11499895999999998, 
    0.03227731215500745, 
    0.26292093173312725, 
    0.11648044696969671, 
    -0.026304534249904647, 
    0.11475350507238173, 
    -0.5697052527472544
  ]
}