{
  "1": 0.06805144127867185, 
  "3": 0.06373608891228158, 
  "2": 0.06938237060535792, 
  "4": 0.017186870996052473
}