{
  "1": [
    5.067103109389804e-05, 
    0.29902679867662296, 
    0.3757658931609529, 
    0.27546331401360363, 
    0.1768943108847243, 
    0.11756653893459514, 
    0.11708940993166864
  ], 
  "3": [
    4.136042136152432e-05, 
    0.26796010749515037, 
    0.367168674641216, 
    0.20539213501256262, 
    0.17081060135720452, 
    0.2109781203260731, 
    0.1619721299294231
  ], 
  "2": [
    4.615067101881264e-05, 
    0.32771335434151755, 
    0.2867675485036477, 
    0.26775246759459004, 
    0.1665008009410878, 
    0.16522933065406933, 
    0.1555360943424855
  ], 
  "5": [
    2.2951883122292587e-05, 
    0.1397543200592959, 
    0.18496826413773435, 
    0.3022822053512874, 
    0.321826546777881, 
    0.4482971173019015, 
    0.3538290481862566
  ], 
  "4": [
    4.0300134662345196e-05, 
    0.2541214859473858, 
    0.33390953255303385, 
    0.29780253958195363, 
    0.12224033897909456, 
    0.12958016920090026, 
    0.10685538536995368
  ], 
  "7": [
    3.324144601760444e-05, 
    0.05861225220910042, 
    0.07920754880726365, 
    0.14701169399319358, 
    0.44564843519142944, 
    0.35222581380295903, 
    0.5512542805078586
  ], 
  "6": [
    1.4180385477019426e-05, 
    0.11712311715796363, 
    0.14791384514008876, 
    0.19173867493188584, 
    0.33965165969355415, 
    0.4932420513484491, 
    0.35451357683204665
  ]
}