{
  "1": [
    -0.41656661999999994, 
    -0.4615174143017, 
    0.2650817100837046, 
    0.392428411032464, 
    0.06399823714432017, 
    0.04972516136603693, 
    0.007114672652450518
  ], 
  "3": [
    -0.44837632666666666, 
    0.5069555453836514, 
    -0.1378984980051624, 
    0.38868677080790764, 
    0.003486065393899633, 
    -0.11512782146070437, 
    -0.16944466891133564
  ], 
  "2": [
    -0.5585949333333333, 
    -0.26510170209880274, 
    -0.39198448720957596, 
    -0.24458576193963064, 
    0.20789754224270354, 
    -0.04458977037123969, 
    -0.029366270108492142
  ], 
  "5": [
    -0.20184037999999996, 
    0.03511951649543966, 
    -0.22394367519361683, 
    0.121857139370271, 
    -0.3860680564699004, 
    0.24774149747682195, 
    0.35159620650953927
  ], 
  "4": [
    -0.5167368466666666, 
    0.23188331807547552, 
    0.4172788781976057, 
    -0.42101914408917007, 
    -0.05184427620510574, 
    0.03780893870046555, 
    0.07880095024317245
  ], 
  "7": [
    -0.023930859999999915, 
    -0.08375073068185665, 
    0.024515692716889706, 
    0.017168936620291435, 
    -0.20947944554165537, 
    -0.4980862066267661, 
    0.23713926674148983
  ], 
  "6": [
    -0.0712301666666666, 
    -0.1668010273624251, 
    -0.008995775639521147, 
    -0.12043609144902741, 
    -0.48619110525930914, 
    -0.025357880530453295, 
    -0.39242815563037853
  ]
}