{
  "1": 1463.538694121824, 
  "3": 0.17518468851138375, 
  "2": 0.3024233183171566, 
  "4": 0.048628221634455356
}