{
  "1": 3816.9953241651692, 
  "2": 2.2910454527146049, 
  "3": 0.77260016007843124, 
  "4": 0.43792945422743523, 
  "5": 0.042109849185384275, 
  "6": -0.025657631848058599, 
  "7": -0.31851734681640359
}