{
  "1": [
    -0.3937107629638702, 
    0.6253797475764206, 
    0.5472787763527901, 
    -0.06269385628469915, 
    0.3849296436734479, 
    -0.04130876083462118, 
    0.02387851514038315
  ], 
  "2": [
    -0.5341570702691814, 
    0.3073028939916723, 
    -0.4365259473546263, 
    0.5621149587975341, 
    -0.33299807587596447, 
    0.029469022906934195, 
    0.04423668341817413
  ], 
  "3": [
    -0.4444169799023189, 
    -0.039253934217897815, 
    0.04345993728203668, 
    -0.6808862145552587, 
    -0.5383184306922831, 
    0.14205101198778636, 
    -0.15966418030674537
  ], 
  "4": [
    -0.5452088387787946, 
    -0.49321740824070953, 
    -0.2557872297438535, 
    -0.11645489084873972, 
    0.5878523662671189, 
    0.0899152253795144, 
    0.1638289032565368
  ], 
  "5": [
    -0.2350116146096277, 
    -0.38482822207607575, 
    0.3542970088582736, 
    0.25885597212226796, 
    -0.11883111343389301, 
    -0.6388770823516259, 
    -0.42644957008892326
  ], 
  "6": [
    -0.09206214414633417, 
    -0.2942293578533996, 
    0.4852710331493706, 
    0.2076219874963372, 
    -0.30164553254234366, 
    0.14121777682561976, 
    0.7179319560323042
  ], 
  "7": [
    -0.03468475333035353, 
    -0.18707523618392746, 
    0.28565857083512836, 
    0.3046558233661798, 
    0.021758968559920246, 
    0.7355647750944296, 
    -0.4978502214704621
  ]
}