{
  "1": [
    6.262881114921926e-05, 
    0.08941343099172382, 
    0.20803142059819874, 
    0.3418125746434991, 
    0.2299140086344784, 
    0.1277962481718246, 
    0.11405346933647606
  ], 
  "3": [
    5.058325838705018e-05, 
    0.07746914155837746, 
    0.35107840240861343, 
    0.3756279329632368, 
    0.45916350338561507, 
    0.23973412578689224, 
    0.24475061990340682
  ], 
  "2": [
    5.86936240040724e-05, 
    0.10225712648582305, 
    0.25834816799522103, 
    0.3173384272303103, 
    0.3777278273305453, 
    0.17230328239491724, 
    0.1778442327021659
  ], 
  "5": [
    3.4709583167854856e-05, 
    0.05631240553294302, 
    0.2202490481333753, 
    0.25627456991679104, 
    0.2935396407551166, 
    0.35400988297508273, 
    0.4376717846443736
  ], 
  "4": [
    5.068357379855064e-05, 
    0.04606873841315026, 
    0.3203119586439511, 
    0.38092152956748043, 
    0.23925243998144327, 
    0.20004197418801328, 
    0.1734811056208987
  ], 
  "7": [
    6.364959641763696e-06, 
    0.027746946211749245, 
    0.15746795795092217, 
    0.23632005651441088, 
    0.3395616184611496, 
    0.39763097245150647, 
    0.5000233506458803
  ], 
  "6": [
    3.240306642468406e-05, 
    0.04639697241261844, 
    0.28733012521255685, 
    0.3346607658815416, 
    0.31494098947361904, 
    0.46923842051398396, 
    0.27884397179047626
  ]
}