{
  "dV_11": 0.646219417782916, 
  "dV_12": 0.4548532096807956, 
  "dV_13": 0.3570288237033492, 
  "dV_14": 0.3698154556400218, 
  "dV_15": 0.19464407315033835, 
  "dV_16": 0.10498520596808768, 
  "dV_17": 0.05949141932282464, 
  "dV_21": 0.4548532096807956, 
  "dV_22": 0.6251981585513953, 
  "dV_23": 0.35514737110452266, 
  "dV_24": 0.36804892892643093, 
  "dV_25": 0.19294896735603023, 
  "dV_26": 0.10383078142107494, 
  "dV_27": 0.0587688520224398, 
  "dV_31": 0.3570288237033492, 
  "dV_32": 0.35514737110452266, 
  "dV_33": 0.38445079442363417, 
  "dV_34": 0.2902326776660267, 
  "dV_35": 0.1518427535226579, 
  "dV_36": 0.08159120901399038, 
  "dV_37": 0.04617128160695137, 
  "dV_41": 0.3698154556400218, 
  "dV_42": 0.36804892892643093, 
  "dV_43": 0.2902326776660267, 
  "dV_44": 0.40739372923819517, 
  "dV_45": 0.15849316174276362, 
  "dV_46": 0.08478901311363204, 
  "dV_47": 0.04787633764620578, 
  "dV_51": 0.19464407315033835, 
  "dV_52": 0.19294896735603023, 
  "dV_53": 0.1518427535226579, 
  "dV_54": 0.15849316174276362, 
  "dV_55": 0.11498460855023124, 
  "dV_56": 0.044845235407602914, 
  "dV_57": 0.025300966594035017, 
  "dV_61": 0.10498520596808768, 
  "dV_62": 0.10383078142107494, 
  "dV_63": 0.08159120901399038, 
  "dV_64": 0.08478901311363204, 
  "dV_65": 0.044845235407602914, 
  "dV_66": 0.033861089340261, 
  "dV_67": 0.013692401575138248, 
  "dV_71": 0.05949141932282464, 
  "dV_72": 0.0587688520224398, 
  "dV_73": 0.04617128160695137, 
  "dV_74": 0.04787633764620578, 
  "dV_75": 0.025300966594035017, 
  "dV_76": 0.013692401575138248, 
  "dV_77": 0.010946280473540595
}