{
  "1": [
    -0.39371040666666657, 
    0.6127971600000004, 
    0.4383948136848992, 
    0.01652324943150641, 
    0.14120287792536385, 
    -0.019937870074547462, 
    0.02306983671752526
  ], 
  "3": [
    -0.4444166399999999, 
    -0.03895194000000004, 
    -0.023630849131982382, 
    -0.35540179565592456, 
    -0.25947473118279596, 
    0.07647110969116094, 
    -0.07747466253680613
  ], 
  "2": [
    -0.53415736, 
    0.3041374666666669, 
    -0.38146222125372287, 
    0.24627428056143608, 
    -0.12448037634408685, 
    0.01463674121405753, 
    0.0038155443386489072
  ], 
  "5": [
    -0.23501168666666664, 
    -0.37985802666666657, 
    0.2287455219001964, 
    0.15713248647377115, 
    -0.0722157416192281, 
    -0.37770385942492, 
    -0.22149012657259662
  ], 
  "4": [
    -0.5452090466666665, 
    -0.4840245066666662, 
    -0.08092699208251504, 
    -0.06712404924331511, 
    0.2970252925363698, 
    0.05970030670926507, 
    0.08886380253145214
  ], 
  "7": [
    -0.03469938666666661, 
    -0.1854101066666663, 
    0.1818249001234832, 
    0.14710828040461058, 
    -0.014265053763440538, 
    0.4409771714589996, 
    -0.3300183205231155
  ], 
  "6": [
    -0.09205884666666662, 
    -0.2912819799999998, 
    0.27939743589743654, 
    0.15706585901356565, 
    -0.1983166666666663, 
    0.07567935676251338, 
    0.4166702955909917
  ]
}