{
  "1": 3816.9955027391643, 
  "3": 0.7974691806895495, 
  "2": 2.305262235312206, 
  "4": 0.4215805593850696
}