{
  "1": [
    7.177743392631829e-05, 
    0.13659707956391462, 
    0.12432469700631636, 
    0.24993549163490597, 
    0.20107067272074772, 
    0.058349500245858346, 
    0.04977721843262042
  ], 
  "3": [
    5.560194711125262e-05, 
    0.08368457711800553, 
    0.10767608749229604, 
    0.4264856222518224, 
    0.3735091414537392, 
    0.17761751512173196, 
    0.09948314133452932
  ], 
  "2": [
    6.458967191597495e-05, 
    0.14462750108504366, 
    0.060219901977209694, 
    0.14410004866148474, 
    0.1565940363449156, 
    0.03225575991864098, 
    0.028068241684364052
  ], 
  "5": [
    3.26766780121765e-05, 
    0.06779444825932421, 
    0.14392359469089358, 
    0.24592283120689698, 
    0.25062724050473734, 
    0.5174070163943264, 
    0.2822451786855164
  ], 
  "4": [
    5.369814812960124e-05, 
    0.04291377498017069, 
    0.08989422011221294, 
    0.344796622865525, 
    0.44060301848102007, 
    0.05892404477081945, 
    0.058444002692082775
  ], 
  "7": [
    6.666334517807605e-07, 
    0.0233179854732657, 
    0.08211670752883311, 
    0.15947192229104676, 
    0.153277170453269, 
    0.5337961046759194, 
    0.6165872753845963
  ], 
  "6": [
    2.803837371985246e-05, 
    0.040358878232684484, 
    0.12700289184652525, 
    0.2137073114657651, 
    0.19364886987838958, 
    0.4534962900392829, 
    0.5675608818480997
  ]
}