{
  "1": 1517.2878157078753, 
  "3": 0.9725898102998788, 
  "2": 1.4256595142682533, 
  "4": 0.32291496017695026
}