{
  "1": 196.71883150014338, 
  "2": 0.59441495068349726, 
  "3": 0.15765146319911216, 
  "4": 0.15353683720194211, 
  "5": 0.13831886628776929, 
  "6": 0.12516459389264922, 
  "7": 0.11620073112173156, 
  "8": 0.10134478069045051, 
  "9": 0.045876347757195887, 
  "10": -0.027720685208303387, 
  "11": -0.050396055958350755
}