{
  "dV_10_1": 0.01198089511021853, 
  "dV_10_10": 0.008052631930382454, 
  "dV_10_11": 0.0038674071284921785, 
  "dV_10_2": 0.011851880624232144, 
  "dV_10_3": 0.00929950366966987, 
  "dV_10_4": 0.00957843350885796, 
  "dV_10_5": 0.0050903998226296205, 
  "dV_10_6": 0.0028693608457668273, 
  "dV_10_7": 0.0020812288431525114, 
  "dV_10_8": 0.0021124034971785393, 
  "dV_10_9": 0.0025227246833966713, 
  "dV_11_1": 0.01548531670109463, 
  "dV_11_10": 0.0038674071284921785, 
  "dV_11_11": 0.01250217306964358, 
  "dV_11_2": 0.015315194844746183, 
  "dV_11_3": 0.012028398936500023, 
  "dV_11_4": 0.012372461754071548, 
  "dV_11_5": 0.006600486242869502, 
  "dV_11_6": 0.0037311887737218764, 
  "dV_11_7": 0.0026839978370841854, 
  "dV_11_8": 0.002678910708283134, 
  "dV_11_9": 0.00314369043066, 
  "dV_1_1": 0.04947777827876372, 
  "dV_1_10": 0.01198089511021853, 
  "dV_1_11": 0.01548531670109463, 
  "dV_1_2": 0.03481180783961748, 
  "dV_1_3": 0.0272370203494551, 
  "dV_1_4": 0.027845380196897578, 
  "dV_1_5": 0.014552476575834363, 
  "dV_1_6": 0.00808050522507754, 
  "dV_1_7": 0.006196200557665007, 
  "dV_1_8": 0.006890400747123895, 
  "dV_1_9": 0.008971960560940288, 
  "dV_2_1": 0.03481180783961748, 
  "dV_2_10": 0.011851880624232144, 
  "dV_2_11": 0.015315194844746183, 
  "dV_2_2": 0.04808759904853439, 
  "dV_2_3": 0.027078411079061435, 
  "dV_2_4": 0.02767298243462014, 
  "dV_2_5": 0.014455216635924414, 
  "dV_2_6": 0.008033554495899925, 
  "dV_2_7": 0.006154380586381163, 
  "dV_2_8": 0.006820437534711868, 
  "dV_2_9": 0.008890575483724999, 
  "dV_3_1": 0.0272370203494551, 
  "dV_3_10": 0.00929950366966987, 
  "dV_3_11": 0.012028398936500023, 
  "dV_3_2": 0.027078411079061435, 
  "dV_3_3": 0.029482884003786014, 
  "dV_3_4": 0.021776638393861278, 
  "dV_3_5": 0.0113559145617138, 
  "dV_3_6": 0.006308932287013009, 
  "dV_3_7": 0.004827346247665189, 
  "dV_3_8": 0.005344954781201028, 
  "dV_3_9": 0.006974530072361618, 
  "dV_4_1": 0.027845380196897578, 
  "dV_4_10": 0.00957843350885796, 
  "dV_4_11": 0.012372461754071548, 
  "dV_4_2": 0.02767298243462014, 
  "dV_4_3": 0.021776638393861278, 
  "dV_4_4": 0.030579177298242832, 
  "dV_4_5": 0.011734633409806983, 
  "dV_4_6": 0.006503293037924675, 
  "dV_4_7": 0.004967779867012008, 
  "dV_4_8": 0.005500176601170619, 
  "dV_4_9": 0.007172545339056093, 
  "dV_5_1": 0.014552476575834363, 
  "dV_5_10": 0.0050903998226296205, 
  "dV_5_11": 0.006600486242869502, 
  "dV_5_2": 0.014455216635924414, 
  "dV_5_3": 0.0113559145617138, 
  "dV_5_4": 0.011734633409806983, 
  "dV_5_5": 0.008567153917099533, 
  "dV_5_6": 0.0034269963045172004, 
  "dV_5_7": 0.002616597945130558, 
  "dV_5_8": 0.0029058620535419777, 
  "dV_5_9": 0.00380017890356518, 
  "dV_6_1": 0.00808050522507754, 
  "dV_6_10": 0.0028693608457668273, 
  "dV_6_11": 0.0037311887737218764, 
  "dV_6_2": 0.008033554495899925, 
  "dV_6_3": 0.006308932287013009, 
  "dV_6_4": 0.006503293037924675, 
  "dV_6_5": 0.0034269963045172004, 
  "dV_6_6": 0.0029086578829482803, 
  "dV_6_7": 0.0014696983519922858, 
  "dV_6_8": 0.0016292622797322224, 
  "dV_6_9": 0.002132864027867228, 
  "dV_7_1": 0.006196200557665007, 
  "dV_7_10": 0.0020812288431525114, 
  "dV_7_11": 0.0026839978370841854, 
  "dV_7_2": 0.006154380586381163, 
  "dV_7_3": 0.004827346247665189, 
  "dV_7_4": 0.004967779867012008, 
  "dV_7_5": 0.002616597945130558, 
  "dV_7_6": 0.0014696983519922858, 
  "dV_7_7": 0.002143166074960119, 
  "dV_7_8": 0.0012255414906098086, 
  "dV_7_9": 0.001571720178249206, 
  "dV_8_1": 0.006890400747123895, 
  "dV_8_10": 0.0021124034971785393, 
  "dV_8_11": 0.002678910708283134, 
  "dV_8_2": 0.006820437534711868, 
  "dV_8_3": 0.005344954781201028, 
  "dV_8_4": 0.005500176601170619, 
  "dV_8_5": 0.0029058620535419777, 
  "dV_8_6": 0.0016292622797322224, 
  "dV_8_7": 0.0012255414906098086, 
  "dV_8_8": 0.0029466201968554096, 
  "dV_8_9": 0.0016354337494856614, 
  "dV_9_1": 0.008971960560940288, 
  "dV_9_10": 0.0025227246833966713, 
  "dV_9_11": 0.00314369043066, 
  "dV_9_2": 0.008890575483724999, 
  "dV_9_3": 0.006974530072361618, 
  "dV_9_4": 0.007172545339056093, 
  "dV_9_5": 0.00380017890356518, 
  "dV_9_6": 0.002132864027867228, 
  "dV_9_7": 0.001571720178249206, 
  "dV_9_8": 0.0016354337494856614, 
  "dV_9_9": 0.004898848705513953
}