{"mode1_error": [3e-06, 3e-06, 5e-06, 5e-06, 1e-05, 1.7e-05, 3.1e-05], "mode2": [0.0001, 0.00018, 0.00014, -0.00024, -0.00171, -0.00435, -0.00882], "mode2_error": [5.9e-05, 9.8e-05, 0.000272, 0.000192, 0.000792, 0.001823, 0.003847], "mode1": [0.00275, 0.00589, 0.00979, 0.01491, 0.02109, 0.02487, 0.02563]}