{"mode1_error": [3e-06, 3e-06, 5e-06, 5e-06, 1.1e-05, 2e-05, 4.9e-05], "mode2": [0.00042, -7e-05, 0.00013, -0.00039, -0.00082, -6e-05, -0.00171], "mode2_error": [9.8e-05, 0.000108, 0.000184, 0.00027, 0.000602, 0.000619, 0.002026], "mode1": [0.00504, 0.01104, 0.01844, 0.02813, 0.04002, 0.04795, 0.05077]}