{"mode1_error": [2e-06, 2e-06, 3e-06, 4e-06, 9e-06, 7e-06, 6.3e-05], "mode2": [0.00058, -0.00025, 0.00018, -0.0005, 0.00029, 0.00055, 0.00499], "mode2_error": [0.000239, 0.000257, 0.000238, 0.00029, 0.001675, 0.004573, 0.009844], "mode1": [0.00836, 0.01844, 0.03072, 0.04667, 0.06613, 0.0787, 0.08201]}