{"mode1_error": [3e-06, 3e-06, 5e-06, 5e-06, 1.1e-05, 1.9e-05, 4.6e-05], "mode2": [0.00028, 0.00045, -0.00031, -0.00069, -0.00067, -0.00413, -0.00864], "mode2_error": [0.000132, 0.000184, 0.000182, 0.000201, 0.000367, 0.001735, 0.003364], "mode1": [0.00782, 0.01725, 0.02875, 0.04377, 0.06206, 0.07407, 0.07731]}