{"mode1_error": [4e-06, 4e-06, 6e-06, 7e-06, 1.4e-05, 2.7e-05, 7.9e-05], "mode2": [0.00015, 0.00041, 0.00036, -0.00081, -0.00261, -0.00657, -0.01715], "mode2_error": [0.00017, 0.000179, 0.000408, 0.000322, 0.001242, 0.002436, 0.007553], "mode1": [0.01, 0.02198, 0.03634, 0.05482, 0.07721, 0.09153, 0.09421]}