{
  "1": [
    2.6079097414823863e-05, 
    0.042669996014856104, 
    0.2213733125422736, 
    0.2481402454147751, 
    0.21964391862041555, 
    0.208758695504245, 
    0.18938626750894774
  ], 
  "3": [
    2.1710789869523477e-05, 
    0.03564791355943473, 
    0.18207301905995255, 
    0.32260379263838906, 
    0.38179199950573717, 
    0.3435827836350727, 
    0.31052257223184304
  ], 
  "2": [
    1.7035009171305292e-05, 
    0.043247386811535705, 
    0.30347375831245127, 
    0.24451194485964198, 
    0.27445883534387705, 
    0.24608532582970372, 
    0.22814446373670777
  ], 
  "5": [
    2.107131680764381e-06, 
    0.02512217800139224, 
    0.13922717471004867, 
    0.266220510069655, 
    0.27885945933258893, 
    0.25263518586361816, 
    0.42680335304461003
  ], 
  "4": [
    2.5573556521648725e-05, 
    0.024180981945238024, 
    0.1896647478563626, 
    0.2503697736240662, 
    0.2313116292527966, 
    0.20315075493935217, 
    0.22981660114645336
  ], 
  "7": [
    0.0, 
    0.0103727503579943, 
    0.12643530936237277, 
    0.28617254133958914, 
    0.4533611200574184, 
    0.4588775926436134, 
    0.4360130624321175
  ], 
  "6": [
    0.0, 
    0.016781686603629473, 
    0.20030858148550654, 
    0.4155124773500338, 
    0.29096197045166117, 
    0.35871326678726423, 
    0.40616318557110953
  ]
}