{
  "1": 496.1252277095594, 
  "2": 1.362382973499479, 
  "3": 0.51180149490306237, 
  "4": 0.034726919171804156, 
  "5": -0.097646719201097368, 
  "6": -0.34813386117523071, 
  "7": -1.3640534799970925
}