{
  "1": [
    0.00042002481357286784, 
    0.6523824015284126, 
    0.38006947881242986, 
    0.23173984100829237, 
    0.15535739980535565, 
    0.1277886134633403, 
    0.12906439318209345
  ], 
  "3": [
    0.00030357912384040543, 
    0.20477107319864873, 
    0.23571094259442243, 
    0.25459567467532346, 
    0.24999072964106073, 
    0.18399137904001678, 
    0.1859592065227847
  ], 
  "2": [
    0.00037161805979574994, 
    0.42758639321001973, 
    0.5439546455739908, 
    0.195391974133084, 
    0.13774134208647335, 
    0.12660167620434706, 
    0.15453467883043304
  ], 
  "5": [
    0.00019247769277449912, 
    0.253079003579766, 
    0.3648677992252414, 
    0.19298337219397088, 
    0.32209084049523146, 
    0.3296047146157588, 
    0.33319306173690666
  ], 
  "4": [
    0.000280846585580259, 
    0.1971975225653081, 
    0.2742305926609792, 
    0.2178006305429574, 
    0.2389774786975374, 
    0.2227816942753813, 
    0.3029790269872812
  ], 
  "7": [
    6.333498630099743e-05, 
    0.14738311706552817, 
    0.23840075718939974, 
    0.16647269941746914, 
    0.3733922215874094, 
    0.39851772004207464, 
    0.3891270568163929
  ], 
  "6": [
    0.00010910352901503528, 
    0.18028437639081416, 
    0.28021514566665046, 
    0.27120214638493423, 
    0.3423343644451637, 
    0.2646770015033087, 
    0.4151438170631312
  ]
}