{
  "1": [
    0.2739683133333334, 
    0.10183307307307216, 
    -0.3279454508196726, 
    0.3201882255044734, 
    -0.002202623214223267, 
    0.10567778486394554, 
    0.012705609915199102
  ], 
  "3": [
    0.4513304, 
    0.011989756423089734, 
    -0.10896538934426252, 
    -0.684420490950698, 
    0.07685519228754073, 
    0.08620578231292524, 
    -0.05460866206612393
  ], 
  "2": [
    0.4645901333333333, 
    0.30990326326326295, 
    0.17054506830601032, 
    0.2121745856736702, 
    0.21340499842816713, 
    0.03286715561224503, 
    0.01902369279362801
  ], 
  "5": [
    0.30124840000000014, 
    -0.17740432432432507, 
    0.08023840163934402, 
    0.16094543374245887, 
    0.06309645813685423, 
    0.381453812358277, 
    -0.3691863048031048
  ], 
  "4": [
    0.6300124666666667, 
    -0.16360058725391996, 
    0.06094538934426235, 
    0.10287804590527717, 
    -0.3555526668762448, 
    -0.25536239370748365, 
    0.1741626703745671
  ], 
  "7": [
    0.0472084466666668, 
    -0.10842668668668672, 
    0.02646129098360651, 
    0.022069183829138115, 
    0.2551655419330048, 
    0.35760262896825373, 
    0.472781539465102
  ], 
  "6": [
    0.1245109533333334, 
    -0.12620823490156813, 
    -0.03246461065573807, 
    0.06641942306358788, 
    0.4795498794928215, 
    -0.43401859410430693, 
    -0.06814128128540521
  ]
}