{
  "1": 496.1243699859723, 
  "3": 0.5075189592927386, 
  "2": 1.3782172510240056, 
  "4": 0.046903958583663044
}