{
  "1": 0.06780956808644346, 
  "3": 0.09872503205866263, 
  "2": 0.0650356647512487, 
  "4": 0.01592614074756755
}