{
  "1": 270.1143919817638, 
  "3": 0.15127299675440375, 
  "2": 0.5037355650487327, 
  "4": 0.001036160080858444
}