{
  "P_1": 219.92696230506212, 
  "P_2": 143.62122366775083, 
  "P_3": 85.26064890334418, 
  "P_4": 77.24278408806605, 
  "P_5": 25.092802693086707, 
  "P_6": 8.314106409880617, 
  "P_7": 3.1818602155007047
}