{
  "1": 0.005610053290302324, 
  "3": 0.0005148330305522635, 
  "2": 0.009319037001643207, 
  "4": 0.0005274055311235701
}