{
  "1": [
    0.00021272126775336486, 
    0.23017168565882093, 
    0.35424314349151936, 
    0.1415826663337157, 
    0.07858068011462412, 
    0.09744998555204967, 
    0.07170643562617726
  ], 
  "3": [
    0.00014755688061024615, 
    0.23458149062557515, 
    0.24545776825663984, 
    0.25378472620292275, 
    0.19913886769848088, 
    0.20551129280729066, 
    0.18519961898677326
  ], 
  "2": [
    0.00018375790096656123, 
    0.1469934014682292, 
    0.20767369650057557, 
    0.30129852163214443, 
    0.24431699904432932, 
    0.2903886837951907, 
    0.22595535318729448
  ], 
  "5": [
    8.46383675870786e-05, 
    0.1291161150698946, 
    0.11628597265079085, 
    0.21265712706458983, 
    0.6404618545592822, 
    0.26265464839737646, 
    0.38435490817592244
  ], 
  "4": [
    0.0001376706994689037, 
    0.2655661997915309, 
    0.16822739326635136, 
    0.15589002941788255, 
    0.31250985719907287, 
    0.12486902677185598, 
    0.2135934119715174
  ], 
  "7": [
    3.859374963576098e-05, 
    0.03231614809887707, 
    0.12043614533906233, 
    0.418548130412914, 
    0.3910071296560251, 
    0.46000828984632913, 
    0.6159071495362274
  ], 
  "6": [
    4.6250316056647345e-05, 
    0.044207664477483824, 
    0.06570187039248485, 
    0.18211321997113866, 
    0.44210884564763503, 
    0.4588232026972027, 
    0.4556471416369296
  ]
}