{
  "1": [
    0.28761634, 
    0.7805391140464994, 
    -0.2641293408929848, 
    -0.12563081964997605, 
    0.020771723446893854, 
    -0.0420881057268724, 
    0.0024998198198198786
  ], 
  "3": [
    0.4723948933333335, 
    0.004371336602288461, 
    0.5663513583746759, 
    -0.3827831542671799, 
    -0.0072068804275219394, 
    0.05025423174476038, 
    -0.08515634300967631
  ], 
  "2": [
    0.50853472, 
    0.06915478501617818, 
    0.2607723094056895, 
    0.5548688560037848, 
    -0.009495350701402418, 
    -0.010506901615271567, 
    0.11498190857524189
  ], 
  "5": [
    0.2506406600000002, 
    -0.2265877814470134, 
    -0.14650111369849217, 
    -0.27063259003986645, 
    0.02783857715430867, 
    -0.03051724068882665, 
    0.2870279079079081
  ], 
  "4": [
    0.60094164, 
    -0.3228689849561359, 
    -0.47969838007492216, 
    0.014526893709034261, 
    -0.03492051436205729, 
    0.07595424509411296, 
    -0.13553549549549498
  ], 
  "7": [
    0.05066155999999998, 
    -0.033738346842789875, 
    -0.012605139887280157, 
    -0.021649807419419898, 
    0.17120944555778225, 
    0.17647573087705232, 
    -0.05471825158491828
  ], 
  "6": [
    0.09483862666666665, 
    -0.09707053937756428, 
    0.015376413215888842, 
    -0.052793837421447616, 
    0.07997959919839671, 
    -0.5612355092777991, 
    -0.07049187187187207
  ]
}