{
  "P_1": 1041.4775361085417, 
  "P_10": 1.88456858049291, 
  "P_11": 1.4460047598091608, 
  "P_2": 866.4125015870989, 
  "P_3": 510.55400367528097, 
  "P_4": 462.92437097458304, 
  "P_5": 152.08745363471408, 
  "P_6": 51.073555975785354, 
  "P_7": 18.016393459934335, 
  "P_8": 6.869057773760411, 
  "P_9": 3.101753083777505
}