{
  "1": [
    -0.42396290666666664, 
    0.10721007333333328, 
    -0.1850472266666667, 
    0.40637967999999974, 
    -0.6318459157262684, 
    -0.20692617782869824, 
    0.0716064842754644
  ], 
  "3": [
    -0.4478108933333333, 
    0.05567247333333337, 
    -0.0011949799999999306, 
    -0.06496231333333334, 
    -0.07743249128619292, 
    0.6186067944311352, 
    -0.21598717897136865
  ], 
  "2": [
    -0.5657617133333334, 
    0.15221161999999994, 
    -0.22275812000000034, 
    0.3123051066666662, 
    0.5872472340131832, 
    -0.1032313057667601, 
    0.11262749279152412
  ], 
  "5": [
    -0.1933250066666666, 
    -0.1995853866666665, 
    0.24613554000000018, 
    -0.22257017999999984, 
    -0.06368197881078078, 
    0.11794769642051194, 
    0.6569003553946222
  ], 
  "4": [
    -0.5060420066666667, 
    -0.11183561333333321, 
    0.2568618799999998, 
    -0.6142577666666672, 
    -0.04363114539117242, 
    -0.30369488247751836, 
    -0.22442098839938332
  ], 
  "7": [
    -0.036215486666666644, 
    -0.8169787133333333, 
    -0.5433244800000002, 
    -0.03765001333333321, 
    0.005689688373537697, 
    0.012850081588723477, 
    -0.04085203513712858
  ], 
  "6": [
    -0.0697666733333333, 
    -0.45488844666666656, 
    0.6752001933333317, 
    0.5065395866666665, 
    0.06445779411257223, 
    -0.006697611359927692, 
    -0.13342491785690339
  ]
}