{
  "1": 0.0027932028732860297, 
  "3": 0.0011398678019915282, 
  "2": 0.0017433214577957158, 
  "4": 0.0008284717812907276
}