{
  "1": [
    -0.32453114, 
    -0.8817822670703004, 
    0.09792412889299987, 
    0.03472058183433275, 
    -0.039986355361368776, 
    -0.033972872003618274, 
    0.020768656151896867
  ], 
  "3": [
    -0.4606624399999999, 
    0.19110431214261722, 
    -0.21110900400863322, 
    0.052761203642016676, 
    -0.24186254323684667, 
    -0.16852538218001012, 
    -0.01679737130753819
  ], 
  "2": [
    -0.4921722200000002, 
    0.3198748738647833, 
    0.3751529216774585, 
    0.17548343326671106, 
    -0.007954005097397106, 
    0.06024568068747162, 
    0.006464378380422597
  ], 
  "5": [
    -0.2586348333333333, 
    0.09710618230743363, 
    0.07843928461301256, 
    -0.22625265378636494, 
    0.15193427999271802, 
    -0.3604566711895077, 
    0.017096769923219717
  ], 
  "4": [
    -0.6024277399999999, 
    0.02113210225361589, 
    -0.2577660037002781, 
    -0.030553306684432, 
    0.17811601128709292, 
    0.21972678426051562, 
    0.00811891902114332
  ], 
  "7": [
    -0.03260428666666663, 
    0.043439091826438014, 
    0.06908411193339528, 
    -0.21061271596713269, 
    -0.10949716002184623, 
    0.12210093170511113, 
    0.540953383259578
  ], 
  "6": [
    -0.09673391999999996, 
    0.015098324924318956, 
    0.14089376349059504, 
    -0.39473109038418824, 
    -0.15264251774986376, 
    0.1649652645861606, 
    -0.30123474791028343
  ]
}