{
  "1": 277.37111345089176, 
  "3": 0.0977826434559513, 
  "2": 0.3311677619063429, 
  "4": -0.04750410963234966
}