{
  "1": 0.002357730478262625, 
  "3": 0.00196089360848789, 
  "2": 0.0012536531482925405, 
  "4": 0.0014894232128487951
}