{
  "V_10_1": 5.4480657340260885, 
  "V_10_10": 0.0895570965165955, 
  "V_10_11": 0.048008344886938635, 
  "V_10_2": 7.442006145210414, 
  "V_10_3": 6.209866469509915, 
  "V_10_4": 7.603462709965362, 
  "V_10_5": 3.293530238810905, 
  "V_10_6": 1.3213205530699406, 
  "V_10_7": 0.5265325732202694, 
  "V_10_8": 0.2154912466926391, 
  "V_10_9": 0.10257627781543699, 
  "V_11_1": 3.1540142886849627, 
  "V_11_10": 0.048008344886938635, 
  "V_11_11": 0.06435489655508807, 
  "V_11_2": 4.3437746096392305, 
  "V_11_3": 3.5809945122277145, 
  "V_11_4": 4.4245860309153855, 
  "V_11_5": 1.9411475252081165, 
  "V_11_6": 0.7954048444197496, 
  "V_11_7": 0.3269584521916019, 
  "V_11_8": 0.1441003932382444, 
  "V_11_9": 0.07357960603290664, 
  "V_1_1": 914.4920406112725, 
  "V_1_10": 5.4480657340260885, 
  "V_1_11": 3.1540142886849627, 
  "V_1_2": 1240.2399469779616, 
  "V_1_3": 1026.5513207489778, 
  "V_1_4": 1251.1227902289331, 
  "V_1_5": 533.4561237993703, 
  "V_1_6": 207.01721532406975, 
  "V_1_7": 76.99227312482383, 
  "V_1_8": 28.341712532890718, 
  "V_1_9": 11.237431289623903, 
  "V_2_1": 1240.2399469779616, 
  "V_2_10": 7.442006145210414, 
  "V_2_11": 4.3437746096392305, 
  "V_2_2": 1681.8447207630738, 
  "V_2_3": 1391.4507963415176, 
  "V_2_4": 1695.8502582041135, 
  "V_2_5": 723.4344030049505, 
  "V_2_6": 280.81866409112223, 
  "V_2_7": 104.40535670847139, 
  "V_2_8": 38.42904114021791, 
  "V_2_9": 15.227327149131732, 
  "V_3_1": 1026.5513207489778, 
  "V_3_10": 6.209866469509915, 
  "V_3_11": 3.5809945122277145, 
  "V_3_2": 1391.4507963415176, 
  "V_3_3": 1151.9068043691452, 
  "V_3_4": 1403.6850787900996, 
  "V_3_5": 599.076260601668, 
  "V_3_6": 232.5327685751423, 
  "V_3_7": 86.56170694819767, 
  "V_3_8": 31.837495963360606, 
  "V_3_9": 12.606262791366326, 
  "V_4_1": 1251.1227902289331, 
  "V_4_10": 7.603462709965362, 
  "V_4_11": 4.4245860309153855, 
  "V_4_2": 1695.8502582041135, 
  "V_4_3": 1403.6850787900996, 
  "V_4_4": 1711.3387293953788, 
  "V_4_5": 730.3291874515593, 
  "V_4_6": 283.5968443979161, 
  "V_4_7": 105.60820866381853, 
  "V_4_8": 38.87143225291625, 
  "V_4_9": 15.472147447830158, 
  "V_5_1": 533.4561237993703, 
  "V_5_10": 3.293530238810905, 
  "V_5_11": 1.9411475252081165, 
  "V_5_2": 723.4344030049505, 
  "V_5_3": 599.076260601668, 
  "V_5_4": 730.3291874515593, 
  "V_5_5": 312.01675294027217, 
  "V_5_6": 121.3135718853868, 
  "V_5_7": 45.262804774241985, 
  "V_5_8": 16.683641537074926, 
  "V_5_9": 6.6525586338883835, 
  "V_6_1": 207.01721532406975, 
  "V_6_10": 1.3213205530699406, 
  "V_6_11": 0.7954048444197496, 
  "V_6_2": 280.81866409112223, 
  "V_6_3": 232.5327685751423, 
  "V_6_4": 283.5968443979161, 
  "V_6_5": 121.3135718853868, 
  "V_6_6": 47.317317567651415, 
  "V_6_7": 17.666935077470363, 
  "V_6_8": 6.554730307808817, 
  "V_6_9": 2.641605731702791, 
  "V_7_1": 76.99227312482383, 
  "V_7_10": 0.5265325732202694, 
  "V_7_11": 0.3269584521916019, 
  "V_7_2": 104.40535670847139, 
  "V_7_3": 86.56170694819767, 
  "V_7_4": 105.60820866381853, 
  "V_7_5": 45.262804774241985, 
  "V_7_6": 17.666935077470363, 
  "V_7_7": 6.656978445366113, 
  "V_7_8": 2.5001207338120577, 
  "V_7_9": 1.0183541145634367, 
  "V_8_1": 28.341712532890718, 
  "V_8_10": 0.2154912466926391, 
  "V_8_11": 0.1441003932382444, 
  "V_8_2": 38.42904114021791, 
  "V_8_3": 31.837495963360606, 
  "V_8_4": 38.87143225291625, 
  "V_8_5": 16.683641537074926, 
  "V_8_6": 6.554730307808817, 
  "V_8_7": 2.5001207338120577, 
  "V_8_8": 0.9635430167815836, 
  "V_8_9": 0.39849228253426133, 
  "V_9_1": 11.237431289623903, 
  "V_9_10": 0.10257627781543699, 
  "V_9_11": 0.07357960603290664, 
  "V_9_2": 15.227327149131732, 
  "V_9_3": 12.606262791366326, 
  "V_9_4": 15.472147447830158, 
  "V_9_5": 6.6525586338883835, 
  "V_9_6": 2.641605731702791, 
  "V_9_7": 1.0183541145634367, 
  "V_9_8": 0.39849228253426133, 
  "V_9_9": 0.20416642932732174
}