{
  "1": 0.06976938330946378, 
  "3": 0.06055689887364112, 
  "2": 0.07233330186538293, 
  "4": 0.00700261229362492
}