{
  "dV_11": 0.34590909430300665, 
  "dV_12": 0.24222485331076787, 
  "dV_13": 0.18624436997484273, 
  "dV_14": 0.1839533538772364, 
  "dV_15": 0.09009796215673722, 
  "dV_16": 0.04473064860424729, 
  "dV_17": 0.022816893901952566, 
  "dV_21": 0.24222485331076787, 
  "dV_22": 0.33126968535002405, 
  "dV_23": 0.18408588789404873, 
  "dV_24": 0.18171711167294965, 
  "dV_25": 0.08867911397661818, 
  "dV_26": 0.04397857154027602, 
  "dV_27": 0.02242412845096207, 
  "dV_31": 0.18624436997484273, 
  "dV_32": 0.18408588789404873, 
  "dV_33": 0.19570068284348557, 
  "dV_34": 0.1402964793572017, 
  "dV_35": 0.06835201135278715, 
  "dV_36": 0.03385635951065108, 
  "dV_37": 0.017260415026914944, 
  "dV_41": 0.1839533538772364, 
  "dV_42": 0.18171711167294965, 
  "dV_43": 0.1402964793572017, 
  "dV_44": 0.1890387871792511, 
  "dV_45": 0.06796439099799585, 
  "dV_46": 0.03353817424172013, 
  "dV_47": 0.01707249493512981, 
  "dV_51": 0.09009796215673722, 
  "dV_52": 0.08867911397661818, 
  "dV_53": 0.06835201135278715, 
  "dV_54": 0.06796439099799585, 
  "dV_55": 0.046279931534110204, 
  "dV_56": 0.016526714885964727, 
  "dV_57": 0.008395414111911522, 
  "dV_61": 0.04473064860424729, 
  "dV_62": 0.04397857154027602, 
  "dV_63": 0.03385635951065108, 
  "dV_64": 0.03353817424172013, 
  "dV_65": 0.016526714885964727, 
  "dV_66": 0.011532280726408085, 
  "dV_67": 0.0041856234066123335, 
  "dV_71": 0.022816893901952566, 
  "dV_72": 0.02242412845096207, 
  "dV_73": 0.017260415026914944, 
  "dV_74": 0.01707249493512981, 
  "dV_75": 0.008395414111911522, 
  "dV_76": 0.0041856234066123335, 
  "dV_77": 0.003028302905458446
}