{
  "1": [
    0.00031375415001498776, 
    0.20122215632778084, 
    0.21093989741103253, 
    0.23210230164965806, 
    0.19363262820562113, 
    0.20938023683238324, 
    0.1616969084954588
  ], 
  "3": [
    0.00022298728192330245, 
    0.11422360139111792, 
    0.20970261907840562, 
    0.41829164008277653, 
    0.27855129459999034, 
    0.33382772428154733, 
    0.2505600978578923
  ], 
  "2": [
    0.00027500279751771674, 
    0.1802599349028868, 
    0.20693913388083418, 
    0.11437292238458036, 
    0.1497453543359173, 
    0.11784212245405828, 
    0.13709964666929803
  ], 
  "5": [
    0.0001273008639745613, 
    0.0801383481217469, 
    0.1006402596240682, 
    0.2883406631951733, 
    0.42550917393164395, 
    0.42008924555825256, 
    0.3266856879656248
  ], 
  "4": [
    0.00020890607908958806, 
    0.1665142193987065, 
    0.11834872189627445, 
    0.3143178988999377, 
    0.27931765290874894, 
    0.19967401459702677, 
    0.2514935138106152
  ], 
  "7": [
    4.211111175543652e-05, 
    0.04958963182643099, 
    0.06713360585674985, 
    0.29120503759828437, 
    0.4118982317877119, 
    0.48634919563431467, 
    0.39992865900475105
  ], 
  "6": [
    6.681503356494083e-05, 
    0.09033458921177197, 
    0.09548455867773918, 
    0.24654751248878498, 
    0.37512944747863497, 
    0.29521835426144627, 
    0.5181684383997549
  ]
}