{
  "1": 87.86297112910042, 
  "3": 0.010817012776010505, 
  "2": 0.020318325025707858, 
  "4": -0.012062215146089609
}