{
  "1": 467.42233808404183, 
  "2": 1.2007325965193525, 
  "3": 0.3160936704389099, 
  "4": -0.001888283896551576, 
  "5": -0.01320621872719605, 
  "6": -0.40283854073185854, 
  "7": -1.4700672509426977
}