{
  "1": 467.42255336791845, 
  "3": 0.31926938191521487, 
  "2": 1.2092705898084648, 
  "4": 0.004186815596636192
}