{
  "1": [
    0.0006532752368387577, 
    0.030312421745202323, 
    0.16055900369004736, 
    0.257065378262195, 
    0.1346115269585308, 
    0.1090116190402204, 
    0.10053192184427687
  ], 
  "3": [
    0.0005644757047621821, 
    0.031027692775439694, 
    0.24428723371643782, 
    0.28512400205496374, 
    0.2643038401496285, 
    0.34400271880522987, 
    0.29146016117661644
  ], 
  "2": [
    0.0006713867264393642, 
    0.0424038306582987, 
    0.20571123759685167, 
    0.3342145363615152, 
    0.1558872829586229, 
    0.11323808133077373, 
    0.10858552092475712
  ], 
  "5": [
    0.00039292521216719773, 
    0.021417475081995166, 
    0.34831649638845275, 
    0.2278567165168597, 
    0.26856905805379677, 
    0.24025915051605884, 
    0.21741571690729614
  ], 
  "4": [
    0.0004893813958118841, 
    0.023544279657179226, 
    0.18006758168613454, 
    0.20322131684623007, 
    0.26052261267960575, 
    0.24211956217929906, 
    0.2608847848920084
  ], 
  "7": [
    0.00011930941958155892, 
    0.007288459908500472, 
    0.14996243916906343, 
    0.15087269678745496, 
    0.34347982044855535, 
    0.5049957175457012, 
    0.3605141053990184
  ], 
  "6": [
    0.00021238708436710404, 
    0.013984850343557514, 
    0.13150336094813206, 
    0.17776989406975968, 
    0.437196735862273, 
    0.3784442675164048, 
    0.485973175473175
  ]
}