{
  "1": 0.004224926495203714, 
  "3": 0.003476432681498412, 
  "2": 0.007227138152523794, 
  "4": 0.0014244822558951101
}