{
  "1": [
    0.004193629224570423, 
    0.04431579663461225, 
    0.20581203471325962, 
    0.1543056408446454, 
    0.144932697262559, 
    0.12572757494418205, 
    0.08123945739948304
  ], 
  "3": [
    0.0027303804421709016, 
    0.10415660003171676, 
    0.3241850622823442, 
    0.44328444906073244, 
    0.2589120427241869, 
    0.21347823544874367, 
    0.22542719767861294
  ], 
  "2": [
    0.0032316387847192113, 
    0.10245803339871627, 
    0.4298342606971772, 
    0.3418178535523094, 
    0.32195397677394916, 
    0.2799326108378563, 
    0.1822753073617076
  ], 
  "5": [
    0.0016695761160534575, 
    0.058357085601763954, 
    0.27547949616191003, 
    0.39254814928458565, 
    0.38118471672571663, 
    0.26230872305095576, 
    0.3524852473617123
  ], 
  "4": [
    0.0026752609775909384, 
    0.07049524576433157, 
    0.33303641094148545, 
    0.26934795744137446, 
    0.3086408860731739, 
    0.26931175490514103, 
    0.25489836686318246
  ], 
  "7": [
    0.0005395632966690591, 
    0.02048665720940316, 
    0.1563537346047737, 
    0.362477571561452, 
    0.3646334257370712, 
    0.39527065518196214, 
    0.3755180099043115
  ], 
  "6": [
    0.0009496332484159569, 
    0.03557567765699611, 
    0.2954652954225565, 
    0.368907979633299, 
    0.3619864558159949, 
    0.36724371810062845, 
    0.3724091400494827
  ]
}