{
  "dV_11": 1.6254589584264811, 
  "dV_12": 0.9537283391869531, 
  "dV_13": 0.7411455181980547, 
  "dV_14": 0.7309325595796718, 
  "dV_15": 0.4142939765036313, 
  "dV_16": 0.23783227539229723, 
  "dV_17": 0.1396730310676206, 
  "dV_21": 0.9537283391869531, 
  "dV_22": 1.1160869716859454, 
  "dV_23": 0.6155693655869547, 
  "dV_24": 0.6073910988084222, 
  "dV_25": 0.3436004020946858, 
  "dV_26": 0.1972505017960481, 
  "dV_27": 0.11584412278342945, 
  "dV_31": 0.7411455181980547, 
  "dV_32": 0.6155693655869547, 
  "dV_33": 0.6748784937872505, 
  "dV_34": 0.472962474898482, 
  "dV_35": 0.26740457085770625, 
  "dV_36": 0.15337102286378113, 
  "dV_37": 0.09008457162213039, 
  "dV_41": 0.7309325595796718, 
  "dV_42": 0.6073910988084222, 
  "dV_43": 0.472962474898482, 
  "dV_44": 0.6558811471842513, 
  "dV_45": 0.2643335109051851, 
  "dV_46": 0.1515131391257882, 
  "dV_47": 0.0888843434495461, 
  "dV_51": 0.4142939765036313, 
  "dV_52": 0.3436004020946858, 
  "dV_53": 0.26740457085770625, 
  "dV_54": 0.2643335109051851, 
  "dV_55": 0.2111209329338728, 
  "dV_56": 0.08595354462155745, 
  "dV_57": 0.05045163677449155, 
  "dV_61": 0.23783227539229723, 
  "dV_62": 0.1972505017960481, 
  "dV_63": 0.15337102286378113, 
  "dV_64": 0.1515131391257882, 
  "dV_65": 0.08595354462155745, 
  "dV_66": 0.06970500493326534, 
  "dV_67": 0.029026340229963456, 
  "dV_71": 0.1396730310676206, 
  "dV_72": 0.11584412278342945, 
  "dV_73": 0.09008457162213039, 
  "dV_74": 0.0888843434495461, 
  "dV_75": 0.05045163677449155, 
  "dV_76": 0.029026340229963456, 
  "dV_77": 0.024082324442950206
}