{
  "V_11": 24.699355533865013, 
  "V_12": 26.696599266459767, 
  "V_13": 20.85889038109798, 
  "V_14": 25.78728773267749, 
  "V_15": 12.035381816900317, 
  "V_16": 6.060352833801236, 
  "V_17": 2.890674975067556, 
  "V_21": 26.696599266459767, 
  "V_22": 32.521680701137626, 
  "V_23": 26.383346091211617, 
  "V_24": 33.9663524471173, 
  "V_25": 16.068279883592293, 
  "V_26": 7.213133451942211, 
  "V_27": 3.5890864969181013, 
  "V_31": 20.85889038109798, 
  "V_32": 26.383346091211617, 
  "V_33": 23.458843164171842, 
  "V_34": 28.122540675710752, 
  "V_35": 13.296278936345873, 
  "V_36": 6.590075174124285, 
  "V_37": 3.0857575969236626, 
  "V_41": 25.78728773267749, 
  "V_42": 33.9663524471173, 
  "V_43": 28.122540675710752, 
  "V_44": 36.145520642429624, 
  "V_45": 16.907384923334913, 
  "V_46": 8.018784917603103, 
  "V_47": 4.046901319051841, 
  "V_51": 12.035381816900317, 
  "V_52": 16.068279883592293, 
  "V_53": 13.296278936345873, 
  "V_54": 16.907384923334913, 
  "V_55": 8.518031854815666, 
  "V_56": 4.007872105216497, 
  "V_57": 2.175813083377449, 
  "V_61": 6.060352833801236, 
  "V_62": 7.213133451942211, 
  "V_63": 6.590075174124285, 
  "V_64": 8.018784917603103, 
  "V_65": 4.007872105216497, 
  "V_66": 2.0261092602371478, 
  "V_67": 1.0455876670270634, 
  "V_71": 2.890674975067556, 
  "V_72": 3.5890864969181013, 
  "V_73": 3.0857575969236626, 
  "V_74": 4.046901319051841, 
  "V_75": 2.175813083377449, 
  "V_76": 1.0455876670270634, 
  "V_77": 0.5638559972231023
}