{
  "1": [
    -0.4196214199999994, 
    -0.8247093199999995, 
    -0.12996279287722656, 
    0.09598339747943553, 
    -0.028913398396126378, 
    -0.03962647960748229, 
    0.019160837447431068
  ], 
  "3": [
    -0.4278791199999999, 
    0.2606744733333335, 
    -0.4462101877885376, 
    -0.16892346238019634, 
    0.09019657285519748, 
    0.13930243790248384, 
    0.07080608155055788
  ], 
  "2": [
    -0.5171086466666668, 
    -0.08613359333333323, 
    0.3658247040855295, 
    -0.2151335823711407, 
    0.00801227114540806, 
    0.12080580343452911, 
    -0.03149052843298593
  ], 
  "5": [
    -0.25481062666666665, 
    0.2295449600000002, 
    0.011107254677357658, 
    0.19542453399743456, 
    -0.3486429263126045, 
    0.35295218491260355, 
    -0.09286846955567733
  ], 
  "4": [
    -0.5386346799999995, 
    0.38670859999999957, 
    0.11434061925092837, 
    0.19596332352275314, 
    0.1965974050537146, 
    -0.24898447562097442, 
    0.025258464070213923
  ], 
  "7": [
    -0.05998173333333327, 
    0.061874380000000076, 
    0.018830757749314433, 
    -0.02642731869292956, 
    -0.25447361930700824, 
    -0.23449733977307505, 
    0.5395472261839463
  ], 
  "6": [
    -0.12139065333333324, 
    0.07107021333333335, 
    -0.07658629942032029, 
    -0.08603580107161742, 
    -0.2641141700711163, 
    -0.38818690585709864, 
    -0.365637341378682
  ]
}