{
  "1": 121.43685455890285, 
  "3": 1.3878718869453217, 
  "2": 4.716155044261618, 
  "4": 0.7567985991247587
}