{
  "1": 0.06807282788162601, 
  "3": 0.0637123387340471, 
  "2": 0.06852649524997942, 
  "4": 0.01733778649951328
}