{
  "1": 1463.539112759911, 
  "3": 0.1750421319971828, 
  "2": 0.30122038330865053, 
  "4": 0.04847948981022168
}