{
  "1": [
    -0.4165662799999999, 
    -0.4632411142740974, 
    0.2712068073466205, 
    0.39881123781794714, 
    0.06520905705837263, 
    0.047768600963232696, 
    0.0038663494196247007
  ], 
  "3": [
    -0.44837752666666675, 
    0.51303698657991, 
    -0.1314941695974999, 
    0.38453108900481203, 
    0.0070117146716316475, 
    -0.12133217040604592, 
    -0.167063139626022
  ], 
  "2": [
    -0.5585945266666666, 
    -0.2679416497221094, 
    -0.39714425166080425, 
    -0.2469748675643985, 
    0.20848752235972767, 
    -0.04589241943693993, 
    -0.0324597432165117
  ], 
  "5": [
    -0.20184000666666663, 
    0.035909407618273104, 
    -0.22450328253223928, 
    0.12080065105746303, 
    -0.38956107399700707, 
    0.26200175026430156, 
    0.3522748889635357
  ], 
  "4": [
    -0.5167373266666666, 
    0.23092751118340824, 
    0.4128567721766314, 
    -0.41953138016094477, 
    -0.05516182601394497, 
    0.041141740083793614, 
    0.08127812115104696
  ], 
  "7": [
    -0.02393055333333325, 
    -0.08440570692693505, 
    0.02384490816725289, 
    0.01862958065429266, 
    -0.20755805132698224, 
    -0.4974034183014193, 
    0.25445797409771137
  ], 
  "6": [
    -0.0712299266666666, 
    -0.16779884777009565, 
    -0.010787416959749767, 
    -0.12115771361559291, 
    -0.48676375351366913, 
    -0.029465488077058576, 
    -0.389873343783824
  ]
}