{
  "P_1": 647.9092498333333, 
  "P_2": 519.6627788333333, 
  "P_3": 291.87947133333336, 
  "P_4": 246.72316433333333, 
  "P_5": 73.29081, 
  "P_6": 22.44546666666667, 
  "P_7": 7.356215529730237
}