{
  "1": 174.54897575209071, 
  "2": 0.54250362482343573, 
  "3": 0.029338669747640194, 
  "4": 0.012367916021325512, 
  "5": -0.044352847858202406, 
  "6": -0.15164165133158214, 
  "7": -0.5192195661583523
}