{
  "1": [
    0.31239760565878166, 
    -0.6532745385324935, 
    0.5598897176077825, 
    0.04690710023073769, 
    -0.24079091526409457, 
    -0.3073906886236268, 
    -0.08656812936993015
  ], 
  "2": [
    0.47423858541543495, 
    0.6963058589581879, 
    0.25073308140941725, 
    0.08914211914036758, 
    -0.08430793963790266, 
    -0.3943975953927478, 
    -0.23829651157370468
  ], 
  "3": [
    0.45367598511450263, 
    0.09140855556489988, 
    0.378973900342797, 
    -0.22044808827647827, 
    0.27573992103205336, 
    0.5925304653514231, 
    0.40801855756051414
  ], 
  "4": [
    0.6145427610042814, 
    -0.211364061396761, 
    -0.5649498059697711, 
    0.4765930124383501, 
    -0.03197402884901003, 
    0.16112427188712644, 
    -0.06610503887568699
  ], 
  "5": [
    0.2820221887680994, 
    -0.15382333463741626, 
    -0.35542759521526485, 
    -0.6708956083261844, 
    0.3520857436240633, 
    -0.43536852992981234, 
    0.08283746939066855
  ], 
  "6": [
    0.1125698049404587, 
    0.009629935596602234, 
    -0.1046989181389493, 
    -0.5072038268119092, 
    -0.5456469362387116, 
    0.3977193786608416, 
    -0.5129390166237606
  ], 
  "7": [
    0.04257134679060069, 
    0.10773060691601803, 
    -0.15354571533497685, 
    -0.0822101466321919, 
    -0.6604257066307221, 
    -0.1586872928736531, 
    0.7034935898504514
  ]
}