{
  "1": 0.0008219888822135472, 
  "3": 0.0005208414907092016, 
  "2": 0.0013912065578902439, 
  "4": 0.0002911617316130883
}