{
  "1": [
    0.0005965733212316934, 
    0.35986428161635325, 
    0.4758975257449163, 
    0.19657334591922213, 
    0.17934121730383865, 
    0.19012700001006216, 
    0.15576414151188467
  ], 
  "3": [
    0.00038615731453009753, 
    0.23904871369594327, 
    0.23510037278803156, 
    0.3593365288925065, 
    0.34678547775888885, 
    0.3069934613749909, 
    0.2854890908486637
  ], 
  "2": [
    0.0004798781345702284, 
    0.37861014127557524, 
    0.36809952621580844, 
    0.23701545518303216, 
    0.2330300123612234, 
    0.19091885090910582, 
    0.18638164060604542
  ], 
  "5": [
    0.0002409541491479655, 
    0.2334041777332861, 
    0.19408972298887625, 
    0.29699732767853404, 
    0.39017013963258673, 
    0.2708267803679891, 
    0.40388529691946917
  ], 
  "4": [
    0.00036590574064019704, 
    0.35834213388157565, 
    0.22743709649013835, 
    0.19940524815789534, 
    0.24478007149103093, 
    0.15042196819070205, 
    0.2143415397646705
  ], 
  "7": [
    7.52016595554672e-05, 
    0.07937517756465202, 
    0.14314968262011032, 
    0.2444562973041311, 
    0.41033866410822617, 
    0.5627548004537296, 
    0.3786039524800764
  ], 
  "6": [
    0.0001305774577925181, 
    0.06881331062158631, 
    0.08538501448383676, 
    0.32171932269253545, 
    0.42222779992313253, 
    0.38952621636625945, 
    0.45864842312041726
  ]
}