{
  "dV_11": 0.34898673259002083, 
  "dV_12": 0.20617108555545105, 
  "dV_13": 0.16233810315464697, 
  "dV_14": 0.16275250326662608, 
  "dV_15": 0.08974584093006249, 
  "dV_16": 0.04978312675880216, 
  "dV_17": 0.02900864008602442, 
  "dV_21": 0.20617108555545105, 
  "dV_22": 0.2435305321040869, 
  "dV_23": 0.13581796379803016, 
  "dV_24": 0.13622810256661014, 
  "dV_25": 0.07504654275944647, 
  "dV_26": 0.041623805976477246, 
  "dV_27": 0.024242391187414728, 
  "dV_31": 0.16233810315464697, 
  "dV_32": 0.13581796379803016, 
  "dV_33": 0.15082546191509805, 
  "dV_34": 0.10747636386646754, 
  "dV_35": 0.059172466207871276, 
  "dV_36": 0.03279123679404233, 
  "dV_37": 0.019090348457749897, 
  "dV_41": 0.16275250326662608, 
  "dV_42": 0.13622810256661014, 
  "dV_43": 0.10747636386646754, 
  "dV_44": 0.15105689977387937, 
  "dV_45": 0.059505970656578075, 
  "dV_46": 0.03293480882371319, 
  "dV_47": 0.01916428802256389, 
  "dV_51": 0.08974584093006249, 
  "dV_52": 0.07504654275944647, 
  "dV_53": 0.059172466207871276, 
  "dV_54": 0.059505970656578075, 
  "dV_55": 0.04619828561377024, 
  "dV_56": 0.01822958390485504, 
  "dV_57": 0.010610981330365084, 
  "dV_61": 0.04978312675880216, 
  "dV_62": 0.041623805976477246, 
  "dV_63": 0.03279123679404233, 
  "dV_64": 0.03293480882371319, 
  "dV_65": 0.01822958390485504, 
  "dV_66": 0.014316312926534895, 
  "dV_67": 0.005924914506907613, 
  "dV_71": 0.02900864008602442, 
  "dV_72": 0.024242391187414728, 
  "dV_73": 0.019090348457749897, 
  "dV_74": 0.01916428802256389, 
  "dV_75": 0.010610981330365084, 
  "dV_76": 0.005924914506907613, 
  "dV_77": 0.0051398803522814665
}