{
  "1": 174.55010500168396, 
  "3": 0.05968242029619189, 
  "2": 0.5510312605182945, 
  "4": 0.0005104787501553197
}