{"mode1_error": [0.0, 0.0, 0.0, 0.0, 0.0, 0.0, 0.0], "mode2": [0.0002, 0.00046, 0.00021, 0.00064, 0.00329, 0.00925, 0.01851], "mode2_error": [0.0, 0.0, 0.0, 0.0, 0.0, 0.0, 0.0], "mode1": [0.00836, 0.01844, 0.03072, 0.04667, 0.06611, 0.07866, 0.08189]}