{"mode1_error": [0.0, 0.0, 0.0, 0.0, 0.0, 0.0, 0.0], "mode2": [-0.00069, -0.00053, -0.00105, -0.00046, -0.00289, -0.01166, -0.00917], "mode2_error": [0.0, 0.0, 0.0, 0.0, 0.0, 0.0, 0.0], "mode1": [0.01129, 0.02469, 0.04039, 0.06052, 0.08467, 0.10015, 0.10105]}