{"mode1_error": [1.3892482092727258e-06, 1.0320480516095858e-06, 1.2889646780758171e-06, 1.1609293643879773e-06, 3.3450434338993297e-06, 1.2392005005463875e-05, 6.04483985319797e-05], "mode1": [0.010197364868924743, 0.017112738632955433, 0.024533446587331333, 0.033266848045222217, 0.043657581126661266, 0.05126384751710345, 0.05694700539362172]}