{"mode1_error": [3.6752322405569395e-06, 2.7789194470419782e-06, 3.6225136409465483e-06, 4.038960844068249e-06, 1.9999892367979382e-05, 0.00013689017969447832, 0.0010879904809322908], "mode1": [0.04906383655284958, 0.08141329537033798, 0.1146951268256762, 0.15402589759820773, 0.2007015138041947, 0.2312953186652493, 0.24256700827308114]}