{
  "1": 0.001849415177180012, 
  "3": 0.0014238387031481178, 
  "2": 0.0010952016872384286, 
  "4": 0.0010278206872978391
}