{
  "1": [
    -0.4229353051805383, 
    -0.2842211246431426, 
    0.40852492046776767, 
    -0.4598518397113758, 
    -0.5875504365173679, 
    0.11577360350494896, 
    -0.05804060724375613
  ], 
  "2": [
    -0.5651946578834616, 
    -0.3459271428896048, 
    -0.676933360299964, 
    0.2272828120959167, 
    -0.02497638493710455, 
    0.20565618896484947, 
    -0.08986028982289201
  ], 
  "3": [
    -0.4479065325746823, 
    -0.10770456984265503, 
    0.4186862754744195, 
    -0.08644949879933919, 
    0.7639997874067217, 
    0.14408959967266188, 
    -0.02345767906744892
  ], 
  "4": [
    -0.5071969619433379, 
    0.43317147904621534, 
    0.17821608707393133, 
    0.441933249348465, 
    -0.1858093122942592, 
    -0.47918716900817543, 
    0.2527890375143121
  ], 
  "5": [
    -0.19484114300787003, 
    0.5256223020161517, 
    -0.39323110796064525, 
    -0.6975967929378697, 
    0.1274005665584622, 
    -0.16712691902000826, 
    -0.017995094017403818
  ], 
  "6": [
    -0.06984051589903266, 
    0.43583169546845696, 
    0.11308089562991279, 
    0.20867893650786237, 
    -0.10308498625265192, 
    0.3222088964242406, 
    -0.7964883933491402
  ], 
  "7": [
    -0.031159870579941115, 
    0.36617876555458057, 
    0.019785117709994884, 
    0.0625468788848204, 
    -0.09530199526146457, 
    0.7497798803648895, 
    0.5379463466559541
  ]
}