{
  "1": 362.97181782508534, 
  "3": 0.13598813987824038, 
  "2": 0.33126858456449976, 
  "4": 0.11313950711107959
}