{
  "1": 30.403040654167445, 
  "3": 0.009879167589294177, 
  "2": 0.039684170066181496, 
  "4": 0.007181344170353306
}