{"mode1_error": [0.0, 0.0, 0.0, 0.0, 0.0, 0.0, 0.0], "mode2": [0.00028, -0.00056, 0.00031, 0.00059, -0.00171, -0.00158, -0.00051], "mode2_error": [0.0, 0.0, 0.0, 0.0, 0.0, 0.0, 0.0], "mode1": [0.01098, 0.0235, 0.03829, 0.05814, 0.08614, 0.11273, 0.13859]}