{
  "1": 1517.0573013164442, 
  "2": 1.380395093863813, 
  "3": 0.56451213085389296, 
  "4": 0.27574616802651924, 
  "5": 0.032823855987295439, 
  "6": -0.013358454727957488, 
  "7": -0.16798228811474952
}