{
  "1": 0.0018685917078075703, 
  "3": 0.001422941536887623, 
  "2": 0.0010877764978633215, 
  "4": 0.0010272660998331211
}