{
  "1": [
    5.362022469547742e-05, 
    0.13920303625696612, 
    0.3519541002282791, 
    0.3606013479259101, 
    0.3217782726836933, 
    0.277234126565905, 
    0.20725612618301037
  ], 
  "3": [
    4.3278701413991174e-05, 
    0.11006868781967272, 
    0.3607384053389827, 
    0.38283236320208897, 
    0.4216266885871244, 
    0.252709302276981, 
    0.2518653357449957
  ], 
  "2": [
    4.949299727878555e-05, 
    0.120891306653519, 
    0.28329461054946, 
    0.36305828388272116, 
    0.29553600182106654, 
    0.2043299152425449, 
    0.16514006088933822
  ], 
  "5": [
    2.668012235980428e-05, 
    0.08087182955212581, 
    0.3280483302225944, 
    0.3028693639432015, 
    0.36050778174244996, 
    0.30542181556431436, 
    0.33111651178165413
  ], 
  "4": [
    4.310337637847447e-05, 
    0.0938151231759892, 
    0.3322254064995722, 
    0.25369338620848175, 
    0.3273747013294871, 
    0.2182807463116731, 
    0.18486230159140662
  ], 
  "7": [
    0.0, 
    0.036037382685540444, 
    0.16186447398893103, 
    0.21071150906847494, 
    0.33347872748034285, 
    0.46677793615889984, 
    0.2930098346418441
  ], 
  "6": [
    9.05454083980115e-06, 
    0.059152618794962565, 
    0.2636822586034239, 
    0.36266749383795, 
    0.2705293008835766, 
    0.4737888131556499, 
    0.3593853646028569
  ]
}