{
  "1": [
    -0.41832264666666663, 
    -0.33483652159413085, 
    -0.3050281455584371, 
    0.13045146712769534, 
    -0.22219983831429643, 
    -0.09379337710533865, 
    0.00764170888991239
  ], 
  "3": [
    -0.44841938666666675, 
    -0.16500009004502203, 
    -0.2242390248486897, 
    -0.23874349997598746, 
    0.06822620873102772, 
    0.23379405271671916, 
    -0.045145846768002304
  ], 
  "2": [
    -0.5609237533333334, 
    -0.30754961814240367, 
    0.42176749370324407, 
    -0.10016736781443601, 
    0.0010041255932817948, 
    -0.09661344561804174, 
    0.04734590050667893
  ], 
  "5": [
    -0.1998219533333333, 
    0.49041856594964106, 
    -0.12456691477764027, 
    -0.2128454161263991, 
    0.035003927397903846, 
    -0.32668876201351266, 
    -0.16730926608321728
  ], 
  "4": [
    -0.5136194333333334, 
    0.49584385192596375, 
    0.01633801360851129, 
    0.317262320510974, 
    0.15878446252542663, 
    0.07282805214577986, 
    0.04128177491171514
  ], 
  "7": [
    -0.024033333333333236, 
    0.22395507420376848, 
    -0.019462482613435358, 
    -0.11589524564183824, 
    -0.0929139779898816, 
    0.0954311923113519, 
    0.6622274911715048
  ], 
  "6": [
    -0.07056792, 
    0.4041029948307481, 
    0.12102331867223018, 
    -0.1270364452768579, 
    -0.34743930005737367, 
    0.20078354743553195, 
    -0.18690267157991775
  ]
}