{"mode1_error": [2e-06, 2e-06, 3e-06, 4e-06, 8e-06, 1.5e-05, 2.3e-05], "mode2": [0.00016, 0.00022, 0.0001, 0.0, 5e-05, 0.0, 0.0], "mode2_error": [3.7e-05, 5e-05, 2.1e-05, 0.0, 1.4e-05, 0.0, 0.0], "mode1": [0.0059, 0.01295, 0.02161, 0.03297, 0.04685, 0.05603, 0.05898]}