{"mode1_error": [2e-06, 2e-06, 3e-06, 4e-06, 8e-06, 1e-05, 3.5e-05], "mode2": [-0.00014, -0.00019, -0.00014, -0.0002, -0.00042, -0.00306, -0.00485], "mode2_error": [4e-05, 4e-05, 7.4e-05, 0.000122, 0.000241, 0.000732, 0.00121], "mode1": [0.0066, 0.01452, 0.02425, 0.03693, 0.05242, 0.06256, 0.06579]}