{"mode1_error": [4e-06, 5e-06, 7e-06, 8e-06, 1.7e-05, 3e-05, 8.2e-05], "mode2": [0.00027, 0.00024, 0.00043, 0.00058, 0.00139, 0.0027, 0.00843], "mode2_error": [9.6e-05, 0.000104, 0.000131, 0.000215, 0.00063, 0.002097, 0.005889], "mode1": [0.01, 0.02199, 0.03634, 0.05482, 0.07719, 0.09146, 0.09421]}