{"mode1_error": [2e-06, 2e-06, 3e-06, 3e-06, 7e-06, 1.9e-05, 5.9e-05], "mode2": [3e-05, 0.00034, -9e-05, -0.00033, -0.00114, -0.0036, -0.00772], "mode2_error": [6.1e-05, 7.5e-05, 0.00011, 0.000115, 0.000312, 0.000992, 0.001984], "mode1": [0.0059, 0.01294, 0.02161, 0.03297, 0.04683, 0.05603, 0.05903]}