{
  "1": 0.0012528945954965887, 
  "3": 0.0007904605511958467, 
  "2": 0.0019514134465009787, 
  "4": 0.00025742605005752675
}