{
  "1": 808.1571823539642, 
  "3": 0.07463021360172337, 
  "2": 0.8073583314440547, 
  "4": 0.008208782770722265
}