{
  "1": [
    -0.2856948133333333, 
    0.6785969399672964, 
    0.08212862551440339, 
    0.31301294702620075, 
    -0.11911255167230315, 
    0.006733142067792903, 
    0.02771738192975917
  ], 
  "3": [
    -0.47136851333333324, 
    0.32724221643808227, 
    0.24788970370370356, 
    -0.38671380761139673, 
    -0.04897620255543056, 
    -0.02066980129635541, 
    0.04195014719907122
  ], 
  "2": [
    -0.5042752466666667, 
    -0.5840075783361706, 
    0.28510661728395065, 
    0.13910851979345945, 
    -0.21739168545659604, 
    0.012767516735734806, 
    -0.03211408964630754
  ], 
  "5": [
    -0.2555594866666666, 
    -0.03259259518804, 
    -0.3453760823045278, 
    -0.0516629852744302, 
    -0.11322494363021453, 
    -0.4355099776856881, 
    -0.0031031015466265943
  ], 
  "4": [
    -0.6056684933333334, 
    -0.08243147128508, 
    -0.2690458353909474, 
    0.0852904188181297, 
    0.377675864336715, 
    0.1337630113696739, 
    0.021508276319608888
  ], 
  "7": [
    -0.03192115999999992, 
    -0.04601047485567457, 
    -0.2259955884773667, 
    -0.09079128896538556, 
    -0.2408964111236379, 
    0.17507456168313712, 
    0.5114881577310604
  ], 
  "6": [
    -0.09344697333333327, 
    0.0652564454232991, 
    -0.27430953086419757, 
    -0.13754600305985845, 
    -0.27166794438181147, 
    0.2790631176283068, 
    -0.42869831654019985
  ]
}