{"mode1_error": [0.0, 0.0, 0.0, 0.0, 0.0, 0.0, 0.0], "mode2": [-0.00701, -0.00904, 0.00194, 0.02808, 0.05208, 0.0597, 0.05834], "mode2_error": [0.0, 0.0, 0.0, 0.0, 0.0, 0.0, 0.0], "mode1": [0.06713, 0.11008, 0.15292, 0.20447, 0.2719, 0.33309, 0.39025]}