{
  "1": [
    -0.4211666666666667, 
    -0.6468333333333334, 
    -0.5389666666666666, 
    -0.16243333333333332, 
    0.29376666666666673, 
    0.030966666666666812, 
    -0.008566666666666608
  ], 
  "3": [
    -0.4481666666666666, 
    0.17123333333333335, 
    0.4538333333333333, 
    -0.5946333333333333, 
    0.23303333333333343, 
    0.14990000000000014, 
    0.3654333333333335
  ], 
  "2": [
    -0.5635, 
    -0.2377666666666667, 
    0.2705666666666666, 
    0.24183333333333334, 
    -0.6995, 
    -0.03456666666666663, 
    -0.06203333333333327
  ], 
  "5": [
    -0.19696666666666662, 
    0.4595666666666667, 
    -0.4071, 
    -0.4820333333333333, 
    -0.2679666666666667, 
    -0.27616666666666667, 
    -0.4514333333333334
  ], 
  "4": [
    -0.5099666666666667, 
    0.4229666666666667, 
    -0.026633333333333287, 
    0.5597000000000001, 
    0.4673000000000001, 
    -0.10003333333333331, 
    -0.13669999999999993
  ], 
  "7": [
    -0.023899999999999918, 
    0.1569666666666667, 
    -0.33296666666666663, 
    0.09236666666666671, 
    -0.17543333333333333, 
    -0.4809666666666667, 
    0.7702333333333333
  ], 
  "6": [
    -0.06923333333333326, 
    0.28469999999999995, 
    -0.39116666666666666, 
    0.08610000000000007, 
    -0.22176666666666664, 
    0.8110333333333335, 
    0.21636666666666685
  ]
}