{
  "1": 16.027853518052488, 
  "2": 0.40649747860646307, 
  "3": 0.091161055786849771, 
  "4": 0.016208010278599867, 
  "5": -0.0029113315051400158, 
  "6": -0.35933538257158143, 
  "7": -1.0495390769787711
}