{
  "1": [
    0.012003375437968663, 
    0.21757965120204542, 
    0.3323807841318431, 
    0.3083880453812089, 
    0.17646821943301888, 
    0.14134964520641363, 
    0.11614440113608474
  ], 
  "3": [
    0.008682265536214607, 
    0.21335512954592442, 
    0.40060049451248886, 
    0.26801334293653484, 
    0.20459778890293026, 
    0.175379471045805, 
    0.1608709125191316
  ], 
  "2": [
    0.010890851410427798, 
    0.27787181095291785, 
    0.2910076898189583, 
    0.3819895921070766, 
    0.2132931841747301, 
    0.16869750324455374, 
    0.12696208418418453
  ], 
  "5": [
    0.004926056542235575, 
    0.09761107212442151, 
    0.2262424873802255, 
    0.30145424097774276, 
    0.3294487410782153, 
    0.41318917909288927, 
    0.3567915437300846
  ], 
  "4": [
    0.008272620738270068, 
    0.19160349543921157, 
    0.4267946449669532, 
    0.28660312175207336, 
    0.2038486113738829, 
    0.15608976053809456, 
    0.14799832625301446
  ], 
  "7": [
    0.0013004135874747822, 
    0.03066570425628488, 
    0.05802560215940355, 
    0.11216244166091795, 
    0.3725416438818154, 
    0.4638960548951545, 
    0.38107921022764785
  ], 
  "6": [
    0.0025437792255603928, 
    0.06645892950041792, 
    0.2395766506653072, 
    0.292165196630856, 
    0.4325420320695015, 
    0.3738211425480994, 
    0.4045555939410057
  ]
}