{
  "1": 16.02937262972422, 
  "3": 0.09831288846812422, 
  "2": 0.4340162536630631, 
  "4": 0.02393516593339481
}