{
  "1": 413.68592812845327, 
  "2": 0.51381245812435017, 
  "3": 0.10420875050153058, 
  "4": 0.036536935554597215, 
  "5": -0.044453963273077386, 
  "6": -0.10574392295732594, 
  "7": -0.4388434537169994
}