{
  "1": [
    0.00029289957255227713, 
    0.37295088525678594, 
    0.4680296827668725, 
    0.19951612166264035, 
    0.14306060828188794, 
    0.12298388133691078, 
    0.12143611336698394
  ], 
  "3": [
    0.00019181524398870843, 
    0.28831996587184194, 
    0.25861923425378336, 
    0.33555315384883405, 
    0.2947188758601964, 
    0.3326752066724264, 
    0.31348964761020337
  ], 
  "2": [
    0.00023285586584090987, 
    0.45653987223390374, 
    0.30715011392567565, 
    0.22457962757304903, 
    0.17132532309414975, 
    0.15021633270802273, 
    0.1466718843680014
  ], 
  "5": [
    0.00012063600280068945, 
    0.1740917632605403, 
    0.2010204837454913, 
    0.3470143737551341, 
    0.37959037200009155, 
    0.44584359719696565, 
    0.37510509463458486
  ], 
  "4": [
    0.00018322831906866373, 
    0.1969246357608046, 
    0.23964898622731887, 
    0.2545127923457406, 
    0.275066460561754, 
    0.2818504671530592, 
    0.2512844468154435
  ], 
  "7": [
    4.0227561038713554e-05, 
    0.043353737694439884, 
    0.09458117479730527, 
    0.4059313060004186, 
    0.49398344088804147, 
    0.3543992887954647, 
    0.529101256974198
  ], 
  "6": [
    6.738888494782586e-05, 
    0.1756016549535746, 
    0.20497059304956455, 
    0.29113896988561405, 
    0.42390126381909654, 
    0.5223082659778265, 
    0.33023348816199266
  ]
}