{
  "1": [
    8.919266897313018e-05, 
    0.2059463819588528, 
    0.3328881191026939, 
    0.2540682625160291, 
    0.21968071995216132, 
    0.2458511365037231, 
    0.1712471280907348
  ], 
  "3": [
    6.493414634171239e-05, 
    0.19711412195041855, 
    0.29930981893922837, 
    0.3455333663345659, 
    0.35672624742240405, 
    0.3870015418698697, 
    0.2838761320755387
  ], 
  "2": [
    7.84203257390963e-05, 
    0.2715494417797538, 
    0.29399173971556203, 
    0.28594599635865137, 
    0.28954218346017147, 
    0.318560599687621, 
    0.2641828294701996
  ], 
  "5": [
    3.916863864700692e-05, 
    0.2142085350843692, 
    0.40272416373627923, 
    0.44615734981698413, 
    0.40305154520333314, 
    0.3525828594438619, 
    0.3086158557381112
  ], 
  "4": [
    6.051702615710225e-05, 
    0.23179142813194276, 
    0.3966173082288324, 
    0.34325068277941495, 
    0.3014958677064162, 
    0.2417479890537624, 
    0.2219146069400398
  ], 
  "7": [
    2.9422213825406814e-05, 
    0.046672376786775126, 
    0.17316364510152488, 
    0.40023606601969536, 
    0.4158387637035043, 
    0.39995186395420823, 
    0.6875221664208496
  ], 
  "6": [
    3.297872647772828e-05, 
    0.11725892229195013, 
    0.3263764483990904, 
    0.3992529444246449, 
    0.3590073301255834, 
    0.5305578255663422, 
    0.35553995935766974
  ]
}