{
  "1": 213.41427294721078, 
  "3": 0.0673139315492614, 
  "2": 0.11474788743405462, 
  "4": 0.0423871298403539
}