{
  "1": 0.0023839276173998974, 
  "3": 0.001169866581734117, 
  "2": 0.002281071528385876, 
  "4": 0.0008782703450357547
}