{
  "V_11": 655.0722094065948, 
  "V_12": 877.4599223223538, 
  "V_13": 700.0238909863468, 
  "V_14": 799.7526400096905, 
  "V_15": 308.82382802878027, 
  "V_16": 107.94002684741409, 
  "V_17": 36.028660419755965, 
  "V_21": 877.4599223223538, 
  "V_22": 1175.5456417305963, 
  "V_23": 936.8978945045488, 
  "V_24": 1070.724005567311, 
  "V_25": 413.66966642845955, 
  "V_26": 144.38605650916756, 
  "V_27": 48.16755572766996, 
  "V_31": 700.0238909863468, 
  "V_32": 936.8978945045488, 
  "V_33": 747.2008413462721, 
  "V_34": 853.4997318793817, 
  "V_35": 329.9081449102225, 
  "V_36": 115.21418014582346, 
  "V_37": 38.430206578679595, 
  "V_41": 799.7526400096905, 
  "V_42": 1070.724005567311, 
  "V_43": 853.4997318793817, 
  "V_44": 975.4156308615497, 
  "V_45": 376.8675743627672, 
  "V_46": 131.63105592001315, 
  "V_47": 43.91971769843357, 
  "V_51": 308.82382802878027, 
  "V_52": 413.66966642845955, 
  "V_53": 329.9081449102225, 
  "V_54": 376.8675743627672, 
  "V_55": 145.87158019688528, 
  "V_56": 50.8827073113062, 
  "V_57": 16.977017001197083, 
  "V_61": 107.94002684741409, 
  "V_62": 144.38605650916756, 
  "V_63": 115.21418014582346, 
  "V_64": 131.63105592001315, 
  "V_65": 50.8827073113062, 
  "V_66": 17.821517705127764, 
  "V_67": 5.941236429754765, 
  "V_71": 36.028660419755965, 
  "V_72": 48.16755572766996, 
  "V_73": 38.430206578679595, 
  "V_74": 43.91971769843357, 
  "V_75": 16.977017001197083, 
  "V_76": 5.941236429754765, 
  "V_77": 2.0276300315011215
}