{
  "1": 3718.556843648193, 
  "3": 0.29816881403158263, 
  "2": 0.5779786282778296, 
  "4": 0.14155719374430736
}