{
  "1": 1785.0453631900323, 
  "2": 0.65919769316413213, 
  "3": 0.27856064401238179, 
  "4": 0.18251414992419351, 
  "5": 0.116031744032131, 
  "6": 0.040824539243569692, 
  "7": -0.37620236247277311
}