{
  "1": 0.0011361033562092674, 
  "3": 0.0007909890693627695, 
  "2": 0.0011415283837885773, 
  "4": 0.00022912707528931312
}