{
  "V_11": 318.4098734970706, 
  "V_12": 425.91875465005376, 
  "V_13": 338.3061503412402, 
  "V_14": 383.1326386530648, 
  "V_15": 146.90304144786006, 
  "V_16": 51.082553794283264, 
  "V_17": 18.277087985872047, 
  "V_21": 425.91875465005376, 
  "V_22": 569.4892568428465, 
  "V_23": 451.79199830912836, 
  "V_24": 512.2188311936103, 
  "V_25": 196.48065256962033, 
  "V_26": 68.3015043607568, 
  "V_27": 24.423157189237696, 
  "V_31": 338.3061503412402, 
  "V_32": 451.79199830912836, 
  "V_33": 358.8455806150772, 
  "V_34": 406.93972394168804, 
  "V_35": 156.05115640037445, 
  "V_36": 54.21281743947946, 
  "V_37": 19.367596874157623, 
  "V_41": 383.1326386530648, 
  "V_42": 512.2188311936103, 
  "V_43": 406.93972394168804, 
  "V_44": 461.6720883025375, 
  "V_45": 177.03210444431232, 
  "V_46": 61.52746916253342, 
  "V_47": 21.997744828798318, 
  "V_51": 146.90304144786006, 
  "V_52": 196.48065256962033, 
  "V_53": 156.05115640037445, 
  "V_54": 177.03210444431232, 
  "V_55": 68.02341560214217, 
  "V_56": 23.648648081701484, 
  "V_57": 8.454018117744738, 
  "V_61": 51.082553794283264, 
  "V_62": 68.3015043607568, 
  "V_63": 54.21281743947946, 
  "V_64": 61.52746916253342, 
  "V_65": 23.648648081701484, 
  "V_66": 8.270930012729467, 
  "V_67": 2.9543501232476923, 
  "V_71": 18.277087985872047, 
  "V_72": 24.423157189237696, 
  "V_73": 19.367596874157623, 
  "V_74": 21.997744828798318, 
  "V_75": 8.454018117744738, 
  "V_76": 2.9543501232476923, 
  "V_77": 1.2351447255328187
}