{
  "1": [
    -0.4224141600000001, 
    -0.18073658911619114, 
    -0.3041129205830273, 
    -0.2624802934568937, 
    0.07736616981831691, 
    0.09259625133880757, 
    0.007171278272663817
  ], 
  "3": [
    -0.44837910666666675, 
    0.09156371841155247, 
    0.23569517095763542, 
    -0.40382499297949953, 
    0.08997071560993704, 
    0.14659982149232412, 
    -0.0659499358480882
  ], 
  "2": [
    -0.5646939266666666, 
    -0.24065104292017772, 
    0.14632550742405637, 
    0.30751436394271325, 
    -0.08737400815721168, 
    -0.11011405053750666, 
    0.01816389530408038
  ], 
  "5": [
    -0.19497748666666662, 
    0.0940802379997326, 
    -0.05037449938700485, 
    0.2898117452962656, 
    -0.021173845012977054, 
    0.44532618905946375, 
    -0.2378766926940142
  ], 
  "4": [
    -0.5083768333333334, 
    0.2961343227704241, 
    -0.10180442718975632, 
    0.09532570204998597, 
    -0.061008253615127885, 
    -0.2905871276131536, 
    0.07732046262692908
  ], 
  "7": [
    -0.024233333333333325, 
    0.010571058965102353, 
    0.01764689415610956, 
    0.21821443414771188, 
    0.4719499221357067, 
    -0.003012420167400245, 
    0.012926100663514246
  ], 
  "6": [
    -0.06776733999999997, 
    0.02998510496055628, 
    0.019280186623075877, 
    0.1185628475147427, 
    0.0003515164998151657, 
    0.2701185965329845, 
    0.3400077972066426
  ]
}