{
  "dV_11": 0.22397884621478406, 
  "dV_12": 0.1511933094353756, 
  "dV_13": 0.11811560849958894, 
  "dV_14": 0.11702825384180209, 
  "dV_15": 0.05925807074000935, 
  "dV_16": 0.02971354221615045, 
  "dV_17": 0.01520755116620575, 
  "dV_21": 0.1511933094353756, 
  "dV_22": 0.20348138097614143, 
  "dV_23": 0.1127529764444693, 
  "dV_24": 0.11143391877282241, 
  "dV_25": 0.05641655938010623, 
  "dV_26": 0.028323398292707625, 
  "dV_27": 0.01450839040072869, 
  "dV_31": 0.11811560849958894, 
  "dV_32": 0.1127529764444693, 
  "dV_33": 0.12383902870628666, 
  "dV_34": 0.0871720674269171, 
  "dV_35": 0.044068356006764516, 
  "dV_36": 0.022135242971212523, 
  "dV_37": 0.011340887296214961, 
  "dV_41": 0.11702825384180209, 
  "dV_42": 0.11143391877282241, 
  "dV_43": 0.0871720674269171, 
  "dV_44": 0.11985707038201865, 
  "dV_45": 0.04372020651533852, 
  "dV_46": 0.021919330765269397, 
  "dV_47": 0.011236438529094405, 
  "dV_51": 0.05925807074000935, 
  "dV_52": 0.05641655938010623, 
  "dV_53": 0.044068356006764516, 
  "dV_54": 0.04372020651533852, 
  "dV_55": 0.031122237676574245, 
  "dV_56": 0.01116335067109565, 
  "dV_57": 0.005703998623197476, 
  "dV_61": 0.02971354221615045, 
  "dV_62": 0.028323398292707625, 
  "dV_63": 0.022135242971212523, 
  "dV_64": 0.021919330765269397, 
  "dV_65": 0.01116335067109565, 
  "dV_66": 0.007899737441869354, 
  "dV_67": 0.0028754261946198484, 
  "dV_71": 0.01520755116620575, 
  "dV_72": 0.01450839040072869, 
  "dV_73": 0.011340887296214961, 
  "dV_74": 0.011236438529094405, 
  "dV_75": 0.005703998623197476, 
  "dV_76": 0.0028754261946198484, 
  "dV_77": 0.0021196394169394972
}