{
  "1": [
    0.0006273621414634425, 
    0.206067058103193, 
    0.31331922764116504, 
    0.30899596982843375, 
    0.2782863963307409, 
    0.2270994693462227, 
    0.1941845550167658
  ], 
  "3": [
    0.0004374422606779485, 
    0.1548687065173297, 
    0.33684690180958016, 
    0.36839269695337534, 
    0.2330526427819078, 
    0.23844436908946431, 
    0.1632619455960403
  ], 
  "2": [
    0.0005436658084447466, 
    0.1833814280503488, 
    0.3447497806273514, 
    0.3286724909921848, 
    0.3360955329481596, 
    0.22216032066754554, 
    0.16172400906595302
  ], 
  "5": [
    0.00025680350973103055, 
    0.19913571509066902, 
    0.3378393289512714, 
    0.33194465669498857, 
    0.2652495463906362, 
    0.38303928430695383, 
    0.21065192158835397
  ], 
  "4": [
    0.00040380227825339887, 
    0.1550676558535479, 
    0.2975556063063218, 
    0.3031432469559367, 
    0.2665150280964192, 
    0.2677691008011241, 
    0.19519052922688301
  ], 
  "7": [
    7.551105849955374e-05, 
    0.10453791319891963, 
    0.15682739642272164, 
    0.1696312756304249, 
    0.2962908697679412, 
    0.3983243197529223, 
    0.6263382980243657
  ], 
  "6": [
    0.00013452981808509604, 
    0.14368304574220372, 
    0.29136416577787516, 
    0.29901203613654864, 
    0.36100853633931557, 
    0.4570297698702269, 
    0.4223122569811329
  ]
}