{
  "1": 269.9816211315058, 
  "3": 0.1281057895041144, 
  "2": 0.5216990378451705, 
  "4": -0.025202569866425408
}