{
  "1": 87.86631255488496, 
  "3": 0.013936453843702918, 
  "2": 0.02701145279870792, 
  "4": -0.010615018375701137
}