{
  "1": [
    5.1022922574117965e-05, 
    0.06630443439791342, 
    0.22530297781455788, 
    0.25162467894428664, 
    0.1757677763172906, 
    0.14099701622237062, 
    0.13102943978675088
  ], 
  "3": [
    4.150560067519596e-05, 
    0.08077430149918248, 
    0.31942702555112146, 
    0.28597980671995055, 
    0.3552673171686402, 
    0.32154030025760805, 
    0.24070520893034258
  ], 
  "2": [
    4.780793854424262e-05, 
    0.06238619047278394, 
    0.24238815125491373, 
    0.2575507348475147, 
    0.17265746653473268, 
    0.14674925083521523, 
    0.14001184799529878
  ], 
  "5": [
    3.125266149589294e-05, 
    0.04954038020995144, 
    0.19950717789531552, 
    0.22469181365477991, 
    0.2863343638953431, 
    0.42192685929621615, 
    0.388191657938601
  ], 
  "4": [
    4.183862969636125e-05, 
    0.049121882891171316, 
    0.18069679142389103, 
    0.23592772119670496, 
    0.30701072218856523, 
    0.27137927720171395, 
    0.2811950750120848
  ], 
  "7": [
    1.3250167292483387e-05, 
    0.024085465993843435, 
    0.16172823584136953, 
    0.20443212713370318, 
    0.4261920537645042, 
    0.3894158174221208, 
    0.48049793798438317
  ], 
  "6": [
    1.3172953744774589e-05, 
    0.034648902430008954, 
    0.20774462409178676, 
    0.23746699160375873, 
    0.41467059085375163, 
    0.3907464961207006, 
    0.480317991717577
  ]
}