{
  "1": 0.0008591876213350473, 
  "3": 0.0004870070987350144, 
  "2": 0.000697493078175711, 
  "4": 0.00033765439074075356
}