{
  "1": 1798.908514633871, 
  "3": 0.2092824693555635, 
  "2": 0.8232795735799723, 
  "4": 0.09450483792076861
}