{
  "1": [
    -0.4143329466666666, 
    -0.6139106066666679, 
    -0.4640355086635795, 
    0.341957041769717, 
    0.011237763946056238, 
    -0.08942864661906197, 
    0.05367357001972397
  ], 
  "3": [
    -0.44848633333333326, 
    -0.0016921799999999247, 
    -0.3088849922799789, 
    -0.6387213794998626, 
    0.1350511695612893, 
    0.1208506185255959, 
    0.03297983819743939
  ], 
  "2": [
    -0.5567393133333333, 
    -0.12917043333333347, 
    0.6899982329730662, 
    0.07048699505358616, 
    0.24505430846969925, 
    -0.062328361661470474, 
    0.08979140507471683
  ], 
  "5": [
    -0.20486173999999996, 
    0.44932179333333433, 
    -0.20590373992108477, 
    0.2939217092607865, 
    0.3715477529029878, 
    0.31746703878775684, 
    -0.3242260589041555
  ], 
  "4": [
    -0.5188343333333333, 
    0.37979220000000125, 
    0.012695923829130214, 
    0.07356468123110771, 
    -0.5639920188736078, 
    -0.015073287740118827, 
    -0.09133477417845064
  ], 
  "7": [
    -0.025631839999999947, 
    0.25479735333333325, 
    -0.09617661005318265, 
    0.142024560318769, 
    0.010804607971087178, 
    0.2989084481544806, 
    0.6263316852204726
  ], 
  "6": [
    -0.07357904666666666, 
    0.42686926000000003, 
    -0.20786525647623955, 
    0.047751401483924136, 
    0.1979689689790183, 
    -0.6430123403399356, 
    0.14606761274362312
  ]
}