{
  "1": [
    -0.284334287300292, 
    -0.37158361794809497, 
    0.7375626800311885, 
    -0.4665523014313347, 
    0.076720068736492, 
    0.11627419716841077, 
    0.0020525881975242523
  ], 
  "2": [
    -0.5007548973453484, 
    -0.41344060617066536, 
    -0.12214255235017017, 
    0.24957555464711778, 
    -0.22796584845216317, 
    -0.6234964889654235, 
    0.24574038652445263
  ], 
  "3": [
    -0.4698586859996452, 
    -0.0317753839129631, 
    -0.6030143376015022, 
    -0.5790837783097178, 
    -0.03237331422302831, 
    0.27339177621444083, 
    -0.058887449749167736
  ], 
  "4": [
    -0.6083612116158861, 
    0.2642485816893035, 
    0.10591897386440155, 
    0.46798299267442367, 
    0.49993806118307677, 
    0.23560229532136776, 
    -0.15619188915970145
  ], 
  "5": [
    -0.25939250365339295, 
    0.38303775129262085, 
    0.21811100096175784, 
    0.13066462915004165, 
    -0.8074701134910967, 
    0.2631372938893821, 
    0.010135899805305791
  ], 
  "6": [
    -0.09569791282585376, 
    0.5755241714024278, 
    0.12447821904886046, 
    -0.3503683235328026, 
    0.07077329204741112, 
    -0.630871438976323, 
    -0.3440253145863283
  ], 
  "7": [
    -0.032945952273718764, 
    0.3771067505500976, 
    0.056303941203206954, 
    -0.16082189332188582, 
    0.18477733478628766, 
    -0.015521807458012987, 
    0.8906669735620499
  ]
}