{
  "1": [
    -0.28433442, 
    -0.3736097903329423, 
    0.553323817744832, 
    -0.20932341798113138, 
    0.034747715440043486, 
    0.057042888384220794, 
    0.0196122795316438
  ], 
  "3": [
    -0.4698583866666668, 
    -0.17309610577861426, 
    -0.34500935987272036, 
    -0.41705893649550657, 
    0.013413782331626116, 
    0.15678476743208014, 
    -0.028375759596857737
  ], 
  "2": [
    -0.5007546133333334, 
    -0.3984745726899539, 
    -0.14329339223452128, 
    0.16462319051348015, 
    -0.14724511224957337, 
    -0.330207284044074, 
    0.1096040165999704
  ], 
  "5": [
    -0.25939277333333327, 
    -0.12792543600952141, 
    0.13604053688094475, 
    0.09356643547003787, 
    -0.36437703777749963, 
    0.18362277735722124, 
    -0.07759434563509597
  ], 
  "4": [
    -0.6083613266666666, 
    -0.20379459511730438, 
    0.042413049659795046, 
    0.281513543647686, 
    0.24575941938439755, 
    0.10730859618134388, 
    -0.04254298206610339
  ], 
  "7": [
    -0.03296159999999992, 
    -0.15093366599874017, 
    0.07223648827053919, 
    -0.0971897117500096, 
    0.037878049897955825, 
    0.040388358987299915, 
    0.4972827701200542
  ], 
  "6": [
    -0.09569907333333336, 
    -0.29123590260868265, 
    0.13646963542195598, 
    -0.20164178319722564, 
    0.013674809446457924, 
    -0.4052191016906376, 
    -0.18293737957610673
  ]
}