{
  "1": 1099.7931175572257, 
  "3": 0.137792901146042, 
  "2": 0.2844894274831537, 
  "4": 0.06794578714315988
}