{
  "1": 83.97181455245068, 
  "3": 0.9795289304016535, 
  "2": 2.986445131981257, 
  "4": 0.13334143609341986
}