{
  "P_1": 392.4488667333834, 
  "P_2": 255.30125911099992, 
  "P_3": 151.22477608206154, 
  "P_4": 137.00383679426236, 
  "P_5": 44.63897956800934, 
  "P_6": 14.834240321340042, 
  "P_7": 5.266561926009005
}