{"mode1_error": [1.5e-05, 1.6e-05, 2.3e-05, 2.5e-05, 5.2e-05, 8.8e-05, 0.000145], "mode2": [-0.00073, -5e-05, 0.00054, 0.00054, -0.00026, -0.00181, -0.00166], "mode2_error": [0.000181, 0.000231, 0.000361, 0.000418, 0.001439, 0.002499, 0.004219], "mode1": [0.00273, 0.00584, 0.00982, 0.01491, 0.02112, 0.02485, 0.02612]}