{"mode1_error": [8e-06, 9e-06, 1.3e-05, 1.4e-05, 2.9e-05, 4.9e-05, 8.4e-05], "mode2": [-0.00012, -0.00029, 0.0005, 0.00025, -0.00064, 0.00142, 0.00022], "mode2_error": [0.000329, 0.000238, 0.000485, 0.000482, 0.002049, 0.001925, 0.004005], "mode1": [0.00588, 0.01292, 0.02164, 0.03299, 0.04686, 0.05618, 0.05912]}