{"mode1_error": [8e-06, 9e-06, 1.3e-05, 1.4e-05, 2.9e-05, 5e-05, 8.6e-05], "mode2": [-0.00064, -0.00024, 0.00013, 0.00098, 0.00059, 0.00117, 0.00152], "mode2_error": [5e-05, 0.000108, 0.00019, 0.000124, 0.000374, 0.000594, 0.000987], "mode1": [0.00661, 0.01452, 0.02425, 0.03694, 0.05245, 0.06259, 0.06569]}