{
  "P_1": 2627.773493400205, 
  "P_2": 1696.9092347572853, 
  "P_3": 1007.5855850410785, 
  "P_4": 929.1917375277444, 
  "P_5": 313.737887205025, 
  "P_6": 107.87753206725715, 
  "P_7": 38.58083955748332
}