{
  "1": 1.4975481660844222e-05, 
  "3": 2.3114818420244114e-07, 
  "2": 8.758394379547795e-07, 
  "5": 4.591901986159776e-08, 
  "4": 2.2259388869101404e-08, 
  "7": 2.4934411839666234e-07, 
  "6": 4.480039131196474e-08
}