{
  "1": 284.8327519401157, 
  "3": 0.12731952357921758, 
  "2": 0.2945987643543, 
  "4": 0.08575337355183105
}