{
  "P_1": 997.1706366475794, 
  "P_2": 643.9715998611834, 
  "P_3": 379.8173734166233, 
  "P_4": 344.1418020128405, 
  "P_5": 112.7583666493146, 
  "P_6": 37.755724449071664, 
  "P_7": 13.293394280145602
}