{
  "1": 0.06785177414828923, 
  "3": 0.09903255058245473, 
  "2": 0.06434178917396112, 
  "4": 0.016030035010138895
}