{
  "1": 270.1137799770072, 
  "3": 0.15083581630794407, 
  "2": 0.5022612892244656, 
  "4": 0.0008241188441051739
}