{
  "1": [
    -0.2868629167237692, 
    -0.7021138922058687, 
    0.46706556909533864, 
    -0.21893699569452388, 
    -0.3048901685561247, 
    0.22001727060874995, 
    0.13151608728151248
  ], 
  "2": [
    -0.5061547613819313, 
    -0.35541446783008596, 
    -0.7271414466328922, 
    0.27189327552458076, 
    0.051678333289117834, 
    0.10716480347476448, 
    -0.025929359136996365
  ], 
  "3": [
    -0.47198855264114664, 
    0.17456802635234428, 
    -0.05798874964902527, 
    -0.7670102256148887, 
    0.2946193131530633, 
    -0.2543418389494667, 
    -0.059959305737406786
  ], 
  "4": [
    -0.6040598125975072, 
    0.27149540006859946, 
    0.48452605852553776, 
    0.5161724292549814, 
    0.2121333706851015, 
    -0.09571407425274472, 
    -0.07772233568755899
  ], 
  "5": [
    -0.25375803318470164, 
    0.40638674154249727, 
    -0.12131834957891388, 
    -0.040749953880804005, 
    -0.8190699082133084, 
    -0.11114830333310376, 
    0.2661738460714764
  ], 
  "6": [
    -0.09208401263919935, 
    0.2874915236141453, 
    0.0005301397723142388, 
    -0.14401407326042687, 
    -0.08358416591005177, 
    0.8152519507478841, 
    -0.46530287784618696
  ], 
  "7": [
    -0.03135233213028571, 
    0.16950318726829267, 
    -0.016384483067606048, 
    -0.031644330955665836, 
    0.30774730057928196, 
    0.43504880409877744, 
    0.8276714461954326
  ]
}