{
  "1": 0.0011163376308698566, 
  "3": 0.0010918713635379804, 
  "2": 0.0015287467545964271, 
  "4": 0.0005314870902061955
}