{
  "1": [
    0.0002951237752580354, 
    0.31038100021899, 
    0.3990010373594396, 
    0.23284277911261736, 
    0.16593986434637067, 
    0.17519801844078098, 
    0.15231986699428246
  ], 
  "3": [
    0.00020724826155240546, 
    0.13490217939226762, 
    0.2848390713419913, 
    0.23015427674947178, 
    0.25549938562263214, 
    0.217379857769472, 
    0.2082862066898323
  ], 
  "2": [
    0.0002588195529673341, 
    0.38553183054453943, 
    0.3044545097053827, 
    0.2519539801590554, 
    0.16536904149002418, 
    0.12398361370866728, 
    0.1271604469129937
  ], 
  "5": [
    0.0001195433265391345, 
    0.1821677071959649, 
    0.2565974080669886, 
    0.28863195443950435, 
    0.27271610579155425, 
    0.3383067961481732, 
    0.29770175796515336
  ], 
  "4": [
    0.0001992089949900449, 
    0.23519000514741864, 
    0.2721437927501933, 
    0.24540983331164157, 
    0.1826861851343199, 
    0.13390413216587255, 
    0.1289217589902341
  ], 
  "7": [
    3.744837276374627e-05, 
    0.07843385413430835, 
    0.10963978986008306, 
    0.1284376526980005, 
    0.37868444655293704, 
    0.4172385854636169, 
    0.39055387651007545
  ], 
  "6": [
    6.313012981970001e-05, 
    0.13465656998952893, 
    0.18167798300440832, 
    0.20174403392070528, 
    0.3322915301777283, 
    0.4101695097470596, 
    0.3648606838897451
  ]
}