{
  "dV_11": 0.4007669453415189, 
  "dV_12": 0.2643534630027431, 
  "dV_13": 0.2036289966239352, 
  "dV_14": 0.1986930112669909, 
  "dV_15": 0.10343746774287026, 
  "dV_16": 0.054616989617729456, 
  "dV_17": 0.03024836407344031, 
  "dV_21": 0.2643534630027431, 
  "dV_22": 0.34795432706624435, 
  "dV_23": 0.18992409824309944, 
  "dV_24": 0.18515032661731773, 
  "dV_25": 0.09635524013695454, 
  "dV_26": 0.05087577104301435, 
  "dV_27": 0.02818723185866641, 
  "dV_31": 0.2036289966239352, 
  "dV_32": 0.18992409824309944, 
  "dV_33": 0.2062635887253439, 
  "dV_34": 0.14293894087969955, 
  "dV_35": 0.07424568968044694, 
  "dV_36": 0.0392306240233992, 
  "dV_37": 0.021734186765520844, 
  "dV_41": 0.1986930112669909, 
  "dV_42": 0.18515032661731773, 
  "dV_43": 0.14293894087969955, 
  "dV_44": 0.1947441416831519, 
  "dV_45": 0.07265360343525593, 
  "dV_46": 0.03828671954118721, 
  "dV_47": 0.02121759682622345, 
  "dV_51": 0.10343746774287026, 
  "dV_52": 0.09635524013695454, 
  "dV_53": 0.07424568968044694, 
  "dV_54": 0.07265360343525593, 
  "dV_55": 0.05321162072616177, 
  "dV_56": 0.020015611597748534, 
  "dV_57": 0.011071434150304394, 
  "dV_61": 0.054616989617729456, 
  "dV_62": 0.05087577104301435, 
  "dV_63": 0.0392306240233992, 
  "dV_64": 0.03828671954118721, 
  "dV_65": 0.020015611597748534, 
  "dV_66": 0.014942712427602919, 
  "dV_67": 0.005874042729659717, 
  "dV_71": 0.03024836407344031, 
  "dV_72": 0.02818723185866641, 
  "dV_73": 0.021734186765520844, 
  "dV_74": 0.02121759682622345, 
  "dV_75": 0.011071434150304394, 
  "dV_76": 0.005874042729659717, 
  "dV_77": 0.004672629883963624
}