{
  "1": 439.941396630914, 
  "3": 0.27316800161904586, 
  "2": 0.5864022385628638, 
  "4": 0.0808665059538329
}