{
  "1": 79.178984067608383, 
  "2": 1.1611578736269206, 
  "3": 0.43797293988870589, 
  "4": 0.037617376858562097, 
  "5": -0.056104013072275125, 
  "6": -0.087806627343441204, 
  "7": -0.44557796928896126
}