{
  "1": [
    -0.3755477599999997, 
    0.39981196641910977, 
    0.15474184180099318, 
    -0.2249437514331565, 
    -0.14925454817091371, 
    0.10696231389034849, 
    -0.009210102052517103
  ], 
  "3": [
    -0.44880325333333293, 
    0.27254348382880816, 
    -0.4383525402978995, 
    -0.05456289841779277, 
    -0.06257738933708946, 
    0.008374741636013448, 
    -0.01577175018155414
  ], 
  "2": [
    -0.5504360333333334, 
    0.3237020897655094, 
    0.08706704754131854, 
    0.30602776886035293, 
    -0.034023404618602794, 
    -0.008385444035732747, 
    0.016088892711080667
  ], 
  "5": [
    -0.23831682, 
    0.19234121948697147, 
    0.10445395497517526, 
    -0.004473125429947106, 
    -0.15016018696375913, 
    -0.009221203363110692, 
    -0.4028409624278559
  ], 
  "4": [
    -0.5337481799999999, 
    0.27316130737900474, 
    0.11039487179487185, 
    -0.11235038599709656, 
    0.3179348828275069, 
    -0.1265162462778072, 
    0.11656044413866921
  ], 
  "7": [
    -0.0471199466666666, 
    0.0843085048488058, 
    0.04672704210025169, 
    -0.0216638003516013, 
    -0.38054882400648854, 
    -0.23700479943948122, 
    0.24772933914306433
  ], 
  "6": [
    -0.10316327333333332, 
    0.14475555077673175, 
    0.04735369652451903, 
    0.02440367652679093, 
    -0.12741674563537836, 
    0.4025086705202306, 
    0.23026289416351353
  ]
}