{
  "1": 79.18049482255515, 
  "3": 0.4391085776754162, 
  "2": 1.1763155937980454, 
  "4": 0.05479503866468656
}