{
  "P_1": 123.81750463330852, 
  "P_2": 101.31598460777995, 
  "P_3": 57.618048188103096, 
  "P_4": 48.32172959779508, 
  "P_5": 13.686616873953867, 
  "P_6": 3.9828031213032515, 
  "P_7": 1.7482442778730065
}