{
  "1": [
    0.0005075872328104948, 
    0.14474972605934305, 
    0.3480481620495464, 
    0.4927159703947324, 
    0.16876543919015563, 
    0.16600728138061158, 
    0.14916864673710734
  ], 
  "3": [
    0.00035745537513862097, 
    0.10281385570929809, 
    0.38750435768123526, 
    0.3234215539044442, 
    0.16503830994004567, 
    0.23224659162634936, 
    0.1961708207925979
  ], 
  "2": [
    0.00044050548508637325, 
    0.08095174978009383, 
    0.2928722002296992, 
    0.32534672338464826, 
    0.12115537129066012, 
    0.15118141147375042, 
    0.12061949179334892
  ], 
  "5": [
    0.00020238896749104088, 
    0.11191651854123752, 
    0.3707771823869527, 
    0.3086594444068807, 
    0.22755223954616974, 
    0.22595727411010372, 
    0.38425083848718117
  ], 
  "4": [
    0.0003325510604774369, 
    0.09310061871946004, 
    0.21692705554418532, 
    0.25348334349435375, 
    0.1776293942749801, 
    0.2968146025667169, 
    0.2386269497176551
  ], 
  "7": [
    7.58466027959684e-05, 
    0.08474170973829129, 
    0.2671313162460714, 
    0.20971162719070738, 
    0.2877807187089055, 
    0.4443499071740185, 
    0.33167476436641447
  ], 
  "6": [
    0.00010590318766989191, 
    0.07860501164731264, 
    0.3052424357023528, 
    0.3088851824788212, 
    0.278739888913773, 
    0.24598088268770776, 
    0.39258401346997823
  ]
}