{
  "1": 0.013329099656571168, 
  "3": 0.006421088547576533, 
  "2": 0.01928491532779364, 
  "4": 0.0037009028127739907
}