{
  "1": 30.383404636278378, 
  "3": 0.024343852873278695, 
  "2": 0.06554149781329158, 
  "4": 0.004628731410568265
}