{
  "1": [
    0.2898319666666667, 
    -0.32482794150486805, 
    0.18528240471482316, 
    -0.02694786863120041, 
    -0.12370859386152762, 
    0.12759116692294561, 
    0.020869983108804155
  ], 
  "3": [
    0.47311443333333364, 
    -0.2501524466262041, 
    0.10735179326121533, 
    -0.3327229520488877, 
    0.2829015203426127, 
    -0.139347479924825, 
    0.17938097886540613
  ], 
  "2": [
    0.5122625266666668, 
    -0.22399320238200646, 
    -0.4175880617269589, 
    0.05154052787463006, 
    0.11972030692362606, 
    0.03615423714334535, 
    0.1330466485395296
  ], 
  "5": [
    0.24712927333333345, 
    -0.16942152319067136, 
    0.1912088519250901, 
    0.21259671203089284, 
    0.3111934118486799, 
    0.4697570049547251, 
    0.05584569274502522
  ], 
  "4": [
    0.5991059266666668, 
    -0.12996650121522219, 
    0.07634455042456675, 
    0.09917949611967178, 
    -0.44011082798001516, 
    -0.09710979839398581, 
    -0.29941165492522454
  ], 
  "7": [
    0.0391964466666668, 
    -0.08359879725035341, 
    0.12079125663991294, 
    0.16750551868931152, 
    -0.30852676659528827, 
    -0.19758898001025196, 
    0.5359706711160553
  ], 
  "6": [
    0.09060448, 
    -0.2041786067987248, 
    0.12903577604590727, 
    0.22513666629175583, 
    0.4362999785867235, 
    -0.43862373141978367, 
    -0.1601538128785072
  ]
}