{
  "1": [
    -0.41433339035597366, 
    -0.6186529751468295, 
    -0.49959515438577795, 
    0.42249430956848333, 
    -0.03327023850101138, 
    -0.10359860464814383, 
    0.0752329609908815
  ], 
  "2": [
    -0.5567391146921056, 
    -0.12878629324427393, 
    0.7294541528386361, 
    0.11153703134155521, 
    0.3236750040207518, 
    -0.07058182549135911, 
    0.1384358193269802
  ], 
  "3": [
    -0.4484864244828347, 
    -0.0026845939596255156, 
    -0.32504487995898745, 
    -0.7808533842703889, 
    0.24088587493345787, 
    0.15153541988502398, 
    0.04977499446508341
  ], 
  "4": [
    -0.5188344524899993, 
    0.3825228071183389, 
    0.023488932889991165, 
    0.04177555216121285, 
    -0.7465882490836955, 
    -0.025266529114797286, 
    -0.15542771649118173
  ], 
  "5": [
    -0.2048626828809377, 
    0.45203523947380875, 
    -0.22652707368664143, 
    0.39738221379019245, 
    0.46826390878222485, 
    0.36345125327972333, 
    -0.4394318863125466
  ], 
  "6": [
    -0.07358946079464959, 
    0.4294278556391272, 
    -0.22382090140018096, 
    0.07064398378301016, 
    0.2417177504267609, 
    -0.7945133430094913, 
    0.2557557753428911
  ], 
  "7": [
    -0.02561269596815932, 
    0.2561396905576942, 
    -0.10336878468973375, 
    0.18621935521137756, 
    -0.031764846144044574, 
    0.44422504242929217, 
    0.830679722306199
  ]
}