{
  "1": [
    6.007388050234452e-05, 
    0.05600442895309158, 
    0.11602092960701961, 
    0.19190974291485394, 
    0.1915467641751875, 
    0.08132028555166132, 
    0.0838887562214783
  ], 
  "3": [
    4.6531266036728677e-05, 
    0.04878395786250685, 
    0.2181018433847024, 
    0.25787161879819026, 
    0.33242468589591684, 
    0.11072645050715592, 
    0.12796544220201472
  ], 
  "2": [
    5.407858615677739e-05, 
    0.07025863736149061, 
    0.08422556372600444, 
    0.231465279279393, 
    0.16174001991887732, 
    0.08616100913217352, 
    0.1200969247787832
  ], 
  "5": [
    3.3616860717132886e-05, 
    0.03142650096007124, 
    0.14152237009412136, 
    0.26042785345163016, 
    0.26215149245687897, 
    0.23529732436543913, 
    0.27697879271330833
  ], 
  "4": [
    4.5435167102549464e-05, 
    0.02644790301382151, 
    0.11866671976043462, 
    0.29853617813757616, 
    0.2795436253261634, 
    0.1290965994688843, 
    0.22913099168927148
  ], 
  "7": [
    9.287496967029983e-06, 
    0.016707480459524308, 
    0.0723053447249362, 
    0.10150938683474546, 
    0.2712816289983722, 
    0.4296236098101397, 
    0.3604000193899926
  ], 
  "6": [
    2.5711973846518578e-05, 
    0.026678368766619904, 
    0.10278510705810691, 
    0.1515947324369793, 
    0.17120587417173697, 
    0.2668261177975248, 
    0.38827317662698724
  ]
}