{
  "1": [
    -0.4143346733333333, 
    -0.6153808666666659, 
    -0.46610646468809863, 
    0.3417991807792915, 
    0.009905605283449302, 
    -0.0900762255149008, 
    0.052859228760795476
  ], 
  "3": [
    -0.44848615333333336, 
    -0.0013044399999999174, 
    -0.3042941123935153, 
    -0.6438890747624963, 
    0.1372432498575211, 
    0.1221548667809029, 
    0.03548923478610175
  ], 
  "2": [
    -0.5567389066666667, 
    -0.12812546666666627, 
    0.6897453215169009, 
    0.07259973840011029, 
    0.2455558852123773, 
    -0.06543334005308639, 
    0.09178592756242876
  ], 
  "5": [
    -0.20486153333333332, 
    0.44823771333333307, 
    -0.20826598653476108, 
    0.29470018587360597, 
    0.3724360085822516, 
    0.3207935725565309, 
    -0.32477534310771805
  ], 
  "4": [
    -0.5188346999999999, 
    0.3800453866666664, 
    0.01170798296235234, 
    0.07558025609252383, 
    -0.5655897314693744, 
    -0.0124916742263884, 
    -0.09491659637142592
  ], 
  "7": [
    -0.025632013333333283, 
    0.25435016666666715, 
    -0.09715229458642496, 
    0.14656019551149668, 
    0.010234915686077128, 
    0.3007980344723317, 
    0.6361652674566508
  ], 
  "6": [
    -0.07357878666666667, 
    0.42627774, 
    -0.2083850164880451, 
    0.04618910918353303, 
    0.19731712427503423, 
    -0.651949706010817, 
    0.14362671888598805
  ]
}