{
  "1": 0.029172101267932914, 
  "3": 0.018626657550600757, 
  "2": 0.026188622560680587, 
  "4": 0.0019061163763458725
}