{
  "1": [
    7.812240984134989e-05, 
    0.02626267392441871, 
    0.07649958590153107, 
    0.11749080633383727, 
    0.07477820795901659, 
    0.058952993489731834, 
    0.03919941696007852
  ], 
  "3": [
    5.744450910183014e-05, 
    0.04612527837673351, 
    0.13078053493792105, 
    0.1961517179659924, 
    0.2985488092721559, 
    0.321043620701979, 
    0.19767444836666634
  ], 
  "2": [
    6.869486543015438e-05, 
    0.06642257389404638, 
    0.1008704320878762, 
    0.20581376894463396, 
    0.2604198642883742, 
    0.3456541325281837, 
    0.18398133407727515
  ], 
  "5": [
    3.582354499100857e-05, 
    0.04731586335590507, 
    0.1960200914723069, 
    0.14848858078163066, 
    0.3548717148401282, 
    0.24751646712571865, 
    0.25054554447872895
  ], 
  "4": [
    5.401850617231881e-05, 
    0.03183574632902384, 
    0.16982794399165804, 
    0.14942642951522594, 
    0.14242577399185086, 
    0.11892354899225943, 
    0.06884592946036246
  ], 
  "7": [
    6.666332891423118e-07, 
    0.02119353862221626, 
    0.0846742019473958, 
    0.07334310535747608, 
    0.28252538185387704, 
    0.4178803037826237, 
    0.3376492592313136
  ], 
  "6": [
    1.7640312487902166e-05, 
    0.02937793974853352, 
    0.12153668348774467, 
    0.09781858736178144, 
    0.353149180120376, 
    0.384277217410039, 
    0.2673397344835793
  ]
}