{
  "1": 439.6309240564829, 
  "3": 0.034910727264231105, 
  "2": 0.14873590282329843, 
  "4": 0.0013264158496525905
}