{
  "P_1": 170.60352855139251, 
  "P_10": 1.193778210125171, 
  "P_11": 1.1189597492578243, 
  "P_2": 143.60711084952916, 
  "P_3": 85.25877128831897, 
  "P_4": 77.24841344419956, 
  "P_5": 25.090864114492497, 
  "P_6": 8.312810401516616, 
  "P_7": 3.1812600806178764, 
  "P_8": 1.7802969841481366, 
  "P_9": 1.3555415346912147
}