{
  "1": [
    0.0002893698102903014, 
    0.4209907320806211, 
    0.3989740228761383, 
    0.23273867977615506, 
    0.22798129698965167, 
    0.07814398764767613, 
    0.07446723436717362
  ], 
  "3": [
    0.00020288470769633924, 
    0.2581069073616266, 
    0.276809358728094, 
    0.25161686376990733, 
    0.30934412867445493, 
    0.19617210051214584, 
    0.20195579025854019
  ], 
  "2": [
    0.0002510500743021836, 
    0.38522527024847514, 
    0.427538747032636, 
    0.12850263856069732, 
    0.12757095161363885, 
    0.0668692451208355, 
    0.06393413834829902
  ], 
  "5": [
    0.00011820337370274305, 
    0.10538748453314797, 
    0.20049846198236468, 
    0.2619043314859145, 
    0.31418425275998374, 
    0.2765925035403241, 
    0.42171495668885517
  ], 
  "4": [
    0.00019266201619679244, 
    0.23370269339695057, 
    0.24204284202433868, 
    0.2698212029875069, 
    0.23272079733812662, 
    0.19525948530749532, 
    0.18414829813178576
  ], 
  "7": [
    3.701257383736754e-05, 
    0.06542902468594686, 
    0.1498724716208583, 
    0.1791359274982948, 
    0.2724809652023955, 
    0.4277400147708394, 
    0.47727887754548237
  ], 
  "6": [
    6.200515212653889e-05, 
    0.09972086704186567, 
    0.1985178534890183, 
    0.1901142673600764, 
    0.3096758901109679, 
    0.5114589658146581, 
    0.3220061669958623
  ]
}