{
  "1": 210.7707233232005, 
  "3": 0.08322107325637652, 
  "2": 0.2951780570889738, 
  "4": 0.01434725529983439
}