{
  "1": 3.924836871345616e-06, 
  "3": 1.2718607004496886e-08, 
  "2": 4.271823710740724e-08, 
  "4": 1.736501451835071e-09
}