{
  "1": 30.3835551149522, 
  "3": 0.023437410599938834, 
  "2": 0.06431767529754104, 
  "4": 0.004175896925526667
}