{
  "1": 1067.1348747869401, 
  "2": 0.36356020316429472, 
  "3": 0.086620409103683724, 
  "4": 0.0022645795344251865, 
  "5": -0.26577530326914811, 
  "6": -0.3237495226584029, 
  "7": -0.87303532281652729
}