{
  "1": [
    7.540268704148454e-05, 
    0.1577847467642206, 
    0.20752310087798154, 
    0.36177798441585873, 
    0.3329117739258156, 
    0.22848782731136763, 
    0.12537044035130004
  ], 
  "3": [
    5.5771647402801546e-05, 
    0.12817139519822046, 
    0.2800883921973626, 
    0.2960430400076908, 
    0.2586875863797727, 
    0.2066146536133893, 
    0.18570051233182386
  ], 
  "2": [
    6.619605578003179e-05, 
    0.1367853244478745, 
    0.16039448158424113, 
    0.21156041425302233, 
    0.180188459046853, 
    0.0923412615217242, 
    0.12295320127612343
  ], 
  "5": [
    3.712953651975186e-05, 
    0.0861855946020643, 
    0.2256698111520236, 
    0.3516330643754823, 
    0.3134108091254962, 
    0.23726356030006965, 
    0.23852889334945757
  ], 
  "4": [
    5.125039123835949e-05, 
    0.10834198563753362, 
    0.25248440919599524, 
    0.2253182655799291, 
    0.27846044944882375, 
    0.17660956150347915, 
    0.1617634598315543
  ], 
  "7": [
    3.328892775839043e-05, 
    0.05491762066610989, 
    0.08101017118006965, 
    0.22819537699462764, 
    0.3064825651919719, 
    0.3497489027241364, 
    0.3262234430916132
  ], 
  "6": [
    3.328623273223838e-05, 
    0.0849386991205343, 
    0.15802083003531897, 
    0.3448289879989963, 
    0.3191320994284325, 
    0.2218987680990155, 
    0.29621069985551823
  ]
}