{
  "1": 1067.1343798523878, 
  "3": 0.0875515440380327, 
  "2": 0.36854594340362484, 
  "4": 0.0023032954117128616
}