{
  "1": [
    0.00014615777190397903, 
    0.06657607372396704, 
    0.22000565391549026, 
    0.25529288188906296, 
    0.21761238923991857, 
    0.1296526921996899, 
    0.1079169436154785
  ], 
  "3": [
    0.00010169582110352588, 
    0.07308294222863226, 
    0.3997209032004486, 
    0.33191286380524543, 
    0.4007167971383225, 
    0.21810115219745904, 
    0.20101507791824738
  ], 
  "2": [
    0.00012061000974908188, 
    0.08429378206416112, 
    0.2309466516125652, 
    0.323086549400055, 
    0.25068659455286846, 
    0.16849418165030533, 
    0.14789236108933204
  ], 
  "5": [
    5.714262703363324e-05, 
    0.05914457592608382, 
    0.272536571078198, 
    0.4702636436301887, 
    0.3033542900692813, 
    0.3436627483616961, 
    0.3050685319187295
  ], 
  "4": [
    0.00010125098378444038, 
    0.05074920371678219, 
    0.26086010243992763, 
    0.2963916598248086, 
    0.27379639149556356, 
    0.19346426585136806, 
    0.15720824605810485
  ], 
  "7": [
    2.5433290519096774e-05, 
    0.02371911777193943, 
    0.10946986383607464, 
    0.238657073545996, 
    0.3267565783400028, 
    0.32293814868317033, 
    0.5819202882668112
  ], 
  "6": [
    3.158857109230035e-05, 
    0.03902952277934993, 
    0.16292077428416984, 
    0.32692333520163047, 
    0.3021589416785904, 
    0.5397209143451357, 
    0.2817338077869564
  ]
}