{
  "1": 2613.0832041809044, 
  "3": 0.35769375365441197, 
  "2": 2.9369369149064934, 
  "4": 0.06548445001271834
}