{
  "1": 808.49575530747688, 
  "2": 0.86818489246024688, 
  "3": 0.11809808762107053, 
  "4": -0.001848322362493707, 
  "5": -0.086556739244026112, 
  "6": -0.20285475848014961, 
  "7": -0.43763444476211877
}