{
  "dV_11": 0.5969660984204944, 
  "dV_12": 0.39541534821681373, 
  "dV_13": 0.3056659195718844, 
  "dV_14": 0.30098649910034797, 
  "dV_15": 0.1560315942740666, 
  "dV_16": 0.08198061882772315, 
  "dV_17": 0.04516251325812169, 
  "dV_21": 0.39541534821681373, 
  "dV_22": 0.5225739958169845, 
  "dV_23": 0.286190261944075, 
  "dV_24": 0.2812690363946283, 
  "dV_25": 0.14597482289676184, 
  "dV_26": 0.07671708014826865, 
  "dV_27": 0.04227761210626847, 
  "dV_31": 0.3056659195718844, 
  "dV_32": 0.286190261944075, 
  "dV_33": 0.3113186955800142, 
  "dV_34": 0.21774985023549415, 
  "dV_35": 0.11276438433884095, 
  "dV_36": 0.05929173663828119, 
  "dV_37": 0.03268147017074301, 
  "dV_41": 0.30098649910034797, 
  "dV_42": 0.2812690363946283, 
  "dV_43": 0.21774985023549415, 
  "dV_44": 0.2984221287757287, 
  "dV_45": 0.11116757375060471, 
  "dV_46": 0.05837417656041888, 
  "dV_47": 0.032183546230277534, 
  "dV_51": 0.1560315942740666, 
  "dV_52": 0.14597482289676184, 
  "dV_53": 0.11276438433884095, 
  "dV_54": 0.11116757375060471, 
  "dV_55": 0.08112342029550146, 
  "dV_56": 0.030414756106155082, 
  "dV_57": 0.01673515220615028, 
  "dV_61": 0.08198061882772315, 
  "dV_62": 0.07671708014826865, 
  "dV_63": 0.05929173663828119, 
  "dV_64": 0.05837417656041888, 
  "dV_65": 0.030414756106155082, 
  "dV_66": 0.02256013746164906, 
  "dV_67": 0.008828034933007229, 
  "dV_71": 0.04516251325812169, 
  "dV_72": 0.04227761210626847, 
  "dV_73": 0.03268147017074301, 
  "dV_74": 0.032183546230277534, 
  "dV_75": 0.01673515220615028, 
  "dV_76": 0.008828034933007229, 
  "dV_77": 0.006900814794901799
}