{
  "V_11": 66.63902881553446, 
  "V_12": 116.25126856469451, 
  "V_13": 109.30967029578463, 
  "V_14": 139.83277109890807, 
  "V_15": 59.171937123825685, 
  "V_16": 21.573692192040667, 
  "V_17": 7.366818974947331, 
  "V_21": 116.25126856469451, 
  "V_22": 205.79848881983526, 
  "V_23": 192.0831363038373, 
  "V_24": 246.8642931409359, 
  "V_25": 104.36767651874162, 
  "V_26": 38.13243447795848, 
  "V_27": 13.041561804718057, 
  "V_31": 109.30967029578463, 
  "V_32": 192.0831363038373, 
  "V_33": 179.68308412755493, 
  "V_34": 230.85522612721803, 
  "V_35": 97.54617174591729, 
  "V_36": 35.636714039688215, 
  "V_37": 12.161940920262296, 
  "V_41": 139.83277109890807, 
  "V_42": 246.8642931409359, 
  "V_43": 230.85522612721803, 
  "V_44": 296.2685188952266, 
  "V_45": 124.99912536063866, 
  "V_46": 45.74714714095489, 
  "V_47": 15.584733079703804, 
  "V_51": 59.171937123825685, 
  "V_52": 104.36767651874162, 
  "V_53": 97.54617174591729, 
  "V_54": 124.99912536063866, 
  "V_55": 52.60390194969832, 
  "V_56": 19.23035580826893, 
  "V_57": 6.526706941598732, 
  "V_61": 21.573692192040667, 
  "V_62": 38.13243447795848, 
  "V_63": 35.636714039688215, 
  "V_64": 45.74714714095489, 
  "V_65": 19.23035580826893, 
  "V_66": 6.981575704058006, 
  "V_67": 2.3473557724585876, 
  "V_71": 7.366818974947331, 
  "V_72": 13.041561804718057, 
  "V_73": 12.161940920262296, 
  "V_74": 15.584733079703804, 
  "V_75": 6.526706941598732, 
  "V_76": 2.3473557724585876, 
  "V_77": 0.7785457108019244
}