{
  "1": [
    -0.28602343333333335, 
    0.7094372549019604, 
    0.04291296253199885, 
    -0.2331518397383484, 
    0.06379761425182415, 
    -0.06170395466203359, 
    -0.007984867771315723
  ], 
  "3": [
    -0.4715684266666667, 
    0.2629369201339074, 
    0.2848587541695751, 
    0.3289208776233305, 
    -0.0062800725124208204, 
    0.036227244146604186, 
    0.0166710084494678
  ], 
  "2": [
    -0.5042718199999998, 
    -0.4856780624444912, 
    0.31348298813125525, 
    -0.15292142273098913, 
    0.17750541605120645, 
    -0.02323033010672591, 
    -0.026981729397563665
  ], 
  "5": [
    -0.2556271866666666, 
    0.01692906333265025, 
    -0.43692592506399824, 
    0.15419802852730027, 
    0.2610180251555437, 
    0.2764722015388437, 
    -0.104449712864406
  ], 
  "4": [
    -0.6053375133333333, 
    -0.13517645009223173, 
    -0.2885439764176559, 
    -0.10116456800217997, 
    -0.29868123629201876, 
    -0.011186820551004617, 
    0.07213885292073595
  ], 
  "7": [
    -0.03186869999999993, 
    -0.019255530504884828, 
    -0.12295766814056364, 
    0.06250282547469801, 
    0.14075074974262583, 
    -0.19503470670968726, 
    0.6093619627638172
  ], 
  "6": [
    -0.09343299333333326, 
    -0.041612871490059405, 
    -0.15412995112869518, 
    0.09129664758789856, 
    0.05148557808513544, 
    -0.48591933482253663, 
    -0.3034878122828182
  ]
}