{
  "1": 808.4953489914583, 
  "3": 0.15610633209028216, 
  "2": 0.8855575490545449, 
  "4": -0.0018233855836772136
}