{
  "1": 0.024819230941301045, 
  "3": 0.01178573023293073, 
  "2": 0.024244895223505914, 
  "4": 0.0031356960222414195
}