{
  "1": [
    0.00010163595883123964, 
    0.18243959094490833, 
    0.27799116000241725, 
    0.35428518338466997, 
    0.21848520138819624, 
    0.148275986290788, 
    0.11537167380236998
  ], 
  "3": [
    7.936396467059711e-05, 
    0.1536074773697937, 
    0.49234943737968, 
    0.35348174389024384, 
    0.2481540699833549, 
    0.19427704018963415, 
    0.18923103512466566
  ], 
  "2": [
    9.109699306977943e-05, 
    0.1804315143570651, 
    0.3555862623072577, 
    0.3577327142755523, 
    0.1955694370000899, 
    0.17956307991931242, 
    0.22557249675693536
  ], 
  "5": [
    4.5448009944540616e-05, 
    0.11564678639557238, 
    0.3074054164990599, 
    0.35308646034886737, 
    0.29909609189722397, 
    0.18510398685175752, 
    0.2740477951551675
  ], 
  "4": [
    7.808256595609743e-05, 
    0.10571043487914668, 
    0.1682900083796427, 
    0.24941518800084958, 
    0.2124367727912437, 
    0.24604692393079308, 
    0.3218442626051098
  ], 
  "7": [
    3.26974113842679e-05, 
    0.0787961566521474, 
    0.18864357394166828, 
    0.2665656836512846, 
    0.24355733129460996, 
    0.4580781363402145, 
    0.4119344021047872
  ], 
  "6": [
    3.072239499601573e-05, 
    0.09464223830312699, 
    0.21025320182448662, 
    0.26037411636877983, 
    0.28927529772105315, 
    0.438681849380516, 
    0.3535759280967883
  ]
}