{
  "1": 0.00035543792989535744, 
  "3": 0.0003129052106511319, 
  "2": 0.00034356184753573776, 
  "4": 0.00015316848804275895
}