{
  "1": [
    -0.42300624666666653, 
    -0.6414158362573088, 
    0.32759555172763183, 
    0.010766225777777996, 
    0.016169590769010395, 
    -0.02906125954909603, 
    -0.014755450825661126
  ], 
  "3": [
    -0.44785349999999996, 
    0.16824960735171246, 
    -0.07747999121829208, 
    0.4232651413333332, 
    -0.2315896724718695, 
    0.08258561952673756, 
    -0.07875224316820147
  ], 
  "2": [
    -0.5651700666666667, 
    -0.1597752748538011, 
    -0.35350882223798236, 
    -0.2326720533333339, 
    -0.01668675553644371, 
    0.24449400037264793, 
    0.019391027327195925
  ], 
  "5": [
    -0.19500694666666663, 
    0.3182608621553888, 
    0.18723002330529978, 
    -0.24080089244444486, 
    -0.5583524045008244, 
    -0.12636685299049763, 
    -0.06352128452433078
  ], 
  "4": [
    -0.5071495266666667, 
    0.38400281035923167, 
    0.07934369237004758, 
    -0.021773600000000257, 
    0.3912258295707011, 
    -0.3350479262157639, 
    0.11386429197720292
  ], 
  "7": [
    -0.031206479999999998, 
    0.24063795154553083, 
    0.18786580538386208, 
    -0.00799746488888875, 
    0.009388389593635723, 
    0.35960838829886327, 
    0.4727671708315074
  ], 
  "6": [
    -0.06981369999999998, 
    0.3145545162907272, 
    0.190589546391056, 
    -0.06246349866666687, 
    0.2361593635777252, 
    0.2931916713247629, 
    -0.4234405670027764
  ]
}