{
  "1": 3751.8979284114812, 
  "2": 1.2870865063978991, 
  "3": 0.23890295574603618, 
  "4": 0.12554724970101203, 
  "5": 0.09031820431122517, 
  "6": -0.0038596427494864091, 
  "7": -0.041972418087035432
}