{
  "1": 3751.8984670297, 
  "3": 0.2505145016120069, 
  "2": 1.2894887757524547, 
  "4": 0.14611773851907234
}