{
  "1": [
    -0.27216323217886246, 
    0.36600711294417326, 
    -0.8006043958897215, 
    0.04159939589951538, 
    0.16022957748228234, 
    0.30205158840767443, 
    0.10606590365774683, 
    -0.023503616816565723, 
    0.061819515894686414, 
    -0.12385275755534102, 
    -0.037360758632301524
  ], 
  "2": [
    -0.47395055126497543, 
    0.46376053588192384, 
    0.5321424244858759, 
    -0.09222722869591098, 
    0.483139912241055, 
    0.13726756631190687, 
    0.06285839572676644, 
    0.07957612691362848, 
    0.0501066510055477, 
    -0.018161417694363996, 
    -0.056789150781222285
  ], 
  "3": [
    -0.45651950443572936, 
    0.09168280292456871, 
    0.09638713331652937, 
    -0.32999786649314294, 
    -0.753507104800195, 
    0.2470394355475203, 
    -0.16301720910333814, 
    0.00024654775886280453, 
    -0.07352646589000028, 
    0.010838817339335175, 
    -0.06399532999557436
  ], 
  "4": [
    -0.6256452545566978, 
    -0.24508259501293936, 
    -0.07284039322282958, 
    0.5729447779636765, 
    -0.029247250878766052, 
    -0.42631472655109554, 
    -0.10026744533118916, 
    -0.03234996659168614, 
    -0.05922415022720322, 
    0.10081879706251032, 
    0.0869450233792219
  ], 
  "5": [
    -0.2918673772226655, 
    -0.4912254902451372, 
    -0.1743378975873251, 
    -0.6980570534800644, 
    0.3128126770069641, 
    -0.21453383079515762, 
    0.04688961503355559, 
    -0.017633675334517086, 
    -0.01119128666698191, 
    -0.02641506027108345, 
    0.0928680845946219
  ], 
  "6": [
    -0.11820384226317478, 
    -0.3947223974911273, 
    0.11700573565284222, 
    0.17488909786666862, 
    -0.08919039491889301, 
    0.39634315844451246, 
    0.740330836837808, 
    0.10935875184041301, 
    0.244091430026501, 
    -0.007500760881740676, 
    -0.03488185588587266
  ], 
  "7": [
    -0.04462427889695535, 
    -0.28403688476583117, 
    0.11573047433480357, 
    0.13654989874297055, 
    0.1352863793229122, 
    0.36994954443259864, 
    -0.3163356302525321, 
    -0.627255043050132, 
    0.02718209933774421, 
    -0.4769042258668516, 
    -0.09183467351437537
  ], 
  "8": [
    -0.016240375648890238, 
    -0.24053068584269033, 
    -0.056929753821152965, 
    0.04977162406818279, 
    0.13707006229379254, 
    0.22720914446114218, 
    -0.42487800579456164, 
    0.3063074303402267, 
    0.35699794052022976, 
    0.3697978625213221, 
    -0.5720203495328399
  ], 
  "9": [
    -0.005921887722339407, 
    -0.1568237197840724, 
    0.01817245720401031, 
    0.09616361597517653, 
    0.04824534397873763, 
    0.24394863811263973, 
    -0.30230598266288167, 
    0.650278994443145, 
    -0.03361852589555687, 
    -0.4170683304623098, 
    0.4632786918715885
  ], 
  "10": [
    -0.002445346159268936, 
    -0.12424673722655892, 
    -0.013535092858250723, 
    0.057929291965198165, 
    0.10273431422459287, 
    0.14213334664784774, 
    0.09888645013691078, 
    0.1690239488624063, 
    -0.8647329657125274, 
    -0.032492724646033096, 
    -0.4038502630447363
  ], 
  "11": [
    -0.0010810980902984345, 
    -0.08259901341353555, 
    -0.00536821946954664, 
    0.031672358327057906, 
    0.12843166528085903, 
    0.4193299101767448, 
    -0.12698544479661295, 
    -0.20271496977604922, 
    -0.21901702075417928, 
    0.6588663457207014, 
    0.5104116308111294
  ]
}