{
  "P_1": 253.62174911323328, 
  "P_2": 204.4663380627558, 
  "P_3": 115.25028403819918, 
  "P_4": 97.40028599363347, 
  "P_5": 28.79895102319236, 
  "P_6": 8.787081145743247, 
  "P_7": 3.142932066006411
}