{
  "1": 0.0007827068076696142, 
  "3": 4.7688808718666834e-08, 
  "2": 2.620974048873463e-07, 
  "4": 1.359261055205527e-10
}