{
  "V_11": 83.25266518812433, 
  "V_12": 146.28698489071266, 
  "V_13": 137.61350095899107, 
  "V_14": 177.22888513327908, 
  "V_15": 75.00007585479239, 
  "V_16": 27.727105737034414, 
  "V_17": 9.519626587999875, 
  "V_21": 146.28698489071266, 
  "V_22": 258.6785883669509, 
  "V_23": 242.39194611871608, 
  "V_24": 312.80045194351374, 
  "V_25": 132.4449889287249, 
  "V_26": 48.72221075252523, 
  "V_27": 16.685169481523772, 
  "V_31": 137.61350095899107, 
  "V_32": 242.39194611871608, 
  "V_33": 226.60193146455376, 
  "V_34": 292.2334880036349, 
  "V_35": 123.97395603881539, 
  "V_36": 45.56396889104927, 
  "V_37": 15.560142579584689, 
  "V_41": 177.22888513327908, 
  "V_42": 312.80045194351374, 
  "V_43": 292.2334880036349, 
  "V_44": 376.84436316506446, 
  "V_45": 159.61143103479014, 
  "V_46": 58.523725892183535, 
  "V_47": 19.9725171368433, 
  "V_51": 75.00007585479239, 
  "V_52": 132.4449889287249, 
  "V_53": 123.97395603881539, 
  "V_54": 159.61143103479014, 
  "V_55": 67.57866919213251, 
  "V_56": 24.703530987707822, 
  "V_57": 8.361291190901914, 
  "V_61": 27.727105737034414, 
  "V_62": 48.72221075252523, 
  "V_63": 45.56396889104927, 
  "V_64": 58.523725892183535, 
  "V_65": 24.703530987707822, 
  "V_66": 9.015420134922858, 
  "V_67": 3.0440907154848937, 
  "V_71": 9.519626587999875, 
  "V_72": 16.685169481523772, 
  "V_73": 15.560142579584689, 
  "V_74": 19.9725171368433, 
  "V_75": 8.361291190901914, 
  "V_76": 3.0440907154848937, 
  "V_77": 0.9911925748762084
}