{
  "1": [
    -0.28503333333333325, 
    0.46836666666666676, 
    -0.7532333333333333, 
    -0.1799666666666666, 
    -0.14003333333333334, 
    0.23090000000000008, 
    -0.1633
  ], 
  "3": [
    -0.4706333333333333, 
    -0.2421, 
    -0.31356666666666666, 
    0.6083000000000001, 
    0.33363333333333345, 
    -0.2247, 
    0.2995000000000001
  ], 
  "2": [
    -0.5029666666666667, 
    0.6348333333333334, 
    0.4855666666666667, 
    -0.03316666666666667, 
    -0.06789999999999996, 
    -0.27083333333333326, 
    0.1709666666666667
  ], 
  "5": [
    -0.2571, 
    -0.1292333333333333, 
    0.06963333333333344, 
    -0.5645666666666667, 
    0.7381, 
    0.2151000000000001, 
    0.05030000000000002
  ], 
  "4": [
    -0.6068333333333333, 
    -0.4547, 
    0.20263333333333344, 
    -0.03776666666666661, 
    -0.4083, 
    0.31743333333333346, 
    -0.3391666666666666
  ], 
  "7": [
    -0.03223333333333333, 
    -0.1743, 
    -0.09416666666666662, 
    -0.30476666666666663, 
    -0.36549999999999994, 
    0.14423333333333344, 
    0.8440333333333334
  ], 
  "6": [
    -0.09443333333333326, 
    -0.25529999999999997, 
    -0.20909999999999995, 
    -0.4283, 
    -0.13896666666666668, 
    -0.8093, 
    -0.15616666666666668
  ]
}