{
  "1": [
    0.00014705199684288294, 
    0.22881527392227455, 
    0.17796084955909428, 
    0.1475870770327274, 
    0.1450473488268793, 
    0.1675730571602472, 
    0.12421560605886815
  ], 
  "3": [
    0.00010560278630691964, 
    0.09391453902415961, 
    0.19884253168925817, 
    0.16651991775964686, 
    0.21136453095949756, 
    0.24177208658168947, 
    0.19681518349541932
  ], 
  "2": [
    0.00012950145451181097, 
    0.1502714989100953, 
    0.22426693773513345, 
    0.10015760711750461, 
    0.21084013871295973, 
    0.1442257972033279, 
    0.17303269573009405
  ], 
  "5": [
    6.143547431548058e-05, 
    0.08831372529236402, 
    0.06426503231903959, 
    0.24137843305907367, 
    0.5494272779541809, 
    0.3945045164264485, 
    0.4515423087941278
  ], 
  "4": [
    9.925278043560041e-05, 
    0.13836479635408777, 
    0.08279667809140463, 
    0.15469057696799082, 
    0.44719828489412433, 
    0.19950492329112113, 
    0.2983565970026531
  ], 
  "7": [
    2.2649499378409246e-05, 
    0.07926857998697866, 
    0.058501866246657264, 
    0.18825158005878337, 
    0.41673845341402843, 
    0.3971246077843734, 
    0.5137942425425033
  ], 
  "6": [
    3.70101914118705e-05, 
    0.10519148554399474, 
    0.09070173747717142, 
    0.24750613548500255, 
    0.2793718046745735, 
    0.38033106288342666, 
    0.44500920130361343
  ]
}