{
  "1": [
    0.2772567612157505, 
    -0.11703290172010308, 
    -0.03621556807978442, 
    -0.18404677654679436, 
    -0.331320347890926, 
    -0.5329145984893288, 
    0.009023540874885345, 
    0.30291303748567, 
    0.07307630773582975, 
    -0.5930170339922151, 
    -0.17784538456468768
  ], 
  "2": [
    0.48269284394362055, 
    -0.08064047030889021, 
    0.29289591607135956, 
    -0.4314702968135018, 
    0.1117406276491116, 
    0.3208006620959643, 
    0.5595342280796829, 
    -0.03450688848158817, 
    -0.029575266523313565, 
    0.06378973082974415, 
    -0.23224547725859948
  ], 
  "3": [
    0.459092636446354, 
    -0.08910518340191224, 
    -0.17613536109455255, 
    0.13424409446453842, 
    -0.28329206809300295, 
    0.07362987891625888, 
    -0.36301217428522486, 
    0.35642048226449957, 
    -0.12038396776365677, 
    0.540531929135969, 
    -0.284768072726841
  ], 
  "4": [
    0.618455325151391, 
    0.02652786942974881, 
    -0.07208394252734526, 
    0.2523734152036409, 
    0.5762574254612625, 
    -0.07087681847832206, 
    -0.23409048956138845, 
    -0.13055210979923065, 
    0.1654337186357061, 
    -0.18212898389892235, 
    0.2800771517866128
  ], 
  "5": [
    0.28015523150652605, 
    0.14636817807021738, 
    0.06746181301558384, 
    0.06336677983035566, 
    -0.47240999482830154, 
    -0.2824969877288561, 
    0.1598595586669206, 
    -0.4994423981262884, 
    -0.31386769465317566, 
    0.17610214393205773, 
    0.4289807968071473
  ], 
  "6": [
    0.11496451065954338, 
    0.18123303129768917, 
    -0.045145653647064465, 
    0.05942029549599928, 
    -0.4702371060544787, 
    0.5197724020582792, 
    -0.06010854399199571, 
    -0.005045682726920282, 
    0.6027618731299266, 
    -0.19875851641721382, 
    0.22498276094180952
  ], 
  "7": [
    0.05673263226769686, 
    0.1831773675521682, 
    -0.062221637537670245, 
    0.09876634200582193, 
    -0.052412784192679265, 
    0.4682988674901435, 
    -0.15808278055119626, 
    0.07301038979589713, 
    -0.6884679824588451, 
    -0.47207320077987636, 
    -0.019704223702663802
  ], 
  "8": [
    0.036133955684497544, 
    0.24986564789602192, 
    -0.11306498417643393, 
    0.15207855421664193, 
    -0.03396865546505102, 
    -0.04167684800406997, 
    -0.10211799821423832, 
    -0.5994827664121971, 
    0.12189066264879633, 
    -0.09621985701017621, 
    -0.7096025799181381
  ], 
  "9": [
    0.022936915403922762, 
    0.37409903387813287, 
    -0.24191479722740725, 
    0.5515402856542212, 
    0.03672504356929337, 
    -0.08665899793583276, 
    0.6177143485703067, 
    0.3175949424792765, 
    0.013188353529996422, 
    0.030944510397441168, 
    -0.06615727387859431
  ], 
  "10": [
    0.011358189109285353, 
    0.5119961084886809, 
    -0.5867170459826269, 
    -0.5928513470076467, 
    0.11843365001257052, 
    -0.06178737010599138, 
    -0.04076960199463126, 
    0.039330757530261856, 
    -0.004819472617297819, 
    0.10133924686577601, 
    0.10332094158976554
  ], 
  "11": [
    0.0003337682006131606, 
    0.6471560905028036, 
    0.6713244703805821, 
    -0.04634809373850235, 
    0.0429357200568477, 
    -0.14250591374270277, 
    -0.22900716983194114, 
    0.2153643996528393, 
    0.03235861490486645, 
    0.07113682619939826, 
    -0.035765134110794454
  ]
}