{
  "1": 17.33837866623281, 
  "2": 0.039842225804883905, 
  "3": 0.028984940757750741, 
  "4": 0.016857969992447909, 
  "5": 0.003260916649983926, 
  "6": 6.7015698654046299e-05, 
  "7": -0.012232315297577425, 
  "8": -0.02793929996254527, 
  "9": -0.057694264927859472, 
  "10": -0.07913416344080941, 
  "11": -0.36850764295924476
}