{
  "P_1": 1490.3036262119692, 
  "P_2": 959.7222352056168, 
  "P_3": 565.4371442661318, 
  "P_4": 512.9372678034102, 
  "P_5": 168.75068772985622, 
  "P_6": 56.74913473754597, 
  "P_7": 20.041739558966828
}