{
  "1": 0.06755282679599295, 
  "3": 0.027828301995683983, 
  "2": 0.07913650041153804, 
  "4": 0.0042786955777388835
}