{
  "1": 1067.1359952316302, 
  "3": 0.08792810659802476, 
  "2": 0.3690602832474324, 
  "4": 0.002277501697069463
}