{
  "1": [
    -0.2842226333333333, 
    0.08615237857119039, 
    0.5832664974962782, 
    -0.3998028010863837, 
    0.0589379583033788, 
    0.13965785890046156, 
    -0.04816870439490233
  ], 
  "3": [
    -0.46899554, 
    -0.09984137413741365, 
    -0.5126809175801833, 
    -0.17179742591916958, 
    0.2271270468887292, 
    0.3477056898237102, 
    -0.04206891623793668
  ], 
  "2": [
    -0.4992161133333333, 
    0.7096332133213329, 
    -0.06321802002977378, 
    0.0970294012728527, 
    -0.27600683760683786, 
    -0.022436340041123066, 
    0.039066972662160825
  ], 
  "5": [
    -0.26093293333333334, 
    -0.3415950895089508, 
    -0.20121095547435422, 
    -0.2565534273784909, 
    -0.26798459142104036, 
    -0.4854519398658442, 
    -0.05568615958841944
  ], 
  "4": [
    -0.6094955933333333, 
    -0.33216694669466895, 
    0.24334748274462117, 
    0.335109169402894, 
    0.20650980110232434, 
    -0.18411330097414627, 
    0.07495616194223077
  ], 
  "7": [
    -0.03339788666666665, 
    -0.23544700136680283, 
    0.026506563811070576, 
    -0.03640418744172828, 
    -0.22187584471603178, 
    0.22927420703138154, 
    0.6792957900400135
  ], 
  "6": [
    -0.09673076000000001, 
    -0.335661542820949, 
    0.0984687914467453, 
    0.10005613928412188, 
    -0.35165080277977334, 
    0.4100421781777737, 
    -0.4127398466659926
  ]
}