{"mode1_error": [0.0, 0.0, 0.0, 0.0, 0.0, 0.0, 0.0], "mode2": [-9e-05, -0.00051, 0.00071, 0.00035, -0.00024, 0.00123, -0.00617], "mode2_error": [0.0, 0.0, 0.0, 0.0, 0.0, 0.0, 0.0], "mode1": [0.00898, 0.01908, 0.031, 0.04706, 0.06968, 0.09132, 0.11222]}