{"mode1_error": [9.567360303620835e-06, 5.417601850663224e-06, 5.9780274523999345e-06, 5.281394691313428e-06, 2.0646353635118366e-05, 0.0001208654622201795, 0.0009265658034211473], "mode1": [0.009766689916039005, 0.021609414413042018, 0.03573661944524413, 0.05393253539108983, 0.07575544311583893, 0.0887526882032253, 0.08653777001150471]}