{
  "P_1": 1428.6566971729756, 
  "P_2": 1143.5574058457116, 
  "P_3": 642.6642017249641, 
  "P_4": 546.2827428845233, 
  "P_5": 164.11144868231912, 
  "P_6": 50.73260613320556, 
  "P_7": 16.613518658627683
}