{
  "1": [
    0.00021614955147305736, 
    0.2509201458320787, 
    0.3381343458428444, 
    0.24896401394530907, 
    0.2741222496274578, 
    0.14099019652743333, 
    0.12872953646005053
  ], 
  "3": [
    0.0001558369162007641, 
    0.20903576240306485, 
    0.29568816856687724, 
    0.5012269945583789, 
    0.2994512161528481, 
    0.21406322962465327, 
    0.19781177260166066
  ], 
  "2": [
    0.00018802662650082552, 
    0.23589620647728868, 
    0.2547065053128392, 
    0.3969845750336711, 
    0.33998390533597245, 
    0.2130969617686577, 
    0.17645308830329762
  ], 
  "5": [
    8.893975965231846e-05, 
    0.13515438300111196, 
    0.24255015619639286, 
    0.3371307054324694, 
    0.41350782209661324, 
    0.3803062285504712, 
    0.3609469852443532
  ], 
  "4": [
    0.00014530152537805646, 
    0.290290507502887, 
    0.2509783272512926, 
    0.214958570196409, 
    0.2250106160256655, 
    0.1301864404436083, 
    0.12075913171656542
  ], 
  "7": [
    2.8607228305425684e-05, 
    0.07143485334730457, 
    0.14633233061475542, 
    0.2435435659691092, 
    0.40943440894938726, 
    0.556055067995281, 
    0.37528178500262316
  ], 
  "6": [
    4.849557824571717e-05, 
    0.12235949268476369, 
    0.1917426050658262, 
    0.23735453610610102, 
    0.3692466592103662, 
    0.35048102035586054, 
    0.5722300202948115
  ]
}