{
  "1": 439.7524998847955, 
  "3": 0.18171065692708188, 
  "2": 0.3931578801704185, 
  "4": 0.029668261042616457
}