{"mode1_error": [0.0006780438096762533, 0.0004664348591183954, 0.0003611597665797441, 0.00031895057265227513, 0.0003773677354047146, 0.0004516429873271489, 0.0003305544069336786, 0.0006502165848031288, 0.001775357233486404, 0.005433805539364438, 0.027085854359597896, 0.10775261009935712, 0.4118949585054111, 0.6096991350675113], "mode1": [0.008673006927941167, 0.015076895955942258, 0.019908276775193655, 0.030259103543171368, 0.03710405243840363, 0.04354243116915766, 0.052106403886479635, 0.0683178572169054, 0.07842533099954598, 0.09565383985363111, 0.07785178421070901, 0.08762979170897554, 0.057172325263529646, 0.09309130910281756]}