{
  "1": 0.0027881984075561884, 
  "3": 0.00194631759973732, 
  "2": 0.0020633760151577596, 
  "4": 0.000523553042928669
}