{
  "dV_11": 1.2168757231804292, 
  "dV_12": 0.7062060979556317, 
  "dV_13": 0.5449383877981488, 
  "dV_14": 0.534865525374028, 
  "dV_15": 0.28104574920377423, 
  "dV_16": 0.14928465028502672, 
  "dV_17": 0.08262891244598963, 
  "dV_21": 0.7062060979556317, 
  "dV_22": 0.8176697127245083, 
  "dV_23": 0.44728239714168166, 
  "dV_24": 0.43849767140764606, 
  "dV_25": 0.23026469659296808, 
  "dV_26": 0.1224318270294457, 
  "dV_27": 0.06777427343483043, 
  "dV_31": 0.5449383877981488, 
  "dV_32": 0.44728239714168166, 
  "dV_33": 0.48613138356679525, 
  "dV_34": 0.3387291935246331, 
  "dV_35": 0.17768237761309164, 
  "dV_36": 0.0944155676776636, 
  "dV_37": 0.052320082759663884, 
  "dV_41": 0.534865525374028, 
  "dV_42": 0.43849767140764606, 
  "dV_43": 0.3387291935246331, 
  "dV_44": 0.46468741714451656, 
  "dV_45": 0.17474607384059782, 
  "dV_46": 0.092747222665193, 
  "dV_47": 0.05136204880668303, 
  "dV_51": 0.28104574920377423, 
  "dV_52": 0.23026469659296808, 
  "dV_53": 0.17768237761309164, 
  "dV_54": 0.17474607384059782, 
  "dV_55": 0.12912458207305222, 
  "dV_56": 0.04886621118090458, 
  "dV_57": 0.02702502860491498, 
  "dV_61": 0.14928465028502672, 
  "dV_62": 0.1224318270294457, 
  "dV_63": 0.0944155676776636, 
  "dV_64": 0.092747222665193, 
  "dV_65": 0.04886621118090458, 
  "dV_66": 0.0366319838933586, 
  "dV_67": 0.014390112790511146, 
  "dV_71": 0.08262891244598963, 
  "dV_72": 0.06777427343483043, 
  "dV_73": 0.052320082759663884, 
  "dV_74": 0.05136204880668303, 
  "dV_75": 0.02702502860491498, 
  "dV_76": 0.014390112790511146, 
  "dV_77": 0.011280275618063603
}