{
  "1": 1093.685716448763, 
  "3": 0.38094919282742307, 
  "2": 0.7218901863189604, 
  "4": -0.01633121166492146
}