{
  "1": [
    -0.32214968, 
    0.7140485919888393, 
    0.09891063609585217, 
    0.1571084710302724, 
    0.11647745762016187, 
    0.05409216269841267, 
    -0.03591180380555846
  ], 
  "3": [
    -0.4627794333333332, 
    0.12352031060689511, 
    0.0875597006607751, 
    -0.19886813116434107, 
    -0.4166855354430891, 
    -0.2097512133699633, 
    0.14811986048719933
  ], 
  "2": [
    -0.4926850466666665, 
    -0.043098604839005364, 
    -0.5011102141549262, 
    0.12934623201400458, 
    -0.01196196281246174, 
    0.17700396825396814, 
    0.024029082210292176
  ], 
  "5": [
    -0.25806123333333336, 
    -0.34894528398869207, 
    0.1992403073003746, 
    0.42337237094914915, 
    -0.05102437712925264, 
    -0.22246874236874206, 
    0.00892381213250094
  ], 
  "4": [
    -0.6020736933333333, 
    -0.2694306898703962, 
    0.16771105007563086, 
    -0.22541164339695052, 
    0.32935039609243566, 
    -0.014158287545787587, 
    -0.11169956904422773
  ], 
  "7": [
    -0.0330431399999999, 
    -0.07700328597128898, 
    0.09792667781227622, 
    0.013547529994449444, 
    0.0708307720724047, 
    0.2452831654456662, 
    0.6428972827873336
  ], 
  "6": [
    -0.09557898666666662, 
    -0.11631854829827074, 
    0.1974228962662211, 
    0.03897411297553472, 
    -0.2747112629807498, 
    0.5258323107448113, 
    -0.26274669661444083
  ]
}