{
  "1": [
    -0.28417117333333336, 
    -0.15132528689484545, 
    0.5527017694002092, 
    -0.07892812702527548, 
    0.13370625681043283, 
    -0.015521981066728157, 
    -0.0012580979387064217
  ], 
  "3": [
    -0.4697864133333334, 
    0.3923390979959185, 
    0.013286350341242002, 
    0.549626607618636, 
    0.12287408696263487, 
    -0.11699304240745001, 
    0.00679285636383486
  ], 
  "2": [
    -0.5007821666666665, 
    -0.4965882331292442, 
    -0.15227166070848164, 
    0.32584199611147185, 
    -0.06349928995746754, 
    0.04499244978065118, 
    -0.015961257134547505
  ], 
  "5": [
    -0.2597818266666666, 
    -0.01582759209073574, 
    -0.16298081464630113, 
    -0.39350315402894814, 
    0.5958927167914527, 
    -0.17367446317247753, 
    -0.12144850765259729
  ], 
  "4": [
    -0.60819556, 
    0.17901261668172247, 
    -0.06715798577257771, 
    -0.4803853460070575, 
    -0.40347280044992667, 
    0.09825063495728474, 
    -0.022754320718362593
  ], 
  "7": [
    -0.03331060666666665, 
    -0.06065447823614025, 
    -0.022813516050987612, 
    -0.11734125441059991, 
    -0.1068827551056278, 
    -0.3655391980297057, 
    0.4477312720398456
  ], 
  "6": [
    -0.09623853333333328, 
    0.04809337548931045, 
    -0.032198450872061475, 
    -0.006736379347591213, 
    0.3140514780835876, 
    0.357252004925729, 
    0.37013281346566373
  ]
}