{"mode1_error": [1.6769170158437397e-06, 1.2382597247494743e-06, 1.5414068191168548e-06, 1.3871317766659994e-06, 4.112856710120271e-06, 1.593102201299925e-05, 8.250084180391055e-05], "mode1": [0.010192477924817308, 0.017089817723462658, 0.024491561148578877, 0.03327735552497047, 0.043637088215409306, 0.05142707134798397, 0.05686977709564586]}