{
  "1": [
    0.42252794666666676, 
    0.4030988133333338, 
    0.1691218445456081, 
    -0.010085820981270983, 
    0.2140382849205377, 
    -0.4442854920218068, 
    0.034452700309871645
  ], 
  "3": [
    0.44818908666666685, 
    0.08162719333333361, 
    -0.051293916708818096, 
    0.36246635642881786, 
    -0.1847241287739502, 
    0.015637805897099157, 
    0.0951865648517042
  ], 
  "2": [
    0.5646329133333333, 
    0.34060528666666706, 
    0.03586624515258802, 
    -0.2570687617296701, 
    -0.11158595824651721, 
    0.31925058692451636, 
    0.05445486203334825
  ], 
  "5": [
    0.1949669133333334, 
    -0.5932381399999991, 
    0.03742532793795335, 
    -0.1859056532230265, 
    -0.17364895616292783, 
    -0.2768143050415801, 
    0.23341893168068462
  ], 
  "4": [
    0.5085037333333335, 
    -0.5210581799999997, 
    -0.20831172146349655, 
    0.02927171856447925, 
    0.1301137680271272, 
    0.07425576777684935, 
    -0.3014117898775261
  ], 
  "7": [
    0.024233333333333332, 
    -0.15830800000000012, 
    0.7797670915528574, 
    0.040732479221724446, 
    -0.08737511541447089, 
    0.0613844693804466, 
    -0.1637659879002507
  ], 
  "6": [
    0.06771322000000009, 
    -0.21775451333333304, 
    0.16261597369752168, 
    0.1082399517407795, 
    0.37163124157372235, 
    0.22416045123552572, 
    0.35083390880920723
  ]
}