{
  "1": [
    -0.420074891117295, 
    -0.4598122051301148, 
    -0.21774375529157705, 
    0.6929495515430524, 
    -0.26406937763667804, 
    -0.11284770838900032, 
    0.04528969440907273
  ], 
  "2": [
    -0.5623646491402595, 
    -0.397530107945781, 
    0.5290063718527117, 
    -0.28200327316786916, 
    0.27379842611634597, 
    0.25482484323599175, 
    -0.16260672883211055
  ], 
  "3": [
    -0.4482003832207343, 
    0.0949367007669786, 
    -0.13067026081235578, 
    -0.43771195526996476, 
    -0.17175935188825248, 
    -0.5530815793993891, 
    0.4960206226053472
  ], 
  "4": [
    -0.51159132370796, 
    0.49349271430194064, 
    -0.48506715564729397, 
    -0.04534456048260829, 
    0.002085711298220469, 
    0.46288761773967585, 
    -0.20766243506323329
  ], 
  "5": [
    -0.198087908381879, 
    0.4721304860988688, 
    0.2934409566582383, 
    0.37167586095354227, 
    0.39493789618946074, 
    -0.5158608590287944, 
    -0.30251458851479157
  ], 
  "6": [
    -0.06979521410702229, 
    0.331123226647385, 
    0.537339388555582, 
    0.08132129140194326, 
    -0.7563158167677979, 
    0.1316367814164669, 
    -0.028238431594049564
  ], 
  "7": [
    -0.02374089042805329, 
    0.21317768630663878, 
    0.21338659630923001, 
    0.31920383759666415, 
    0.3127404738091932, 
    0.34456471925293775, 
    0.7681375300358004
  ]
}