{
  "1": [
    3.057376455224786e-05, 
    0.04485861349080983, 
    0.3275068568419716, 
    0.2012188972501032, 
    0.2428648149394108, 
    0.2044507822674275, 
    0.12316386116409044
  ], 
  "3": [
    3.332153830997665e-05, 
    0.033667732941000235, 
    0.23871841658510812, 
    0.2501090584459001, 
    0.3393658757577888, 
    0.31836715728075565, 
    0.30753630652961034
  ], 
  "2": [
    9.510461114766694e-06, 
    0.04110336729989926, 
    0.1832119974452463, 
    0.27014478191557706, 
    0.213726439568162, 
    0.1965821606215804, 
    0.15059260333028593
  ], 
  "5": [
    1.3330658673068067e-06, 
    0.022901448002665796, 
    0.21583207646174507, 
    0.23623187080361666, 
    0.285756658350585, 
    0.28964152182981584, 
    0.320635382090069
  ], 
  "4": [
    2.8123650236443074e-05, 
    0.025620145216440234, 
    0.1530102267726096, 
    0.2807436556039365, 
    0.2521032916587239, 
    0.18848007401792036, 
    0.24571066821430754
  ], 
  "7": [
    0.0, 
    0.010593625803347169, 
    0.15632342815920677, 
    0.21742932960624378, 
    0.2955657750659214, 
    0.45220522389778384, 
    0.2743677689378942
  ], 
  "6": [
    1.5955354337424486e-05, 
    0.016861988200660247, 
    0.21958492753890452, 
    0.3308887177480422, 
    0.28603328406151884, 
    0.39770546412608493, 
    0.2604982108994616
  ]
}