{
  "1": [
    -0.2842220415278009, 
    0.08364786098691686, 
    0.6038758156290006, 
    -0.7042697200414612, 
    0.09530649739444429, 
    0.1924887837698172, 
    -0.07364622780697207
  ], 
  "2": [
    -0.49921609671093065, 
    0.7430528905981919, 
    -0.048720105293275, 
    0.18062635145581543, 
    -0.4005674716363296, 
    -0.02950812478804063, 
    0.0482818215954676
  ], 
  "3": [
    -0.46899554275121697, 
    -0.10094333135205383, 
    -0.6428912147870706, 
    -0.20037829091398063, 
    0.3449101157173344, 
    0.4396060165778813, 
    -0.06462672418859222
  ], 
  "4": [
    -0.6094962488604205, 
    -0.34888950889758036, 
    0.3483578898072048, 
    0.46972319546956215, 
    0.3122372187938327, 
    -0.23591282447018902, 
    0.1079369811690998
  ], 
  "5": [
    -0.26093286282969186, 
    -0.35514633825784125, 
    -0.27869238207958796, 
    -0.39636660711415694, 
    -0.44048230336377875, 
    -0.6111848042552208, 
    -0.05863159493373877
  ], 
  "6": [
    -0.09673229934924608, 
    -0.3500041639793995, 
    0.14031177824467644, 
    0.2290879776085738, 
    -0.5410431491150466, 
    0.4727953995628177, 
    -0.5288743440631897
  ], 
  "7": [
    -0.0333995023488205, 
    -0.2456219761785751, 
    0.03067862861862159, 
    -0.03160939798166167, 
    -0.3567281243693038, 
    0.3407149443935185, 
    0.8326297843082704
  ]
}