{"mode1_error": [2e-06, 2e-06, 4e-06, 4e-06, 8e-06, 1.9e-05, 3.1e-05], "mode2": [0.00026, -0.00048, 0.00025, 0.00046, -0.00133, -0.00131, -0.00031], "mode2_error": [0.000205, 0.00017, 0.00036, 0.000353, 0.00111, 0.001306, 0.002539], "mode1": [0.01098, 0.0235, 0.03829, 0.05814, 0.08614, 0.11273, 0.13859]}