{
  "1": 0.0013107452076670243, 
  "3": 0.0015452064794927603, 
  "2": 0.000940510224129143, 
  "4": 0.0008190980360111538
}