{
  "1": [
    4.872876394910986e-05, 
    0.15101018940146774, 
    0.24953459024959865, 
    0.31974785763806457, 
    0.24273871610621356, 
    0.21536917714996529, 
    0.18463230464617572
  ], 
  "3": [
    3.971466555583958e-05, 
    0.10132626624202676, 
    0.40073416442875337, 
    0.3511378338074939, 
    0.41266812199653546, 
    0.2912502683182406, 
    0.23882095701085937
  ], 
  "2": [
    4.5277737353455915e-05, 
    0.1933300443643605, 
    0.2520205148563402, 
    0.3253593750889668, 
    0.2293347755773748, 
    0.1824506809337138, 
    0.17999621835183877
  ], 
  "5": [
    3.3344797424328105e-05, 
    0.08039301622056476, 
    0.30837671460006, 
    0.3716935092131018, 
    0.3127260081336874, 
    0.2838903314874041, 
    0.31639479734532033
  ], 
  "4": [
    3.981805180427994e-05, 
    0.09455960762857193, 
    0.2527289742347061, 
    0.3209398011781785, 
    0.30965709540412206, 
    0.2790910010488632, 
    0.24790706658619738
  ], 
  "7": [
    0.0, 
    0.03682616188257547, 
    0.15248566697663307, 
    0.25287901398131357, 
    0.4128617990181972, 
    0.46186255732210135, 
    0.4189165972999777
  ], 
  "6": [
    2.8025505041477867e-05, 
    0.056766895532755775, 
    0.20150589952717304, 
    0.2681791909050909, 
    0.3820350196331607, 
    0.42232476873204805, 
    0.3848916226124888
  ]
}