{
  "1": 30.403068909320261, 
  "2": 0.038894207158860702, 
  "3": 0.0079113090532490337, 
  "4": 0.0074533376911383505, 
  "5": 0.0053337040990311373, 
  "6": -0.054012025177211626, 
  "7": -0.080863502285465988
}