{
  "dV_11": 0.04034198217382498, 
  "dV_12": 0.02622682345090407, 
  "dV_13": 0.01999442341663346, 
  "dV_14": 0.018958500116068245, 
  "dV_15": 0.010048457578349863, 
  "dV_16": 0.005511373337066602, 
  "dV_17": 0.004060830663759894, 
  "dV_21": 0.02622682345090407, 
  "dV_22": 0.03409505775898812, 
  "dV_23": 0.018403501340835706, 
  "dV_24": 0.017456625576139955, 
  "dV_25": 0.00924375021937283, 
  "dV_26": 0.005067434689559415, 
  "dV_27": 0.0037333879632706546, 
  "dV_31": 0.01999442341663346, 
  "dV_32": 0.018403501340835706, 
  "dV_33": 0.019829620404100745, 
  "dV_34": 0.01333483188015016, 
  "dV_35": 0.007055131848581615, 
  "dV_36": 0.0038663967758783002, 
  "dV_37": 0.0028486162380067835, 
  "dV_41": 0.018958500116068245, 
  "dV_42": 0.017456625576139955, 
  "dV_43": 0.01333483188015016, 
  "dV_44": 0.01784532936638781, 
  "dV_45": 0.006719218535271245, 
  "dV_46": 0.0036760315905810365, 
  "dV_47": 0.002706062178346661, 
  "dV_51": 0.010048457578349863, 
  "dV_52": 0.00924375021937283, 
  "dV_53": 0.007055131848581615, 
  "dV_54": 0.006719218535271245, 
  "dV_55": 0.005041747719435773, 
  "dV_56": 0.001962967076989896, 
  "dV_57": 0.0014461274843060251, 
  "dV_61": 0.005511373337066602, 
  "dV_62": 0.005067434689559415, 
  "dV_63": 0.0038663967758783002, 
  "dV_64": 0.0036760315905810365, 
  "dV_65": 0.001962967076989896, 
  "dV_66": 0.0016221281431147662, 
  "dV_67": 0.0008051524054789753, 
  "dV_71": 0.004060830663759894, 
  "dV_72": 0.0037333879632706546, 
  "dV_73": 0.0028486162380067835, 
  "dV_74": 0.002706062178346661, 
  "dV_75": 0.0014461274843060251, 
  "dV_76": 0.0008051524054789753, 
  "dV_77": 0.0011187206996606208
}