{
  "1": 0.0005173643544370578, 
  "3": 0.0001671953003484123, 
  "2": 0.0003052725963998732, 
  "4": 0.00020117529871160235
}