{
  "1": [
    8.80636064938627e-05, 
    0.36433900476167297, 
    0.413614279103981, 
    0.16690544213391822, 
    0.18424222751698938, 
    0.1659518153498946, 
    0.1718692525926561
  ], 
  "3": [
    6.552346569726718e-05, 
    0.18793931478186035, 
    0.2597186081921747, 
    0.24040416514515267, 
    0.2718735642341562, 
    0.2539301501249544, 
    0.23019207678181844
  ], 
  "2": [
    7.574684787299767e-05, 
    0.4060026050591068, 
    0.43589355225927046, 
    0.17907477912610248, 
    0.13750849001750548, 
    0.13185991858603666, 
    0.14651101736504904
  ], 
  "5": [
    4.0465273917389963e-05, 
    0.3455148653795545, 
    0.2767977703228825, 
    0.2295683043251815, 
    0.25155416333477193, 
    0.3213497010391892, 
    0.2828087234220595
  ], 
  "4": [
    6.647016219414006e-05, 
    0.29973909850999336, 
    0.22623699316718288, 
    0.22032492145567972, 
    0.23428143383647274, 
    0.2619999088045833, 
    0.26483350013673623
  ], 
  "7": [
    3.036072316034067e-05, 
    0.2248610322745613, 
    0.1916543132308897, 
    0.3110634793582379, 
    0.35737829538906013, 
    0.3425064839330003, 
    0.3448998578223928
  ], 
  "6": [
    3.1717081989242166e-05, 
    0.22539012979488035, 
    0.1969711295697912, 
    0.22133070371206626, 
    0.33303476471503163, 
    0.2767462098579722, 
    0.40709850778768386
  ]
}