{
  "1": 635.9876643443592, 
  "3": 0.16489590434683024, 
  "2": 0.3944262602187775, 
  "4": 0.1029216866513474
}