{
  "1": [
    -0.37556087975225655, 
    0.5395333691233709, 
    0.2844540430769411, 
    -0.5979953276178238, 
    -0.12935296655090944, 
    0.3166801038582536, 
    -0.11102601763248546
  ], 
  "2": [
    -0.5504645258276499, 
    0.31243531500910576, 
    0.1976515912345215, 
    0.7452523634428867, 
    -0.05952054613108315, 
    0.028530006251836673, 
    0.023432591348030166
  ], 
  "3": [
    -0.4487806805210214, 
    -0.009383828527845365, 
    -0.8805168813345642, 
    -0.09851935346994473, 
    -0.07551974622639807, 
    0.028512304763466934, 
    -0.08352017502940239
  ], 
  "4": [
    -0.5337428077593415, 
    -0.37310647855401163, 
    0.22779621616435514, 
    -0.2695140930358583, 
    0.30276791716228524, 
    -0.4469909524569809, 
    0.3998898412579152
  ], 
  "5": [
    -0.23831112015270184, 
    -0.48901828933782304, 
    0.20711092739625808, 
    -0.003955787142644819, 
    -0.010831134100871139, 
    0.06856677643170318, 
    -0.810147901256106
  ], 
  "6": [
    -0.10317368135466695, 
    -0.43440420066565555, 
    0.04197275577072627, 
    0.05240747464537482, 
    0.004606424974963115, 
    0.8111783649270405, 
    0.3716293414375378
  ], 
  "7": [
    -0.04712057776179584, 
    -0.2101083532320222, 
    0.09034380427993698, 
    -0.04352472775724712, 
    -0.9392629761056739, 
    -0.18861109433522213, 
    0.16058842724864422
  ]
}