{
  "1": 1784.8721963566509, 
  "2": 0.31996219866553077, 
  "3": 0.19746335081496572, 
  "4": 0.1107998695086755, 
  "5": 0.065528080801656979, 
  "6": 0.024349584292778188, 
  "7": -0.012730484768166876
}