{
  "1": 0.09500813080626015, 
  "3": 0.08633718930321041, 
  "2": 0.07552478313834209, 
  "4": 0.016937052186380076
}