{
  "1": [
    0.001318695605340851, 
    0.04532368092704829, 
    0.434094507777001, 
    0.3348736981644342, 
    0.1679682092257162, 
    0.17566406178045013, 
    0.17181632358968002
  ], 
  "3": [
    0.0009435329469388515, 
    0.054060066128485795, 
    0.40645204000269214, 
    0.6104710574440745, 
    0.09006328975937426, 
    0.10340379995734629, 
    0.09099634664126247
  ], 
  "2": [
    0.0011180265356895056, 
    0.03877162226799529, 
    0.5179459737397136, 
    0.35363748487807883, 
    0.1253497306124547, 
    0.13215905374350811, 
    0.10103115430718385
  ], 
  "5": [
    0.0005367392830577398, 
    0.0186525192787216, 
    0.1409952719660662, 
    0.18717250060597446, 
    0.2382229793415262, 
    0.45644024843334213, 
    0.26727128331921124
  ], 
  "4": [
    0.0008929953962927097, 
    0.02021264833470694, 
    0.22302133453829448, 
    0.2503064971187649, 
    0.2262561790346272, 
    0.32253680869736384, 
    0.2608103297858937
  ], 
  "7": [
    0.00015838940354709948, 
    0.01822810047559251, 
    0.07052693093682481, 
    0.12392362326618646, 
    0.44226701992889866, 
    0.3984396111733598, 
    0.4804293360227799
  ], 
  "6": [
    0.00028735499616826905, 
    0.018435516584813752, 
    0.09157254201245048, 
    0.13138767718779196, 
    0.39337914701072746, 
    0.34712961594473213, 
    0.38781039724356264
  ]
}