{
  "1": [
    -0.3755928733333333, 
    0.45455667562504914, 
    0.1776342535173698, 
    -0.2941017568850902, 
    -0.1621250442415233, 
    0.1660412831736271, 
    -0.024899022372626402
  ], 
  "3": [
    -0.44877832, 
    0.20600452948837705, 
    -0.47346274588250964, 
    -0.05772905304571961, 
    -0.06818607630777913, 
    0.017345656374462864, 
    -0.039895194585448386
  ], 
  "2": [
    -0.55045216, 
    0.3182948558316125, 
    0.08235559778622396, 
    0.38343334011667446, 
    -0.03904493523040999, 
    -0.006099250759099444, 
    0.015662361346117683
  ], 
  "5": [
    -0.23831342666666663, 
    0.10734932814941807, 
    0.11294848969793975, 
    0.0006090693257361556, 
    -0.10530159977348302, 
    0.10001949998028288, 
    -0.5142861552923484
  ], 
  "4": [
    -0.5337296666666667, 
    0.20153221568403484, 
    0.12650584116823316, 
    -0.1449764821598157, 
    0.3309160189707649, 
    -0.2310550218857197, 
    0.18818023312652737
  ], 
  "7": [
    -0.04712051333333326, 
    0.05865703157261534, 
    0.050588384343535395, 
    -0.025967236467236653, 
    -0.5689008352799618, 
    -0.2608963011159737, 
    0.1444955179545031
  ], 
  "6": [
    -0.1031705533333333, 
    0.08650275189635764, 
    0.035898699739948, 
    0.035727927011260305, 
    -0.11389871168684164, 
    0.4358881304467849, 
    0.32876783229930423
  ]
}