{
  "1": 79.17829170950698, 
  "3": 0.4373903113102292, 
  "2": 1.1667925564989576, 
  "4": 0.041629974661793634
}