{
  "1": [
    0.00036110231230102534, 
    0.21965999682890625, 
    0.2358927185565195, 
    0.20040183757607322, 
    0.20362375672277455, 
    0.194811491654811, 
    0.1849644588341592
  ], 
  "3": [
    0.00025337586976426996, 
    0.10218552682766781, 
    0.32549523022511345, 
    0.31832408048740074, 
    0.1557854088327447, 
    0.22290169213729197, 
    0.15979691942076663
  ], 
  "2": [
    0.0003127918325882693, 
    0.135649536433424, 
    0.3175779417418842, 
    0.32215100237595135, 
    0.2015780176771244, 
    0.17710627452853425, 
    0.11373926520353451
  ], 
  "5": [
    0.00014812124226028377, 
    0.16464375440600906, 
    0.26199587016559084, 
    0.2481108540299139, 
    0.21143914200450228, 
    0.36225014638076625, 
    0.19911604899193264
  ], 
  "4": [
    0.0002331046918719973, 
    0.11522519323804967, 
    0.2720512824669981, 
    0.23558014027613883, 
    0.18117582019904704, 
    0.238653762950415, 
    0.15933285428720995
  ], 
  "7": [
    4.6281591735072176e-05, 
    0.08034594714794174, 
    0.12125915623007326, 
    0.12036093079280895, 
    0.26121357036352055, 
    0.3945782420896773, 
    0.5934359445091881
  ], 
  "6": [
    7.897481314560161e-05, 
    0.10585185447238851, 
    0.25498392298404565, 
    0.22813070580920466, 
    0.26921885928898875, 
    0.426336303256958, 
    0.3884499666576589
  ]
}