{
  "1": 269.9817233369828, 
  "3": 0.09517720616004215, 
  "2": 0.5179885065589729, 
  "4": -0.030746712275021838
}