{
  "1": [
    0.2870243266666668, 
    -0.08796033687386284, 
    0.047405210851463764, 
    0.20003531877787845, 
    -0.5106570962069824, 
    -0.12323352764529251, 
    -0.013336989299610934
  ], 
  "3": [
    0.4661742533333334, 
    -0.18423732075822435, 
    -0.5301423583131883, 
    -0.07825814468256374, 
    0.21127479455987366, 
    0.12222269033739651, 
    0.1593979815175094
  ], 
  "2": [
    0.49646554000000015, 
    0.186148662944886, 
    0.2586588973945739, 
    -0.525589217560451, 
    -0.20150374636667023, 
    0.005777724783607461, 
    0.13350540693904037
  ], 
  "5": [
    0.26402324, 
    0.4771591778544534, 
    -0.2758240061778142, 
    0.09454823422879524, 
    -0.33108606954462316, 
    -0.07119901960784275, 
    -0.307530560959792
  ], 
  "4": [
    0.6111438733333333, 
    0.031045014900870475, 
    0.2790603948428689, 
    0.28474589328235567, 
    0.41633829619262946, 
    -0.03417908496732014, 
    -0.15576408884565446
  ], 
  "7": [
    0.03304407333333347, 
    0.21845156296929974, 
    -0.049526900349180586, 
    0.13598471006472831, 
    0.04841190296766798, 
    -0.4689975092739801, 
    0.3331648346303506
  ], 
  "6": [
    0.09758970000000013, 
    0.27422520929223376, 
    0.09256690840719858, 
    0.3744949693128068, 
    -0.20995669788638827, 
    0.3146528175234061, 
    0.29321806906614795
  ]
}