{
  "1": [
    -0.4157, 
    0.4961, 
    0.4510333333333334, 
    -0.5605666666666667, 
    0.2122333333333335, 
    -0.13423333333333332, 
    0.020299999999999988
  ], 
  "3": [
    -0.4485666666666667, 
    0.3696333333333335, 
    0.23629999999999995, 
    0.6815, 
    -0.2971666666666667, 
    0.22496666666666673, 
    -0.05456666666666664
  ], 
  "2": [
    -0.5584333333333333, 
    0.02449999999999997, 
    -0.7122999999999999, 
    -0.2249, 
    -0.32589999999999997, 
    -0.13983333333333325, 
    0.06223333333333337
  ], 
  "5": [
    -0.2027, 
    -0.4359666666666666, 
    0.3455666666666668, 
    0.14870000000000005, 
    -0.2068333333333333, 
    -0.7631, 
    0.04730000000000013
  ], 
  "4": [
    -0.5168999999999999, 
    -0.5180333333333333, 
    0.02016666666666667, 
    0.09856666666666669, 
    0.6050333333333333, 
    0.29690000000000016, 
    -0.012233333333333315
  ], 
  "7": [
    -0.02483333333333326, 
    -0.21363333333333334, 
    0.2223000000000002, 
    -0.16923333333333335, 
    -0.3329, 
    0.33663333333333334, 
    0.8071666666666668
  ], 
  "6": [
    -0.07223333333333326, 
    -0.3355666666666667, 
    0.25336666666666674, 
    -0.33209999999999995, 
    -0.4907666666666667, 
    0.35783333333333345, 
    -0.5821000000000001
  ]
}