{
  "1": 389.52029623582246, 
  "2": 0.36355221150293549, 
  "3": 0.14774520748405306, 
  "4": 0.12623261268645161, 
  "5": 0.11600554367100788, 
  "6": 0.05689990067330223, 
  "7": 0.007519555781342801
}