{
  "1": [
    0.00010933523891063163, 
    0.11152282730420472, 
    0.28519543601771974, 
    0.3058513899200376, 
    0.30140170817885004, 
    0.2980443771475042, 
    0.21450931706901796
  ], 
  "3": [
    7.926298688566344e-05, 
    0.08008624647513715, 
    0.3455382363596895, 
    0.3686437220054378, 
    0.3604056258754969, 
    0.2975333458994976, 
    0.24577820292892502
  ], 
  "2": [
    9.3539866802397e-05, 
    0.09891600393481054, 
    0.24970834817549079, 
    0.3008539406015706, 
    0.3233283699483503, 
    0.25524269165665614, 
    0.22686248757044136
  ], 
  "5": [
    4.4396724677102844e-05, 
    0.044578255153729825, 
    0.2618849886340848, 
    0.34250729999167934, 
    0.44290097649137994, 
    0.251443273540858, 
    0.27978075727013274
  ], 
  "4": [
    7.929417955667967e-05, 
    0.0629161210258783, 
    0.2215519565135947, 
    0.25210263649425435, 
    0.3090392419192632, 
    0.30398545269946475, 
    0.2828993782415241
  ], 
  "7": [
    2.1122474610972104e-05, 
    0.043840294839944345, 
    0.18803280971443836, 
    0.29744690296459775, 
    0.33644333114741387, 
    0.4913385282567818, 
    0.340942148258291
  ], 
  "6": [
    2.6215123704511992e-05, 
    0.05166357490446128, 
    0.2172817249462019, 
    0.3267830532274356, 
    0.3545340779599927, 
    0.36097914484944715, 
    0.3996568979442633
  ]
}