{
  "dV_11": 0.13545892189361217, 
  "dV_12": 0.08274350725748872, 
  "dV_13": 0.06314185228747311, 
  "dV_14": 0.06238018142002969, 
  "dV_15": 0.030538760071986863, 
  "dV_16": 0.015910294893646156, 
  "dV_17": 0.011396027051795422, 
  "dV_21": 0.08274350725748872, 
  "dV_22": 0.09877729803926884, 
  "dV_23": 0.05439397905587957, 
  "dV_24": 0.05363233543804678, 
  "dV_25": 0.026299599604921273, 
  "dV_26": 0.013705791639528566, 
  "dV_27": 0.009816781220019092, 
  "dV_31": 0.06314185228747311, 
  "dV_32": 0.05439397905587957, 
  "dV_33": 0.05754517775314685, 
  "dV_34": 0.04114565308732231, 
  "dV_35": 0.02013917273364422, 
  "dV_36": 0.01049353589609123, 
  "dV_37": 0.00751151360715547, 
  "dV_41": 0.06238018142002969, 
  "dV_42": 0.05363233543804678, 
  "dV_43": 0.04114565308732231, 
  "dV_44": 0.05565434786963411, 
  "dV_45": 0.020100305091216093, 
  "dV_46": 0.010450536210955416, 
  "dV_47": 0.007465961607825518, 
  "dV_51": 0.030538760071986863, 
  "dV_52": 0.026299599604921273, 
  "dV_53": 0.02013917273364422, 
  "dV_54": 0.020100305091216093, 
  "dV_55": 0.013748548019911854, 
  "dV_56": 0.005152552114494022, 
  "dV_57": 0.0036759001273690547, 
  "dV_61": 0.015910294893646156, 
  "dV_62": 0.013705791639528566, 
  "dV_63": 0.01049353589609123, 
  "dV_64": 0.010450536210955416, 
  "dV_65": 0.005152552114494022, 
  "dV_66": 0.003983097755156352, 
  "dV_67": 0.0019319780854752133, 
  "dV_71": 0.011396027051795422, 
  "dV_72": 0.009816781220019092, 
  "dV_73": 0.00751151360715547, 
  "dV_74": 0.007465961607825518, 
  "dV_75": 0.0036759001273690547, 
  "dV_76": 0.0019319780854752133, 
  "dV_77": 0.0025980997518792077
}