{
  "V_11": 91.68935758704865, 
  "V_12": 103.00561976284175, 
  "V_13": 81.61758271063007, 
  "V_14": 92.34747074593992, 
  "V_15": 35.4692298127177, 
  "V_16": 12.668216390105183, 
  "V_17": 5.651340212098989, 
  "V_21": 103.00561976284175, 
  "V_22": 115.95573538574008, 
  "V_23": 91.8985385456159, 
  "V_24": 103.93665156590163, 
  "V_25": 39.964125936197036, 
  "V_26": 14.264475927618962, 
  "V_27": 6.378970329416384, 
  "V_31": 81.61758271063007, 
  "V_32": 91.8985385456159, 
  "V_33": 72.8702295967946, 
  "V_34": 82.43007822956, 
  "V_35": 31.678952414742056, 
  "V_36": 11.32474624090759, 
  "V_37": 5.06746045033081, 
  "V_41": 92.34747074593992, 
  "V_42": 103.93665156590163, 
  "V_43": 82.43007822956, 
  "V_44": 93.48078425803945, 
  "V_45": 35.95095793222637, 
  "V_46": 12.861195199676493, 
  "V_47": 5.772473992207226, 
  "V_51": 35.4692298127177, 
  "V_52": 39.964125936197036, 
  "V_53": 31.678952414742056, 
  "V_54": 35.95095793222637, 
  "V_55": 13.909076564555528, 
  "V_56": 4.996408245058862, 
  "V_57": 2.2503338751047637, 
  "V_61": 12.668216390105183, 
  "V_62": 14.264475927618962, 
  "V_63": 11.32474624090759, 
  "V_64": 12.861195199676493, 
  "V_65": 4.996408245058862, 
  "V_66": 1.9206044241626208, 
  "V_67": 0.8285532954432998, 
  "V_71": 5.651340212098989, 
  "V_72": 6.378970329416384, 
  "V_73": 5.06746045033081, 
  "V_74": 5.772473992207226, 
  "V_75": 2.2503338751047637, 
  "V_76": 0.8285532954432998, 
  "V_77": 0.5124634512807238
}