{
  "1": 389.5207963745872, 
  "3": 0.16110671797161752, 
  "2": 0.36653758212275844, 
  "4": 0.1299897685962986
}