{
  "1": 0.04363411585655084, 
  "3": 0.0444291087279777, 
  "2": 0.07543379719034052, 
  "4": 0.018685215740396024
}