{
  "1": [
    -0.31234214703130786, 
    -0.6290231401599805, 
    -0.40634330275469127, 
    0.3059482295521346, 
    -0.25456664185664934, 
    0.3972975614112791, 
    0.1593848989770499
  ], 
  "2": [
    -0.4740070174448106, 
    0.7253101132480225, 
    -0.19577368915783566, 
    0.37729261519005647, 
    -0.09908502211026818, 
    0.23858257479126882, 
    -0.042732254669938845
  ], 
  "3": [
    -0.4540308549952238, 
    0.05438874644617471, 
    -0.3182810218136931, 
    -0.818465641960293, 
    -0.09857166545397657, 
    -0.06100892512475088, 
    0.0791869236731724
  ], 
  "4": [
    -0.614293698327662, 
    -0.23872197719454513, 
    0.1952239592611165, 
    0.23459482113415764, 
    0.39821241177404887, 
    -0.5545151782526683, 
    -0.0802978058431036
  ], 
  "5": [
    -0.28244443207462544, 
    -0.10977985502310793, 
    0.6934470795727012, 
    -0.1347175487157662, 
    -0.3922220750500222, 
    0.3220171711522427, 
    -0.3893875209195016
  ], 
  "6": [
    -0.11259065348032181, 
    0.021194381996017198, 
    0.33434907067546216, 
    -0.11287878097084067, 
    0.5421438421942523, 
    0.4921871985339095, 
    0.5711173597745517
  ], 
  "7": [
    -0.04251415113928455, 
    0.07621018456001469, 
    0.25393784002021513, 
    0.09074573851742275, 
    -0.5561747776915716, 
    -0.3578834082876755, 
    0.6944454059184002
  ]
}