{
  "1": [
    0.0004242133583379333, 
    0.21821576626054282, 
    0.2816500063260428, 
    0.2766821882415708, 
    0.24326807639881054, 
    0.2143516269128441, 
    0.19200228211141884
  ], 
  "3": [
    0.0002729295355619974, 
    0.14845606202091755, 
    0.23124323172790667, 
    0.28157767028524916, 
    0.37922120971379286, 
    0.25603503413889683, 
    0.25813591134528363
  ], 
  "2": [
    0.00033570381666488315, 
    0.2579414372681888, 
    0.24010860614626195, 
    0.2134864153752029, 
    0.23612021921822665, 
    0.16667973917618165, 
    0.16868889296396816
  ], 
  "5": [
    0.00017103527884020957, 
    0.227412086577476, 
    0.21799709508019016, 
    0.34510177830473776, 
    0.24684543829172548, 
    0.33100068979715375, 
    0.23572055024742108
  ], 
  "4": [
    0.0002579533223689295, 
    0.17602994535795047, 
    0.14688241304676133, 
    0.371317096035889, 
    0.29486247581676117, 
    0.2583358346781109, 
    0.25127517968695356
  ], 
  "7": [
    5.44507932804622e-05, 
    0.07511851090375475, 
    0.12205369866165534, 
    0.2680685095518507, 
    0.3628371684009778, 
    0.4505311995544906, 
    0.44078547160443915
  ], 
  "6": [
    9.346740821797877e-05, 
    0.10084185357564512, 
    0.12869874709273305, 
    0.3199545100601464, 
    0.40795711484541997, 
    0.45717513639771556, 
    0.4205920939230797
  ]
}