{
  "1": [
    -0.3123427333333332, 
    -0.5798631668501649, 
    -0.3321801401789667, 
    0.20854194287091724, 
    -0.1838821097270075, 
    0.09845933922996865, 
    0.05119147071315519
  ], 
  "3": [
    -0.4540275866666667, 
    0.03397064357922144, 
    -0.2696506855840223, 
    -0.4990672411715088, 
    -0.0824535382984364, 
    -0.03663759972251135, 
    0.058606845824163256
  ], 
  "2": [
    -0.4740098799999998, 
    0.6179482701097667, 
    -0.19724349290599133, 
    0.2405933108352418, 
    -0.06331546956444901, 
    0.07567608394033978, 
    -0.048404490520869675
  ], 
  "5": [
    -0.28244666, 
    -0.06441753244586806, 
    0.5777400530774734, 
    -0.04464020328632824, 
    -0.27826542097358326, 
    0.01268260492542524, 
    -0.26128260936715814
  ], 
  "4": [
    -0.6142923933333333, 
    -0.18835384179094447, 
    0.1901643802524584, 
    0.1006785866377402, 
    0.3182435462496692, 
    -0.13413175511619865, 
    0.0012342291208154077
  ], 
  "7": [
    -0.04251533333333331, 
    0.07360163146832144, 
    0.20204524854547287, 
    0.057958599493792576, 
    -0.21983049739376354, 
    -0.31248812868539905, 
    0.4594349395729564
  ], 
  "6": [
    -0.11259039333333326, 
    0.03154997164114377, 
    0.2761550508659112, 
    -0.03807695552609331, 
    0.15377331919780893, 
    0.3739878251821017, 
    0.3006716282481948
  ]
}