{
  "1": 174.54887790425565, 
  "3": 0.050115860446326425, 
  "2": 0.38025082615722716, 
  "4": -0.0014446128006338885
}