{
  "1": 1463.538510671393, 
  "3": 0.1747068734515207, 
  "2": 0.30152372129034777, 
  "4": 0.04873195580453629
}