{
  "1": [
    -0.37554488666666663, 
    0.525429018705611, 
    0.15655810572088644, 
    -0.22619148418491622, 
    -0.15059896469789588, 
    0.10563614227324128, 
    -0.009520548518391543
  ], 
  "3": [
    -0.4487861600000002, 
    -0.010128701943916494, 
    -0.44181813425737165, 
    -0.05570287408759057, 
    -0.06704854887983715, 
    0.008955926602313253, 
    -0.014160192475940567
  ], 
  "2": [
    -0.5504788800000001, 
    0.2793842452735826, 
    0.08648278978122047, 
    0.30661131386861307, 
    -0.0313950695858787, 
    -0.009723706409252904, 
    0.014245657879721606
  ], 
  "5": [
    -0.23829832666666656, 
    -0.4563423393684756, 
    0.1035134325315942, 
    -0.005104250304136143, 
    -0.15665078920570244, 
    -0.0035725541351410072, 
    -0.4032059530602173
  ], 
  "4": [
    -0.5337255866666668, 
    -0.35017392217665216, 
    0.11334344340263594, 
    -0.11092814020681238, 
    0.3225746775288524, 
    -0.12489046873641257, 
    0.11770531020578952
  ], 
  "7": [
    -0.047119753333333264, 
    -0.19627413223967177, 
    0.04567597499660288, 
    -0.021155193126520727, 
    -0.38119746266123655, 
    -0.25415231759283585, 
    0.24937832933926704
  ], 
  "6": [
    -0.10317586666666664, 
    -0.40524177586609367, 
    0.046219764913711284, 
    0.024800220498783734, 
    -0.12589676680244352, 
    0.39852540220888827, 
    0.22841831564532677
  ]
}