{
  "1": 0.018586059882985385, 
  "3": 0.017812387209694563, 
  "2": 0.023325836971513636, 
  "5": 0.00835233585804748, 
  "4": 0.002005817424836146, 
  "7": 0.01395914091707519, 
  "6": 0.014931446045281214
}