{
  "1": [
    0.00010325467984414422, 
    0.22035137179008948, 
    0.2415557503235263, 
    0.3427528442984862, 
    0.23275130085919393, 
    0.27073620973285417, 
    0.12455223734411815
  ], 
  "3": [
    7.451007372583833e-05, 
    0.23816866477497475, 
    0.2600381920224107, 
    0.3045453249948114, 
    0.2751105102246269, 
    0.15769348023237303, 
    0.12241864874781709
  ], 
  "2": [
    8.977812632677076e-05, 
    0.1818656511582329, 
    0.2523468159980652, 
    0.29710518227976995, 
    0.18009584559189096, 
    0.13363421988340238, 
    0.08581209358587247
  ], 
  "5": [
    4.461777157855932e-05, 
    0.17951864645071297, 
    0.2819653366482213, 
    0.2865024752499809, 
    0.20353700932356467, 
    0.1771701655634901, 
    0.17628208549840502
  ], 
  "4": [
    6.990151829636079e-05, 
    0.1534038307563181, 
    0.2476738141116753, 
    0.2758492482597011, 
    0.11438013996967986, 
    0.1739162884843861, 
    0.08669385374116174
  ], 
  "7": [
    2.6815501319791008e-05, 
    0.1091459222947318, 
    0.1380894751593187, 
    0.08838570218142548, 
    0.17043453362697245, 
    0.32923909450414246, 
    0.19141976224053225
  ], 
  "6": [
    2.6015782409283054e-05, 
    0.10437814788263293, 
    0.17539044798986128, 
    0.20208366637734523, 
    0.3532058741124641, 
    0.16843434394582862, 
    0.2812528729852326
  ]
}