{
  "1": [
    -0.2876310666666666, 
    0.20103442272347474, 
    0.2758929782163591, 
    0.40666670311247205, 
    -0.4231120577433531, 
    0.2495047754714423, 
    -0.11480984333231824
  ], 
  "3": [
    -0.47262773333333336, 
    0.22115974937343402, 
    0.05265832578122402, 
    -0.5183092280778452, 
    -0.32299179302570863, 
    0.05649301315967984, 
    0.08638488478327078
  ], 
  "2": [
    -0.5082953933333333, 
    0.4432192514619888, 
    -0.3857131775920516, 
    0.19966477877396338, 
    0.33051936656848846, 
    0.00431836928503602, 
    0.11280913951206324
  ], 
  "5": [
    -0.2514742333333333, 
    -0.39785834920634905, 
    -0.44640480314167924, 
    0.0819242656170276, 
    -0.3418837387731357, 
    -0.3315278388278394, 
    -0.23366610158021228
  ], 
  "4": [
    -0.6025026666666666, 
    -0.4171938947368411, 
    0.37498577182559606, 
    0.017184189809752927, 
    0.3093212864986729, 
    -0.13956558811558833, 
    -0.016959824721686383
  ], 
  "7": [
    -0.031246866666666664, 
    -0.2671671211361725, 
    -0.0975390158762123, 
    0.08716069684379334, 
    -0.1150756081597033, 
    0.1313034255867592, 
    0.8143883565120286
  ], 
  "6": [
    -0.09110984666666662, 
    -0.3059214402673347, 
    -0.206408072365992, 
    -0.07862911290910439, 
    0.1048674339114944, 
    0.6880979717813044, 
    -0.23730864886813582
  ]
}