{
  "1": 210.84835040153766, 
  "3": 0.04720097309981168, 
  "2": 0.09687682882185827, 
  "5": -0.012483002021770993, 
  "4": 0.004179314626322055, 
  "7": -0.1814373955236344, 
  "6": -0.11414077244787704
}