{
  "1": 0.023690798424666346, 
  "3": 0.004495524402431117, 
  "2": 0.008941744158044503, 
  "4": 0.014520598716463285
}