{
  "1": 87.8689341002551, 
  "3": 0.012489782788345376, 
  "2": 0.02227953542949888, 
  "4": -0.011214141477216324
}