{
  "1": [
    3.725290298461914e-09, 
    0.0, 
    0.0, 
    3.725290298461914e-09, 
    7.450580596923828e-09, 
    3.725290298461914e-09, 
    0.0
  ], 
  "3": [
    0.0, 
    0.0, 
    0.0, 
    0.0, 
    0.0, 
    7.450580596923828e-09, 
    1.6463612699567982e-10
  ], 
  "2": [
    0.0, 
    0.0, 
    0.0, 
    0.0, 
    5.268356063861754e-09, 
    0.0, 
    0.0
  ], 
  "5": [
    0.0, 
    0.0, 
    0.0, 
    0.0, 
    6.585445079827193e-10, 
    7.450580596923828e-09, 
    0.0
  ], 
  "4": [
    0.0, 
    0.0, 
    1.862645149230957e-09, 
    0.0, 
    0.0, 
    1.862645149230957e-09, 
    0.0
  ], 
  "7": [
    4.656612873077393e-10, 
    0.0, 
    1.3170890159654386e-09, 
    0.0, 
    0.0, 
    1.3170890159654386e-09, 
    1.4901161193847656e-08
  ], 
  "6": [
    0.0, 
    0.0, 
    7.450580596923828e-09, 
    0.0, 
    5.268356063861754e-09, 
    0.0, 
    0.0
  ]
}