{"mode1_error": [1.3596342452772884e-06, 1.0514229524415816e-06, 1.742937339764913e-06, 2.256980182199913e-06, 1.1441149929200454e-05, 9.053993671068373e-05, 0.0010273711309285892], "mode1": [0.05177188953427802, 0.08425056443847832, 0.11718283491605563, 0.1580299957075839, 0.2135632155420016, 0.26565594434918566, 0.31525418036187103]}