{"mode1_error": [3e-06, 3e-06, 5e-06, 5e-06, 1e-05, 1.7e-05, 3e-05], "mode2": [0.0001, 0.00018, 0.00014, -0.00024, -0.00171, -0.00436, -0.00881], "mode2_error": [5.9e-05, 9.8e-05, 0.000272, 0.00019, 0.000792, 0.00183, 0.003866], "mode1": [0.00275, 0.00589, 0.00979, 0.01491, 0.02109, 0.02487, 0.02563]}