{"mode1_error": [2e-06, 2e-06, 3e-06, 4e-06, 9e-06, 7e-06, 6.3e-05], "mode2": [0.00058, -0.00025, 0.00018, -0.0005, 0.00026, 0.00049, 0.00486], "mode2_error": [0.000236, 0.000259, 0.000238, 0.000284, 0.001675, 0.004585, 0.009895], "mode1": [0.00836, 0.01844, 0.03072, 0.04667, 0.06613, 0.0787, 0.08201]}