{"mode1_error": [9e-06, 1e-05, 1.5e-05, 1.7e-05, 3.4e-05, 5.9e-05, 0.000102], "mode2": [0.00023, -0.00128, 0.001, 0.00047, 0.00362, 0.00815, 0.01758], "mode2_error": [0.000285, 0.000336, 0.000456, 0.00044, 0.001589, 0.004446, 0.008545], "mode1": [0.01131, 0.02469, 0.04044, 0.06052, 0.08464, 0.10013, 0.101]}