{
  "1": [
    -0.2726737470474688, 
    -0.8982135523964725, 
    0.22822703510109832, 
    -0.1915119122826291, 
    -0.1325426706869606, 
    -0.10695514377477842, 
    0.033016473653284556
  ], 
  "2": [
    -0.47467512239005966, 
    -0.18048924100332095, 
    -0.5389564339886384, 
    0.40194239469229215, 
    0.4440596438545124, 
    0.30475240425165423, 
    -0.0035271064491813964
  ], 
  "3": [
    -0.45668313038047004, 
    0.1791042273330544, 
    -0.2819645021383896, 
    0.11148194911808869, 
    -0.7835660471317926, 
    -0.10681573934948636, 
    0.20504788792240142
  ], 
  "4": [
    -0.6253342831986158, 
    0.3282561746024546, 
    0.20975561322636485, 
    -0.6186057080265001, 
    0.23499971369421221, 
    0.0633925683645201, 
    -0.12365676547865188
  ], 
  "5": [
    -0.29133866419043947, 
    0.1293343146182541, 
    0.41478664149903605, 
    0.514818762427688, 
    0.21940425219211449, 
    -0.6419530168942474, 
    0.03265271683555437
  ], 
  "6": [
    -0.11780534030162931, 
    0.028007496366824324, 
    0.444242970089245, 
    0.35553507287974706, 
    -0.25506006730823017, 
    0.5148110574218813, 
    -0.5757555163812036
  ], 
  "7": [
    -0.04442739111843194, 
    0.0573918371341769, 
    0.4056318657666463, 
    0.12337222388186656, 
    0.053375965355271816, 
    0.45069307592070185, 
    0.7803853057544003
  ]
}