{
  "1": 0.0012100266341927477, 
  "3": 0.0002811252933320918, 
  "2": 0.0011009708466447833, 
  "4": 0.00046414759439134695
}