{
  "dV_11": 0.39156851935439885, 
  "dV_12": 0.2669473078398607, 
  "dV_13": 0.2129204359046201, 
  "dV_14": 0.22177292389637504, 
  "dV_15": 0.12038668855712692, 
  "dV_16": 0.06537967097341293, 
  "dV_17": 0.03702948859933283, 
  "dV_21": 0.2669473078398607, 
  "dV_22": 0.36264106884179326, 
  "dV_23": 0.2050279661439765, 
  "dV_24": 0.21293983361744523, 
  "dV_25": 0.1156062527235035, 
  "dV_26": 0.06287607820246832, 
  "dV_27": 0.03565389523376227, 
  "dV_31": 0.2129204359046201, 
  "dV_32": 0.2050279661439765, 
  "dV_33": 0.22958246443719746, 
  "dV_34": 0.1698284068667245, 
  "dV_35": 0.09209002994493648, 
  "dV_36": 0.05012916788662686, 
  "dV_37": 0.02843930297503125, 
  "dV_41": 0.22177292389637504, 
  "dV_42": 0.21293983361744523, 
  "dV_43": 0.1698284068667245, 
  "dV_44": 0.24425574572943756, 
  "dV_45": 0.09582731649637745, 
  "dV_46": 0.052164003077280585, 
  "dV_47": 0.029613072358478293, 
  "dV_51": 0.12038668855712692, 
  "dV_52": 0.1156062527235035, 
  "dV_53": 0.09209002994493648, 
  "dV_54": 0.09582731649637745, 
  "dV_55": 0.0729766956945404, 
  "dV_56": 0.028458015808722807, 
  "dV_57": 0.01611849797289258, 
  "dV_61": 0.06537967097341293, 
  "dV_62": 0.06287607820246832, 
  "dV_63": 0.05012916788662686, 
  "dV_64": 0.052164003077280585, 
  "dV_65": 0.028458015808722807, 
  "dV_66": 0.021794603709044614, 
  "dV_67": 0.00878619822020357, 
  "dV_71": 0.03702948859933283, 
  "dV_72": 0.03565389523376227, 
  "dV_73": 0.02843930297503125, 
  "dV_74": 0.029613072358478293, 
  "dV_75": 0.01611849797289258, 
  "dV_76": 0.00878619822020357, 
  "dV_77": 0.007033454397647942
}