{
  "1": 1516.1852345367342, 
  "3": 0.022800171049240033, 
  "2": 0.18469037878065447, 
  "4": -0.032296093144925
}