{
  "1": [
    -0.2726738133333333, 
    -0.869563886661322, 
    0.2122162144898304, 
    -0.09883195044655664, 
    -0.046362757871878366, 
    -0.05393502238772901, 
    0.015611540111540137
  ], 
  "3": [
    -0.4566833799999999, 
    0.1714998930767175, 
    -0.20491628508992962, 
    0.014840816767501534, 
    -0.36818042787630073, 
    0.001428775989714466, 
    0.10810989820989823
  ], 
  "2": [
    -0.47467391999999997, 
    -0.18190651563753032, 
    -0.4930400907715572, 
    0.21306818640161407, 
    0.17617528049221898, 
    0.14137651726736725, 
    0.015279041379041305
  ], 
  "5": [
    -0.2913392533333333, 
    0.12882680433039334, 
    0.3420961203563628, 
    0.2838624099683088, 
    0.02402104395383431, 
    -0.42564348539256136, 
    -0.024477723177723617
  ], 
  "4": [
    -0.6253349066666667, 
    0.3221794774124565, 
    0.17866180870734605, 
    -0.30563321089023365, 
    0.1598581855471102, 
    0.02528257747040836, 
    -0.058650220350220356
  ], 
  "7": [
    -0.04443274666666665, 
    0.059336153434910596, 
    0.32807524962178497, 
    0.11424168107173728, 
    0.04791287650299604, 
    0.22106868377887176, 
    0.5473825006825006
  ], 
  "6": [
    -0.1178059933333333, 
    0.0296544039026999, 
    0.37163065725331923, 
    0.1899673797176607, 
    -0.10125774319379058, 
    0.38470330717737333, 
    -0.3513599664599672
  ]
}