{
  "1": 0.000982344553790378, 
  "3": 0.0006249021675527421, 
  "2": 0.0006806931122258158, 
  "4": 0.0006937436703866551
}