{
  "1": 2941.6874963960836, 
  "3": 0.24219361460054953, 
  "2": 0.8745231575163042, 
  "4": 0.12584254833312905
}