{
  "1": [
    -0.42000459999999995, 
    0.4401219933333323, 
    0.22347313629664112, 
    0.17069996175725402, 
    0.17620419872708296, 
    0.06435099177552009, 
    0.03405396718866528
  ], 
  "3": [
    -0.44820251999999994, 
    -0.06157112666666669, 
    -0.26085499961213116, 
    0.2474929920168269, 
    -0.2623488553244036, 
    -0.08558414478603128, 
    0.09951225205070852
  ], 
  "2": [
    -0.5624004066666667, 
    0.37896855333333435, 
    0.06537869055930469, 
    -0.2397254409866621, 
    -0.13297079889807167, 
    0.02423432730791227, 
    -0.031898173005219584
  ], 
  "5": [
    -0.19810192666666662, 
    -0.4526366133333322, 
    0.2975054844465128, 
    -0.014417386108322371, 
    0.0350423957442767, 
    -0.32962712319127463, 
    0.037577673378075334
  ], 
  "4": [
    -0.5115991600000002, 
    -0.48870798666666576, 
    -0.17582360561632107, 
    -0.10146641330847493, 
    0.25023176593521396, 
    0.08172734749527212, 
    -0.07649995525727102
  ], 
  "7": [
    -0.023756773333333266, 
    -0.24365849999999964, 
    0.11936274920487171, 
    0.00023937568717462133, 
    -0.05488916120452176, 
    0.35261261819941125, 
    0.5214005219985082
  ], 
  "6": [
    -0.0698078133333333, 
    -0.35691541333333276, 
    0.2072461795050811, 
    0.09972345236387954, 
    -0.2191554288971218, 
    0.18370281479526784, 
    -0.3101487770320672
  ]
}