{
  "P_1": 2189.9609436849796, 
  "P_2": 1408.2175134554209, 
  "P_3": 830.3947523858653, 
  "P_4": 756.6208301951681, 
  "P_5": 251.0193261112544, 
  "P_6": 85.10069383543977, 
  "P_7": 30.199551629266615
}