{
  "1": [
    -0.2884337266666666, 
    0.46876876623832536, 
    0.5880792008988139, 
    -0.43198743594998823, 
    -0.004245765377645484, 
    -0.03630845685859285, 
    0.011821284169521282
  ], 
  "3": [
    -0.4732524599999999, 
    0.42710640404465927, 
    -0.005285176602766528, 
    0.6076316936530707, 
    -0.07981347488631259, 
    0.02403151154583053, 
    0.030021109543958754
  ], 
  "2": [
    -0.5092701999999999, 
    -0.6619987571097548, 
    0.30919192472438745, 
    0.012423713875794256, 
    -0.0885097377508806, 
    0.07732424120197658, 
    0.09602940425817746
  ], 
  "5": [
    -0.24962122666666658, 
    0.07772286356295212, 
    -0.2539674671722492, 
    -0.07582492997198842, 
    0.20108739015967506, 
    0.10748077375550415, 
    0.27433990194103053
  ], 
  "4": [
    -0.6016407866666666, 
    -0.05637213678814661, 
    -0.3636805420967622, 
    -0.18535731365717018, 
    0.09649128799535074, 
    -0.14994079862861814, 
    -0.23391243199677725
  ], 
  "7": [
    -0.03297498666666658, 
    0.04514652763148661, 
    -0.2922378133558034, 
    -0.17537927854068475, 
    -0.17439120251649798, 
    -0.4271377466303636, 
    0.1435522063268188
  ], 
  "6": [
    -0.09006681999999995, 
    0.1424285934976479, 
    -0.36363536268520624, 
    -0.36704003552640524, 
    -0.204635795124286, 
    0.41293217370844704, 
    0.011039572839009077
  ]
}