{
  "P_1": 2627.7001167228905, 
  "P_2": 1696.8799627097114, 
  "P_3": 1007.5585351536085, 
  "P_4": 929.171980202795, 
  "P_5": 313.73763035728865, 
  "P_6": 107.87579752543112, 
  "P_7": 38.58282334243459
}